name,type,attributes
"Modern slavery statement 2023-3279: IFM HOLDINGS PTY LTD, IFM INVESTORS PTY LTD",document,"{'content': 'IFM HOLDINGS PTY LTD, IFM INVESTORS PTY LTD (ABN 67 107 247 727) filed a joint modern slavery statement with the Australian Modern Slavery Register for the reporting period 2022-07-01 to 2023-06-30. The reporting entity is headquartered in Australia. The reporting entity has an annual revenue band of 1BN+. The reporting entity operates in the industry sectors: Financial, insurance and real estate activities. The statement also covers the included entities: IFM Asia‐Pac Debt Fund GP S.à r.l., IFM FIDUCIARY NO. 2 PTY LTD (43 158 365 505), IFM FIDUCIARY PTY LTD, IFM Global Infrastructure (Canada) GP Inc., IFM Global Infrastructure Debt GP S.à r.l., IFM Global Infrastructure (UK) GP Ltd, IFM Global Infrastructure (US 2) GP, LLC, IFM Global Infrastructure (US) GP, LLC, IFM GROWTH PARTNERS GP PTY LTD (98 638 099 662), IFM GROWTH PARTNERS SERVICES A PTY LTD (73 644 685 665), IFM GROWTH PARTNERS SERVICES B PTY LTD (80 644 684 444), IFM Infrastructure (UK) General Partner, LLP, IFM Investors (HK) Ltd, IFM Investors (Japan), LLC, IFM INVESTORS (JAPAN) PTY LTD (23 166 271 889), IFM Investors (Korea) Pty Ltd, IFM Investors (Netherlands) B.V., IFM INVESTORS (NOMINEES) LIMITED (56 003 969 891), IFM Investors Poland sp. z.o.o, IFM Investors (Switzerland) GmbH, IFM Investors (UK) Ltd, IFM Investors (US) Advisor, LLC, IFM Investors (US), LLC, IFM Net Zero Infrastructure GP S.à r.l., IFM Private Equity (US) GP, LLC, IFM (US) Securities, LLC. Register entry: https://modernslaveryregister.gov.au/statements/16143/.'}"
"Modern slavery statement 2025-1762: IVECO Group N.V, IVECO TRUCKS AUSTRALIA PTY LTD",document,"{'content': 'IVECO Group N.V, IVECO TRUCKS AUSTRALIA PTY LTD (ABN 86 004 065 061) filed a joint modern slavery statement with the Australian Modern Slavery Register for the reporting period 2024-01-01 to 2024-12-31. The reporting entity is headquartered in Australia, Italy. The reporting entity has an annual revenue band of 350-400M. The reporting entity operates in the industry sectors: Manufacturing. Register entry: https://modernslaveryregister.gov.au/statements/24053/.'}"
Modern slavery statement 2025-561: Followmont Transport Pty Ltd,document,"{'content': 'Followmont Transport Pty Ltd filed a single modern slavery statement with the Australian Modern Slavery Register for the reporting period 2023-07-01 to 2024-06-30. The reporting entity is headquartered in Australia. The reporting entity has an annual revenue band of 250-300M. The reporting entity operates in the industry sectors: Transportation, logistics, and storage. Register entry: https://modernslaveryregister.gov.au/statements/22493/.'}"
Modern slavery statement 2021-2629: AUSTRAL GOLD LIMITED,document,"{'content': 'AUSTRAL GOLD LIMITED (ABN 30 075 860 472) filed a single modern slavery statement with the Australian Modern Slavery Register for the reporting period 2020-01-01 to 2020-12-31. The reporting entity is headquartered in Australia. The reporting entity has an annual revenue band of 100-150M. The reporting entity operates in the industry sectors: Mining, metals, chemicals and resources (including oil and gas). Register entry: https://modernslaveryregister.gov.au/statements/5404/.'}"
Modern slavery statement 2025-2611: BITUMEN IMPORTERS AUSTRALIA PTY LTD,document,{'content': 'BITUMEN IMPORTERS AUSTRALIA PTY LTD filed a single modern slavery statement with the Australian Modern Slavery Register for the reporting period 2024-07-01 to 2025-06-30. The reporting entity is headquartered in Australia. The reporting entity has an annual revenue band of 100-150M. The reporting entity operates in the industry sectors: Construction. Register entry: https://modernslaveryregister.gov.au/statements/25336/.'}
Modern slavery statement 2024-935: AIG AUSTRALIA LIMITED,document,"{'content': 'AIG AUSTRALIA LIMITED (ABN 93 004 727 753) filed a single modern slavery statement with the Australian Modern Slavery Register for the reporting period 2023-01-01 to 2023-12-31. The reporting entity is headquartered in Australia. The reporting entity has an annual revenue band of 1BN+. The reporting entity operates in the industry sectors: Financial, insurance and real estate activities. Register entry: https://modernslaveryregister.gov.au/statements/18130/.'}"
"Modern slavery statement 2025-2189: Crunchyroll LLC, SBME HOLDINGS (AUSTRALIA) PTY LIMITED, SONY AUSTRALIA LIMITED, SONY INTERACTIVE ENTERTAINMENT AUSTRALIA PTY LIMITED, SONY INTERACTIVE NETWORK EUROPE LIMITED, SONY MUSIC ENTERTAINMENT AUSTRALIA PTY LTD, SONY MUSIC PUBLISHING (AUSTRALIA) PTY LIMITED",document,"{'content': 'Crunchyroll LLC, SBME HOLDINGS (AUSTRALIA) PTY LIMITED, SONY AUSTRALIA LIMITED, SONY INTERACTIVE ENTERTAINMENT AUSTRALIA PTY LIMITED, SONY INTERACTIVE NETWORK EUROPE LIMITED, SONY MUSIC ENTERTAINMENT AUSTRALIA PTY LTD, SONY MUSIC PUBLISHING (AUSTRALIA) PTY LIMITED filed a joint modern slavery statement with the Australian Modern Slavery Register for the reporting period 2024-04-01 to 2025-03-31. The reporting entity is headquartered in Japan, United States of America. The reporting entity has an annual revenue band of 1BN+. The reporting entity operates in the industry sectors: Other Services Retail Trade Arts and Recreation Services. Register entry: https://modernslaveryregister.gov.au/statements/24568/.'}"
Modern slavery statement 2025-1930: ALH GROUP PTY LTD & AUSTRALIAN LEISURE AND HOSPITALITY GROUP PTY LIMITED & ENDEAVOUR GROUP LIMITED,document,"{'content': 'ALH GROUP PTY LTD (ABN 68 098 212 134), AUSTRALIAN LEISURE AND HOSPITALITY GROUP PTY LIMITED (ABN 37 067 391 511) and ENDEAVOUR GROUP LIMITED (ABN 77 159 767 843) filed a joint modern slavery statement with the Australian Modern Slavery Register for the reporting period 2024-07-01 to 2025-06-29. The reporting entities are headquartered in Australia. The reporting entities have an annual revenue band of 1BN+. The reporting entities operate in the industry sectors: Retail Trade Other Services Accommodation and Food Services. Register entry: https://modernslaveryregister.gov.au/statements/24271/.'}"
Modern slavery statement 2024-1636: MANDALAY RESOURCES AUSTRALIA PTY LIMITED,document,"{'content': 'MANDALAY RESOURCES AUSTRALIA PTY LIMITED (ABN 38 005 482 815) filed a single modern slavery statement with the Australian Modern Slavery Register for the reporting period 2023-01-01 to 2023-12-31. The reporting entity is headquartered in Australia. The reporting entity has an annual revenue band of 100-150M. The reporting entity operates in the industry sectors: Mining, metals, chemicals and resources (including oil and gas). The statement also covers the included entities: MANDALAY RESOURCES COSTERFIELD OPERATIONS PTY LIMITED (34 006 711 119). Register entry: https://modernslaveryregister.gov.au/statements/19004/.'}"
Modern slavery statement 2022-2052: AUSTRALIAN DEFENCE APPAREL PTY LTD,document,"{'content': 'AUSTRALIAN DEFENCE APPAREL PTY LTD (ABN 67 006 898 906) filed a single modern slavery statement with the Australian Modern Slavery Register for the reporting period 2021-06-01 to 2022-05-31. The reporting entity is headquartered in Australia. The reporting entity has an annual revenue band of 150-200M. The reporting entity operates in the industry sectors: Fashion, textiles, apparel and luxury goods. Register entry: https://modernslaveryregister.gov.au/statements/10712/.'}"
Modern slavery statement 2021-2168: RIO TINTO LIMITED,document,"{'content': 'RIO TINTO LIMITED (ABN 96 004 458 404) filed a joint modern slavery statement with the Australian Modern Slavery Register for the reporting period 2020-01-01 to 2020-12-31. The reporting entity is headquartered in Australia, United Kingdom. The reporting entity has an annual revenue band of 1BN+. The reporting entity operates in the industry sectors: Mining, metals, chemicals and resources (including oil and gas). Register entry: https://modernslaveryregister.gov.au/statements/4254/.'}"
Modern slavery statement 2023-2323: BENDIGO AND ADELAIDE BANK LIMITED,document,"{'content': 'BENDIGO AND ADELAIDE BANK LIMITED (ABN 11 068 049 178) filed a single modern slavery statement with the Australian Modern Slavery Register for the reporting period 2022-07-01 to 2023-06-30. The reporting entity is headquartered in Australia. The reporting entity has an annual revenue band of 450-500M. The reporting entity operates in the industry sectors: Financial, insurance and real estate activities. Register entry: https://modernslaveryregister.gov.au/statements/15353/.'}"
Modern slavery statement 2021-1266: KEYSTART LOANS LTD,document,"{'content': 'KEYSTART LOANS LTD (ABN 27 009 427 034) filed a single modern slavery statement with the Australian Modern Slavery Register for the reporting period 2019-07-01 to 2020-06-30. The reporting entity is headquartered in Australia. The reporting entity has an annual revenue band of 250-300M. The reporting entity operates in the industry sectors: Financial, insurance and real estate activities. Register entry: https://modernslaveryregister.gov.au/statements/3188/.'}"
Modern slavery statement 2023-1699: AUSTRALIAN COURIERS PTY LTD,document,"{'content': 'AUSTRALIAN COURIERS PTY LTD (ABN 38 057 389 769) filed a joint modern slavery statement with the Australian Modern Slavery Register for the reporting period 2022-01-01 to 2022-12-31. The reporting entity is headquartered in Australia. The reporting entity has an annual revenue band of 100-150M. The reporting entity operates in the industry sectors: Transportation, logistics, and storage. Register entry: https://modernslaveryregister.gov.au/statements/14155/.'}"
Modern slavery statement 2024-1333: SNAP-ON TOOLS (AUSTRALIA) PTY. LTD.,document,"{'content': 'SNAP-ON TOOLS (AUSTRALIA) PTY. LTD. (ABN 55 010 793 683) filed a single modern slavery statement with the Australian Modern Slavery Register for the reporting period 2023-01-01 to 2023-12-31. The reporting entity is headquartered in Australia. The reporting entity has an annual revenue band of 150-200M. The reporting entity operates in the industry sectors: Transportation, logistics, and storage. The statement also covers the included entities: SNAP-ON TOOLS (AUSTRALIA) PTY. LTD. (55 010 793 683). Register entry: https://modernslaveryregister.gov.au/statements/18628/.'}"
"Modern slavery statement 2024-176: JWLAND HOLDINGS PTY. LTD., SHL DEVELOPMENT PTY LTD",document,"{'content': 'JWLAND HOLDINGS PTY. LTD., SHL DEVELOPMENT PTY LTD filed a joint modern slavery statement with the Australian Modern Slavery Register for the reporting period 2022-07-01 to 2023-06-30. The reporting entity is headquartered in Australia. The reporting entity has an annual revenue band of 0-99M. The reporting entity operates in the industry sectors: Construction, civil engineering and building products. The statement also covers the included entities: ALTAIR INVESTMENTS PTY LTD, ALTAIR NO.1 PTY LTD, ALTAIR NO.2 PTY LTD, ALUMUNA PROPERTY PTY LTD, ARTEMIS NO.1 PTY LTD (88 657 723 487), CANBERRA DEVELOPMENT ADVISORY PTY LTD (41 663 982 983), CELESTIAL DEVELOPMENT NO.2 PTY LTD (27 169 975 633), CELESTIAL DEVELOPMENT NO.3 PTY LTD (27 169 976 443), CELESTIAL DEVELOPMENT NO.4 PTY LTD (18 169 977 655), CELESTIAL DEVELOPMENT NO.5 PTY LTD (50 169 978 161), CIRCLE 121 PTY LTD (49 669 934 089), DE BURGH DEVELOPMENT PTY LTD (56 663 987 095), FRONT ARCHITECTS PTY LTD (23 611 702 964), JWLAND BUILDING GROUP PTY LTD (55 657 384 711), JWLAND CONSTRUCTION PTY. LTD. (86 616 339 309), JWLAND DEVELOPMENT PTY. LTD. (76 614 856 165), JWLAND GROUP PTY LTD (96 614 864 792), MP DEVELOPMENT NO 1 PTY LTD (98 609 027 045), MP DEVELOPMENT NO. 2 PTY LTD (52 610 654 576), RIGEL PROPERTY PTY LTD (81 632 254 598), TOTEM RESIDENCES PTY LTD (84 660 146 903), XCHANGE PROPERTY PTY LTD (44 663 983 364). Register entry: https://modernslaveryregister.gov.au/statements/16993/.'}"
Modern slavery statement 2023-2944: TYRO PAYMENTS LIMITED,document,"{'content': 'TYRO PAYMENTS LIMITED (ABN 49 103 575 042) filed a joint modern slavery statement with the Australian Modern Slavery Register for the reporting period 2022-07-01 to 2023-06-30. The reporting entity is headquartered in Australia. The reporting entity has an annual revenue band of 400-450M. The reporting entity operates in the industry sectors: Financial, insurance and real estate activities. The statement also covers the included entities: TYRO HEALTH PTY LTD (21 615 345 536), TYRO PAYMENTS (BEN ALLIANCE) PTY LTD (91 649 412 895). Register entry: https://modernslaveryregister.gov.au/statements/16180/.'}"
Modern slavery statement 2021-201: FARMLAND DAIRY PTY. LTD. & NOISY BEAST PTY LTD & SWISSE WELLNESS PTY LTD et al.,document,"{'content': 'FARMLAND DAIRY PTY. LTD. (ABN 95 143 965 100), NOISY BEAST PTY LTD (ABN 23 157 868 534), SWISSE WELLNESS PTY LTD (ABN 62 004 926 005) and SW TRANSLINK PACKAGING PTY LTD (ABN 86 611 928 486) filed a joint modern slavery statement with the Australian Modern Slavery Register for the reporting period 2020-01-01 to 2020-12-31. The reporting entities are headquartered in Australia, Hong Kong. The reporting entities have an annual revenue band of 100-150M. The reporting entities operate in the industry sectors: Cosmetics and toiletries Healthcare and pharmaceuticals Other. Register entry: https://modernslaveryregister.gov.au/statements/1422/.'}"
Modern slavery statement 2024-228: ASSETLINK SERVICES PTY LIMITED,document,"{'content': 'ASSETLINK SERVICES PTY LIMITED (ABN 89 061 914 556) filed a single modern slavery statement with the Australian Modern Slavery Register for the reporting period 2022-07-01 to 2023-06-30. The reporting entity is headquartered in Australia. The reporting entity has an annual revenue band of 200-250M. The reporting entity operates in the industry sectors: Construction, civil engineering and building products Consumer services, including accommodation, hospitality, tourism and leisure Information technology and telecommunication Cleaning and security services. The statement also covers the included entities: ASSETFUTURE TECHNOLOGY PTY LIMITED (79 102 556 623), ASSETLINK INDIGENOUS SERVICES PTY LTD (29 639 605 904), ASSETLINK VILLAGE SERVICES PTY LIMITED (43 159 230 574), ASSETPROJECTS & SERVICES PTY LTD (47 159 230 592). Register entry: https://modernslaveryregister.gov.au/statements/17085/.'}"
Modern slavery statement 2021-2131: AVEO GROUP LIMITED,document,"{'content': 'AVEO GROUP LIMITED (ABN 28 010 729 950) filed a single modern slavery statement with the Australian Modern Slavery Register for the reporting period 2020-04-01 to 2021-03-30. The reporting entity is headquartered in Australia. The reporting entity has an annual revenue band of 350-400M. The reporting entity operates in the industry sectors: Financial, insurance and real estate activities Other. Register entry: https://modernslaveryregister.gov.au/statements/4724/.'}"
Modern slavery statement 2024-3484: READYTECH HOLDINGS LIMITED,document,"{'content': 'READYTECH HOLDINGS LIMITED (ABN 25 632 137 216) filed a single modern slavery statement with the Australian Modern Slavery Register for the reporting period 2023-07-01 to 2024-06-30. The reporting entity is headquartered in Australia. The reporting entity has an annual revenue band of 100-150M. The reporting entity operates in the industry sectors: Information technology and telecommunication. The statement also covers the included entities: AVAXA PTY LTD (64 102 866 802), Capital Software Limited, ELEARNING AUSTRALIA PTY LTD (49 059 102 813), ESHER HOUSE PTY LTD (76 145 906 654), IT Vision Australia Pty Ltd, IT Vision Software Pty Ltd, LIRAC BIDCO PTY LTD (87 611 272 747), LIRAC HOLDCO PTY LTD (17 611 272 390), MCGIRR HOLDINGS PTY LTD (39 164 274 426), MCGIRR INFORMATION TECHNOLOGY PTY LIMITED (96 001 280 315), McGirr Technologies, Inc, PENTAGON BIDCO PTY LTD (74 626 395 800), PENTAGON HOLDCO PTY LTD (85 626 389 428), PHOENIXATS AUSTRALIA PTY LTD (15 162 719 566), READY PAYROLL PTY LTD (34 604 853 670), READY PAY SERVICES PTY LTD (54 619 830 223), READYTECH GOV SOLUTIONS PTY LTD (43 632 276 692), READYTECH HOLDCO PTY LTD (74 616 170 775), Readytech Limited, READYTECH PROCUREMENT SOLUTIONS PTY LTD (22 605 191 375), READYTECH PTY LTD (59 616 173 516), READYTECH WORKFORCE SOLUTIONS PTY LTD (86 006 301 471), The Trustee for I T VISION UNIT TRUST (34 309 336 904), VETTRAK PTY LTD (92 083 795 500), WAGELINK AUSTRALIA PTY LTD (28 071 900 788), ZAMBION PTY LTD (46 142 754 809). Register entry: https://modernslaveryregister.gov.au/statements/21161/.'}"
Modern slavery statement 2021-1498: SUPERLOOP LIMITED,document,{'content': 'SUPERLOOP LIMITED (ABN 96 169 263 094) filed a single modern slavery statement with the Australian Modern Slavery Register for the reporting period 2020-04-01 to 2021-03-30. The reporting entity is headquartered in Australia. The reporting entity has an annual revenue band of 100-150M. The reporting entity operates in the industry sectors: Information technology and telecommunication. Register entry: https://modernslaveryregister.gov.au/statements/3525/.'}
Modern slavery statement 2025-261: AUSTRALIAN INDEPENDENT RURAL RETAILERS PTY LTD & B. & W. RURAL PTY LIMITED & ELDERS LIMITED et al.,document,"{'content': 'AUSTRALIAN INDEPENDENT RURAL RETAILERS PTY LTD (ABN 36 112 308 835), B. & W. RURAL PTY LIMITED (ABN 33 068 943 528), ELDERS LIMITED (ABN 34 004 336 636), ELDERS RURAL SERVICES AUSTRALIA LIMITED (ABN 72 004 045 121), KILLARA FEEDLOT PTY LTD (ABN 18 081 072 746) and Titan Ag Pty Ltd (ABN 57 122 081 574) filed a joint modern slavery statement with the Australian Modern Slavery Register for the reporting period 2023-10-01 to 2024-09-30. The reporting entities are headquartered in Australia. The reporting entities have an annual revenue band of 1BN+. The reporting entities operate in the industry sectors: Food and beverages, agriculture and fishing Financial, insurance and real estate activities. Register entry: https://modernslaveryregister.gov.au/statements/22024/.'}"
Modern slavery statement 2024-1157: HANSON AUSTRALIA (HOLDINGS) PTY LIMITED & HANSON HOLDINGS AUSTRALIA PTY LIMITED,document,"{'content': 'HANSON AUSTRALIA (HOLDINGS) PTY LIMITED (ABN 48 090 994 657) and HANSON HOLDINGS AUSTRALIA PTY LIMITED (ABN 96 611 565 649) filed a joint modern slavery statement with the Australian Modern Slavery Register for the reporting period 2023-01-01 to 2023-12-31. The reporting entities are headquartered in Germany. The reporting entities have an annual revenue band of 1BN+. The reporting entities operate in the industry sectors: Construction, civil engineering and building products. The statement also covers the included entities: ALEX. FRASER PROPRIETARY LIMITED (99 004 056 204), HANSON CONSTRUCTION MATERIALS PTY LTD (90 009 679 734), HANSON LANDFILL SERVICES PTY LTD (59 006 299 832), HYMIX AUSTRALIA PTY LIMITED (35 000 582 221), PIONEER NORTH QUEENSLAND PTY LTD (80 068 203 734), RECYCLING INDUSTRIES PTY LTD (18 067 043 994), SUNCOAST ASPHALT PTY LTD (69 136 592 875). Register entry: https://modernslaveryregister.gov.au/statements/18468/.'}"
Modern slavery statement 2020-43: GHD PTY LTD,document,"{'content': 'GHD PTY LTD (ABN 39 008 488 373) filed a single modern slavery statement with the Australian Modern Slavery Register for the reporting period 2019-07-01 to 2020-06-30. The reporting entity is headquartered in Australia. The reporting entity has an annual revenue band of 1BN+. The reporting entity operates in the industry sectors: Professional and administrative services and supplies, including legal, consulting and accounting services. Register entry: https://modernslaveryregister.gov.au/statements/142/.'}"
Modern slavery statement 2023-2813: THE MIX AUSTRALIA PTY LTD,document,"{'content': 'THE MIX AUSTRALIA PTY LTD (ABN 88 069 944 930) filed a single modern slavery statement with the Australian Modern Slavery Register for the reporting period 2022-07-01 to 2023-06-30. The reporting entity is headquartered in Australia. The reporting entity has an annual revenue band of 150-200M. The reporting entity operates in the industry sectors: Durable consumer goods, including electronics and appliances, home furnishings and other accessories. Register entry: https://modernslaveryregister.gov.au/statements/16014/.'}"
Modern slavery statement 2023-2164: LGT CRESTONE HOLDINGS LIMITED,document,"{'content': 'LGT CRESTONE HOLDINGS LIMITED (ABN 41 606 011 974) filed a single modern slavery statement with the Australian Modern Slavery Register for the reporting period 2022-07-01 to 2023-06-30. The reporting entity is headquartered in Australia. The reporting entity has an annual revenue band of 150-200M. The reporting entity operates in the industry sectors: Financial, insurance and real estate activities. Register entry: https://modernslaveryregister.gov.au/statements/15135/.'}"
Modern slavery statement 2025-3840: HANSEN CORPORATION PTY. LTD. & HANSEN TECHNOLOGIES LIMITED,document,"{'content': 'HANSEN CORPORATION PTY. LTD. (ABN 30 006 605 876) and HANSEN TECHNOLOGIES LIMITED (ABN 90 090 996 455) filed a joint modern slavery statement with the Australian Modern Slavery Register for the reporting period 2023-07-01 to 2024-06-30. The reporting entities are headquartered in Australia. The reporting entities have an annual revenue band of 350-400M. The reporting entities operate in the industry sectors: Professional, Scientific and Technical Services Information Media and Telecommunications. Register entry: https://modernslaveryregister.gov.au/statements/26955/.'}"
Modern slavery statement 2025-2404: EXCHANGE HOUSE SERVICES AUSTRALIA PTY LTD & HERBERT SMITH FREEHILLS KRAMER,document,{'content': 'EXCHANGE HOUSE SERVICES AUSTRALIA PTY LTD (ABN 75 091 861 835) and HERBERT SMITH FREEHILLS KRAMER (ABN 98 773 882 646) filed a joint modern slavery statement with the Australian Modern Slavery Register for the reporting period 2024-05-01 to 2025-04-30. The reporting entities are headquartered in Australia. The reporting entities have an annual revenue band of 700-800M. The reporting entities operate in the industry sectors: Other Services. Register entry: https://modernslaveryregister.gov.au/statements/25034/.'}
Modern slavery statement 2025-2798: LEGAL AID QUEENSLAND,document,{'content': 'LEGAL AID QUEENSLAND (ABN 69 062 423 924) filed a single modern slavery statement with the Australian Modern Slavery Register for the reporting period 2024-07-01 to 2025-06-30. The reporting entity is headquartered in Australia. The reporting entity has an annual revenue band of 200-250M. The reporting entity operates in the industry sectors: Other Services. Register entry: https://modernslaveryregister.gov.au/statements/25566/.'}
Modern slavery statement 2025-3606: BEYOND BANK AUSTRALIA LIMITED,document,"{'content': 'BEYOND BANK AUSTRALIA LIMITED (ABN 15 087 651 143) filed a single modern slavery statement with the Australian Modern Slavery Register for the reporting period 2024-07-01 to 2025-06-30. The reporting entity is headquartered in Australia. The reporting entity has an annual revenue band of 250-300M. The reporting entity operates in the industry sectors: Financial and Insurance Services. The statement also covers the included entities: AWA MUTUAL LIMITED (31 087 651 652), BEYOND BANK AUSTRALIA FOUNDATION LIMITED (89 119 727 507), BEYOND EMPLOYEE BENEVOLENT FUND PTY LTD (22 121 458 106), COMMUNITY CPS SERVICES PTY LTD (18 149 135 437), EASTWOODS GROUP LIMITED (94 008 618 193), EASTWOODS WEALTH MANAGEMENT PTY LTD (17 008 167 002), The Trustee for BEYOND BANK AUSTRALIA FOUNDATION MASTER DGR FUND (17 989 653 744), The Trustee for BEYOND BANK AUSTRALIA FOUNDATION MASTER SUPPORT FUND (60 140 455 034), THE TRUSTEE FOR THE BARTON A WAREHOUSE TRUST (83 790 020 204), The Trustee for the Barton Series 2013-1R Trust (38 393 895 268), The Trustee for The Barton Series 2017-1 Trust (25 623 885 988), The Trustee for The Barton Series 2019-1 Trust (97 364 940 393), The Trustee for The Barton Series 2023-1 Trust (18 850 221 040), THE TRUSTEE FOR THE BARTON W WAREHOUSE TRUST (90 374 072 831). Register entry: https://modernslaveryregister.gov.au/statements/25570/.'}"
Modern slavery statement 2021-2269: MONDELEZ AUSTRALIA HOLDINGS PTY LIMITED,document,"{'content': 'MONDELEZ AUSTRALIA HOLDINGS PTY LIMITED (ABN 86 004 880 817) filed a joint modern slavery statement with the Australian Modern Slavery Register for the reporting period 2020-01-01 to 2020-12-31. The reporting entity is headquartered in Australia. The reporting entity has an annual revenue band of 1BN+. The reporting entity operates in the industry sectors: Food and beverages, agriculture and fishing. Register entry: https://modernslaveryregister.gov.au/statements/4908/.'}"
Modern slavery statement 2022-1184: LIBERTY OIL CONVENIENCE PTY LTD & LOC GLOBAL PTY LTD,document,{'content': 'LIBERTY OIL CONVENIENCE PTY LTD (ABN 98 629 547 682) and LOC GLOBAL PTY LTD (ABN 53 637 527 541) filed a joint modern slavery statement with the Australian Modern Slavery Register for the reporting period 2021-01-01 to 2021-12-31. The reporting entities are headquartered in Australia. The reporting entities have an annual revenue band of 1BN+. The reporting entities operate in the industry sectors: Other. Register entry: https://modernslaveryregister.gov.au/statements/9466/.'}
Modern slavery statement 2025-347: ROCKWELL AUTOMATION AUSTRALIA LTD,document,"{'content': 'ROCKWELL AUTOMATION AUSTRALIA LTD (ABN 80 005 549 477) filed a single modern slavery statement with the Australian Modern Slavery Register for the reporting period 2023-10-01 to 2024-09-30. The reporting entity is headquartered in Australia, Canada, United Kingdom, United States of America. The reporting entity has an annual revenue band of 200-250M. The reporting entity operates in the industry sectors: Food and beverages, agriculture and fishing Mining, metals, chemicals and resources (including oil and gas) Automotive, machinery and heavy electrical equipment Durable consumer goods, including electronics and appliances, home furnishings and other accessories Utilities: gas, water and electricity Fashion, textiles, apparel and luxury goods Media, publishing, arts and entertainment Construction, civil engineering and building products Information technology and telecommunication Defence and aerospace Education and research Healthcare and pharmaceuticals Government Sector. Register entry: https://modernslaveryregister.gov.au/statements/22170/.'}"
Modern slavery statement 2025-3286: PACE HOLDCO PTY LTD,document,"{'content': 'PACE HOLDCO PTY LTD filed a single modern slavery statement with the Australian Modern Slavery Register for the reporting period 2024-07-01 to 2025-06-30. The reporting entity is headquartered in Australia. The reporting entity has an annual revenue band of 400-450M. The reporting entity operates in the industry sectors: Agriculture, Forestry and Fishing. The statement also covers the included entities: ALIMFRESH PTY LTD, PACE FARM PTY LIMITED. Register entry: https://modernslaveryregister.gov.au/statements/26276/.'}"
Modern slavery statement 2025-3845: AUSTRALIA PERSONNEL GLOBAL PTY LTD,document,{'content': 'AUSTRALIA PERSONNEL GLOBAL PTY LTD filed a single modern slavery statement with the Australian Modern Slavery Register for the reporting period 2024-07-01 to 2025-06-30. The reporting entity is headquartered in Australia. The reporting entity has an annual revenue band of 100-150M. The reporting entity operates in the industry sectors: Other Services. Register entry: https://modernslaveryregister.gov.au/statements/26958/.'}
Modern slavery statement 2021-3818: A.C.N. 085 239 998 PTY LTD & KENTUCKY FRIED CHICKEN PTY LTD & KFC ADCO LIMITED,document,"{'content': 'A.C.N. 085 239 998 PTY LTD (ABN 39 085 239 998), KENTUCKY FRIED CHICKEN PTY LTD (ABN 79 000 587 780) and KFC ADCO LIMITED (ABN 22 083 047 992) filed a joint modern slavery statement with the Australian Modern Slavery Register for the reporting period 2020-07-01 to 2021-06-30. The reporting entities are headquartered in Australia. The reporting entities have an annual revenue band of 1BN+. The reporting entities operate in the industry sectors: Food and beverages, agriculture and fishing. Register entry: https://modernslaveryregister.gov.au/statements/7165/.'}"
Modern slavery statement 2025-924: HEAT AND CONTROL PTY. LTD.,document,"{'content': 'HEAT AND CONTROL PTY. LTD. (ABN 82 009 742 803) filed a single modern slavery statement with the Australian Modern Slavery Register for the reporting period 2024-01-01 to 2024-12-31. The reporting entity is headquartered in Australia, United States of America. The reporting entity has an annual revenue band of 450-500M. The reporting entity operates in the industry sectors: Automotive, machinery and heavy electrical equipment. The statement also covers the included entities: Flavorite Technologies Pvt Ltd (India), Heat and Control BV (Netherlands), Heat and Control Co Ltd (China), Heat and Control LLC (Russia), Heat and Control Ltd (New Zealand), Heat and Control Pte Ltd (Singapore), Heat and Control Pty Ltd (Scotland), Heat and Control Pvt Ltd (India), Heat and Control SA Pty Ltd (South Africa), Heat and Control Sdn Bhd Ltd (Malaysia). Register entry: https://modernslaveryregister.gov.au/statements/23043/.'}"
Modern slavery statement 2024-3081: GUARDIAN ALPHABET HOLDCO PTY LTD,document,"{'content': 'GUARDIAN ALPHABET HOLDCO PTY LTD (ABN 54 628 455 103) filed a single modern slavery statement with the Australian Modern Slavery Register for the reporting period 2023-07-01 to 2024-06-30. The reporting entity is headquartered in Australia. The reporting entity has an annual revenue band of 200-250M. The reporting entity operates in the industry sectors: Healthcare and pharmaceuticals. The statement also covers the included entities: GUARDIAN ALPHABET MIDCO PTY LTD (25 628 464 773), GUARDIAN ALPHABET PTY LTD (44 628 465 663), ZENITAS HEALTHCARE PTY LTD (78 009 074 588). Register entry: https://modernslaveryregister.gov.au/statements/20984/.'}"
Modern slavery statement 2021-566: MOSSOP GROUP PTY. LTD.,document,"{'content': 'MOSSOP GROUP PTY. LTD. (ABN 52 008 018 540) filed a single modern slavery statement with the Australian Modern Slavery Register for the reporting period 2020-01-01 to 2020-12-31. The reporting entity is headquartered in Australia. The reporting entity has an annual revenue band of 150-200M. The reporting entity operates in the industry sectors: Construction, civil engineering and building products. Register entry: https://modernslaveryregister.gov.au/statements/2121/.'}"
Modern slavery statement 2022-2597: ALLOYS COMPUTER UNIT TRUST,document,"{'content': 'ALLOYS COMPUTER UNIT TRUST (ABN 71 534 566 842) filed a single modern slavery statement with the Australian Modern Slavery Register for the reporting period 2021-07-01 to 2022-06-30. The reporting entity is headquartered in Australia. The reporting entity has an annual revenue band of 100-150M. The reporting entity operates in the industry sectors: Transportation, logistics, and storage Information technology and telecommunication Other. Register entry: https://modernslaveryregister.gov.au/statements/11450/.'}"
Modern slavery statement 2022-2745: MY MUSCLE CHEF PTY. LTD.,document,"{'content': 'MY MUSCLE CHEF PTY. LTD. (ABN 92 162 190 070) filed a single modern slavery statement with the Australian Modern Slavery Register for the reporting period 2021-07-01 to 2022-06-30. The reporting entity is headquartered in Australia. The reporting entity has an annual revenue band of 150-200M. The reporting entity operates in the industry sectors: Food and beverages, agriculture and fishing. Register entry: https://modernslaveryregister.gov.au/statements/11635/.'}"
Modern slavery statement 2025-2164: THE TRUSTEE FOR APG AUSTRALIAN INVESTMENTS HOLDING TRUST & THE TRUSTEE FOR APG AUSTRALIAN STUDENT ACCOMMODATIONS I TRUST,document,{'content': 'THE TRUSTEE FOR APG AUSTRALIAN INVESTMENTS HOLDING TRUST (ABN 84 830 441 017) and THE TRUSTEE FOR APG AUSTRALIAN STUDENT ACCOMMODATIONS I TRUST (ABN 56 565 306 043) filed a joint modern slavery statement with the Australian Modern Slavery Register for the reporting period 2022-07-01 to 2023-06-30. The reporting entities are headquartered in Australia. The reporting entities have an annual revenue band of 100-150M. The reporting entities operate in the industry sectors: Financial and Insurance Services. Register entry: https://modernslaveryregister.gov.au/statements/24538/.'}
Modern slavery statement 2024-1498: AWP AUSTRALIA PTY LTD,document,"{'content': 'AWP AUSTRALIA PTY LTD (ABN 52 097 227 177) filed a single modern slavery statement with the Australian Modern Slavery Register for the reporting period 2023-01-01 to 2023-12-31. The reporting entity is headquartered in Germany. The reporting entity has an annual revenue band of 600-700M. The reporting entity operates in the industry sectors: Financial, insurance and real estate activities. Register entry: https://modernslaveryregister.gov.au/statements/18812/.'}"
Modern slavery statement 2023-574: RANGERS VALLEY CATTLE STATION PTY LTD,document,"{'content': 'RANGERS VALLEY CATTLE STATION PTY LTD (ABN 17 001 060 402) filed a single modern slavery statement with the Australian Modern Slavery Register for the reporting period 2022-04-01 to 2023-03-30. The reporting entity is headquartered in Australia. The reporting entity has an annual revenue band of 300-350M. The reporting entity operates in the industry sectors: Food and beverages, agriculture and fishing. Register entry: https://modernslaveryregister.gov.au/statements/12941/.'}"
"Modern slavery statement 2025-1577: Rolls-Royce Plc, Rolls-Royce Power Systems AG, Rolls-Royce Solutions America Inc, Rolls-Royce Solutions Asia Pte Ltd",document,"{'content': 'Rolls-Royce Plc, Rolls-Royce Power Systems AG, Rolls-Royce Solutions America Inc, Rolls-Royce Solutions Asia Pte Ltd filed a joint modern slavery statement with the Australian Modern Slavery Register for the reporting period 2024-01-01 to 2024-12-31. The reporting entity is headquartered in Germany, Singapore, United Kingdom, United States of America. The reporting entity has an annual revenue band of 1BN+. The reporting entity operates in the industry sectors: Defence and aerospace. Register entry: https://modernslaveryregister.gov.au/statements/23644/.'}"
Modern slavery statement 2021-2821: BECA CONSULTANTS PTY LTD & BECA PTY. LTD.,document,"{'content': 'BECA CONSULTANTS PTY LTD (ABN 45 003 431 089) and BECA PTY. LTD. (ABN 85 004 974 341) filed a joint modern slavery statement with the Australian Modern Slavery Register for the reporting period 2020-07-01 to 2021-06-30. The reporting entities are headquartered in Australia. The reporting entities have an annual revenue band of 0-99M. The reporting entities operate in the industry sectors: Construction, civil engineering and building products. Register entry: https://modernslaveryregister.gov.au/statements/5690/.'}"
Modern slavery statement 2023-351: PETER MACCALLUM CANCER INSTITUTE,document,{'content': 'PETER MACCALLUM CANCER INSTITUTE (ABN 42 100 504 883) filed a single modern slavery statement with the Australian Modern Slavery Register for the reporting period 2021-07-01 to 2022-06-30. The reporting entity is headquartered in Australia. The reporting entity has an annual revenue band of 900M-1BN. The reporting entity operates in the industry sectors: Healthcare and pharmaceuticals. Register entry: https://modernslaveryregister.gov.au/statements/12594/.'}
Modern slavery statement 2025-1565: THE COUNCIL OF THE KING'S SCHOOL,document,"{'content': ""THE COUNCIL OF THE KING'S SCHOOL (ABN 24 481 364 152) filed a single modern slavery statement with the Australian Modern Slavery Register for the reporting period 2024-01-01 to 2024-12-31. The reporting entity is headquartered in Australia. The reporting entity has an annual revenue band of 100-150M. The reporting entity operates in the industry sectors: Education and research. Register entry: https://modernslaveryregister.gov.au/statements/23005/.""}"
Modern slavery statement 2021-2266: BOX HILL INSTITUTE,document,{'content': 'BOX HILL INSTITUTE (ABN 76 268 630 462) filed a single modern slavery statement with the Australian Modern Slavery Register for the reporting period 2020-01-01 to 2020-12-31. The reporting entity is headquartered in Australia. The reporting entity has an annual revenue band of 150-200M. The reporting entity operates in the industry sectors: Education and research. Register entry: https://modernslaveryregister.gov.au/statements/4833/.'}
Modern slavery statement 2025-1289: BERKSHIRE HATHAWAY SPECIALTY INSURANCE COMPANY,document,"{'content': 'BERKSHIRE HATHAWAY SPECIALTY INSURANCE COMPANY (ABN 84 600 643 034) filed a single modern slavery statement with the Australian Modern Slavery Register for the reporting period 2024-01-01 to 2024-12-31. The reporting entity is headquartered in United States of America. The reporting entity has an annual revenue band of 600-700M. The reporting entity operates in the industry sectors: Financial, insurance and real estate activities. Register entry: https://modernslaveryregister.gov.au/statements/23485/.'}"
Modern slavery statement 2022-2986: KOGAN.COM LTD,document,"{'content': 'KOGAN.COM LTD (ABN 96 612 447 293) filed a single modern slavery statement with the Australian Modern Slavery Register for the reporting period 2021-07-01 to 2022-06-30. The reporting entity is headquartered in Australia. The reporting entity has an annual revenue band of 700-800M. The reporting entity operates in the industry sectors: Durable consumer goods, including electronics and appliances, home furnishings and other accessories. Register entry: https://modernslaveryregister.gov.au/statements/11913/.'}"
Modern slavery statement 2021-285: CENTRAL GIPPSLAND REGION WATER CORPORATION,document,"{'content': 'CENTRAL GIPPSLAND REGION WATER CORPORATION (ABN 75 830 750 413) filed a single modern slavery statement with the Australian Modern Slavery Register for the reporting period 2020-01-01 to 2020-12-31. The reporting entity is headquartered in Australia. The reporting entity has an annual revenue band of 100-150M. The reporting entity operates in the industry sectors: Utilities: gas, water and electricity. Register entry: https://modernslaveryregister.gov.au/statements/1591/.'}"
Modern slavery statement 2025-1704: NOVOTECH (AUSTRALIA) PTY LTD,document,"{'content': 'NOVOTECH (AUSTRALIA) PTY LTD filed a single modern slavery statement with the Australian Modern Slavery Register for the reporting period 2024-01-01 to 2024-12-31. The reporting entity is headquartered in Singapore. The reporting entity has an annual revenue band of 100-150M. The reporting entity operates in the industry sectors: Professional and administrative services and supplies, including legal, consulting and accounting services Healthcare and pharmaceuticals. The statement also covers the included entities: NOVOTECH SMO PTY LTD. Register entry: https://modernslaveryregister.gov.au/statements/23007/.'}"
Modern slavery statement 2024-472: RAYTHEON AUSTRALIA PTY LTD,document,{'content': 'RAYTHEON AUSTRALIA PTY LTD (ABN 35 063 709 295) filed a single modern slavery statement with the Australian Modern Slavery Register for the reporting period 2023-01-01 to 2023-12-31. The reporting entity is headquartered in Australia. The reporting entity has an annual revenue band of 700-800M. The reporting entity operates in the industry sectors: Defence and aerospace. Register entry: https://modernslaveryregister.gov.au/statements/17463/.'}
Modern slavery statement 2025-1755: GRANGE RESOURCES LIMITED,document,"{'content': 'GRANGE RESOURCES LIMITED (ABN 80 009 132 405) filed a single modern slavery statement with the Australian Modern Slavery Register for the reporting period 2024-01-01 to 2024-12-31. The reporting entity is headquartered in Australia. The reporting entity has an annual revenue band of 500-600M. The reporting entity operates in the industry sectors: Mining, metals, chemicals and resources (including oil and gas). The statement also covers the included entities: BAMINE PTY. LTD. (28 008 788 029), BARRACK MINES PTY LTD (21 008 670 915), BEVIRON PTY LIMITED (29 078 197 323), BML HOLDINGS PTY LTD (70 009 021 827), EVER GREEN RESOURCES CO., LIMITED (28 147 994 278), GRANGE ADMINISTRATIVE SERVICES PTY LTD (17 009 635 607), GRANGE CAPITAL PTY LTD (22 010 773 663), GRANGE RESOURCES INVESTMENTS PTY LTD (49 617 902 459), GRANGE RESOURCES (SOUTHDOWN) PTY LTD (27 086 662 624), GRANGE RESOURCES (TASMANIA) PTY LTD (30 073 634 581), GRANGE TASMANIA HOLDINGS PTY LTD (76 124 436 335), HORSESHOE GOLD MINE PTY LTD (39 008 921 211), Southdown Project Management Pty Ltd (83 145 811 089). Register entry: https://modernslaveryregister.gov.au/statements/24043/.'}"
"Modern slavery statement 2025-2867: GRAND RIDGE PLANTATIONS PTY LTD, HANCOCK VICTORIAN PLANTATIONS PTY LIMITED",document,"{'content': 'GRAND RIDGE PLANTATIONS PTY LTD, HANCOCK VICTORIAN PLANTATIONS PTY LIMITED filed a joint modern slavery statement with the Australian Modern Slavery Register for the reporting period 2024-07-01 to 2025-06-30. The reporting entity is headquartered in Australia. The reporting entity has an annual revenue band of 300-350M. The reporting entity operates in the industry sectors: Agriculture, Forestry and Fishing. Register entry: https://modernslaveryregister.gov.au/statements/25571/.'}"
Modern slavery statement 2020-186: CUSCAL LIMITED,document,"{'content': 'CUSCAL LIMITED (ABN 95 087 822 455) filed a single modern slavery statement with the Australian Modern Slavery Register for the reporting period 2019-07-01 to 2020-06-30. The reporting entity is headquartered in Australia. The reporting entity has an annual revenue band of Unknown. The reporting entity operates in the industry sectors: Financial, insurance and real estate activities. Register entry: https://modernslaveryregister.gov.au/statements/556/.'}"
Modern slavery statement 2024-1322: CIVEO PTY LTD,document,"{'content': 'CIVEO PTY LTD (ABN 53 003 657 510) filed a single modern slavery statement with the Australian Modern Slavery Register for the reporting period 2023-01-01 to 2023-12-31. The reporting entity is headquartered in Australia. The reporting entity has an annual revenue band of 500-600M. The reporting entity operates in the industry sectors: Consumer services, including accommodation, hospitality, tourism and leisure. The statement also covers the included entities: ACTION INDUSTRIAL CATERING PTY LTD (16 071 228 807). Register entry: https://modernslaveryregister.gov.au/statements/18643/.'}"
"Modern slavery statement 2024-2411: Cargill Australia Limited, Cargill Japan LLC",document,"{'content': 'Cargill Australia Limited, Cargill Japan LLC filed a joint modern slavery statement with the Australian Modern Slavery Register for the reporting period 2023-06-01 to 2024-05-31. The reporting entity is headquartered in Australia. The reporting entity has an annual revenue band of 1BN+. The reporting entity operates in the industry sectors: Food and beverages, agriculture and fishing. The statement also covers the included entities: AWB (AUSTRALIA) LIMITED (35 081 890 502), AWB GRAINFLOW PTY LTD (62 088 928 858), CARGILL AUSTRALIA FINANCIAL SERVICES PTY LIMITED (24 103 594 823). Register entry: https://modernslaveryregister.gov.au/statements/20071/.'}"
Modern slavery statement 2022-1352: Tronox Limited & TRONOX MANAGEMENT PTY LTD & TRONOX MINING AUSTRALIA LIMITED et al.,document,"{'content': 'Tronox Limited (ABN 91 153 348 111), TRONOX MANAGEMENT PTY LTD (ABN 59 009 343 364), TRONOX MINING AUSTRALIA LIMITED (ABN 60 009 247 858) and TRONOX PIGMENT BUNBURY LTD (ABN 50 008 683 627) filed a joint modern slavery statement with the Australian Modern Slavery Register for the reporting period 2021-01-01 to 2021-12-31. The reporting entities are headquartered in Australia. The reporting entities have an annual revenue band of 1BN+. The reporting entities operate in the industry sectors: Mining, metals, chemicals and resources (including oil and gas). Register entry: https://modernslaveryregister.gov.au/statements/9647/.'}"
Modern slavery statement 2025-3245: The Trustee for 1851 Emerging Companies Fund,document,{'content': 'The Trustee for 1851 Emerging Companies Fund (ABN 88 262 648 719) filed a single modern slavery statement with the Australian Modern Slavery Register for the reporting period 2024-07-01 to 2025-06-30. The reporting entity is headquartered in Australia. The reporting entity has an annual revenue band of 100-150M. The reporting entity operates in the industry sectors: Financial and Insurance Services. Register entry: https://modernslaveryregister.gov.au/statements/26258/.'}
Modern slavery statement 2021-2295: UBS AG,document,"{'content': 'UBS AG (ABN 47 088 129 613) filed a joint modern slavery statement with the Australian Modern Slavery Register for the reporting period 2020-04-01 to 2021-03-30. The reporting entity is headquartered in Switzerland. The reporting entity has an annual revenue band of 800-900M. The reporting entity operates in the industry sectors: Financial, insurance and real estate activities. Register entry: https://modernslaveryregister.gov.au/statements/4909/.'}"
"Modern slavery statement 2024-652: SHINHAN BANK CO., LTD",document,"{'content': 'SHINHAN BANK CO., LTD (ABN 95 607 620 440) filed a single modern slavery statement with the Australian Modern Slavery Register for the reporting period 2023-01-01 to 2023-12-31. The reporting entity is headquartered in Republic of Korea (South Korea). The reporting entity has an annual revenue band of 1BN+. The reporting entity operates in the industry sectors: Financial, insurance and real estate activities. Register entry: https://modernslaveryregister.gov.au/statements/17713/.'}"
Modern slavery statement 2023-605: DUAL AUSTRALIA PTY LIMITED,document,"{'content': 'DUAL AUSTRALIA PTY LIMITED (ABN 16 107 553 257) filed a single modern slavery statement with the Australian Modern Slavery Register for the reporting period 2021-10-01 to 2022-09-30. The reporting entity is headquartered in Australia. The reporting entity has an annual revenue band of 0-99M. The reporting entity operates in the industry sectors: Financial, insurance and real estate activities. Register entry: https://modernslaveryregister.gov.au/statements/12489/.'}"
Modern slavery statement 2023-1631: ESRI-AUSTRALIA PTY LTD,document,{'content': 'ESRI-AUSTRALIA PTY LTD (ABN 16 008 852 775) filed a single modern slavery statement with the Australian Modern Slavery Register for the reporting period 2023-07-01 to 2024-06-30. The reporting entity is headquartered in Australia. The reporting entity has an annual revenue band of 100-150M. The reporting entity operates in the industry sectors: Information technology and telecommunication. Register entry: https://modernslaveryregister.gov.au/statements/14368/.'}
Modern slavery statement 2025-2899: ACCENT GROUP LIMITED,document,{'content': 'ACCENT GROUP LIMITED (ABN 85 108 096 251) filed a single modern slavery statement with the Australian Modern Slavery Register for the reporting period 2024-07-01 to 2025-06-30. The reporting entity is headquartered in Australia. The reporting entity has an annual revenue band of 1BN+. The reporting entity operates in the industry sectors: Retail Trade. Register entry: https://modernslaveryregister.gov.au/statements/25747/.'}
Modern slavery statement 2025-2586: CARGILL AUSTRALIA LIMITED & Cargill Japan LLC,document,"{'content': 'CARGILL AUSTRALIA LIMITED (ABN 42 004 684 173) and Cargill Japan LLC filed a joint modern slavery statement with the Australian Modern Slavery Register for the reporting period 2024-06-01 to 2025-05-31. The reporting entities are headquartered in Japan, Australia. The reporting entities have an annual revenue band of 1BN+. The reporting entities operate in the industry sectors: Agriculture, Forestry and Fishing. Register entry: https://modernslaveryregister.gov.au/statements/25289/.'}"
Modern slavery statement 2025-3819: OBJECTIVE CORPORATION LIMITED,document,"{'content': 'OBJECTIVE CORPORATION LIMITED (ABN 16 050 539 350) filed a single modern slavery statement with the Australian Modern Slavery Register for the reporting period 2024-07-01 to 2025-06-30. The reporting entity is headquartered in Australia. The reporting entity has an annual revenue band of 100-150M. The reporting entity operates in the industry sectors: Other Services. The statement also covers the included entities: Objective Corporation North America Inc., Objective Corporation Singapore Pte Limited, Objective Corporation Solutions NZ Limited, Objective Corporation UK Limited, Objective Corporation USA Inc., OBJECTIVE REGTECH PTY LIMITED (82 072 883 124), The Objective Corporation Limited Employee Share Trust. Register entry: https://modernslaveryregister.gov.au/statements/26927/.'}"
Modern slavery statement 2023-2052: HOBSON ENGINEERING CO PTY LTD,document,"{'content': 'HOBSON ENGINEERING CO PTY LTD (ABN 38 000 289 958) filed a single modern slavery statement with the Australian Modern Slavery Register for the reporting period 2022-07-01 to 2023-06-30. The reporting entity is headquartered in Australia. The reporting entity has an annual revenue band of 150-200M. The reporting entity operates in the industry sectors: Construction, civil engineering and building products. Register entry: https://modernslaveryregister.gov.au/statements/14952/.'}"
Modern slavery statement 2021-3822: AUSTRALIAN FAST FOODS PTY. LIMITED & CRAVEABLE BRANDS PTY LTD & PAGAC CHICKEN TENDERS HOLDINGS III PTY LIMITED et al.,document,"{'content': 'AUSTRALIAN FAST FOODS PTY. LIMITED (ABN 31 008 647 907), CRAVEABLE BRANDS PTY LTD (ABN 42 151 143 065), PAGAC CHICKEN TENDERS HOLDINGS III PTY LIMITED (ABN 84 634 719 458), PAGAC CHICKEN TENDERS HOLDINGS II PTY LIMITED (ABN 55 634 720 068), PAGAC CHICKEN TENDERS HOLDINGS I PTY LIMITED (ABN 39 634 495 275), PAGAC CHICKEN TENDERS HOLDINGS IV PTY LIMITED (ABN 88 634 718 602), QSRH BORROWING CO PTY LTD (ABN 32 151 147 518), QSRH BORROWING MIDCO PTY LTD (ABN 92 151 149 834), Quick Service Restaurants Finance Pty Limited (ABN 35 124 415 032), Quick Service Restaurants Holdings Pty Limited (ABN 37 124 415 041) and RED ROOSTER FOODS PTY LTD (ABN 51 008 754 096) filed a joint modern slavery statement with the Australian Modern Slavery Register for the reporting period 2020-07-01 to 2021-06-30. The reporting entities are headquartered in Australia. The reporting entities have an annual revenue band of 1BN+. The reporting entities operate in the industry sectors: Food and beverages, agriculture and fishing. Register entry: https://modernslaveryregister.gov.au/statements/7232/.'}"
Modern slavery statement 2025-192: HOLOGIC (AUSTRALIA & NEW ZEALAND) PTY LIMITED,document,{'content': 'HOLOGIC (AUSTRALIA & NEW ZEALAND) PTY LIMITED (ABN 95 079 821 275) filed a single modern slavery statement with the Australian Modern Slavery Register for the reporting period 2023-10-01 to 2024-09-30. The reporting entity is headquartered in Australia. The reporting entity has an annual revenue band of 100-150M. The reporting entity operates in the industry sectors: Healthcare and pharmaceuticals. Register entry: https://modernslaveryregister.gov.au/statements/21909/.'}
Modern slavery statement 2022-1980: BEACON LIGHTING CORPORATION PTY LTD & BEACON LIGHTING GROUP LIMITED & The Trustee for BRIGHTLITE UNIT TRUST,document,"{'content': 'BEACON LIGHTING CORPORATION PTY LTD (ABN 56 083 125 446), BEACON LIGHTING GROUP LIMITED (ABN 90 164 122 785) and The Trustee for BRIGHTLITE UNIT TRUST (ABN 13 322 464 749) filed a joint modern slavery statement with the Australian Modern Slavery Register for the reporting period 2021-07-01 to 2022-06-30. The reporting entities are headquartered in Australia. The reporting entities have an annual revenue band of 900M-1BN. The reporting entities operate in the industry sectors: Durable consumer goods, including electronics and appliances, home furnishings and other accessories. Register entry: https://modernslaveryregister.gov.au/statements/10598/.'}"
Modern slavery statement 2021-1260: Melbourne Health trading as Royal Melbourne Hospital,document,{'content': 'Melbourne Health trading as Royal Melbourne Hospital (ABN 73 802 406 972) filed a single modern slavery statement with the Australian Modern Slavery Register for the reporting period 2020-01-01 to 2020-12-31. The reporting entity is headquartered in Australia. The reporting entity has an annual revenue band of 900M-1BN. The reporting entity operates in the industry sectors: Healthcare and pharmaceuticals. Register entry: https://modernslaveryregister.gov.au/statements/3180/.'}
Modern slavery statement 2024-3090: BUILT CONSTRUCTION HOLDINGS PTY LIMITED & BUILT CONSTRUCTION OPERATIONS PTY LIMITED & BUILT GROUP HOLDINGS PTY LIMITED et al.,document,"{'content': 'BUILT CONSTRUCTION HOLDINGS PTY LIMITED (ABN 69 615 899 057), BUILT CONSTRUCTION OPERATIONS PTY LIMITED (ABN 95 155 340 793), BUILT GROUP HOLDINGS PTY LIMITED (ABN 88 163 462 637), Built Holdings Pty Limited (ABN 47 108 928 409), BUILT PTY LIMITED (ABN 24 083 928 045) and BUILT QLD PTY LIMITED (ABN 43 108 064 099) filed a joint modern slavery statement with the Australian Modern Slavery Register for the reporting period 2023-07-01 to 2024-06-30. The reporting entities are headquartered in Australia. The reporting entities have an annual revenue band of 1BN+. The reporting entities operate in the industry sectors: Construction, civil engineering and building products. Register entry: https://modernslaveryregister.gov.au/statements/20997/.'}"
Modern slavery statement 2024-101: VGI PARTNERS GLOBAL INVESTMENTS LIMITED,document,"{'content': 'VGI PARTNERS GLOBAL INVESTMENTS LIMITED filed a single modern slavery statement with the Australian Modern Slavery Register for the reporting period 2022-07-01 to 2023-06-30. The reporting entity is headquartered in Australia. The reporting entity has an annual revenue band of 100-150M. The reporting entity operates in the industry sectors: Financial, insurance and real estate activities. Register entry: https://modernslaveryregister.gov.au/statements/16861/.'}"
Modern slavery statement 2021-3982: Mort & Co Finance Pty Ltd & MORT & CO HOLDINGS LTD & MORT & CO LIVESTOCK PTY LTD et al.,document,"{'content': 'Mort & Co Finance Pty Ltd (ABN 23 104 446 933), MORT & CO HOLDINGS LTD (ABN 54 606 165 128), MORT & CO LIVESTOCK PTY LTD (ABN 80 089 441 583), MORT & CO LOT FEEDERS PTY LTD (ABN 60 096 338 206), MORT & CO LTD (ABN 43 096 318 759), MORT & CO MEAT PTY LTD (ABN 19 116 445 893) and TIPALEA PARTNERS RURAL PTY LTD (ABN 54 105 444 102) filed a joint modern slavery statement with the Australian Modern Slavery Register for the reporting period 2020-07-01 to 2021-06-30. The reporting entities are headquartered in Australia. The reporting entities have an annual revenue band of 1BN+. The reporting entities operate in the industry sectors: Food and beverages, agriculture and fishing. Register entry: https://modernslaveryregister.gov.au/statements/7448/.'}"
Modern slavery statement 2024-839: HUBSPOT AUSTRALIA PTY LTD,document,"{'content': 'HUBSPOT AUSTRALIA PTY LTD filed a single modern slavery statement with the Australian Modern Slavery Register for the reporting period 2022-01-01 to 2022-12-31. The reporting entity is headquartered in United States of America. The reporting entity has an annual revenue band of 100-150M. The reporting entity operates in the industry sectors: Professional and administrative services and supplies, including legal, consulting and accounting services. Register entry: https://modernslaveryregister.gov.au/statements/17908/.'}"
Modern slavery statement 2023-1403: MITSUI MATSUSHIMA AUSTRALIA PTY. LIMITED & Mitsui Matsushima International Pty. Limited,document,"{'content': 'MITSUI MATSUSHIMA AUSTRALIA PTY. LIMITED (ABN 62 050 054 398) and Mitsui Matsushima International Pty. Limited (ABN 72 100 874 600) filed a joint modern slavery statement with the Australian Modern Slavery Register for the reporting period 2022-01-01 to 2022-12-31. The reporting entities are headquartered in Australia. The reporting entities have an annual revenue band of 1BN+. The reporting entities operate in the industry sectors: Mining, metals, chemicals and resources (including oil and gas). Register entry: https://modernslaveryregister.gov.au/statements/14046/.'}"
Modern slavery statement 2021-2194: OLEX AUSTRALIA PTY LIMITED,document,"{'content': 'OLEX AUSTRALIA PTY LIMITED (ABN 61 087 542 863) filed a single modern slavery statement with the Australian Modern Slavery Register for the reporting period 2020-01-01 to 2020-12-31. The reporting entity is headquartered in Australia. The reporting entity has an annual revenue band of 300-350M. The reporting entity operates in the industry sectors: Construction, civil engineering and building products. Register entry: https://modernslaveryregister.gov.au/statements/4810/.'}"
Modern slavery statement 2022-434: MARINE POWER INTERNATIONAL LLC,document,"{'content': 'MARINE POWER INTERNATIONAL LLC (ABN 25 003 100 007) filed a single modern slavery statement with the Australian Modern Slavery Register for the reporting period 2021-01-01 to 2021-12-31. The reporting entity is headquartered in Australia, United States of America. The reporting entity has an annual revenue band of 150-200M. The reporting entity operates in the industry sectors: Automotive, machinery and heavy electrical equipment. Register entry: https://modernslaveryregister.gov.au/statements/8338/.'}"
Modern slavery statement 2021-1083: WAM MICROCAP LIMITED,document,"{'content': 'WAM MICROCAP LIMITED (ABN 34 617 838 418) filed a single modern slavery statement with the Australian Modern Slavery Register for the reporting period 2019-07-01 to 2020-06-30. The reporting entity is headquartered in Australia. The reporting entity has an annual revenue band of 0-99M. The reporting entity operates in the industry sectors: Financial, insurance and real estate activities. Register entry: https://modernslaveryregister.gov.au/statements/2987/.'}"
Modern slavery statement 2023-3275: INSURANCE BUILDING AUSTRALIA OPERATIONS PTY LTD,document,"{'content': 'INSURANCE BUILDING AUSTRALIA OPERATIONS PTY LTD (ABN 80 661 826 026) filed a joint modern slavery statement with the Australian Modern Slavery Register for the reporting period 2022-07-01 to 2023-06-30. The reporting entity is headquartered in Australia. The reporting entity has an annual revenue band of 200-250M. The reporting entity operates in the industry sectors: Construction, civil engineering and building products Cleaning and security services. The statement also covers the included entities: AMBROSE CONSTRUCT GROUP PTY LTD (35 131 176 102), FEN AUSTRALIA PTY LTD (43 649 011 601), INSERVE AUSTRALIA PTY LTD (76 147 747 859), MARSHALL RESTORATIONS PTY LTD (67 649 011 325), SCOPE IT SERVICES PTY LTD (39 644 530 727), XTREME CLEAN SANITISATION & RESTORATION PTY LTD (89 619 183 238). Register entry: https://modernslaveryregister.gov.au/statements/16551/.'}"
Modern slavery statement 2025-3423: AUSWIDE AUSTRALIA LTD & MYSTATE BANK LIMITED & MyState Limited,document,"{'content': 'AUSWIDE AUSTRALIA LTD (ABN 40 087 652 060), MYSTATE BANK LIMITED (ABN 89 067 729 195) and MyState Limited (ABN 26 133 623 962) filed a joint modern slavery statement with the Australian Modern Slavery Register for the reporting period 2024-07-01 to 2025-06-30. The reporting entities are headquartered in Australia. The reporting entities have an annual revenue band of 600-700M. The reporting entities operate in the industry sectors: Financial and Insurance Services. The statement also covers the included entities: TPT WEALTH LTD (97 009 475 629). Register entry: https://modernslaveryregister.gov.au/statements/26379/.'}"
Modern slavery statement 2024-1135: POSCO YAMATO VINA STEEL JOINT STOCK COMPANY,document,"{'content': 'POSCO YAMATO VINA STEEL JOINT STOCK COMPANY filed a single modern slavery statement with the Australian Modern Slavery Register for the reporting period 2023-01-01 to 2023-12-31. The reporting entity is headquartered in Vietnam. The reporting entity has an annual revenue band of 300-350M. The reporting entity operates in the industry sectors: Construction, civil engineering and building products. Register entry: https://modernslaveryregister.gov.au/statements/17817/.'}"
Modern slavery statement 2023-372: SERCO AUSTRALIA PTY LIMITED,document,{'content': 'SERCO AUSTRALIA PTY LIMITED (ABN 44 003 677 352) filed a joint modern slavery statement with the Australian Modern Slavery Register for the reporting period 2022-04-01 to 2023-03-30. The reporting entity is headquartered in United Kingdom. The reporting entity has an annual revenue band of 1BN+. The reporting entity operates in the industry sectors: Government Sector. Register entry: https://modernslaveryregister.gov.au/statements/12617/.'}
Modern slavery statement 2023-1584: EXPRESSWAY SPARES PTY LTD,document,"{'content': 'EXPRESSWAY SPARES PTY LTD (ABN 55 000 483 107) filed a single modern slavery statement with the Australian Modern Slavery Register for the reporting period 2022-07-01 to 2023-06-30. The reporting entity is headquartered in Australia. The reporting entity has an annual revenue band of 100-150M. The reporting entity operates in the industry sectors: Automotive, machinery and heavy electrical equipment. Register entry: https://modernslaveryregister.gov.au/statements/14302/.'}"
Modern slavery statement 2022-2662: RESTHAVEN INCORPORATED,document,{'content': 'RESTHAVEN INCORPORATED (ABN 79 976 580 833) filed a single modern slavery statement with the Australian Modern Slavery Register for the reporting period 2021-07-01 to 2022-06-30. The reporting entity is headquartered in Australia. The reporting entity has an annual revenue band of 200-250M. The reporting entity operates in the industry sectors: Healthcare and pharmaceuticals. Register entry: https://modernslaveryregister.gov.au/statements/11519/.'}
Modern slavery statement 2025-1679: AGGREKO GENERATOR RENTALS PTY. LIMITED,document,"{'content': 'AGGREKO GENERATOR RENTALS PTY. LIMITED (ABN 66 001 991 457) filed a single modern slavery statement with the Australian Modern Slavery Register for the reporting period 2024-01-01 to 2024-12-31. The reporting entity is headquartered in United Kingdom. The reporting entity has an annual revenue band of 1BN+. The reporting entity operates in the industry sectors: Automotive, machinery and heavy electrical equipment. Register entry: https://modernslaveryregister.gov.au/statements/23948/.'}"
Modern slavery statement 2023-1735: AUSTRALIAN PLASTIC PROFILES PTY LTD,document,"{'content': 'AUSTRALIAN PLASTIC PROFILES PTY LTD (ABN 77 001 414 759) filed a single modern slavery statement with the Australian Modern Slavery Register for the reporting period 2022-07-01 to 2023-06-30. The reporting entity is headquartered in Australia. The reporting entity has an annual revenue band of 100-150M. The reporting entity operates in the industry sectors: Construction, civil engineering and building products. Register entry: https://modernslaveryregister.gov.au/statements/14521/.'}"
Modern slavery statement 2023-941: BT AUSTRALASIA PTY LIMITED,document,"{'content': 'BT AUSTRALASIA PTY LIMITED (ABN 93 003 050 146) filed a joint modern slavery statement with the Australian Modern Slavery Register for the reporting period 2022-04-01 to 2023-03-30. The reporting entity is headquartered in Australia, United Kingdom. The reporting entity has an annual revenue band of 100-150M. The reporting entity operates in the industry sectors: Information technology and telecommunication. Register entry: https://modernslaveryregister.gov.au/statements/13479/.'}"
Modern slavery statement 2021-2272: BOTHAR GROUP PTY LTD,document,"{'content': 'BOTHAR GROUP PTY LTD (ABN 83 137 166 780) filed a single modern slavery statement with the Australian Modern Slavery Register for the reporting period 2020-01-01 to 2020-12-31. The reporting entity is headquartered in Australia. The reporting entity has an annual revenue band of 100-150M. The reporting entity operates in the industry sectors: Construction, civil engineering and building products. Register entry: https://modernslaveryregister.gov.au/statements/4911/.'}"
Modern slavery statement 2022-1125: The Trustee for the Grassroots Renewable Energy Trust,document,"{'content': 'The Trustee for the Grassroots Renewable Energy Trust (ABN 94 551 204 275) filed a single modern slavery statement with the Australian Modern Slavery Register for the reporting period 2021-01-01 to 2021-12-31. The reporting entity is headquartered in Australia. The reporting entity has an annual revenue band of 0-99M. The reporting entity operates in the industry sectors: Utilities: gas, water and electricity. Register entry: https://modernslaveryregister.gov.au/statements/9394/.'}"
Modern slavery statement 2022-2298: RETAIL EMPLOYEES SUPERANNUATION PTY. LIMITED,document,"{'content': 'RETAIL EMPLOYEES SUPERANNUATION PTY. LIMITED (ABN 39 001 987 739) filed a single modern slavery statement with the Australian Modern Slavery Register for the reporting period 2021-07-01 to 2022-06-30. The reporting entity is headquartered in Australia. The reporting entity has an annual revenue band of 1BN+. The reporting entity operates in the industry sectors: Financial, insurance and real estate activities. Register entry: https://modernslaveryregister.gov.au/statements/11065/.'}"
"Modern slavery statement 2023-2199: Petsure (Australia) Pty Ltd, PETSURE HOLDINGS PTY LTD",document,"{'content': 'Petsure (Australia) Pty Ltd, PETSURE HOLDINGS PTY LTD filed a joint modern slavery statement with the Australian Modern Slavery Register for the reporting period 2022-07-01 to 2023-06-30. The reporting entity is headquartered in Australia. The reporting entity has an annual revenue band of 200-250M. The reporting entity operates in the industry sectors: Financial, insurance and real estate activities. Register entry: https://modernslaveryregister.gov.au/statements/15178/.'}"
Modern slavery statement 2021-2962: N.H.P. ELECTRICAL ENGINEERING PRODUCTS PROPRIETARY LIMITED,document,{'content': 'N.H.P. ELECTRICAL ENGINEERING PRODUCTS PROPRIETARY LIMITED (ABN 84 004 304 812) filed a single modern slavery statement with the Australian Modern Slavery Register for the reporting period 2020-07-01 to 2021-06-30. The reporting entity is headquartered in Australia. The reporting entity has an annual revenue band of 400-450M. The reporting entity operates in the industry sectors: Other. Register entry: https://modernslaveryregister.gov.au/statements/5892/.'}
Modern slavery statement 2024-1264: GS GLOBAL AUSTRALIA PTY. LTD.,document,"{'content': 'GS GLOBAL AUSTRALIA PTY. LTD. (ABN 12 003 931 548) filed a single modern slavery statement with the Australian Modern Slavery Register for the reporting period 2023-01-01 to 2023-12-31. The reporting entity is headquartered in Republic of Korea (South Korea). The reporting entity has an annual revenue band of 100-150M. The reporting entity operates in the industry sectors: Construction, civil engineering and building products. Register entry: https://modernslaveryregister.gov.au/statements/18600/.'}"
"Modern slavery statement 2025-1604: Bridgewater Associates, LP",document,"{'content': 'Bridgewater Associates, LP filed a single modern slavery statement with the Australian Modern Slavery Register for the reporting period 2024-01-01 to 2024-12-31. The reporting entity is headquartered in United States of America. The reporting entity has an annual revenue band of 1BN+. The reporting entity operates in the industry sectors: Financial, insurance and real estate activities. Register entry: https://modernslaveryregister.gov.au/statements/23861/.'}"
Modern slavery statement 2024-2492: YARA PILBARA FERTILISERS PTY LTD & YARA PILBARA NITRATES PTY LTD,document,"{'content': 'YARA PILBARA FERTILISERS PTY LTD (ABN 74 095 441 151) and YARA PILBARA NITRATES PTY LTD (ABN 33 127 391 422) filed a joint modern slavery statement with the Australian Modern Slavery Register for the reporting period 2023-01-01 to 2023-12-31. The reporting entities are headquartered in Norway. The reporting entities have an annual revenue band of 500-600M. The reporting entities operate in the industry sectors: Mining, metals, chemicals and resources (including oil and gas). Register entry: https://modernslaveryregister.gov.au/statements/20199/.'}"
Modern slavery statement 2022-2263: SUNPORK FRESH FOODS PTY LTD & SUNPORK PTY LTD & SWICKER'S KINGAROY BACON FACTORY PTY. LTD.,document,"{'content': ""SUNPORK FRESH FOODS PTY LTD (ABN 24 135 230 545), SUNPORK PTY LTD (ABN 11 059 168 786) and SWICKER'S KINGAROY BACON FACTORY PTY. LTD. (ABN 35 009 678 693) filed a joint modern slavery statement with the Australian Modern Slavery Register for the reporting period 2021-07-01 to 2022-06-30. The reporting entities are headquartered in Australia. The reporting entities have an annual revenue band of 800-900M. The reporting entities operate in the industry sectors: Food and beverages, agriculture and fishing. Register entry: https://modernslaveryregister.gov.au/statements/10986/.""}"
Modern slavery statement 2022-2216: AURIZON HOLDINGS LIMITED & AURIZON NETWORK PTY LTD & AURIZON OPERATIONS LIMITED et al.,document,"{'content': 'AURIZON HOLDINGS LIMITED (ABN 14 146 335 622), AURIZON NETWORK PTY LTD (ABN 78 132 181 116), AURIZON OPERATIONS LIMITED (ABN 47 564 947 264), AUSTRALIA EASTERN RAILROAD PTY LTD (ABN 84 118 274 776) and AUSTRALIA WESTERN RAILROAD PTY LTD (ABN 39 094 792 275) filed a joint modern slavery statement with the Australian Modern Slavery Register for the reporting period 2021-07-01 to 2022-06-30. The reporting entities are headquartered in Australia. The reporting entities have an annual revenue band of 1BN+. The reporting entities operate in the industry sectors: Transportation, logistics, and storage. Register entry: https://modernslaveryregister.gov.au/statements/10843/.'}"
Modern slavery statement 2022-110: STH HOLDINGS PTY LIMITED & ST HILLIERS CONTRACTING PTY LIMITED & ST. HILLIERS PTY. LIMITED,document,"{'content': 'STH HOLDINGS PTY LIMITED (ABN 71 069 565 331), ST HILLIERS CONTRACTING PTY LIMITED (ABN 66 082 729 039) and ST. HILLIERS PTY. LIMITED (ABN 78 003 819 681) filed a joint modern slavery statement with the Australian Modern Slavery Register for the reporting period 2020-07-01 to 2021-06-30. The reporting entities are headquartered in Australia. The reporting entities have an annual revenue band of 450-500M. The reporting entities operate in the industry sectors: Construction, civil engineering and building products. Register entry: https://modernslaveryregister.gov.au/statements/7854/.'}"
Modern slavery statement 2021-2870: SKF AUSTRALIA PTY. LTD.,document,{'content': 'SKF AUSTRALIA PTY. LTD. (ABN 87 004 236 855) filed a single modern slavery statement with the Australian Modern Slavery Register for the reporting period 2020-01-01 to 2020-12-31. The reporting entity is headquartered in Sweden. The reporting entity has an annual revenue band of 100-150M. The reporting entity operates in the industry sectors: Other. Register entry: https://modernslaveryregister.gov.au/statements/5753/.'}
Modern slavery statement 2023-3303: CLEANCO QUEENSLAND LIMITED,document,"{'content': 'CLEANCO QUEENSLAND LIMITED (ABN 85 628 008 159) filed a single modern slavery statement with the Australian Modern Slavery Register for the reporting period 2022-01-01 to 2022-12-31. The reporting entity is headquartered in Australia. The reporting entity has an annual revenue band of 600-700M. The reporting entity operates in the industry sectors: Utilities: gas, water and electricity. Register entry: https://modernslaveryregister.gov.au/statements/16581/.'}"
Modern slavery statement 2024-2509: ADAIRS LIMITED & ADAIRS RETAIL GROUP PTY LTD & FOCUS ON FURNITURE PTY LTD et al.,document,"{'content': 'ADAIRS LIMITED (ABN 50 147 375 451), ADAIRS RETAIL GROUP PTY LTD (ABN 29 128 287 776), FOCUS ON FURNITURE PTY LTD (ABN 14 089 394 712) and MOCKA PRODUCTS PTY LTD (ABN 27 152 476 349) filed a joint modern slavery statement with the Australian Modern Slavery Register for the reporting period 2023-07-01 to 2024-06-30. The reporting entities are headquartered in Australia. The reporting entities have an annual revenue band of 600-700M. The reporting entities operate in the industry sectors: Durable consumer goods, including electronics and appliances, home furnishings and other accessories. The statement also covers the included entities: ADAIRS RETAIL GROUP PTY LTD (29 128 287 776), FOCUS ON FURNITURE PTY LTD (14 089 394 712), MOCKA PRODUCTS PTY LTD (27 152 476 349). Register entry: https://modernslaveryregister.gov.au/statements/20229/.'}"
Modern slavery statement 2022-1381: PPG INDUSTRIES AUSTRALIA PTY LIMITED,document,{'content': 'PPG INDUSTRIES AUSTRALIA PTY LIMITED (ABN 82 055 500 939) filed a joint modern slavery statement with the Australian Modern Slavery Register for the reporting period 2021-01-01 to 2021-12-31. The reporting entity is headquartered in United States of America. The reporting entity has an annual revenue band of 600-700M. The reporting entity operates in the industry sectors: Other. Register entry: https://modernslaveryregister.gov.au/statements/9678/.'}
Modern slavery statement 2024-3603: BERRY STREET VICTORIA INCORPORATED,document,{'content': 'BERRY STREET VICTORIA INCORPORATED (ABN 24 719 196 762) filed a single modern slavery statement with the Australian Modern Slavery Register for the reporting period 2023-07-01 to 2024-06-30. The reporting entity is headquartered in Australia. The reporting entity has an annual revenue band of 150-200M. The reporting entity operates in the industry sectors: Charitable / not-for-profit activities. Register entry: https://modernslaveryregister.gov.au/statements/21567/.'}
"Modern slavery statement 2025-679: DR JONES & PARTNERS GROUP HOLDINGS PTY LTD, JONES HOLDING CO PTY LIMITED",document,"{'content': 'DR JONES & PARTNERS GROUP HOLDINGS PTY LTD, JONES HOLDING CO PTY LIMITED (ABN 90 096 196 655) filed a joint modern slavery statement with the Australian Modern Slavery Register for the reporting period 2022-07-01 to 2023-06-30. The reporting entity is headquartered in Australia. The reporting entity has an annual revenue band of 100-150M. The reporting entity operates in the industry sectors: Healthcare and pharmaceuticals. The statement also covers the included entities: JONES HOLDING CO PTY LIMITED (90 096 196 655). Register entry: https://modernslaveryregister.gov.au/statements/22669/.'}"
Modern slavery statement 2025-2378: Vermilion Oil & Gas Australia Pty Ltd,document,{'content': 'Vermilion Oil & Gas Australia Pty Ltd (ABN 29 113 023 591) filed a single modern slavery statement with the Australian Modern Slavery Register for the reporting period 2024-01-01 to 2024-12-31. The reporting entity is headquartered in Canada. The reporting entity has an annual revenue band of 150-200M. The reporting entity operates in the industry sectors: Other Services. Register entry: https://modernslaveryregister.gov.au/statements/24985/.'}
Modern slavery statement 2021-1915: City Holdings (Aus) Pty Ltd,document,{'content': 'City Holdings (Aus) Pty Ltd (ABN 33 135 098 636) filed a single modern slavery statement with the Australian Modern Slavery Register for the reporting period 2020-01-01 to 2020-12-31. The reporting entity is headquartered in Australia. The reporting entity has an annual revenue band of 400-450M. The reporting entity operates in the industry sectors: Other. Register entry: https://modernslaveryregister.gov.au/statements/4340/.'}
Modern slavery statement 2021-3518: SYMAL INFRASTRUCTURE PTY LTD & SYMAL STRUCTURES PTY LTD,document,"{'content': 'SYMAL INFRASTRUCTURE PTY LTD (ABN 87 130 808 276) and SYMAL STRUCTURES PTY LTD (ABN 54 626 335 322) filed a joint modern slavery statement with the Australian Modern Slavery Register for the reporting period 2020-07-01 to 2021-06-30. The reporting entities are headquartered in Australia. The reporting entities have an annual revenue band of 450-500M. The reporting entities operate in the industry sectors: Construction, civil engineering and building products. Register entry: https://modernslaveryregister.gov.au/statements/6780/.'}"
"Modern slavery statement 2023-1923: MITSUI SUMITOMO INSURANCE COMPANY, LIMITED",document,"{'content': 'MITSUI SUMITOMO INSURANCE COMPANY, LIMITED (ABN 49 000 525 637) filed a single modern slavery statement with the Australian Modern Slavery Register for the reporting period 2022-04-01 to 2023-03-30. The reporting entity is headquartered in Japan. The reporting entity has an annual revenue band of 1BN+. The reporting entity operates in the industry sectors: Financial, insurance and real estate activities. Register entry: https://modernslaveryregister.gov.au/statements/14771/.'}"
Modern slavery statement 2025-3428: BAIADA HOLDINGS PTY LIMITED & BAIADA POULTRY PTY LIMITED & BAIADA PTY LTD et al.,document,"{'content': 'BAIADA HOLDINGS PTY LIMITED (ABN 19 003 013 321), BAIADA POULTRY PTY LIMITED (ABN 96 002 925 948), BAIADA PTY LTD (ABN 47 000 426 808), BARTTER ENTERPRISES PTY. LIMITED (ABN 22 000 451 374), Bartter Holdings Pty Limited (ABN 84 104 671 561), BPL Adelaide Pty Limited (ABN 40 108 037 798), BPL FOODS PTY LIMITED (ABN 38 002 957 299), STEGGLES FOODS MT KURING-GAI PTY LIMITED (ABN 73 126 100 418), STEGGLES FOODS PRODUCTS PTY LIMITED (ABN 37 071 008 565) and TANGARATTA STOCKFEEDS PTY. LIMITED (ABN 51 001 278 584) filed a joint modern slavery statement with the Australian Modern Slavery Register for the reporting period 2024-07-01 to 2025-06-30. The reporting entities are headquartered in Australia. The reporting entities have an annual revenue band of 1BN+. The reporting entities operate in the industry sectors: Wholesale Trade Agriculture, Forestry and Fishing. Register entry: https://modernslaveryregister.gov.au/statements/26477/.'}"
Modern slavery statement 2022-832: LATITUDE FINANCE AUSTRALIA & LATITUDE GROUP HOLDINGS LIMITED & LATITUDE PERSONAL FINANCE PTY LTD et al.,document,"{'content': 'LATITUDE FINANCE AUSTRALIA (ABN 42 008 583 588), LATITUDE GROUP HOLDINGS LIMITED (ABN 83 604 747 391), LATITUDE PERSONAL FINANCE PTY LTD (ABN 54 008 443 810), The Trustee for Australian Personal Loans Trust (ABN 31 684 228 845) and The Trustee for Latitude Australia Credit Card Master Trust (ABN 50 549 133 761) filed a joint modern slavery statement with the Australian Modern Slavery Register for the reporting period 2021-01-01 to 2021-12-31. The reporting entities are headquartered in Australia. The reporting entities have an annual revenue band of 800-900M. The reporting entities operate in the industry sectors: Financial, insurance and real estate activities. Register entry: https://modernslaveryregister.gov.au/statements/8778/.'}"
Modern slavery statement 2021-2620: Tully Sugar Limited,document,"{'content': 'Tully Sugar Limited (ABN 92 011 030 256) filed a single modern slavery statement with the Australian Modern Slavery Register for the reporting period 2020-01-01 to 2020-12-31. The reporting entity is headquartered in Australia. The reporting entity has an annual revenue band of 150-200M. The reporting entity operates in the industry sectors: Food and beverages, agriculture and fishing. Register entry: https://modernslaveryregister.gov.au/statements/5391/.'}"
Modern slavery statement 2025-2218: MITSUI IRON ORE CORPORATION PTY. LTD.,document,{'content': 'MITSUI IRON ORE CORPORATION PTY. LTD. (ABN 16 050 157 456) filed a single modern slavery statement with the Australian Modern Slavery Register for the reporting period 2024-04-01 to 2025-03-31. The reporting entity is headquartered in Australia. The reporting entity has an annual revenue band of 1BN+. The reporting entity operates in the industry sectors: Mining. Register entry: https://modernslaveryregister.gov.au/statements/24724/.'}
Modern slavery statement 2022-912: SMITH & NEPHEW PTY LIMITED,document,{'content': 'SMITH & NEPHEW PTY LIMITED (ABN 68 000 087 507) filed a single modern slavery statement with the Australian Modern Slavery Register for the reporting period 2021-01-01 to 2021-12-31. The reporting entity is headquartered in United Kingdom. The reporting entity has an annual revenue band of 300-350M. The reporting entity operates in the industry sectors: Healthcare and pharmaceuticals. Register entry: https://modernslaveryregister.gov.au/statements/9111/.'}
Modern slavery statement 2022-881: American Airlines,document,"{'content': 'American Airlines filed a single modern slavery statement with the Australian Modern Slavery Register for the reporting period 2021-01-01 to 2021-12-31. The reporting entity is headquartered in United States of America. The reporting entity has an annual revenue band of 1BN+. The reporting entity operates in the industry sectors: Transportation, logistics, and storage. Register entry: https://modernslaveryregister.gov.au/statements/9066/.'}"
Modern slavery statement 2025-1123: KOPPERS CARBON MATERIALS & CHEMICALS PTY LTD,document,"{'content': 'KOPPERS CARBON MATERIALS & CHEMICALS PTY LTD (ABN 71 003 947 699) filed a single modern slavery statement with the Australian Modern Slavery Register for the reporting period 2024-01-01 to 2024-12-31. The reporting entity is headquartered in Australia. The reporting entity has an annual revenue band of 200-250M. The reporting entity operates in the industry sectors: Mining, metals, chemicals and resources (including oil and gas). Register entry: https://modernslaveryregister.gov.au/statements/23324/.'}"
Modern slavery statement 2025-3357: TUAS LIMITED,document,{'content': 'TUAS LIMITED (ABN 70 639 685 975) filed a single modern slavery statement with the Australian Modern Slavery Register for the reporting period 2024-08-01 to 2025-07-31. The reporting entity is headquartered in Australia. The reporting entity has an annual revenue band of 150-200M. The reporting entity operates in the industry sectors: Information Media and Telecommunications. Register entry: https://modernslaveryregister.gov.au/statements/26403/.'}
Modern slavery statement 2021-3665: HASTINGS DEERING (AUSTRALIA) LIMITED & Sime Darby Industrial Australia Pty ltd,document,"{'content': 'HASTINGS DEERING (AUSTRALIA) LIMITED (ABN 49 054 094 647) and Sime Darby Industrial Australia Pty ltd (ABN 56 153 652 594) filed a joint modern slavery statement with the Australian Modern Slavery Register for the reporting period 2020-07-01 to 2021-06-30. The reporting entities are headquartered in Australia. The reporting entities have an annual revenue band of 1BN+. The reporting entities operate in the industry sectors: Mining, metals, chemicals and resources (including oil and gas) Automotive, machinery and heavy electrical equipment Construction, civil engineering and building products Transportation, logistics, and storage. Register entry: https://modernslaveryregister.gov.au/statements/7010/.'}"
Modern slavery statement 2021-288: SIMON GEORGE AND SONS PTY LTD,document,"{'content': 'SIMON GEORGE AND SONS PTY LTD (ABN 55 104 866 284) filed a single modern slavery statement with the Australian Modern Slavery Register for the reporting period 2019-07-01 to 2020-06-30. The reporting entity is headquartered in Australia. The reporting entity has an annual revenue band of 100-150M. The reporting entity operates in the industry sectors: Food and beverages, agriculture and fishing. Register entry: https://modernslaveryregister.gov.au/statements/1594/.'}"
Modern slavery statement 2023-1660: BRIGHTWATER CARE GROUP LIMITED,document,{'content': 'BRIGHTWATER CARE GROUP LIMITED (ABN 23 445 460 050) filed a single modern slavery statement with the Australian Modern Slavery Register for the reporting period 2020-07-01 to 2021-06-30. The reporting entity is headquartered in Australia. The reporting entity has an annual revenue band of 150-200M. The reporting entity operates in the industry sectors: Charitable / not-for-profit activities. Register entry: https://modernslaveryregister.gov.au/statements/14407/.'}
Modern slavery statement 2021-4179: The Trustee for VESTITO UNIT TRUST,document,"{'content': 'The Trustee for VESTITO UNIT TRUST (ABN 69 032 764 154) filed a single modern slavery statement with the Australian Modern Slavery Register for the reporting period 2020-07-01 to 2021-06-30. The reporting entity is headquartered in Australia. The reporting entity has an annual revenue band of 100-150M. The reporting entity operates in the industry sectors: Fashion, textiles, apparel and luxury goods. Register entry: https://modernslaveryregister.gov.au/statements/7668/.'}"
Modern slavery statement 2023-1320: VESTAS - AUSTRALIAN WIND TECHNOLOGY PTY. LIMITED,document,"{'content': 'VESTAS - AUSTRALIAN WIND TECHNOLOGY PTY. LIMITED filed a single modern slavery statement with the Australian Modern Slavery Register for the reporting period 2022-01-01 to 2022-12-31. The reporting entity is headquartered in Denmark. The reporting entity has an annual revenue band of 450-500M. The reporting entity operates in the industry sectors: Automotive, machinery and heavy electrical equipment Utilities: gas, water and electricity. Register entry: https://modernslaveryregister.gov.au/statements/13848/.'}"
Modern slavery statement 2021-3849: CHURCHES OF CHRIST IN QUEENSLAND,document,{'content': 'CHURCHES OF CHRIST IN QUEENSLAND (ABN 28 953 930 342) filed a single modern slavery statement with the Australian Modern Slavery Register for the reporting period 2020-07-01 to 2021-06-30. The reporting entity is headquartered in Australia. The reporting entity has an annual revenue band of 300-350M. The reporting entity operates in the industry sectors: Charitable / not-for-profit activities. Register entry: https://modernslaveryregister.gov.au/statements/7272/.'}
Modern slavery statement 2022-623: MYOB AUSTRALIA PTY LTD & MYOB GROUP CO PTY LTD,document,{'content': 'MYOB AUSTRALIA PTY LTD (ABN 13 086 760 198) and MYOB GROUP CO PTY LTD (ABN 23 630 725 825) filed a joint modern slavery statement with the Australian Modern Slavery Register for the reporting period 2021-01-01 to 2021-12-31. The reporting entities are headquartered in Australia. The reporting entities have an annual revenue band of 500-600M. The reporting entities operate in the industry sectors: Information technology and telecommunication. Register entry: https://modernslaveryregister.gov.au/statements/8658/.'}
Modern slavery statement 2021-1064: AUSTRALIAN REGISTRY HOLDINGS PTY LTD,document,{'content': 'AUSTRALIAN REGISTRY HOLDINGS PTY LTD (ABN 44 617 925 943) filed a single modern slavery statement with the Australian Modern Slavery Register for the reporting period 2019-07-01 to 2020-06-30. The reporting entity is headquartered in Australia. The reporting entity has an annual revenue band of 150-200M. The reporting entity operates in the industry sectors: Other. Register entry: https://modernslaveryregister.gov.au/statements/2733/.'}
Modern slavery statement 2021-112: RELIANCE WORLDWIDE CORPORATION (AUST.) PTY. LTD. & RELIANCE WORLDWIDE CORPORATION LIMITED,document,{'content': 'RELIANCE WORLDWIDE CORPORATION (AUST.) PTY. LTD. (ABN 71 004 784 301) and RELIANCE WORLDWIDE CORPORATION LIMITED (ABN 46 610 855 877) filed a joint modern slavery statement with the Australian Modern Slavery Register for the reporting period 2019-07-01 to 2020-06-30. The reporting entities are headquartered in Australia. The reporting entities have an annual revenue band of 1BN+. The reporting entities operate in the industry sectors: Other. Register entry: https://modernslaveryregister.gov.au/statements/1252/.'}
Modern slavery statement 2022-2150: ASX LIMITED & ASX OPERATIONS PTY. LTD.,document,"{'content': 'ASX LIMITED (ABN 98 008 624 691) and ASX OPERATIONS PTY. LTD. (ABN 42 004 523 782) filed a joint modern slavery statement with the Australian Modern Slavery Register for the reporting period 2021-07-01 to 2022-06-30. The reporting entities are headquartered in Australia. The reporting entities have an annual revenue band of 1BN+. The reporting entities operate in the industry sectors: Financial, insurance and real estate activities. Register entry: https://modernslaveryregister.gov.au/statements/10853/.'}"
"Modern slavery statement 2025-2996: Walker Family No 1 Pty Limited as trustee for Walker Family Trust, WALKER GROUP HOLDINGS PTY LIMITED",document,"{'content': 'Walker Family No 1 Pty Limited as trustee for Walker Family Trust, WALKER GROUP HOLDINGS PTY LIMITED filed a joint modern slavery statement with the Australian Modern Slavery Register for the reporting period 2024-07-01 to 2025-06-30. The reporting entity is headquartered in Australia. The reporting entity has an annual revenue band of 700-800M. The reporting entity operates in the industry sectors: Financial and Insurance Services. Register entry: https://modernslaveryregister.gov.au/statements/25775/.'}"
Modern slavery statement 2021-1756: Scott Park Group Pty Ltd,document,"{'content': 'Scott Park Group Pty Ltd (ABN 42 118 798 253) filed a single modern slavery statement with the Australian Modern Slavery Register for the reporting period 2020-01-01 to 2020-12-31. The reporting entity is headquartered in Australia. The reporting entity has an annual revenue band of 150-200M. The reporting entity operates in the industry sectors: Construction, civil engineering and building products. Register entry: https://modernslaveryregister.gov.au/statements/4033/.'}"
Modern slavery statement 2022-2495: PENTAL LIMITED,document,"{'content': 'PENTAL LIMITED (ABN 29 091 035 353) filed a joint modern slavery statement with the Australian Modern Slavery Register for the reporting period 2021-07-01 to 2022-06-30. The reporting entity is headquartered in Australia. The reporting entity has an annual revenue band of 150-200M. The reporting entity operates in the industry sectors: Food and beverages, agriculture and fishing Cosmetics and toiletries. Register entry: https://modernslaveryregister.gov.au/statements/11313/.'}"
Modern slavery statement 2024-500: DEMOLITION ENVIRONMENTAL CIVIL CONTRACTORS PTY. LTD.,document,"{'content': 'DEMOLITION ENVIRONMENTAL CIVIL CONTRACTORS PTY. LTD. (ABN 93 118 380 484) filed a single modern slavery statement with the Australian Modern Slavery Register for the reporting period 2023-01-01 to 2023-12-31. The reporting entity is headquartered in Australia. The reporting entity has an annual revenue band of 0-99M. The reporting entity operates in the industry sectors: Construction, civil engineering and building products. The statement also covers the included entities: DECC ENVIRONMENTAL PTY LTD (76 169 336 725), DECC PTY LTD (16 128 598 710), DECC SHORING PTY LTD (55 155 445 935). Register entry: https://modernslaveryregister.gov.au/statements/17498/.'}"
Modern slavery statement 2024-126: MYER HOLDINGS LIMITED,document,"{'content': 'MYER HOLDINGS LIMITED (ABN 14 119 085 602) filed a single modern slavery statement with the Australian Modern Slavery Register for the reporting period 2022-07-31 to 2023-07-29. The reporting entity is headquartered in Australia. The reporting entity has an annual revenue band of 1BN+. The reporting entity operates in the industry sectors: Durable consumer goods, including electronics and appliances, home furnishings and other accessories Cosmetics and toiletries Fashion, textiles, apparel and luxury goods. The statement also covers the included entities: MARCS DAVID LAWRENCE PTY LIMITED (71 168 166 247), MYER PTY LTD (83 004 143 239), SASS & BIDE PTY LTD (56 094 549 783). Register entry: https://modernslaveryregister.gov.au/statements/16900/.'}"
Modern slavery statement 2023-2233: FREYSSINET AUSTRALIA PTY LTD,document,"{'content': 'FREYSSINET AUSTRALIA PTY LTD (ABN 15 002 617 736) filed a single modern slavery statement with the Australian Modern Slavery Register for the reporting period 2022-01-01 to 2022-12-31. The reporting entity is headquartered in France. The reporting entity has an annual revenue band of 100-150M. The reporting entity operates in the industry sectors: Construction, civil engineering and building products. Register entry: https://modernslaveryregister.gov.au/statements/14960/.'}"
Modern slavery statement 2024-2497: MPA HOLDINGS (AUST.) PTY LIMITED,document,"{'content': 'MPA HOLDINGS (AUST.) PTY LIMITED (ABN 20 609 473 421) filed a single modern slavery statement with the Australian Modern Slavery Register for the reporting period 2023-07-01 to 2024-06-30. The reporting entity is headquartered in Australia. The reporting entity has an annual revenue band of 200-250M. The reporting entity operates in the industry sectors: Construction, civil engineering and building products. Register entry: https://modernslaveryregister.gov.au/statements/20213/.'}"
Modern slavery statement 2022-2301: ASSOCIATED RETAILERS LIMITED,document,"{'content': 'ASSOCIATED RETAILERS LIMITED (ABN 42 004 520 030) filed a single modern slavery statement with the Australian Modern Slavery Register for the reporting period 2021-07-01 to 2022-06-30. The reporting entity is headquartered in Australia. The reporting entity has an annual revenue band of 200-250M. The reporting entity operates in the industry sectors: Fashion, textiles, apparel and luxury goods. Register entry: https://modernslaveryregister.gov.au/statements/11069/.'}"
Modern slavery statement 2023-2611: CANVA PTY LTD,document,"{'content': 'CANVA PTY LTD filed a joint modern slavery statement with the Australian Modern Slavery Register for the reporting period 2022-07-01 to 2023-06-30. The reporting entity is headquartered in Australia. The reporting entity has an annual revenue band of 1BN+. The reporting entity operates in the industry sectors: Information technology and telecommunication. The statement also covers the included entities: Beijing Canva Information Technology Co., Canva HK Limited, Canva New Zealand Limited, Canva Singapore Operations, Canva Solutions Inc., Pexels GmbH, Pixabay GmbH. Register entry: https://modernslaveryregister.gov.au/statements/15720/.'}"
Modern slavery statement 2025-3739: NEXTDC LIMITED,document,{'content': 'NEXTDC LIMITED (ABN 35 143 582 521) filed a single modern slavery statement with the Australian Modern Slavery Register for the reporting period 2024-07-01 to 2025-06-30. The reporting entity is headquartered in Australia. The reporting entity has an annual revenue band of 350-400M. The reporting entity operates in the industry sectors: Information Media and Telecommunications. Register entry: https://modernslaveryregister.gov.au/statements/26837/.'}
Modern slavery statement 2024-830: Adyen Australia Pty Ltd,document,{'content': 'Adyen Australia Pty Ltd (ABN 55 162 682 411) filed a single modern slavery statement with the Australian Modern Slavery Register for the reporting period 2023-01-01 to 2023-12-31. The reporting entity has an annual revenue band of 100-150M. Register entry: https://modernslaveryregister.gov.au/statements/17991/.'}
Modern slavery statement 2021-3068: PRIXCAR SERVICES PTY. LTD.,document,"{'content': 'PRIXCAR SERVICES PTY. LTD. (ABN 42 007 063 505) filed a single modern slavery statement with the Australian Modern Slavery Register for the reporting period 2020-07-01 to 2021-06-30. The reporting entity is headquartered in Australia. The reporting entity has an annual revenue band of 200-250M. The reporting entity operates in the industry sectors: Transportation, logistics, and storage. Register entry: https://modernslaveryregister.gov.au/statements/6068/.'}"
"Modern slavery statement 2025-846: BLUE PRISM PTY LTD, EZE SOFTWARE GROUP PTY LIMITED, INTRALINKS PTY LIMITED, SS&C ADMINISTRATION SERVICES (AUSTRALIA) PTY LIMITED, SS&C BLUEDOOR PTY LIMITED, SS&C GIDS TRANSFER AGENCY (AUSTRALIA) PTY LTD, SS&C PROCESS SOLUTIONS (AUSTRALIA) PTY LIMITED, SS&C SOLUTIONS PTY LIMITED, SS&C TECHNOLOGIES AUSTRALIA PTY LTD",document,"{'content': 'BLUE PRISM PTY LTD, EZE SOFTWARE GROUP PTY LIMITED, INTRALINKS PTY LIMITED, SS&C ADMINISTRATION SERVICES (AUSTRALIA) PTY LIMITED, SS&C BLUEDOOR PTY LIMITED, SS&C GIDS TRANSFER AGENCY (AUSTRALIA) PTY LTD, SS&C PROCESS SOLUTIONS (AUSTRALIA) PTY LIMITED, SS&C SOLUTIONS PTY LIMITED, SS&C TECHNOLOGIES AUSTRALIA PTY LTD filed a joint modern slavery statement with the Australian Modern Slavery Register for the reporting period 2024-01-01 to 2024-12-31. The reporting entity is headquartered in United States of America. The reporting entity has an annual revenue band of 0-99M. The reporting entity operates in the industry sectors: Professional and administrative services and supplies, including legal, consulting and accounting services. Register entry: https://modernslaveryregister.gov.au/statements/22854/.'}"
Modern slavery statement 2023-1974: PLENTI GROUP LIMITED & PLENTI PTY LIMITED,document,"{'content': 'PLENTI GROUP LIMITED (ABN 11 643 435 492) and PLENTI PTY LIMITED (ABN 29 161 376 638) filed a joint modern slavery statement with the Australian Modern Slavery Register for the reporting period 2022-04-01 to 2023-03-30. The reporting entities are headquartered in Australia. The reporting entities have an annual revenue band of 200-250M. The reporting entities operate in the industry sectors: Financial, insurance and real estate activities. Register entry: https://modernslaveryregister.gov.au/statements/14824/.'}"
Modern slavery statement 2025-2109: MIZUHO SECURITIES ASIA LIMITED,document,{'content': 'MIZUHO SECURITIES ASIA LIMITED filed a single modern slavery statement with the Australian Modern Slavery Register for the reporting period 2024-04-01 to 2025-03-31. The reporting entity is headquartered in Hong Kong. The reporting entity has an annual revenue band of 150-200M. The reporting entity operates in the industry sectors: Financial and Insurance Services. Register entry: https://modernslaveryregister.gov.au/statements/24572/.'}
Modern slavery statement 2022-1661: MITSUI & CO. (AUSTRALIA) LTD.,document,"{'content': 'MITSUI & CO. (AUSTRALIA) LTD. (ABN 64 004 349 795) filed a single modern slavery statement with the Australian Modern Slavery Register for the reporting period 2021-04-01 to 2022-03-30. The reporting entity is headquartered in Australia. The reporting entity has an annual revenue band of 250-300M. The reporting entity operates in the industry sectors: Food and beverages, agriculture and fishing Forestry, timber products, paper and containers and packaging Mining, metals, chemicals and resources (including oil and gas) Automotive, machinery and heavy electrical equipment Waste management and recycling Construction, civil engineering and building products Transportation, logistics, and storage. Register entry: https://modernslaveryregister.gov.au/statements/10113/.'}"
Modern slavery statement 2021-3331: SILVER CHAIN GROUP LIMITED,document,{'content': 'SILVER CHAIN GROUP LIMITED (ABN 77 119 417 018) filed a single modern slavery statement with the Australian Modern Slavery Register for the reporting period 2020-07-01 to 2021-06-30. The reporting entity is headquartered in Australia. The reporting entity has an annual revenue band of 350-400M. The reporting entity operates in the industry sectors: Healthcare and pharmaceuticals Charitable / not-for-profit activities. Register entry: https://modernslaveryregister.gov.au/statements/6500/.'}
Modern slavery statement 2024-415: HEALIUS LIMITED,document,"{'content': 'HEALIUS LIMITED (ABN 24 064 530 516) filed a single modern slavery statement with the Australian Modern Slavery Register for the reporting period 2022-07-01 to 2023-06-30. The reporting entity is headquartered in Australia. The reporting entity has an annual revenue band of 1BN+. The reporting entity operates in the industry sectors: Healthcare and pharmaceuticals. The statement also covers the included entities: HLS HEALTHCARE HOLDINGS PTY LTD, HLS IMAGING HOLDINGS PTY LTD, HLS PATHOLOGY HOLDINGS PTY LTD, IDAMENEO (NO.789) LTD. Register entry: https://modernslaveryregister.gov.au/statements/17374/.'}"
Modern slavery statement 2021-1874: LIBERTY OIL CONVENIENCE PTY LTD & LOC GLOBAL PTY LTD,document,{'content': 'LIBERTY OIL CONVENIENCE PTY LTD (ABN 98 629 547 682) and LOC GLOBAL PTY LTD (ABN 53 637 527 541) filed a joint modern slavery statement with the Australian Modern Slavery Register for the reporting period 2020-01-01 to 2020-12-31. The reporting entities are headquartered in Australia. The reporting entities have an annual revenue band of 900M-1BN. The reporting entities operate in the industry sectors: Other. Register entry: https://modernslaveryregister.gov.au/statements/4270/.'}
"Modern slavery statement 2025-3508: FOGHORN HOLDINGS PTY LTD & Macpac Group Holdings Pty Limited, MACPAC HOLDINGS PTY LTD & Macpac Retail Pty. Ltd. et al.",document,"{'content': ""FOGHORN HOLDINGS PTY LTD (ABN 87 122 558 874), Macpac Group Holdings Pty Limited, MACPAC HOLDINGS PTY LTD (ABN 22 609 407 436), Macpac Retail Pty. Ltd. (ABN 98 129 716 025), MP FINCO PTY LIMITED (ABN 97 634 448 598), REBEL GROUP LIMITED (ABN 97 110 006 678), REBEL SPORT LIMITED (ABN 78 003 283 823), SRG LEISURE RETAIL PTY LTD (ABN 51 110 667 411), SUPER CHEAP AUTO PTY LTD (ABN 64 085 395 124) and SUPER RETAIL GROUP LIMITED (ABN 81 108 676 204) filed a joint modern slavery statement with the Australian Modern Slavery Register for the reporting period 2024-06-30 to 2025-06-28. The reporting entities are headquartered in Australia. The reporting entities have an annual revenue band of 1BN+. The reporting entities operate in the industry sectors: Retail Trade. The statement also covers the included entities: A-MART ALL SPORTS PTY. LTD. (80 009 955 462), AUTO TRADE DIRECT (NZ) LIMITED, AUTO TRADE DIRECT PTY LTD, BCF NEW ZEALAND LIMITED, COYOTE RETAIL PTY LIMITED (16 115 285 080), GOLDCROSS CYCLES PTY. LTD. (59 060 631 754), INFINITE RETAIL PTY LTD (19 158 215 984), Macpac Enterprises Limited, Macpac Limited, MACPAC NEW ZEALAND LIMITED, Mouton Noir IP Limited, Mouton Noir Management Pty. Ltd., Oceania Bicycles Limited, OCEANIA BICYCLES PTY LTD (26 130 755 752), Ray’s Outdoors New Zealand Limited, RAY'S OUTDOORS PTY LTD (28 142 927 642), Rebel Management Services Pty Limited, Rebel Pty Ltd, REBELSPORT.COM PTY LIMITED (43 089 838 344), Rebel Wholesale Pty Limited, SRG Equity Plan Pty Ltd, SRGS (New Zealand) Limited, SRGS Pty Ltd (23 113 230 050), Super Cheap Auto (New Zealand) Pty Limited, Super Retail Commercial Pty Ltd (59 153 320 800), Super Retail Group Services (New Zealand) Limited, SUPER RETAIL GROUP SERVICES PTY LTD (75 093 167 107), Super Retail Group Trading (Shanghai) Ltd, WORKOUT WORLD PTY LTD (95 115 285 099). Register entry: https://modernslaveryregister.gov.au/statements/26483/.""}"
Modern slavery statement 2023-1835: FUJITSU AUSTRALIA LTD,document,{'content': 'FUJITSU AUSTRALIA LTD (ABN 19 001 011 427) filed a single modern slavery statement with the Australian Modern Slavery Register for the reporting period 2022-04-01 to 2023-03-30. The reporting entity is headquartered in Australia. The reporting entity has an annual revenue band of 1BN+. The reporting entity operates in the industry sectors: Information technology and telecommunication. Register entry: https://modernslaveryregister.gov.au/statements/14676/.'}
Modern slavery statement 2021-3731: COLIBAN REGION WATER CORPORATION,document,"{'content': 'COLIBAN REGION WATER CORPORATION (ABN 96 549 082 360) filed a single modern slavery statement with the Australian Modern Slavery Register for the reporting period 2020-07-01 to 2021-06-30. The reporting entity is headquartered in Australia. The reporting entity has an annual revenue band of 150-200M. The reporting entity operates in the industry sectors: Utilities: gas, water and electricity. Register entry: https://modernslaveryregister.gov.au/statements/7101/.'}"
Modern slavery statement 2021-4086: FAIRBROTHER PTY LTD,document,"{'content': 'FAIRBROTHER PTY LTD (ABN 51 009 510 561) filed a joint modern slavery statement with the Australian Modern Slavery Register for the reporting period 2020-07-01 to 2021-06-30. The reporting entity is headquartered in Australia. The reporting entity has an annual revenue band of 250-300M. The reporting entity operates in the industry sectors: Construction, civil engineering and building products. Register entry: https://modernslaveryregister.gov.au/statements/7551/.'}"
Modern slavery statement 2026-39: Micro Focus Australia Pty Limited,document,{'content': 'Micro Focus Australia Pty Limited filed a single modern slavery statement with the Australian Modern Slavery Register for the reporting period 2024-07-01 to 2025-06-30. The reporting entity is headquartered in Canada. The reporting entity has an annual revenue band of 100-150M. The reporting entity operates in the industry sectors: Other Services. Register entry: https://modernslaveryregister.gov.au/statements/27086/.'}
Modern slavery statement 2025-527: LSH AUTO (MELBOURNE) PTY LTD,document,"{'content': 'LSH AUTO (MELBOURNE) PTY LTD (ABN 77 618 554 635) filed a single modern slavery statement with the Australian Modern Slavery Register for the reporting period 2023-01-01 to 2023-12-31. The reporting entity is headquartered in Hong Kong. The reporting entity has an annual revenue band of 350-400M. The reporting entity operates in the industry sectors: Automotive, machinery and heavy electrical equipment. The statement also covers the included entities: LSH AUTO (BRISBANE) PTY LTD (66 606 816 497), LSH AUTO (SYDNEY) PTY LTD (25 604 103 915). Register entry: https://modernslaveryregister.gov.au/statements/22438/.'}"
Modern slavery statement 2023-3254: The Trustee for CPPIB DOTA Trust & The Trustee for CPPIB Real Estate Trust,document,"{'content': 'The Trustee for CPPIB DOTA Trust (ABN 13 582 454 856) and The Trustee for CPPIB Real Estate Trust (ABN 42 536 236 084) filed a joint modern slavery statement with the Australian Modern Slavery Register for the reporting period 2022-07-01 to 2023-06-30. The reporting entities are headquartered in Australia. The reporting entities have an annual revenue band of 450-500M. The reporting entities operate in the industry sectors: Financial, insurance and real estate activities. The statement also covers the included entities: The Trustee for CPPIB DOTA Trust (13 582 454 856). Register entry: https://modernslaveryregister.gov.au/statements/16521/.'}"
Modern slavery statement 2023-2291: JOB FUTURES LTD,document,{'content': 'JOB FUTURES LTD (ABN 13 080 037 538) filed a single modern slavery statement with the Australian Modern Slavery Register for the reporting period 2022-07-01 to 2023-06-30. The reporting entity is headquartered in Australia. The reporting entity has an annual revenue band of 100-150M. The reporting entity operates in the industry sectors: Charitable / not-for-profit activities. Register entry: https://modernslaveryregister.gov.au/statements/15305/.'}
Modern slavery statement 2024-3273: KOGAN.COM LTD,document,"{'content': 'KOGAN.COM LTD (ABN 96 612 447 293) filed a single modern slavery statement with the Australian Modern Slavery Register for the reporting period 2023-07-01 to 2024-06-30. The reporting entity is headquartered in Australia. The reporting entity has an annual revenue band of 450-500M. The reporting entity operates in the industry sectors: Durable consumer goods, including electronics and appliances, home furnishings and other accessories. The statement also covers the included entities: MIGHTY APE LIMITED (92 163 144 250). Register entry: https://modernslaveryregister.gov.au/statements/21216/.'}"
Modern slavery statement 2025-1950: VIRBAC (AUSTRALIA) PTY LTD,document,"{'content': 'VIRBAC (AUSTRALIA) PTY LTD (ABN 77 003 268 871) filed a single modern slavery statement with the Australian Modern Slavery Register for the reporting period 2023-01-01 to 2023-12-31. The reporting entity is headquartered in Australia. The reporting entity has an annual revenue band of 100-150M. The reporting entity operates in the industry sectors: Wholesale Trade Agriculture, Forestry and Fishing Manufacturing. Register entry: https://modernslaveryregister.gov.au/statements/24312/.'}"
Modern slavery statement 2024-2302: NIOA Nominees PTY LTD as the Trustee for BILL NIOA FAMILY TRUST,document,{'content': 'NIOA Nominees PTY LTD as the Trustee for BILL NIOA FAMILY TRUST (ABN 11 646 964 149) filed a single modern slavery statement with the Australian Modern Slavery Register for the reporting period 2023-07-01 to 2024-06-30. The reporting entity is headquartered in Australia. The reporting entity has an annual revenue band of 450-500M. The reporting entity operates in the industry sectors: Defence and aerospace. Register entry: https://modernslaveryregister.gov.au/statements/19934/.'}
Modern slavery statement 2025-3360: IVE GROUP LIMITED,document,{'content': 'IVE GROUP LIMITED (ABN 62 606 252 644) filed a single modern slavery statement with the Australian Modern Slavery Register for the reporting period 2024-07-01 to 2025-06-30. The reporting entity is headquartered in Australia. The reporting entity has an annual revenue band of 900M-1BN. The reporting entity operates in the industry sectors: Manufacturing Other Services. Register entry: https://modernslaveryregister.gov.au/statements/25467/.'}
Modern slavery statement 2026-227: MULTICAP LIMITED,document,"{'content': 'MULTICAP LIMITED (ABN 40 120 240 686) filed a single modern slavery statement with the Australian Modern Slavery Register for the reporting period 2024-07-01 to 2025-06-30. The reporting entity is headquartered in Australia. The reporting entity has an annual revenue band of 200-250M. The reporting entity operates in the industry sectors: Health Care and Social Assistance. The statement also covers the included entities: ALLINTO AUSTRALIA LIMITED (84 655 217 691), ARBOURWELL LIMITED (48 655 217 913), OPEN MINDS AUSTRALIA LIMITED (19 009 687 030). Register entry: https://modernslaveryregister.gov.au/statements/27382/.'}"
Modern slavery statement 2025-1973: BYTEDANCE PTE. LTD.,document,{'content': 'BYTEDANCE PTE. LTD. filed a single modern slavery statement with the Australian Modern Slavery Register for the reporting period 2022-01-01 to 2022-12-31. The reporting entity is headquartered in Singapore. The reporting entity has an annual revenue band of 400-450M. The reporting entity operates in the industry sectors: Information Media and Telecommunications. Register entry: https://modernslaveryregister.gov.au/statements/24347/.'}
Modern slavery statement 2023-2348: ITC INFOTECH INDIA LIMITED,document,{'content': 'ITC INFOTECH INDIA LIMITED (ABN 42 144 614 924) filed a single modern slavery statement with the Australian Modern Slavery Register for the reporting period 2022-01-01 to 2022-12-31. The reporting entity is headquartered in India. The reporting entity has an annual revenue band of 450-500M. The reporting entity operates in the industry sectors: Information technology and telecommunication. Register entry: https://modernslaveryregister.gov.au/statements/15399/.'}
Modern slavery statement 2021-393: LITE N' EASY (NEW SOUTH WALES) PTY LTD & LITE N' EASY PTY LTD & LITE N' EASY (QUEENSLAND) PTY LTD et al.,document,"{'content': ""LITE N' EASY (NEW SOUTH WALES) PTY LTD (ABN 51 165 076 380), LITE N' EASY PTY LTD (ABN 33 010 655 820), LITE N' EASY (QUEENSLAND) PTY LTD (ABN 62 066 985 073) and LITE N' EASY (VICTORIA) PTY LTD (ABN 56 153 499 579) filed a joint modern slavery statement with the Australian Modern Slavery Register for the reporting period 2020-01-01 to 2020-12-31. The reporting entities are headquartered in Australia. The reporting entities have an annual revenue band of 100-150M. The reporting entities operate in the industry sectors: Food and beverages, agriculture and fishing. Register entry: https://modernslaveryregister.gov.au/statements/1777/.""}"
Modern slavery statement 2024-2764: OZLAND GROUP SERVICES PTY LTD,document,"{'content': 'OZLAND GROUP SERVICES PTY LTD (ABN 40 643 551 884) filed a single modern slavery statement with the Australian Modern Slavery Register for the reporting period 2023-07-01 to 2024-06-30. The reporting entity is headquartered in Australia. The reporting entity has an annual revenue band of 0-99M. The reporting entity operates in the industry sectors: Cleaning and security services. The statement also covers the included entities: OZLAND COMMERCIAL CLEANING PTY LTD (59 648 371 411), OZLAND RETAIL CLEANING PTY LTD (79 648 370 307). Register entry: https://modernslaveryregister.gov.au/statements/20556/.'}"
Modern slavery statement 2023-2520: NUTTING INVESTMENTS PTY. LTD.,document,"{'content': 'NUTTING INVESTMENTS PTY. LTD. filed a joint modern slavery statement with the Australian Modern Slavery Register for the reporting period 2022-07-01 to 2023-06-30. The reporting entity is headquartered in Australia. The reporting entity has an annual revenue band of 100-150M. The reporting entity operates in the industry sectors: Construction, civil engineering and building products. The statement also covers the included entities: ARCHITECTURAL WINDOW INSTALLATIONS PTY LTD, BRETTS PTY LIMITED (22 009 658 315). Register entry: https://modernslaveryregister.gov.au/statements/15628/.'}"
Modern slavery statement 2021-2451: UNIVERSITY OF CANBERRA,document,{'content': 'UNIVERSITY OF CANBERRA (ABN 81 633 873 422) filed a single modern slavery statement with the Australian Modern Slavery Register for the reporting period 2020-01-01 to 2020-12-31. The reporting entity is headquartered in Australia. The reporting entity has an annual revenue band of 300-350M. The reporting entity operates in the industry sectors: Education and research. Register entry: https://modernslaveryregister.gov.au/statements/5097/.'}
Modern slavery statement 2021-1903: STRYKER AUSTRALIA PTY LTD,document,{'content': 'STRYKER AUSTRALIA PTY LTD (ABN 48 002 873 850) filed a single modern slavery statement with the Australian Modern Slavery Register for the reporting period 2020-01-01 to 2020-12-31. The reporting entity is headquartered in Australia. The reporting entity has an annual revenue band of 500-600M. The reporting entity operates in the industry sectors: Healthcare and pharmaceuticals. Register entry: https://modernslaveryregister.gov.au/statements/4318/.'}
Modern slavery statement 2024-320: RALPH LAUREN AUSTRALIA PTY LTD,document,"{'content': 'RALPH LAUREN AUSTRALIA PTY LTD (ABN 61 118 847 359) filed a single modern slavery statement with the Australian Modern Slavery Register for the reporting period 2022-04-01 to 2023-03-31. The reporting entity is headquartered in Australia. The reporting entity has an annual revenue band of 150-200M. The reporting entity operates in the industry sectors: Fashion, textiles, apparel and luxury goods. Register entry: https://modernslaveryregister.gov.au/statements/17222/.'}"
Modern slavery statement 2021-2381: VOLGREN AUSTRALIA PTY. LIMITED,document,"{'content': 'VOLGREN AUSTRALIA PTY. LIMITED (ABN 36 006 772 774) filed a single modern slavery statement with the Australian Modern Slavery Register for the reporting period 2020-01-01 to 2020-12-31. The reporting entity is headquartered in Australia. The reporting entity has an annual revenue band of 100-150M. The reporting entity operates in the industry sectors: Automotive, machinery and heavy electrical equipment. Register entry: https://modernslaveryregister.gov.au/statements/5004/.'}"
Modern slavery statement 2021-3916: TASMANIAN NETWORKS PTY LTD,document,"{'content': 'TASMANIAN NETWORKS PTY LTD (ABN 24 167 357 299) filed a single modern slavery statement with the Australian Modern Slavery Register for the reporting period 2020-07-01 to 2021-06-30. The reporting entity is headquartered in Australia. The reporting entity has an annual revenue band of 450-500M. The reporting entity operates in the industry sectors: Utilities: gas, water and electricity. Register entry: https://modernslaveryregister.gov.au/statements/7364/.'}"
Modern slavery statement 2025-116: ELONARA PTY LTD & STOWE AUSTRALIA PTY LIMITED,document,"{'content': 'ELONARA PTY LTD (ABN 75 630 632 450) and STOWE AUSTRALIA PTY LIMITED (ABN 27 002 556 603) filed a joint modern slavery statement with the Australian Modern Slavery Register for the reporting period 2023-07-01 to 2024-06-30. The reporting entities are headquartered in Australia. The reporting entities have an annual revenue band of 600-700M. The reporting entities operate in the industry sectors: Utilities: gas, water and electricity Construction, civil engineering and building products Information technology and telecommunication. Register entry: https://modernslaveryregister.gov.au/statements/21788/.'}"
Modern slavery statement 2021-2807: BBC STUDIOS AUSTRALIA HOLDINGS PTY LTD,document,"{'content': 'BBC STUDIOS AUSTRALIA HOLDINGS PTY LTD (ABN 85 127 624 104) filed a single modern slavery statement with the Australian Modern Slavery Register for the reporting period 2020-04-01 to 2021-03-30. The reporting entity is headquartered in Australia. The reporting entity has an annual revenue band of 100-150M. The reporting entity operates in the industry sectors: Media, publishing, arts and entertainment. Register entry: https://modernslaveryregister.gov.au/statements/5599/.'}"
"Modern slavery statement 2024-3634: Shayher Alliance Pty Limited, Shayher Developments Pty Ltd, Shayher Leisure Holdings Pty Ltd, Shayher Partners Pty Ltd, SHAYHER PROPERTIES PTY LTD, THE ONE APARTMENTS MANAGEMENT PTY LTD, WYNNUM RESIDENTIAL AND COMMERCIAL MANAGEMENT PTY LTD, Wynnum Retail Management Pty Ltd",document,"{'content': 'Shayher Alliance Pty Limited, Shayher Developments Pty Ltd, Shayher Leisure Holdings Pty Ltd, Shayher Partners Pty Ltd, SHAYHER PROPERTIES PTY LTD, THE ONE APARTMENTS MANAGEMENT PTY LTD, WYNNUM RESIDENTIAL AND COMMERCIAL MANAGEMENT PTY LTD, Wynnum Retail Management Pty Ltd filed a joint modern slavery statement with the Australian Modern Slavery Register for the reporting period 2022-07-01 to 2023-06-30. The reporting entity is headquartered in Australia. The reporting entity has an annual revenue band of 150-200M. The reporting entity operates in the industry sectors: Construction, civil engineering and building products Other. Register entry: https://modernslaveryregister.gov.au/statements/21596/.'}"
Modern slavery statement 2022-1140: PHILIP MORRIS (AUSTRALIA) LIMITED,document,{'content': 'PHILIP MORRIS (AUSTRALIA) LIMITED (ABN 68 004 316 901) filed a single modern slavery statement with the Australian Modern Slavery Register for the reporting period 2021-01-01 to 2021-12-31. The reporting entity is headquartered in Australia. The reporting entity has an annual revenue band of 1BN+. The reporting entity operates in the industry sectors: Other. Register entry: https://modernslaveryregister.gov.au/statements/9383/.'}
Modern slavery statement 2024-2976: PRIXCAR SERVICES PTY. LTD.,document,"{'content': 'PRIXCAR SERVICES PTY. LTD. (ABN 42 007 063 505) filed a single modern slavery statement with the Australian Modern Slavery Register for the reporting period 2023-07-01 to 2024-06-30. The reporting entity is headquartered in Australia. The reporting entity has an annual revenue band of 300-350M. The reporting entity operates in the industry sectors: Transportation, logistics, and storage. Register entry: https://modernslaveryregister.gov.au/statements/20850/.'}"
"Modern slavery statement 2025-2133: ICE Endex Markets B.V., ICE Futures Europe, ICE Futures U.S., Inc.",document,"{'content': 'ICE Endex Markets B.V., ICE Futures Europe, ICE Futures U.S., Inc. filed a joint modern slavery statement with the Australian Modern Slavery Register for the reporting period 2024-01-01 to 2024-12-31. The reporting entity is headquartered in Netherlands, United States of America, United Kingdom. The reporting entity has an annual revenue band of 1BN+. The reporting entity operates in the industry sectors: Financial and Insurance Services. The statement also covers the included entities: Creditex Brokerage LLP. Register entry: https://modernslaveryregister.gov.au/statements/24578/.'}"
Modern slavery statement 2024-315: Trafigura Asia Trading Pte. Ltd. & Trafigura Pte Ltd,document,"{'content': 'Trafigura Asia Trading Pte. Ltd. (ABN 34 819 252 694) and Trafigura Pte Ltd (ABN 44 221 744 224) filed a joint modern slavery statement with the Australian Modern Slavery Register for the reporting period 2022-10-01 to 2023-09-30. The reporting entities are headquartered in Singapore. The reporting entities have an annual revenue band of 1BN+. The reporting entities operate in the industry sectors: Mining, metals, chemicals and resources (including oil and gas). Register entry: https://modernslaveryregister.gov.au/statements/17219/.'}"
Modern slavery statement 2021-2606: STOCKLAND CORPORATION LTD,document,"{'content': 'STOCKLAND CORPORATION LTD (ABN 43 000 181 733) filed a joint modern slavery statement with the Australian Modern Slavery Register for the reporting period 2020-07-01 to 2021-06-30. The reporting entity is headquartered in Australia. The reporting entity has an annual revenue band of 1BN+. The reporting entity operates in the industry sectors: Financial, insurance and real estate activities. Register entry: https://modernslaveryregister.gov.au/statements/5367/.'}"
Modern slavery statement 2021-1188: DENNIS FAMILY HOLDINGS PTY LTD,document,"{'content': 'DENNIS FAMILY HOLDINGS PTY LTD (ABN 39 097 641 855) filed a single modern slavery statement with the Australian Modern Slavery Register for the reporting period 2020-01-01 to 2020-12-31. The reporting entity is headquartered in Australia. The reporting entity has an annual revenue band of 350-400M. The reporting entity operates in the industry sectors: Construction, civil engineering and building products. Register entry: https://modernslaveryregister.gov.au/statements/3050/.'}"
Modern slavery statement 2021-1713: BX BUNKA AUSTRALIA PTY LTD,document,"{'content': 'BX BUNKA AUSTRALIA PTY LTD (ABN 74 124 163 793) filed a joint modern slavery statement with the Australian Modern Slavery Register for the reporting period 2020-05-01 to 2021-06-30. The reporting entity is headquartered in Australia. The reporting entity has an annual revenue band of 100-150M. The reporting entity operates in the industry sectors: Construction, civil engineering and building products. Register entry: https://modernslaveryregister.gov.au/statements/3921/.'}"
Modern slavery statement 2021-2805: BESIX WATPAC (CORPORATE SERVICES) PTY LTD,document,"{'content': 'BESIX WATPAC (CORPORATE SERVICES) PTY LTD (ABN 82 128 658 104) filed a joint modern slavery statement with the Australian Modern Slavery Register for the reporting period 2020-07-01 to 2021-06-30. The reporting entity is headquartered in Australia. The reporting entity has an annual revenue band of 700-800M. The reporting entity operates in the industry sectors: Construction, civil engineering and building products. Register entry: https://modernslaveryregister.gov.au/statements/5660/.'}"
Modern slavery statement 2021-2323: Tronox Limited & TRONOX MANAGEMENT PTY LTD & TRONOX MINING AUSTRALIA LIMITED et al.,document,"{'content': 'Tronox Limited (ABN 91 153 348 111), TRONOX MANAGEMENT PTY LTD (ABN 59 009 343 364), TRONOX MINING AUSTRALIA LIMITED (ABN 60 009 247 858) and TRONOX PIGMENT BUNBURY LTD (ABN 50 008 683 627) filed a joint modern slavery statement with the Australian Modern Slavery Register for the reporting period 2020-01-01 to 2020-12-31. The reporting entities are headquartered in Australia. The reporting entities have an annual revenue band of 1BN+. The reporting entities operate in the industry sectors: Mining, metals, chemicals and resources (including oil and gas). Register entry: https://modernslaveryregister.gov.au/statements/4961/.'}"
Modern slavery statement 2023-1675: IBISWORLD PTY LTD,document,"{'content': 'IBISWORLD PTY LTD (ABN 76 006 819 987) filed a single modern slavery statement with the Australian Modern Slavery Register for the reporting period 2022-07-01 to 2023-06-30. The reporting entity is headquartered in Australia. The reporting entity has an annual revenue band of 100-150M. The reporting entity operates in the industry sectors: Media, publishing, arts and entertainment. Register entry: https://modernslaveryregister.gov.au/statements/14428/.'}"
Modern slavery statement 2021-835: COMPASS GROUP (AUSTRALIA) PTY LTD & COMPASS GROUP B&I HOSPITALITY SERVICES PTY LTD & COMPASS GROUP DEFENCE HOSPITALITY SERVICES PTY LTD et al.,document,"{'content': 'COMPASS GROUP (AUSTRALIA) PTY LTD (ABN 41 000 683 125), COMPASS GROUP B&I HOSPITALITY SERVICES PTY LTD (ABN 82 089 388 143), COMPASS GROUP DEFENCE HOSPITALITY SERVICES PTY LTD (ABN 80 089 388 134), COMPASS GROUP HEALTHCARE HOSPITALITY SERVICES PTY LTD (ABN 79 114 320 615), COMPASS GROUP REMOTE HOSPITALITY SERVICES PTY LTD (ABN 98 113 561 363) and DELTA FACILITIES MANAGEMENT PTY LTD (ABN 98 075 305 010) filed a joint modern slavery statement with the Australian Modern Slavery Register for the reporting period 2019-10-01 to 2020-09-30. The reporting entities are headquartered in Australia. The reporting entities have an annual revenue band of 1BN+. The reporting entities operate in the industry sectors: Other. Register entry: https://modernslaveryregister.gov.au/statements/2608/.'}"
Modern slavery statement 2022-3106: HARVEST ROAD GROUP PTY LTD & Harvey Industries Group Pty Ltd,document,"{'content': 'HARVEST ROAD GROUP PTY LTD (ABN 31 169 138 014) and Harvey Industries Group Pty Ltd (ABN 64 117 597 985) filed a joint modern slavery statement with the Australian Modern Slavery Register for the reporting period 2021-07-01 to 2022-06-30. The reporting entities are headquartered in Australia. The reporting entities have an annual revenue band of 800-900M. The reporting entities operate in the industry sectors: Food and beverages, agriculture and fishing. Register entry: https://modernslaveryregister.gov.au/statements/11940/.'}"
Modern slavery statement 2022-1830: QUEENSLAND NITRATES PTY LTD,document,"{'content': 'QUEENSLAND NITRATES PTY LTD (ABN 63 079 889 268) filed a single modern slavery statement with the Australian Modern Slavery Register for the reporting period 2021-07-01 to 2022-06-30. The reporting entity is headquartered in Australia. The reporting entity has an annual revenue band of 150-200M. The reporting entity operates in the industry sectors: Mining, metals, chemicals and resources (including oil and gas). Register entry: https://modernslaveryregister.gov.au/statements/10384/.'}"
"Modern slavery statement 2025-1358: NEW AGRICULTURE PTY LIMITED, TLP3 AUSTRALIAN HOLDINGS PTY LIMITED",document,"{'content': 'NEW AGRICULTURE PTY LIMITED, TLP3 AUSTRALIAN HOLDINGS PTY LIMITED (ABN 54 653 160 966) filed a joint modern slavery statement with the Australian Modern Slavery Register for the reporting period 2024-01-01 to 2024-12-31. The reporting entity is headquartered in Australia. The reporting entity has an annual revenue band of 0-99M. The reporting entity operates in the industry sectors: Financial, insurance and real estate activities. Register entry: https://modernslaveryregister.gov.au/statements/23625/.'}"
Modern slavery statement 2023-1913: ANGLICAN AGED CARE SERVICES GROUP,document,{'content': 'ANGLICAN AGED CARE SERVICES GROUP (ABN 60 082 451 992) filed a single modern slavery statement with the Australian Modern Slavery Register for the reporting period 2022-07-01 to 2023-06-30. The reporting entity is headquartered in Australia. The reporting entity has an annual revenue band of 150-200M. The reporting entity operates in the industry sectors: Charitable / not-for-profit activities. Register entry: https://modernslaveryregister.gov.au/statements/14773/.'}
Modern slavery statement 2022-2145: MICHELL WOOL PTY LIMITED,document,"{'content': 'MICHELL WOOL PTY LIMITED (ABN 11 165 515 604) filed a single modern slavery statement with the Australian Modern Slavery Register for the reporting period 2021-07-01 to 2022-06-30. The reporting entity is headquartered in Australia. The reporting entity has an annual revenue band of 100-150M. The reporting entity operates in the industry sectors: Fashion, textiles, apparel and luxury goods. Register entry: https://modernslaveryregister.gov.au/statements/10845/.'}"
Modern slavery statement 2023-1300: MARNCO PTY LTD,document,"{'content': 'MARNCO PTY LTD (ABN 86 628 184 323) filed a single modern slavery statement with the Australian Modern Slavery Register for the reporting period 2022-01-01 to 2022-12-31. The reporting entity is headquartered in Australia. The reporting entity has an annual revenue band of 100-150M. The reporting entity operates in the industry sectors: Food and beverages, agriculture and fishing. Register entry: https://modernslaveryregister.gov.au/statements/13948/.'}"
Modern slavery statement 2025-1304: Aurec Group Pty Ltd & Aurec Pty Ltd & Finxl Professional Services Pty Ltd et al.,document,"{'content': 'Aurec Group Pty Ltd (ABN 73 147 561 028), Aurec Pty Ltd (ABN 73 147 561 028), Finxl Professional Services Pty Ltd (ABN 74 104 804 793), Randstad Digital Holdings Pty Ltd (ABN 29 104 800 482), Randstad Digital Pty Ltd (ABN 43 085 406 300), RANDSTAD HOLDINGS PTY LIMITED (ABN 33 098 899 855) and Randstad Pty Ltd (ABN 28 080 278 378) filed a joint modern slavery statement with the Australian Modern Slavery Register for the reporting period 2024-01-01 to 2024-12-31. The reporting entities are headquartered in Australia. The reporting entities have an annual revenue band of 1BN+. The reporting entities operate in the industry sectors: Other. The statement also covers the included entities: Chalfont Consulting Pty Ltd (79 648 842 111), HREXL Group Pty Ltd (26 143 956 781), HR Partners Pty Ltd (55 125 434 166). Register entry: https://modernslaveryregister.gov.au/statements/23419/.'}"
Modern slavery statement 2021-2558: TRANSATLANTIC REINSURANCE COMPANY,document,"{'content': 'TRANSATLANTIC REINSURANCE COMPANY (ABN 96 096 053 226) filed a single modern slavery statement with the Australian Modern Slavery Register for the reporting period 2020-01-01 to 2020-12-31. The reporting entity is headquartered in United States of America. The reporting entity has an annual revenue band of 1BN+. The reporting entity operates in the industry sectors: Financial, insurance and real estate activities. Register entry: https://modernslaveryregister.gov.au/statements/5275/.'}"
Modern slavery statement 2022-232: FX BIDCO PTY LIMITED & FX HOLDCO PTY LIMITED & FX MIDCO PTY LIMITED et al.,document,"{'content': 'FX BIDCO PTY LIMITED (ABN 31 609 955 053), FX HOLDCO PTY LIMITED (ABN 33 609 955 062), FX MIDCO PTY LIMITED (ABN 14 610 799 865) and PEPPERSTONE GROUP LIMITED (ABN 12 147 055 703) filed a joint modern slavery statement with the Australian Modern Slavery Register for the reporting period 2020-07-01 to 2021-06-30. The reporting entities are headquartered in Australia. The reporting entities have an annual revenue band of 700-800M. The reporting entities operate in the industry sectors: Information technology and telecommunication Financial, insurance and real estate activities. Register entry: https://modernslaveryregister.gov.au/statements/8046/.'}"
Modern slavery statement 2021-2363: PLENARY GROUP HOLDINGS PTY LTD,document,"{'content': 'PLENARY GROUP HOLDINGS PTY LTD (ABN 20 607 311 946) filed a single modern slavery statement with the Australian Modern Slavery Register for the reporting period 2020-01-01 to 2020-12-31. The reporting entity is headquartered in Australia. The reporting entity has an annual revenue band of 250-300M. The reporting entity operates in the industry sectors: Financial, insurance and real estate activities. Register entry: https://modernslaveryregister.gov.au/statements/4820/.'}"
Modern slavery statement 2022-1764: PHILIP USHER CONSTRUCTIONS PTY. LTD.,document,"{'content': 'PHILIP USHER CONSTRUCTIONS PTY. LTD. (ABN 38 011 008 101) filed a joint modern slavery statement with the Australian Modern Slavery Register for the reporting period 2021-07-01 to 2022-06-30. The reporting entity is headquartered in Australia. The reporting entity has an annual revenue band of 400-450M. The reporting entity operates in the industry sectors: Construction, civil engineering and building products. Register entry: https://modernslaveryregister.gov.au/statements/10272/.'}"
Modern slavery statement 2021-2797: MITSUBISHI AUSTRALIA LIMITED,document,"{'content': 'MITSUBISHI AUSTRALIA LIMITED (ABN 81 004 354 278) filed a single modern slavery statement with the Australian Modern Slavery Register for the reporting period 2020-07-01 to 2021-06-30. The reporting entity is headquartered in Australia, Japan. The reporting entity has an annual revenue band of 0-99M. The reporting entity operates in the industry sectors: Mining, metals, chemicals and resources (including oil and gas) Automotive, machinery and heavy electrical equipment. Register entry: https://modernslaveryregister.gov.au/statements/5649/.'}"
Modern slavery statement 2024-214: WH SMITH AUSTRALIA PTY LIMITED,document,{'content': 'WH SMITH AUSTRALIA PTY LIMITED (ABN 70 146 430 622) filed a single modern slavery statement with the Australian Modern Slavery Register for the reporting period 2022-09-30 to 2023-08-31. The reporting entity is headquartered in Australia. The reporting entity has an annual revenue band of 100-150M. The reporting entity operates in the industry sectors: Other. The statement also covers the included entities: WILD RETAIL GROUP PTY LTD (40 099 349 345). Register entry: https://modernslaveryregister.gov.au/statements/17060/.'}
Modern slavery statement 2021-3513: UNILEVER AUSTRALIA GROUP PTY LTD,document,"{'content': 'UNILEVER AUSTRALIA GROUP PTY LTD (ABN 13 614 413 179) filed a joint modern slavery statement with the Australian Modern Slavery Register for the reporting period 2020-07-01 to 2021-06-30. The reporting entity is headquartered in Australia, United Kingdom. The reporting entity has an annual revenue band of 1BN+. The reporting entity operates in the industry sectors: Food and beverages, agriculture and fishing Cosmetics and toiletries. Register entry: https://modernslaveryregister.gov.au/statements/6683/.'}"
Modern slavery statement 2024-2121: ATR BRANDS AUSTRALIA PTY LTD & STRANDBAGS GROUP PTY LIMITED & Strandbags Holdings Pty Ltd et al.,document,"{'content': 'ATR BRANDS AUSTRALIA PTY LTD (ABN 47 650 358 713), STRANDBAGS GROUP PTY LIMITED (ABN 52 002 696 915), Strandbags Holdings Pty Ltd (ABN 99 128 842 482) and STRANDBAGS PTY LTD filed a joint modern slavery statement with the Australian Modern Slavery Register for the reporting period 2023-03-01 to 2024-02-29. The reporting entities are headquartered in Australia. The reporting entities have an annual revenue band of 450-500M. The reporting entities operate in the industry sectors: Fashion, textiles, apparel and luxury goods. The statement also covers the included entities: STRANDBAGS GROUP PTY LIMITED (52 002 696 915), Strandbags Holdings Pty Ltd (99 128 842 482). Register entry: https://modernslaveryregister.gov.au/statements/19650/.'}"
Modern slavery statement 2023-2795: Australian Red Cross Lifeblood (a division of the Australian Red Cross Society a body corporate established by Royal Charter dated 28 June 1941) (50 169 561 394 (50 169 561 394)),document,{'content': 'Australian Red Cross Lifeblood (a division of the Australian Red Cross Society a body corporate established by Royal Charter dated 28 June 1941) (50 169 561 394 (50 169 561 394)) filed a single modern slavery statement with the Australian Modern Slavery Register for the reporting period 2022-07-01 to 2023-06-30. The reporting entity is headquartered in Australia. The reporting entity has an annual revenue band of 700-800M. The reporting entity operates in the industry sectors: Healthcare and pharmaceuticals. Register entry: https://modernslaveryregister.gov.au/statements/16002/.'}
Modern slavery statement 2021-4026: BAIRNSDALE REGIONAL HEALTH SERVICE,document,{'content': 'BAIRNSDALE REGIONAL HEALTH SERVICE (ABN 99 640 620 478) filed a single modern slavery statement with the Australian Modern Slavery Register for the reporting period 2020-07-01 to 2021-06-30. The reporting entity is headquartered in Australia. The reporting entity has an annual revenue band of 100-150M. The reporting entity operates in the industry sectors: Healthcare and pharmaceuticals. Register entry: https://modernslaveryregister.gov.au/statements/7492/.'}
Modern slavery statement 2025-1596: ACCO Brands Australia Holding Pty Ltd & ACCO BRANDS AUSTRALIA PTY LIMITED & PKART PTY LTD,document,"{'content': 'ACCO Brands Australia Holding Pty Ltd (ABN 58 130 787 923), ACCO BRANDS AUSTRALIA PTY LIMITED (ABN 16 000 265 047) and PKART PTY LTD (ABN 51 084 958 556) filed a joint modern slavery statement with the Australian Modern Slavery Register for the reporting period 2024-01-01 to 2024-12-31. The reporting entities are headquartered in Australia, Canada, Germany, United Kingdom, United States of America. The reporting entities have an annual revenue band of 150-200M. The reporting entities operate in the industry sectors: Forestry, timber products, paper and containers and packaging Durable consumer goods, including electronics and appliances, home furnishings and other accessories. Register entry: https://modernslaveryregister.gov.au/statements/23853/.'}"
Modern slavery statement 2024-1262: KELLOGG AUSTRALIA HOLDINGS PTY LTD,document,"{'content': 'KELLOGG AUSTRALIA HOLDINGS PTY LTD filed a single modern slavery statement with the Australian Modern Slavery Register for the reporting period 2023-01-01 to 2023-12-31. The reporting entity is headquartered in United States of America. The reporting entity has an annual revenue band of 800-900M. The reporting entity operates in the industry sectors: Food and beverages, agriculture and fishing. The statement also covers the included entities: KELLOGG (AUST.) PTY. LTD.. Register entry: https://modernslaveryregister.gov.au/statements/18590/.'}"
Modern slavery statement 2025-2695: WALZ GROUP PTY LTD,document,{'content': 'WALZ GROUP PTY LTD (ABN 37 610 347 076) filed a single modern slavery statement with the Australian Modern Slavery Register for the reporting period 2024-07-01 to 2025-06-30. The reporting entity is headquartered in Australia. The reporting entity has an annual revenue band of 100-150M. The reporting entity operates in the industry sectors: Manufacturing Construction. Register entry: https://modernslaveryregister.gov.au/statements/25444/.'}
Modern slavery statement 2024-675: ALTARA GROUP PTY LTD,document,"{'content': 'ALTARA GROUP PTY LTD (ABN 54 115 502 746) filed a single modern slavery statement with the Australian Modern Slavery Register for the reporting period 2022-07-01 to 2023-06-30. The reporting entity is headquartered in Australia. The reporting entity has an annual revenue band of 0-99M. The reporting entity operates in the industry sectors: Professional and administrative services and supplies, including legal, consulting and accounting services. Register entry: https://modernslaveryregister.gov.au/statements/17745/.'}"
"Modern slavery statement 2024-3449: NEGU PTY LTD & TATTARANG CAPITAL PTY LTD, The Trustee for THE PEEPINGEE TRUST",document,"{'content': 'NEGU PTY LTD (ABN 22 637 047 066) and TATTARANG CAPITAL PTY LTD, The Trustee for THE PEEPINGEE TRUST (ABN 44 994 119 389) filed a joint modern slavery statement with the Australian Modern Slavery Register for the reporting period 2023-07-01 to 2024-06-30. The reporting entities are headquartered in Australia. The reporting entities have an annual revenue band of 1BN+. The reporting entities operate in the industry sectors: Financial, insurance and real estate activities. Register entry: https://modernslaveryregister.gov.au/statements/20739/.'}"
"Modern slavery statement 2023-2740: AUSTRALIAN WHOLEFOODS PTY LTD, PATTIES FOODS PTY LIMITED, PIRANHA HOLDCO PTY LTD, VESCO FOODS PTY LTD",document,"{'content': 'AUSTRALIAN WHOLEFOODS PTY LTD, PATTIES FOODS PTY LIMITED, PIRANHA HOLDCO PTY LTD, VESCO FOODS PTY LTD filed a joint modern slavery statement with the Australian Modern Slavery Register for the reporting period 2022-07-01 to 2023-06-30. The reporting entity is headquartered in Australia. The reporting entity has an annual revenue band of 450-500M. The reporting entity operates in the industry sectors: Food and beverages, agriculture and fishing. The statement also covers the included entities: ALASKA FOODS PTY LTD, AUSTRALASIAN CHILLED FOODS BIDCO PTY LIMITED, AUSTRALASIAN CHILLED FOODS FINCO PTY LIMITED, AUSTRALASIAN FOODS BIDCO PTY LIMITED, AUSTRALASIAN FOODS FINCO PTY LIMITED, AUSTRALASIAN FOODS HOLDCO PTY LIMITED, AUSTRALIAN WHOLEFOODS PTY LTD, AWF (ASSET SERVICES) PTY LTD, AWF (DIRECT) PTY LTD, BOSCASTLE PASTRIES AND FOODS PTY. LTD., COOK FREEZE PTY. LTD., HEAT TO EAT HOLDINGS PTY LTD, HEAT TO EAT PTY LTD, HERBERT ADAMS PTY LTD, LOUIS & MARIE PTY LTD, PATTIES FOODS AUSTRALASIA PTY LTD, PATTIES FOODS PTY LIMITED, PIPER PARTNERS PROPRIETARY LIMITED, PIRANHA BIDCO PTY LTD, PIRANHA MIDCO PTY LTD, REERAC & LLIKS PTY LTD, VESCO FOODS HOLDINGS PTY LTD, VESCO FOODS PTY LTD. Register entry: https://modernslaveryregister.gov.au/statements/15929/.'}"
"Modern slavery statement 2025-3131: NEGU PTY LTD, TATTARANG CAPITAL PTY LTD, The Trustee for THE PEEPINGEE TRUST",document,"{'content': 'NEGU PTY LTD, TATTARANG CAPITAL PTY LTD, The Trustee for THE PEEPINGEE TRUST (ABN 44 994 119 389) filed a joint modern slavery statement with the Australian Modern Slavery Register for the reporting period 2024-07-01 to 2025-06-30. The reporting entity is headquartered in Australia. The reporting entity has an annual revenue band of 1BN+. The reporting entity operates in the industry sectors: Financial and Insurance Services. Register entry: https://modernslaveryregister.gov.au/statements/26022/.'}"
Modern slavery statement 2024-252: HAZELL BROS GROUP PTY LTD,document,"{'content': ""HAZELL BROS GROUP PTY LTD (ABN 27 088 345 804) filed a single modern slavery statement with the Australian Modern Slavery Register for the reporting period 2023-01-01 to 2023-12-31. The reporting entity is headquartered in Australia. The reporting entity has an annual revenue band of 300-350M. The reporting entity operates in the industry sectors: Construction, civil engineering and building products. The statement also covers the included entities: CLARKE'S SANDS PTY LTD (82 059 363 478), CROSSROADS CIVIL CONTRACTING PTY. LTD. (49 070 002 961), CROSSROADS CONCRETE PTY LTD (49 632 586 960), HAZELL BROS. CIVIL CONTRACTING PTY. LTD. (74 009 531 346), HAZELL BROS CONCRETE PTY LTD (56 118 390 800), HAZELL BROS PLANT HIRE (QLD) PTY LTD (22 148 075 101), HAZELL BROS PLANT HIRE (QLD) PTY LTD (22 148 075 101), Hazell Bros (QLD) Pty Ltd (46 145 228 986), HAZELL BROS RAEBURN QUARRY PTY LTD (95 630 027 075), H.B.M.I. PTY. LTD. (84 009 509 148), KERBLINE PTY LTD (77 080 132 510), QUALTECH (TAS) PTY LTD (56 080 563 864). Register entry: https://modernslaveryregister.gov.au/statements/17128/.""}"
Modern slavery statement 2023-1098: PACCAR AUSTRALIA PTY. LTD.,document,{'content': 'PACCAR AUSTRALIA PTY. LTD. (ABN 43 004 669 667) filed a single modern slavery statement with the Australian Modern Slavery Register for the reporting period 2022-01-01 to 2022-12-31. The reporting entity is headquartered in Australia. The reporting entity has an annual revenue band of 1BN+. The reporting entity operates in the industry sectors: Other. Register entry: https://modernslaveryregister.gov.au/statements/13699/.'}
Modern slavery statement 2021-3555: YOUI PTY LTD,document,"{'content': 'YOUI PTY LTD (ABN 79 123 074 733) filed a single modern slavery statement with the Australian Modern Slavery Register for the reporting period 2020-07-01 to 2021-06-30. The reporting entity is headquartered in Australia. The reporting entity has an annual revenue band of 700-800M. The reporting entity operates in the industry sectors: Financial, insurance and real estate activities. Register entry: https://modernslaveryregister.gov.au/statements/6835/.'}"
Modern slavery statement 2021-3823: H.J. LANGDON & CO. PROPRIETARY LIMITED,document,"{'content': 'H.J. LANGDON & CO. PROPRIETARY LIMITED (ABN 89 006 641 701) filed a single modern slavery statement with the Australian Modern Slavery Register for the reporting period 2020-07-01 to 2021-06-30. The reporting entity is headquartered in Australia. The reporting entity has an annual revenue band of 100-150M. The reporting entity operates in the industry sectors: Food and beverages, agriculture and fishing. Register entry: https://modernslaveryregister.gov.au/statements/7244/.'}"
Modern slavery statement 2024-291: FLEETPARTNERS GROUP LIMITED,document,"{'content': 'FLEETPARTNERS GROUP LIMITED filed a single modern slavery statement with the Australian Modern Slavery Register for the reporting period 2022-10-01 to 2023-09-30. The reporting entity is headquartered in Australia. The reporting entity has an annual revenue band of 600-700M. The reporting entity operates in the industry sectors: Financial, insurance and real estate activities. The statement also covers the included entities: Fleet Holding (Australia) Pty Limited, FLEET PARTNERS PTY LIMITED, Leasing Finance (Australia) Pty Limited, Pacific Leasing Solutions (Australia) Pty Limited. Register entry: https://modernslaveryregister.gov.au/statements/17193/.'}"
Modern slavery statement 2021-1793: SCOR Global Life Australia Pty Limited & SCOR REINSURANCE ASIA-PACIFIC PTE. LTD.,document,"{'content': 'SCOR Global Life Australia Pty Limited (ABN 83 148 897 670) and SCOR REINSURANCE ASIA-PACIFIC PTE. LTD. (ABN 85 071 103 092) filed a joint modern slavery statement with the Australian Modern Slavery Register for the reporting period 2020-01-01 to 2020-12-31. The reporting entities are headquartered in Australia, France. The reporting entities have an annual revenue band of 400-450M. The reporting entities operate in the industry sectors: Financial, insurance and real estate activities. Register entry: https://modernslaveryregister.gov.au/statements/4084/.'}"
"Modern slavery statement 2023-1218: LIVE NATION AUSTRALASIA PTY LTD, Live Nation Holdings Australasia Pty Ltd",document,"{'content': 'LIVE NATION AUSTRALASIA PTY LTD, Live Nation Holdings Australasia Pty Ltd filed a joint modern slavery statement with the Australian Modern Slavery Register for the reporting period 2022-01-01 to 2022-12-31. The reporting entity is headquartered in Australia. The reporting entity has an annual revenue band of 300-350M. The reporting entity operates in the industry sectors: Media, publishing, arts and entertainment. Register entry: https://modernslaveryregister.gov.au/statements/13856/.'}"
Modern slavery statement 2025-2468: M.A SERVICES GROUP PTY LTD,document,{'content': 'M.A SERVICES GROUP PTY LTD (ABN 73 151 498 001) filed a single modern slavery statement with the Australian Modern Slavery Register for the reporting period 2024-01-01 to 2024-12-31. The reporting entity is headquartered in Australia. The reporting entity has an annual revenue band of 100-150M. The reporting entity operates in the industry sectors: Other Services. Register entry: https://modernslaveryregister.gov.au/statements/25132/.'}
Modern slavery statement 2025-2505: HENKEL AUSTRALIA PTY LTD & Henkel Finance Australia,document,{'content': 'HENKEL AUSTRALIA PTY LTD (ABN 82 001 302 996) and Henkel Finance Australia (ABN 15 740 196 765) filed a joint modern slavery statement with the Australian Modern Slavery Register for the reporting period 2024-07-01 to 2025-06-30. The reporting entities are headquartered in Australia. The reporting entities have an annual revenue band of 500-600M. The reporting entities operate in the industry sectors: Manufacturing. Register entry: https://modernslaveryregister.gov.au/statements/25179/.'}
Modern slavery statement 2024-2407: NEW HORIZONS ENTERPRISES LIMITED,document,{'content': 'NEW HORIZONS ENTERPRISES LIMITED filed a single modern slavery statement with the Australian Modern Slavery Register for the reporting period 2023-07-01 to 2024-06-30. The reporting entity is headquartered in Australia. The reporting entity has an annual revenue band of 100-150M. The reporting entity operates in the industry sectors: Charitable / not-for-profit activities. Register entry: https://modernslaveryregister.gov.au/statements/19801/.'}
Modern slavery statement 2021-1156: Danone Murray Goulburn Pty Limited,document,"{'content': 'Danone Murray Goulburn Pty Limited (ABN 32 143 172 258) filed a single modern slavery statement with the Australian Modern Slavery Register for the reporting period 2019-07-01 to 2020-06-30. The reporting entity is headquartered in Australia. The reporting entity has an annual revenue band of 100-150M. The reporting entity operates in the industry sectors: Food and beverages, agriculture and fishing. Register entry: https://modernslaveryregister.gov.au/statements/3070/.'}"
Modern slavery statement 2023-2884: GRAINS RESEARCH & DEVELOPMENT CORPORATION,document,{'content': 'GRAINS RESEARCH & DEVELOPMENT CORPORATION (ABN 55 611 223 291) filed a single modern slavery statement with the Australian Modern Slavery Register for the reporting period 2022-01-01 to 2022-12-31. The reporting entity is headquartered in Australia. The reporting entity has an annual revenue band of 400-450M. The reporting entity operates in the industry sectors: Government Sector. Register entry: https://modernslaveryregister.gov.au/statements/16109/.'}
Modern slavery statement 2023-2246: ASX CLEAR (FUTURES) PTY LIMITED & ASX CLEARING CORPORATION LIMITED & ASX LIMITED et al.,document,"{'content': 'ASX CLEAR (FUTURES) PTY LIMITED (ABN 91 050 615 864), ASX CLEARING CORPORATION LIMITED (ABN 45 087 801 554), ASX LIMITED (ABN 98 008 624 691) and ASX OPERATIONS PTY. LTD. (ABN 42 004 523 782) filed a joint modern slavery statement with the Australian Modern Slavery Register for the reporting period 2022-07-01 to 2023-06-30. The reporting entities are headquartered in Australia. The reporting entities have an annual revenue band of 1BN+. The reporting entities operate in the industry sectors: Financial, insurance and real estate activities. The statement also covers the included entities: ASX BENCHMARKS PTY LIMITED (38 616 075 417), ASX CLEAR PTY LIMITED (48 001 314 503), ASX COLLATERAL MANAGEMENT SERVICES PTY LIMITED, ASX FINANCIAL SETTLEMENTS PTY LIMITED, ASX SETTLEMENT CORPORATION LIMITED (48 008 617 187), ASX SETTLEMENT PTY LIMITED (49 008 504 532), AUSTRACLEAR LTD (94 002 060 773), AUSTRACLEAR SERVICES LIMITED (28 003 284 419), AUSTRALIAN SECURITIES EXCHANGE LIMITED (83 000 943 377), CHESS DEPOSITARY NOMINEES PTY LIMITED (75 071 346 506), SFE CORPORATION LIMITED (74 000 299 392). Register entry: https://modernslaveryregister.gov.au/statements/15243/.'}"
Modern slavery statement 2024-2936: C-Res (QLD) Pty Ltd & GREATER WHITSUNDAY ALLIANCE LIMITED,document,{'content': 'C-Res (QLD) Pty Ltd (ABN 61 158 250 992) and GREATER WHITSUNDAY ALLIANCE LIMITED (ABN 84 087 816 368) filed a joint modern slavery statement with the Australian Modern Slavery Register for the reporting period 2023-07-01 to 2024-06-30. The reporting entities are headquartered in Australia. The reporting entities have an annual revenue band of 250-300M. The reporting entities operate in the industry sectors: Other. The statement also covers the included entities: C-Res (QLD) Pty Ltd (61 158 250 992). Register entry: https://modernslaveryregister.gov.au/statements/20524/.'}
Modern slavery statement 2024-3355: D & M Lyone Holdings Pty Ltd,document,{'content': 'D & M Lyone Holdings Pty Ltd (ABN 45 102 456 851) filed a single modern slavery statement with the Australian Modern Slavery Register for the reporting period 2023-07-01 to 2024-06-30. The reporting entity is headquartered in Australia. The reporting entity has an annual revenue band of 300-350M. The reporting entity operates in the industry sectors: Other. Register entry: https://modernslaveryregister.gov.au/statements/21320/.'}
"Modern slavery statement 2024-641: MEGA INTERNATIONAL COMMERCIAL BANK CO., LTD.",document,"{'content': 'MEGA INTERNATIONAL COMMERCIAL BANK CO., LTD. (ABN 27 079 372 688) filed a single modern slavery statement with the Australian Modern Slavery Register for the reporting period 2023-01-01 to 2023-12-31. The reporting entity is headquartered in Taiwan. The reporting entity has an annual revenue band of 1BN+. The reporting entity operates in the industry sectors: Financial, insurance and real estate activities. Register entry: https://modernslaveryregister.gov.au/statements/17632/.'}"
Modern slavery statement 2023-2715: VISION SUPER PTY LTD,document,"{'content': 'VISION SUPER PTY LTD (ABN 50 082 924 561) filed a single modern slavery statement with the Australian Modern Slavery Register for the reporting period 2022-07-01 to 2023-06-30. The reporting entity is headquartered in Australia. The reporting entity has an annual revenue band of 0-99M. The reporting entity operates in the industry sectors: Financial, insurance and real estate activities. Register entry: https://modernslaveryregister.gov.au/statements/15916/.'}"
Modern slavery statement 2022-2139: DARACON CONTRACTORS PTY LTD,document,"{'content': 'DARACON CONTRACTORS PTY LTD (ABN 82 002 344 667) filed a single modern slavery statement with the Australian Modern Slavery Register for the reporting period 2021-07-01 to 2022-06-30. The reporting entity is headquartered in Australia. The reporting entity has an annual revenue band of 250-300M. The reporting entity operates in the industry sectors: Construction, civil engineering and building products. Register entry: https://modernslaveryregister.gov.au/statements/10836/.'}"
Modern slavery statement 2024-919: CEGELEC OIL & GAS AUSTRALIA PTY LTD & ELECTRIX PTY. LTD. & J & P RICHARDSON INDUSTRIES PTY LTD et al.,document,"{'content': 'CEGELEC OIL & GAS AUSTRALIA PTY LTD (ABN 82 616 228 758), ELECTRIX PTY. LTD. (ABN 44 067 232 393), J & P RICHARDSON INDUSTRIES PTY LTD (ABN 23 001 952 325), OVERHEAD DISTRIBUTION SERVICES PTY LTD (ABN 69 650 519 181), TECHTEST SERVICES PTY LTD (ABN 22 139 837 924) and VINCI ENERGIES AUSTRALIA PTY LTD (ABN 86 602 042 339) filed a joint modern slavery statement with the Australian Modern Slavery Register for the reporting period 2023-01-01 to 2023-12-31. The reporting entities are headquartered in Australia. The reporting entities have an annual revenue band of 150-200M. The reporting entities operate in the industry sectors: Utilities: gas, water and electricity Construction, civil engineering and building products. Register entry: https://modernslaveryregister.gov.au/statements/18109/.'}"
Modern slavery statement 2023-3117: ROBERTS CO AUSTRALIA PTY LTD,document,"{'content': 'ROBERTS CO AUSTRALIA PTY LTD (ABN 83 616 561 678) filed a joint modern slavery statement with the Australian Modern Slavery Register for the reporting period 2022-07-01 to 2023-06-30. The reporting entity is headquartered in Australia. The reporting entity has an annual revenue band of 500-600M. The reporting entity operates in the industry sectors: Construction, civil engineering and building products. The statement also covers the included entities: ROBERTS CO (NSW) PTY LTD (61 620 108 483), ROBERTS CO (VIC) PTY LTD (68 627 689 418). Register entry: https://modernslaveryregister.gov.au/statements/16338/.'}"
Modern slavery statement 2022-819: C.P. Merchandising Company Limited,document,"{'content': 'C.P. Merchandising Company Limited (ABN 90 152 033 460) filed a single modern slavery statement with the Australian Modern Slavery Register for the reporting period 2021-01-01 to 2021-12-31. The reporting entity is headquartered in Thailand. The reporting entity has an annual revenue band of 1BN+. The reporting entity operates in the industry sectors: Food and beverages, agriculture and fishing. Register entry: https://modernslaveryregister.gov.au/statements/8951/.'}"
Modern slavery statement 2022-475: AUSTRALIAN MEAT GROUP PTY LTD,document,"{'content': 'AUSTRALIAN MEAT GROUP PTY LTD (ABN 75 168 396 316) filed a single modern slavery statement with the Australian Modern Slavery Register for the reporting period 2021-04-01 to 2022-03-30. The reporting entity is headquartered in Australia. The reporting entity has an annual revenue band of 500-600M. The reporting entity operates in the industry sectors: Food and beverages, agriculture and fishing. Register entry: https://modernslaveryregister.gov.au/statements/8412/.'}"
Modern slavery statement 2023-78: The Trustee for COMIT TRADING TRUST,document,"{'content': 'The Trustee for COMIT TRADING TRUST (ABN 61 076 302 925) filed a single modern slavery statement with the Australian Modern Slavery Register for the reporting period 2022-01-01 to 2022-12-31. The reporting entity is headquartered in Australia. The reporting entity has an annual revenue band of 300-350M. The reporting entity operates in the industry sectors: Food and beverages, agriculture and fishing. Register entry: https://modernslaveryregister.gov.au/statements/12185/.'}"
Modern slavery statement 2025-496: DOVAL CONSTRUCTIONS (QLD.) LTD,document,{'content': 'DOVAL CONSTRUCTIONS (QLD.) LTD (ABN 75 010 007 155) filed a single modern slavery statement with the Australian Modern Slavery Register for the reporting period 2024-07-01 to 2025-06-30. The reporting entity is headquartered in Australia. The reporting entity has an annual revenue band of 100-150M. The reporting entity operates in the industry sectors: Construction. Register entry: https://modernslaveryregister.gov.au/statements/22400/.'}
Modern slavery statement 2021-2333: BOUYGUES CONSTRUCTION AUSTRALIA PTY LTD,document,"{'content': 'BOUYGUES CONSTRUCTION AUSTRALIA PTY LTD (ABN 37 144 013 801) filed a single modern slavery statement with the Australian Modern Slavery Register for the reporting period 2020-01-01 to 2020-12-31. The reporting entity is headquartered in Australia. The reporting entity has an annual revenue band of 800-900M. The reporting entity operates in the industry sectors: Construction, civil engineering and building products. Register entry: https://modernslaveryregister.gov.au/statements/4969/.'}"
Modern slavery statement 2022-2869: ADAIRS LIMITED,document,"{'content': 'ADAIRS LIMITED (ABN 50 147 375 451) filed a single modern slavery statement with the Australian Modern Slavery Register for the reporting period 2021-07-01 to 2022-06-30. The reporting entity is headquartered in Australia. The reporting entity has an annual revenue band of 500-600M. The reporting entity operates in the industry sectors: Durable consumer goods, including electronics and appliances, home furnishings and other accessories Fashion, textiles, apparel and luxury goods. Register entry: https://modernslaveryregister.gov.au/statements/11772/.'}"
Modern slavery statement 2023-665: ANZON ENERGY LTD & ROC OIL AUSTRALIA HOLDINGS PTY LTD & ROC OIL (CANNING) PTY LIMITED et al.,document,"{'content': 'ANZON ENERGY LTD (ABN 43 097 972 364), ROC OIL AUSTRALIA HOLDINGS PTY LTD (ABN 90 089 999 815), ROC OIL (CANNING) PTY LIMITED (ABN 12 626 049 278), ROC OIL COMPANY PTY LIMITED (ABN 32 075 965 856), Roc Oil (Finance) Pty Limited (ABN 78 109 435 592), ROC OIL INTERNATIONAL HOLDINGS PTY LTD (ABN 96 089 999 842), Roc Oil (Malaysia) Pty Limited (ABN 84 149 274 233), Roc Oil (Ventures) Pty Limited (ABN 17 146 518 701) and ROC OIL (VIC) PTY LIMITED (ABN 46 107 406 771) filed a joint modern slavery statement with the Australian Modern Slavery Register for the reporting period 2022-01-01 to 2022-12-31. The reporting entities are headquartered in Australia. The reporting entities have an annual revenue band of 1BN+. The reporting entities operate in the industry sectors: Mining, metals, chemicals and resources (including oil and gas). Register entry: https://modernslaveryregister.gov.au/statements/13089/.'}"
Modern slavery statement 2025-3305: THE TRUSTEE FOR METRICS MASTER INCOME TRUST,document,{'content': 'THE TRUSTEE FOR METRICS MASTER INCOME TRUST (ABN 28 163 969 714) filed a single modern slavery statement with the Australian Modern Slavery Register for the reporting period 2024-07-01 to 2025-06-30. The reporting entity is headquartered in Australia. The reporting entity has an annual revenue band of 150-200M. The reporting entity operates in the industry sectors: Financial and Insurance Services. Register entry: https://modernslaveryregister.gov.au/statements/26315/.'}
"Modern slavery statement 2024-1873: DEUTSCHE POST GLOBAL MAIL (AUSTRALIA) PTY LTD, DHL EXPRESS (AUSTRALIA) PTY LTD, DHL GLOBAL FORWARDING (AUSTRALIA) PTY LTD, DHL SUPPLY CHAIN (AUSTRALIA) PTY LIMITED",document,"{'content': 'DEUTSCHE POST GLOBAL MAIL (AUSTRALIA) PTY LTD, DHL EXPRESS (AUSTRALIA) PTY LTD, DHL GLOBAL FORWARDING (AUSTRALIA) PTY LTD, DHL SUPPLY CHAIN (AUSTRALIA) PTY LIMITED filed a joint modern slavery statement with the Australian Modern Slavery Register for the reporting period 2023-01-01 to 2023-12-31. The reporting entity is headquartered in Australia. The reporting entity has an annual revenue band of 1BN+. The reporting entity operates in the industry sectors: Transportation, logistics, and storage. The statement also covers the included entities: DHL RES (AUSTRALIA) PTY LIMITED (34 632 360 822). Register entry: https://modernslaveryregister.gov.au/statements/19336/.'}"
Modern slavery statement 2022-56: BEYOND BLUE LIMITED,document,{'content': 'BEYOND BLUE LIMITED (ABN 87 093 865 840) filed a single modern slavery statement with the Australian Modern Slavery Register for the reporting period 2020-07-01 to 2021-06-30. The reporting entity is headquartered in Australia. The reporting entity has an annual revenue band of 100-150M. The reporting entity operates in the industry sectors: Charitable / not-for-profit activities. Register entry: https://modernslaveryregister.gov.au/statements/7771/.'}
Modern slavery statement 2024-2356: TOTAL CONSTRUCTION PTY. LIMITED,document,"{'content': 'TOTAL CONSTRUCTION PTY. LIMITED (ABN 32 067 732 941) filed a single modern slavery statement with the Australian Modern Slavery Register for the reporting period 2023-07-01 to 2024-06-30. The reporting entity is headquartered in Australia. The reporting entity has an annual revenue band of 200-250M. The reporting entity operates in the industry sectors: Construction, civil engineering and building products. Register entry: https://modernslaveryregister.gov.au/statements/19991/.'}"
Modern slavery statement 2022-1252: NOKIA SOLUTIONS AND NETWORKS AUSTRALIA PTY LTD,document,"{'content': 'NOKIA SOLUTIONS AND NETWORKS AUSTRALIA PTY LTD (ABN 74 122 172 365) filed a joint modern slavery statement with the Australian Modern Slavery Register for the reporting period 2021-01-01 to 2021-12-31. The reporting entity is headquartered in Australia, Finland, United Kingdom. The reporting entity has an annual revenue band of 700-800M. The reporting entity operates in the industry sectors: Information technology and telecommunication. Register entry: https://modernslaveryregister.gov.au/statements/9541/.'}"
Modern slavery statement 2025-3767: Knight Frank Australia Holdings Pty Ltd & KNIGHT FRANK AUSTRALIA PTY LTD,document,"{'content': 'Knight Frank Australia Holdings Pty Ltd (ABN 28 114 923 938) and KNIGHT FRANK AUSTRALIA PTY LTD (ABN 17 004 973 684) filed a joint modern slavery statement with the Australian Modern Slavery Register for the reporting period 2024-07-01 to 2025-06-30. The reporting entities are headquartered in Australia. The reporting entities have an annual revenue band of 150-200M. The reporting entities operate in the industry sectors: Professional, Scientific and Technical Services. Register entry: https://modernslaveryregister.gov.au/statements/26862/.'}"
Modern slavery statement 2025-3736: RITE BITE GROUP PTY LTD,document,{'content': 'RITE BITE GROUP PTY LTD (ABN 61 623 450 117) filed a single modern slavery statement with the Australian Modern Slavery Register for the reporting period 2024-07-01 to 2025-06-30. The reporting entity is headquartered in Australia. The reporting entity has an annual revenue band of 350-400M. The reporting entity operates in the industry sectors: Manufacturing. Register entry: https://modernslaveryregister.gov.au/statements/26820/.'}
Modern slavery statement 2024-2438: SNACKING INVESTMENTS HOLDCO PTY LIMITED,document,"{'content': ""SNACKING INVESTMENTS HOLDCO PTY LIMITED filed a single modern slavery statement with the Australian Modern Slavery Register for the reporting period 2023-08-01 to 2024-07-28. The reporting entity is headquartered in Australia. The reporting entity has an annual revenue band of 1BN+. The reporting entity operates in the industry sectors: Food and beverages, agriculture and fishing. The statement also covers the included entities: ARNOTT'S BIDCO PTY LTD (50 635 108 851), ARNOTT'S BISCUITS LTD (44 008 435 729), ARNOTT'S GROUP HOLDCO PTY LTD (17 635 109 081), ARNOTT'S HOLDCO PTY LTD (80 007 245 105), ARNOTTS PTY LTD (41 000 003 001), CAMPBELL AUSTRALASIA PTY LTD (28 004 456 937), GOOD FOOD PARTNERS HOLDCO PTY LTD (47 646 575 662), GOOD FOOD PARTNERS PTY LTD (38 104 048 400), SNACKING INVESTMENTS BIDCO PTY LIMITED (18 634 909 032), Snacking Investments MezzCo Pty Ltd, Snacking Investments MidCo Pty Ltd. Register entry: https://modernslaveryregister.gov.au/statements/20127/.""}"
Modern slavery statement 2026-408: FF HOLDCO PTY LTD,document,"{'content': 'FF HOLDCO PTY LTD (ABN 31 085 825 912) filed a single modern slavery statement with the Australian Modern Slavery Register for the reporting period 2024-10-01 to 2025-09-30. The reporting entity is headquartered in Australia. The reporting entity has an annual revenue band of 500-600M. The reporting entity operates in the industry sectors: Manufacturing Retail Trade. The statement also covers the included entities: FANTASTIC FURNITURE PTY LIMITED (66 003 688 855), FANTASTIC MANUFACTURING PTY LTD (20 158 159 230), FF BRANDS PTY LTD (75 074 780 555), FHL DISTRIBUTION CENTRE PTY LTD (96 114 853 315). Register entry: https://modernslaveryregister.gov.au/statements/27671/.'}"
Modern slavery statement 2024-3046: LEAKES ROAD ROCKBANK PTY LTD,document,"{'content': 'LEAKES ROAD ROCKBANK PTY LTD (ABN 93 122 773 924) filed a single modern slavery statement with the Australian Modern Slavery Register for the reporting period 2023-07-01 to 2024-06-30. The reporting entity is headquartered in Australia. The reporting entity has an annual revenue band of 100-150M. The reporting entity operates in the industry sectors: Construction, civil engineering and building products Financial, insurance and real estate activities. Register entry: https://modernslaveryregister.gov.au/statements/20944/.'}"
Modern slavery statement 2021-146: MITCHELL SERVICES LIMITED,document,"{'content': 'MITCHELL SERVICES LIMITED (ABN 31 149 206 333) filed a single modern slavery statement with the Australian Modern Slavery Register for the reporting period 2020-01-01 to 2020-12-31. The reporting entity is headquartered in Australia. The reporting entity has an annual revenue band of 150-200M. The reporting entity operates in the industry sectors: Mining, metals, chemicals and resources (including oil and gas). Register entry: https://modernslaveryregister.gov.au/statements/1312/.'}"
Modern slavery statement 2021-3519: DONEILYN PTY LTD,document,"{'content': 'DONEILYN PTY LTD (ABN 69 007 544 836) filed a single modern slavery statement with the Australian Modern Slavery Register for the reporting period 2020-07-01 to 2021-06-30. The reporting entity is headquartered in Australia. The reporting entity has an annual revenue band of 450-500M. The reporting entity operates in the industry sectors: Construction, civil engineering and building products. Register entry: https://modernslaveryregister.gov.au/statements/6781/.'}"
Modern slavery statement 2026-348: ACFS PORT LOGISTICS PTY LIMITED,document,"{'content': 'ACFS PORT LOGISTICS PTY LIMITED (ABN 95 603 120 047) filed a single modern slavery statement with the Australian Modern Slavery Register for the reporting period 2024-07-01 to 2025-06-30. The reporting entity is headquartered in Australia. The reporting entity has an annual revenue band of 350-400M. The reporting entity operates in the industry sectors: Transport, Postal and Warehousing. Register entry: https://modernslaveryregister.gov.au/statements/27585/.'}"
Modern slavery statement 2022-2647: QANTAS AIRWAYS LIMITED,document,"{'content': 'QANTAS AIRWAYS LIMITED (ABN 16 009 661 901) filed a joint modern slavery statement with the Australian Modern Slavery Register for the reporting period 2021-07-01 to 2022-06-30. The reporting entity is headquartered in Australia. The reporting entity has an annual revenue band of 1BN+. The reporting entity operates in the industry sectors: Transportation, logistics, and storage. Register entry: https://modernslaveryregister.gov.au/statements/11504/.'}"
Modern slavery statement 2021-1802: RALMANA PTY. LTD.,document,"{'content': 'RALMANA PTY. LTD. (ABN 93 009 149 106) filed a single modern slavery statement with the Australian Modern Slavery Register for the reporting period 2020-01-01 to 2020-12-31. The reporting entity is headquartered in Australia. The reporting entity has an annual revenue band of 100-150M. The reporting entity operates in the industry sectors: Construction, civil engineering and building products. Register entry: https://modernslaveryregister.gov.au/statements/4128/.'}"
Modern slavery statement 2023-2135: TOMKINS COMMERCIAL & INDUSTRIAL BUILDERS PTY LTD,document,"{'content': 'TOMKINS COMMERCIAL & INDUSTRIAL BUILDERS PTY LTD (ABN 98 061 732 778) filed a single modern slavery statement with the Australian Modern Slavery Register for the reporting period 2022-07-01 to 2023-06-30. The reporting entity is headquartered in Australia. The reporting entity has an annual revenue band of 200-250M. The reporting entity operates in the industry sectors: Construction, civil engineering and building products. Register entry: https://modernslaveryregister.gov.au/statements/15082/.'}"
Modern slavery statement 2023-3069: The Trustee for The Minderoo Foundation Trust,document,"{'content': 'The Trustee for The Minderoo Foundation Trust (ABN 24 819 440 618) filed a joint modern slavery statement with the Australian Modern Slavery Register for the reporting period 2022-07-01 to 2023-06-30. The reporting entity is headquartered in Australia. The reporting entity has an annual revenue band of 1BN+. The reporting entity operates in the industry sectors: Charitable / not-for-profit activities. The statement also covers the included entities: FIRST SOURCING AND LOGISTICS PTY LTD (43 640 133 606), The Trustee for The Minderoo Foundation Trust As the Operator of a PBI (47 204 978 079). Register entry: https://modernslaveryregister.gov.au/statements/16325/.'}"
Modern slavery statement 2026-123: CDM AUSTRALIA PTY. LTD.,document,{'content': 'CDM AUSTRALIA PTY. LTD. (ABN 68 009 592 965) filed a single modern slavery statement with the Australian Modern Slavery Register for the reporting period 2024-07-01 to 2025-06-30. The reporting entity is headquartered in Australia. The reporting entity has an annual revenue band of 100-150M. The reporting entity operates in the industry sectors: Information Media and Telecommunications. Register entry: https://modernslaveryregister.gov.au/statements/27220/.'}
"Modern slavery statement 2025-950: TAISHIN INTERNATIONAL BANK CO., LTD.",document,"{'content': 'TAISHIN INTERNATIONAL BANK CO., LTD. (ABN 30 165 085 638) filed a single modern slavery statement with the Australian Modern Slavery Register for the reporting period 2024-01-01 to 2024-12-31. The reporting entity is headquartered in Taiwan. The reporting entity has an annual revenue band of 1BN+. The reporting entity operates in the industry sectors: Financial and Insurance Services. Register entry: https://modernslaveryregister.gov.au/statements/23076/.'}"
Modern slavery statement 2023-2994: SDP FinCo Pty Ltd & SDP Holdco Pty Ltd & Sydney Desalination Plant Pty Limited et al.,document,"{'content': 'SDP FinCo Pty Ltd (ABN 27 158 077 073), SDP Holdco Pty Ltd (ABN 60 158 076 843), Sydney Desalination Plant Pty Limited (ABN 50 125 935 177), The Trustee for SDP Assets Hold Trust (ABN 24 771 467 876), The Trustee for SDP Assets Trust (ABN 43 885 660 358), The Trustee for SDP Pipeline Hold Trust (ABN 78 624 985 316) and THE TRUSTEE FOR SDP PIPELINE TRUST (ABN 70 739 015 449) filed a joint modern slavery statement with the Australian Modern Slavery Register for the reporting period 2022-07-01 to 2023-06-30. The reporting entities are headquartered in Australia. The reporting entities have an annual revenue band of 200-250M. The reporting entities operate in the industry sectors: Utilities: gas, water and electricity. Register entry: https://modernslaveryregister.gov.au/statements/16245/.'}"
Modern slavery statement 2023-2942: PRIME SUPER PTY LTD,document,"{'content': 'PRIME SUPER PTY LTD (ABN 81 067 241 016) filed a single modern slavery statement with the Australian Modern Slavery Register for the reporting period 2022-07-01 to 2023-06-30. The reporting entity is headquartered in Australia. The reporting entity has an annual revenue band of 500-600M. The reporting entity operates in the industry sectors: Financial, insurance and real estate activities. Register entry: https://modernslaveryregister.gov.au/statements/16189/.'}"
Modern slavery statement 2023-2790: The Trustee for SPDR S&P/ASX 200 FUND & The Trustee for SPDR S & P/ASX 50 FUND & The Trustee for STATE STREET AUSTRALIAN EQUITIES INDEX TRUST et al.,document,"{'content': 'The Trustee for SPDR S&P/ASX 200 FUND (ABN 75 242 912 860), The Trustee for SPDR S & P/ASX 50 FUND (ABN 88 486 016 005), The Trustee for STATE STREET AUSTRALIAN EQUITIES INDEX TRUST (ABN 13 604 071 602) and THE TRUSTEE FOR STATE STREET INTERNATIONAL EQUITIES INDEX TRUST (ABN 29 930 490 857) filed a joint modern slavery statement with the Australian Modern Slavery Register for the reporting period 2022-07-01 to 2023-06-30. The reporting entities are headquartered in Australia. The reporting entities have an annual revenue band of 1BN+. The reporting entities operate in the industry sectors: Financial, insurance and real estate activities. Register entry: https://modernslaveryregister.gov.au/statements/15995/.'}"
Modern slavery statement 2025-2399: MAXIPARTS LIMITED,document,"{'content': 'MAXIPARTS LIMITED (ABN 58 006 797 173) filed a single modern slavery statement with the Australian Modern Slavery Register for the reporting period 2024-07-01 to 2025-06-30. The reporting entity is headquartered in Australia. The reporting entity has an annual revenue band of 250-300M. The reporting entity operates in the industry sectors: Retail Trade. The statement also covers the included entities: FORCH AUSTRALIA PTY LTD (20 151 607 555), INDEPENDANT PARTS PTY LTD (87 649 685 432), MAXIPARTS OPERATIONS PTY LTD (76 110 786 215). Register entry: https://modernslaveryregister.gov.au/statements/25024/.'}"
Modern slavery statement 2024-909: MARUBENI RESOURCES DEVELOPMENT PTY LTD,document,"{'content': 'MARUBENI RESOURCES DEVELOPMENT PTY LTD (ABN 57 009 932 236) filed a single modern slavery statement with the Australian Modern Slavery Register for the reporting period 2023-01-01 to 2023-12-31. The reporting entity is headquartered in Japan. The reporting entity has an annual revenue band of 800-900M. The reporting entity operates in the industry sectors: Mining, metals, chemicals and resources (including oil and gas). Register entry: https://modernslaveryregister.gov.au/statements/18099/.'}"
Modern slavery statement 2024-2541: MGM BULK PTY LTD,document,"{'content': 'MGM BULK PTY LTD (ABN 34 165 448 920) filed a single modern slavery statement with the Australian Modern Slavery Register for the reporting period 2023-07-01 to 2024-06-30. The reporting entity is headquartered in Australia. The reporting entity has an annual revenue band of 250-300M. The reporting entity operates in the industry sectors: Transportation, logistics, and storage. Register entry: https://modernslaveryregister.gov.au/statements/20269/.'}"
Modern slavery statement 2023-354: RINGCENTRAL AUSTRALIA PTY LTD,document,{'content': 'RINGCENTRAL AUSTRALIA PTY LTD (ABN 32 611 310 948) filed a single modern slavery statement with the Australian Modern Slavery Register for the reporting period 2022-01-01 to 2022-12-31. The reporting entity is headquartered in United States of America. The reporting entity has an annual revenue band of 0-99M. The reporting entity operates in the industry sectors: Information technology and telecommunication. Register entry: https://modernslaveryregister.gov.au/statements/12598/.'}
"Modern slavery statement 2025-2469: FORCE FIRE HOLDINGS PTY LTD, HEYDAY5 PTY LIMITED & SCEE ELECTRICAL PTY LTD, SOUTHERN CROSS ELECTRICAL ENGINEERING LIMITED & TRIVANTAGE HOLDINGS PTY LTD",document,"{'content': 'FORCE FIRE HOLDINGS PTY LTD, HEYDAY5 PTY LIMITED (ABN 85 158 865 091), SCEE ELECTRICAL PTY LTD, SOUTHERN CROSS ELECTRICAL ENGINEERING LIMITED (ABN 92 009 307 046) and TRIVANTAGE HOLDINGS PTY LTD filed a joint modern slavery statement with the Australian Modern Slavery Register for the reporting period 2024-07-01 to 2025-06-30. The reporting entities are headquartered in Australia. The reporting entities have an annual revenue band of 800-900M. The reporting entities operate in the industry sectors: Construction. Register entry: https://modernslaveryregister.gov.au/statements/25133/.'}"
Modern slavery statement 2026-259: FLICK ANTICIMEX PTY LTD,document,{'content': 'FLICK ANTICIMEX PTY LTD (ABN 85 000 059 665) filed a single modern slavery statement with the Australian Modern Slavery Register for the reporting period 2024-10-01 to 2025-09-30. The reporting entity is headquartered in Sweden. The reporting entity has an annual revenue band of 200-250M. The reporting entity operates in the industry sectors: Other Services. Register entry: https://modernslaveryregister.gov.au/statements/27449/.'}
Modern slavery statement 2022-418: IMPERIAL TOBACCO AUSTRALIA LIMITED,document,{'content': 'IMPERIAL TOBACCO AUSTRALIA LIMITED (ABN 46 088 148 681) filed a single modern slavery statement with the Australian Modern Slavery Register for the reporting period 2020-07-01 to 2021-06-30. The reporting entity is headquartered in United Kingdom. The reporting entity has an annual revenue band of 500-600M. The reporting entity operates in the industry sectors: Other. Register entry: https://modernslaveryregister.gov.au/statements/8307/.'}
Modern slavery statement 2022-333: THE QUANTIUM GROUP PTY LIMITED,document,"{'content': 'THE QUANTIUM GROUP PTY LIMITED (ABN 45 102 444 253) filed a single modern slavery statement with the Australian Modern Slavery Register for the reporting period 2020-07-01 to 2021-06-30. The reporting entity is headquartered in Australia. The reporting entity has an annual revenue band of 150-200M. The reporting entity operates in the industry sectors: Information technology and telecommunication Professional and administrative services and supplies, including legal, consulting and accounting services. Register entry: https://modernslaveryregister.gov.au/statements/8144/.'}"
Modern slavery statement 2025-2216: Isuzu UTE Australia Pty Ltd,document,{'content': 'Isuzu UTE Australia Pty Ltd (ABN 80 129 563 739) filed a single modern slavery statement with the Australian Modern Slavery Register for the reporting period 2024-04-01 to 2025-03-31. The reporting entity is headquartered in Australia. The reporting entity has an annual revenue band of 1BN+. The reporting entity operates in the industry sectors: Wholesale Trade. Register entry: https://modernslaveryregister.gov.au/statements/24716/.'}
Modern slavery statement 2025-632: HYUNDAI ROTEM COMPANY,document,"{'content': 'HYUNDAI ROTEM COMPANY (ABN 81 615 545 492) filed a single modern slavery statement with the Australian Modern Slavery Register for the reporting period 2024-01-01 to 2024-12-31. The reporting entity is headquartered in Republic of Korea (South Korea). The reporting entity has an annual revenue band of 1BN+. The reporting entity operates in the industry sectors: Automotive, machinery and heavy electrical equipment. Register entry: https://modernslaveryregister.gov.au/statements/22610/.'}"
Modern slavery statement 2025-2568: PFD FOOD SERVICES PTY LTD,document,"{'content': 'PFD FOOD SERVICES PTY LTD (ABN 29 006 972 381) filed a single modern slavery statement with the Australian Modern Slavery Register for the reporting period 2024-07-01 to 2025-06-30. The reporting entity is headquartered in Australia. The reporting entity has an annual revenue band of 1BN+. The reporting entity operates in the industry sectors: Transport, Postal and Warehousing Manufacturing. Register entry: https://modernslaveryregister.gov.au/statements/25265/.'}"
Modern slavery statement 2023-3175: HARVEST FRESHCUTS PTY LTD & Inguz Harvest Pty Ltd & TIVOLI INVESTMENTS PTY LTD et al.,document,"{'content': 'HARVEST FRESHCUTS PTY LTD (ABN 52 067 682 875), Inguz Harvest Pty Ltd (ABN 95 107 376 643), TIVOLI INVESTMENTS PTY LTD (ABN 90 165 718 070) and VEGCO PTY LTD (ABN 48 058 693 413) filed a joint modern slavery statement with the Australian Modern Slavery Register for the reporting period 2022-07-01 to 2023-06-30. The reporting entities are headquartered in Australia. The reporting entities have an annual revenue band of 250-300M. The reporting entities operate in the industry sectors: Food and beverages, agriculture and fishing. Register entry: https://modernslaveryregister.gov.au/statements/16416/.'}"
Modern slavery statement 2025-3597: IVFA SUB-HOLDINGS PTY LTD & IVF AUSTRALIA PTY LTD & IVF FINANCE PTY LIMITED et al.,document,"{'content': 'IVFA SUB-HOLDINGS PTY LTD (ABN 47 129 884 751), IVF AUSTRALIA PTY LTD (ABN 54 098 082 109), IVF FINANCE PTY LIMITED (ABN 16 129 644 846), VINEY BIDCO PTY LTD (ABN 58 658 293 166), VINEY HOLDCO PTY LTD (ABN 81 658 290 898), VINEY MIDCO PTY LTD (ABN 30 658 291 868) and VIRTUS HEALTH PTY LTD (ABN 80 129 643 492) filed a joint modern slavery statement with the Australian Modern Slavery Register for the reporting period 2024-07-01 to 2025-06-30. The reporting entities are headquartered in Australia. The reporting entities have an annual revenue band of 300-350M. The reporting entities operate in the industry sectors: Health Care and Social Assistance. Register entry: https://modernslaveryregister.gov.au/statements/26678/.'}"
Modern slavery statement 2021-3557: PROTECH GROUP (AUST) PTY LTD,document,"{'content': 'PROTECH GROUP (AUST) PTY LTD (ABN 38 163 904 694) filed a joint modern slavery statement with the Australian Modern Slavery Register for the reporting period 2020-07-01 to 2021-06-30. The reporting entity is headquartered in Australia. The reporting entity has an annual revenue band of 250-300M. The reporting entity operates in the industry sectors: Mining, metals, chemicals and resources (including oil and gas) Utilities: gas, water and electricity Waste management and recycling Construction, civil engineering and building products Transportation, logistics, and storage Other. Register entry: https://modernslaveryregister.gov.au/statements/6591/.'}"
Modern slavery statement 2025-3522: FYFE HOLDCO PTY LTD,document,"{'content': 'FYFE HOLDCO PTY LTD filed a single modern slavery statement with the Australian Modern Slavery Register for the reporting period 2024-07-01 to 2025-06-30. The reporting entity is headquartered in Australia. The reporting entity has an annual revenue band of 100-150M. The reporting entity operates in the industry sectors: Professional, Scientific and Technical Services. Register entry: https://modernslaveryregister.gov.au/statements/26589/.'}"
"Modern slavery statement 2025-1367: BANK OF AMERICA, NATIONAL ASSOCIATION, MERRILL LYNCH (AUSTRALASIA) PTY. LTD. & MERRILL LYNCH (AUSTRALIA) FUTURES LIMITED, MERRILL LYNCH (AUSTRALIA) PTY LTD, MERRILL LYNCH EQUITIES (AUSTRALIA) LIMITED, MERRILL LYNCH INTERNATIONAL, MERRILL LYNCH MARKETS (AUSTRALIA) PTY. LIMITED.",document,"{'content': 'BANK OF AMERICA, NATIONAL ASSOCIATION, MERRILL LYNCH (AUSTRALASIA) PTY. LTD. (ABN 72 075 923 894) and MERRILL LYNCH (AUSTRALIA) FUTURES LIMITED, MERRILL LYNCH (AUSTRALIA) PTY LTD, MERRILL LYNCH EQUITIES (AUSTRALIA) LIMITED, MERRILL LYNCH INTERNATIONAL, MERRILL LYNCH MARKETS (AUSTRALIA) PTY. LIMITED. filed a joint modern slavery statement with the Australian Modern Slavery Register for the reporting period 2024-01-01 to 2024-12-31. The reporting entities are headquartered in Australia, United Kingdom, United States of America. The reporting entities have an annual revenue band of 1BN+. The reporting entities operate in the industry sectors: Financial, insurance and real estate activities. The statement also covers the included entities: MERRILL LYNCH (AUSTRALIA) NOMINEES PTY. LIMITED. Register entry: https://modernslaveryregister.gov.au/statements/23619/.'}"
"Modern slavery statement 2022-1026: STATE STREET AUSTRALIA LTD & STATE STREET BANK AND TRUST COMPANY & STATE STREET GLOBAL ADVISORS TRUST COPMANY, STATE STREET GLOBAL MARKETS, LLC, STATE STREET SERVICES AUSTRALIA PTY LIMITED",document,"{'content': 'STATE STREET AUSTRALIA LTD (ABN 21 002 965 200), STATE STREET BANK AND TRUST COMPANY (ABN 70 062 819 630) and STATE STREET GLOBAL ADVISORS TRUST COPMANY, STATE STREET GLOBAL MARKETS, LLC, STATE STREET SERVICES AUSTRALIA PTY LIMITED (ABN 38 151 402 247) filed a joint modern slavery statement with the Australian Modern Slavery Register for the reporting period 2021-01-01 to 2021-12-31. The reporting entities are headquartered in United States of America. The reporting entities have an annual revenue band of 250-300M. The reporting entities operate in the industry sectors: Financial, insurance and real estate activities. Register entry: https://modernslaveryregister.gov.au/statements/9256/.'}"
Modern slavery statement 2025-1534: GALDERMA AUSTRALIA PTY LTD,document,{'content': 'GALDERMA AUSTRALIA PTY LTD (ABN 12 003 976 930) filed a single modern slavery statement with the Australian Modern Slavery Register for the reporting period 2024-01-01 to 2024-12-31. The reporting entity is headquartered in Australia. The reporting entity has an annual revenue band of 250-300M. The reporting entity operates in the industry sectors: Cosmetics and toiletries Healthcare and pharmaceuticals. Register entry: https://modernslaveryregister.gov.au/statements/23805/.'}
Modern slavery statement 2021-2299: IG POWER (CALLIDE) LTD & OzGen Holdings Australia Pty Ltd & QUEENSLAND POWER COMPANY PTY LTD,document,"{'content': 'IG POWER (CALLIDE) LTD (ABN 53 082 413 885), OzGen Holdings Australia Pty Ltd (ABN 34 128 655 096) and QUEENSLAND POWER COMPANY PTY LTD (ABN 94 087 295 583) filed a joint modern slavery statement with the Australian Modern Slavery Register for the reporting period 2020-01-01 to 2020-12-31. The reporting entities are headquartered in Australia. The reporting entities have an annual revenue band of 800-900M. The reporting entities operate in the industry sectors: Utilities: gas, water and electricity. Register entry: https://modernslaveryregister.gov.au/statements/4866/.'}"
Modern slavery statement 2025-1737: WARNER BROS. ENTERTAINMENT AUSTRALIA PTY LIMITED & WARNER BROS. FEATURE PRODUCTIONS PTY LIMITED,document,"{'content': 'WARNER BROS. ENTERTAINMENT AUSTRALIA PTY LIMITED (ABN 70 003 773 411) and WARNER BROS. FEATURE PRODUCTIONS PTY LIMITED (ABN 33 059 495 251) filed a joint modern slavery statement with the Australian Modern Slavery Register for the reporting period 2024-01-01 to 2024-12-31. The reporting entities are headquartered in Australia. The reporting entities have an annual revenue band of 200-250M. The reporting entities operate in the industry sectors: Media, publishing, arts and entertainment. Register entry: https://modernslaveryregister.gov.au/statements/24014/.'}"
Modern slavery statement 2024-793: ESR REAL ESTATE (AUSTRALIA) PTY LTD,document,"{'content': 'ESR REAL ESTATE (AUSTRALIA) PTY LTD (ABN 64 625 761 962) filed a single modern slavery statement with the Australian Modern Slavery Register for the reporting period 2023-01-01 to 2023-12-31. The reporting entity is headquartered in Australia. The reporting entity has an annual revenue band of 150-200M. The reporting entity operates in the industry sectors: Financial, insurance and real estate activities. Register entry: https://modernslaveryregister.gov.au/statements/17928/.'}"
Modern slavery statement 2023-2907: ACQUIRE BPO PTY LTD,document,{'content': 'ACQUIRE BPO PTY LTD (ABN 91 115 574 635) filed a single modern slavery statement with the Australian Modern Slavery Register for the reporting period 2022-07-01 to 2023-06-30. The reporting entity is headquartered in Australia. The reporting entity has an annual revenue band of 250-300M. The reporting entity operates in the industry sectors: Other. Register entry: https://modernslaveryregister.gov.au/statements/15798/.'}
Modern slavery statement 2021-1386: PERSISTENT SYSTEMS LIMITED,document,{'content': 'PERSISTENT SYSTEMS LIMITED (ABN 72 161 144 270) filed a single modern slavery statement with the Australian Modern Slavery Register for the reporting period 2021-04-01 to 2022-03-30. The reporting entity is headquartered in India. The reporting entity has an annual revenue band of 800-900M. The reporting entity operates in the industry sectors: Information technology and telecommunication. Register entry: https://modernslaveryregister.gov.au/statements/3331/.'}
Modern slavery statement 2023-535: RIVIERA HOLDINGS (AUS) PTY LTD,document,"{'content': 'RIVIERA HOLDINGS (AUS) PTY LTD (ABN 96 169 709 415) filed a single modern slavery statement with the Australian Modern Slavery Register for the reporting period 2022-01-01 to 2022-12-31. The reporting entity is headquartered in Australia. The reporting entity has an annual revenue band of 500-600M. The reporting entity operates in the industry sectors: Food and beverages, agriculture and fishing. Register entry: https://modernslaveryregister.gov.au/statements/12874/.'}"
Modern slavery statement 2021-4206: ACROW FORMWORK AND CONSTRUCTION SERVICES LIMITED,document,"{'content': 'ACROW FORMWORK AND CONSTRUCTION SERVICES LIMITED (ABN 36 124 893 465) filed a single modern slavery statement with the Australian Modern Slavery Register for the reporting period 2020-07-01 to 2021-06-30. The reporting entity is headquartered in Australia. The reporting entity has an annual revenue band of 0-99M. The reporting entity operates in the industry sectors: Mining, metals, chemicals and resources (including oil and gas) Construction, civil engineering and building products. Register entry: https://modernslaveryregister.gov.au/statements/7291/.'}"
Modern slavery statement 2022-2395: OCEANIA (TOPCO) PTY LTD & Zimmermann Holdings Pty Ltd & ZIMMERMANN INTERNATIONAL PTY LIMITED et al.,document,"{'content': 'OCEANIA (TOPCO) PTY LTD (ABN 24 639 682 027), Zimmermann Holdings Pty Ltd (ABN 11 128 874 000), ZIMMERMANN INTERNATIONAL PTY LIMITED (ABN 11 165 012 199) and ZIMMERMANN WEAR PTY. LIMITED (ABN 13 062 643 609) filed a joint modern slavery statement with the Australian Modern Slavery Register for the reporting period 2021-07-01 to 2022-06-30. The reporting entities are headquartered in Australia. The reporting entities have an annual revenue band of Unknown. The reporting entities operate in the industry sectors: Fashion, textiles, apparel and luxury goods. Register entry: https://modernslaveryregister.gov.au/statements/11174/.'}"
Modern slavery statement 2025-1962: ENAEX AUSTRALIA PTY LTD,document,{'content': 'ENAEX AUSTRALIA PTY LTD (ABN 97 009 687 487) filed a single modern slavery statement with the Australian Modern Slavery Register for the reporting period 2024-01-01 to 2024-12-31. The reporting entity is headquartered in Chile. The reporting entity has an annual revenue band of 350-400M. The reporting entity operates in the industry sectors: Mining. Register entry: https://modernslaveryregister.gov.au/statements/24338/.'}
"Modern slavery statement 2024-423: TD Securities (USA) LLC, Toronto Dominion (South East Asia) Limited",document,"{'content': 'TD Securities (USA) LLC, Toronto Dominion (South East Asia) Limited filed a joint modern slavery statement with the Australian Modern Slavery Register for the reporting period 2022-11-01 to 2023-10-31. The reporting entity is headquartered in Singapore, United States of America. The reporting entity has an annual revenue band of 1BN+. The reporting entity operates in the industry sectors: Financial, insurance and real estate activities. Register entry: https://modernslaveryregister.gov.au/statements/17386/.'}"
Modern slavery statement 2024-40: MICHELL WOOL PTY LIMITED,document,"{'content': 'MICHELL WOOL PTY LIMITED (ABN 11 165 515 604) filed a joint modern slavery statement with the Australian Modern Slavery Register for the reporting period 2023-01-01 to 2023-12-31. The reporting entity is headquartered in Australia. The reporting entity has an annual revenue band of 100-150M. The reporting entity operates in the industry sectors: Fashion, textiles, apparel and luxury goods. The statement also covers the included entities: Michell 1870 Pty Ltd (17 131 393 112), Michell 1870 Yarns Pty Ltd (21 135 260 070), MICHELL DIRECT WOOL PTY LTD (20 001 576 978), MICHELL GREASY EXPORT PTY LTD (98 615 177 823), MICHELL INTERNATIONAL PTY LTD (23 106 969 359), Project 9 Pty Ltd (79 117 167 478), ROKELAY WOOLS PROPRIETARY LIMITED (46 004 379 695), TOPS SUPPLIES PTY LTD (79 000 018 253). Register entry: https://modernslaveryregister.gov.au/statements/16772/.'}"
Modern slavery statement 2025-3898: MONTU GROUP PTY LTD,document,"{'content': 'MONTU GROUP PTY LTD (ABN 35 634 198 360) filed a single modern slavery statement with the Australian Modern Slavery Register for the reporting period 2024-07-01 to 2025-06-30. The reporting entity is headquartered in Australia. The reporting entity has an annual revenue band of 100-150M. The reporting entity operates in the industry sectors: Health Care and Social Assistance Professional, Scientific and Technical Services. Register entry: https://modernslaveryregister.gov.au/statements/27021/.'}"
Modern slavery statement 2021-2855: COIL STEELS PTY LTD & UNITED STEEL PTY LTD,document,"{'content': 'COIL STEELS PTY LTD (ABN 63 605 323 573) and UNITED STEEL PTY LTD (ABN 67 605 323 591) filed a joint modern slavery statement with the Australian Modern Slavery Register for the reporting period 2020-07-01 to 2021-06-30. The reporting entities are headquartered in Australia. The reporting entities have an annual revenue band of 450-500M. The reporting entities operate in the industry sectors: Construction, civil engineering and building products. Register entry: https://modernslaveryregister.gov.au/statements/5736/.'}"
Modern slavery statement 2024-634: INSIGHT AUSTRALIA HOLDINGS PTY LTD & INSIGHT ENTERPRISES AUSTRALIA PTY LTD,document,{'content': 'INSIGHT AUSTRALIA HOLDINGS PTY LTD (ABN 24 073 091 406) and INSIGHT ENTERPRISES AUSTRALIA PTY LTD (ABN 47 058 645 677) filed a joint modern slavery statement with the Australian Modern Slavery Register for the reporting period 2023-01-01 to 2023-12-31. The reporting entities are headquartered in Australia. The reporting entities have an annual revenue band of 500-600M. The reporting entities operate in the industry sectors: Information technology and telecommunication. The statement also covers the included entities: INSIGHT ENTERPRISES AUSTRALIA PTY LTD (47 058 645 677). Register entry: https://modernslaveryregister.gov.au/statements/17685/.'}
"Modern slavery statement 2021-2078: Bridgewater Associates, LP",document,"{'content': 'Bridgewater Associates, LP filed a single modern slavery statement with the Australian Modern Slavery Register for the reporting period 2020-01-01 to 2020-12-31. The reporting entity is headquartered in United States of America. The reporting entity has an annual revenue band of 1BN+. The reporting entity operates in the industry sectors: Financial, insurance and real estate activities. Register entry: https://modernslaveryregister.gov.au/statements/4634/.'}"
Modern slavery statement 2021-2688: ALLIED PINNACLE PTY LIMITED,document,"{'content': 'ALLIED PINNACLE PTY LIMITED (ABN 85 161 203 005) filed a single modern slavery statement with the Australian Modern Slavery Register for the reporting period 2020-07-01 to 2021-06-30. The reporting entity is headquartered in Australia. The reporting entity has an annual revenue band of 700-800M. The reporting entity operates in the industry sectors: Food and beverages, agriculture and fishing. Register entry: https://modernslaveryregister.gov.au/statements/5489/.'}"
Modern slavery statement 2022-915: SAFRAN HELICOPTER ENGINES AUSTRALIA PTY LTD,document,"{'content': 'SAFRAN HELICOPTER ENGINES AUSTRALIA PTY LTD (ABN 49 063 102 198) filed a single modern slavery statement with the Australian Modern Slavery Register for the reporting period 2021-01-01 to 2021-12-31. The reporting entity is headquartered in Australia, France. The reporting entity has an annual revenue band of 100-150M. The reporting entity operates in the industry sectors: Defence and aerospace. Register entry: https://modernslaveryregister.gov.au/statements/9108/.'}"
Modern slavery statement 2022-3111: Vantage Fuels Pty Ltd,document,"{'content': 'Vantage Fuels Pty Ltd (ABN 24 151 023 040) filed a single modern slavery statement with the Australian Modern Slavery Register for the reporting period 2022-01-01 to 2022-12-31. The reporting entity is headquartered in Australia. The reporting entity has an annual revenue band of 200-250M. The reporting entity operates in the industry sectors: Food and beverages, agriculture and fishing Mining, metals, chemicals and resources (including oil and gas) Consumer services, including accommodation, hospitality, tourism and leisure. Register entry: https://modernslaveryregister.gov.au/statements/12024/.'}"
Modern slavery statement 2024-1781: MEIJI DAIRY AUSTRALASIA PTY LTD,document,"{'content': 'MEIJI DAIRY AUSTRALASIA PTY LTD (ABN 34 064 273 418) filed a single modern slavery statement with the Australian Modern Slavery Register for the reporting period 2023-04-01 to 2024-03-31. The reporting entity is headquartered in Australia. The reporting entity has an annual revenue band of 100-150M. The reporting entity operates in the industry sectors: Food and beverages, agriculture and fishing. Register entry: https://modernslaveryregister.gov.au/statements/19213/.'}"
Modern slavery statement 2022-981: OOH!MEDIA LIMITED,document,"{'content': 'OOH!MEDIA LIMITED (ABN 69 602 195 380) filed a single modern slavery statement with the Australian Modern Slavery Register for the reporting period 2021-01-01 to 2021-12-31. The reporting entity is headquartered in Australia. The reporting entity has an annual revenue band of 500-600M. The reporting entity operates in the industry sectors: Media, publishing, arts and entertainment. Register entry: https://modernslaveryregister.gov.au/statements/9185/.'}"
Modern slavery statement 2025-3079: IMB LTD,document,{'content': 'IMB LTD (ABN 92 087 651 974) filed a single modern slavery statement with the Australian Modern Slavery Register for the reporting period 2024-07-01 to 2025-06-30. The reporting entity is headquartered in Australia. The reporting entity has an annual revenue band of 450-500M. The reporting entity operates in the industry sectors: Financial and Insurance Services. Register entry: https://modernslaveryregister.gov.au/statements/26003/.'}
Modern slavery statement 2024-2437: THE DOUGLAS GROUP LTD,document,"{'content': 'THE DOUGLAS GROUP LTD (ABN 50 002 624 357) filed a single modern slavery statement with the Australian Modern Slavery Register for the reporting period 2023-07-01 to 2024-06-30. The reporting entity is headquartered in Australia. The reporting entity has an annual revenue band of 100-150M. The reporting entity operates in the industry sectors: Construction, civil engineering and building products Professional and administrative services and supplies, including legal, consulting and accounting services. The statement also covers the included entities: DOUGLAS PARTNERS PTY LTD (75 053 980 117), GROUND TEST PTY LTD (62 000 940 858). Register entry: https://modernslaveryregister.gov.au/statements/20089/.'}"
"Modern slavery statement 2025-3731: JAMES FRIZELLE'S AUTOMOTIVE GROUP PTY. LTD. & PENFOLD MOTORS BURWOOD PTY. LTD. & PETER WARREN AUTOMOTIVE HOLDINGS LIMITED, PETER WARREN AUTOMOTIVE PTY LTD et al.",document,"{'content': ""JAMES FRIZELLE'S AUTOMOTIVE GROUP PTY. LTD. (ABN 47 010 210 723), PENFOLD MOTORS BURWOOD PTY. LTD. (ABN 28 005 667 461), PETER WARREN AUTOMOTIVE HOLDINGS LIMITED, PETER WARREN AUTOMOTIVE PTY LTD (ABN 67 000 293 621) and WARWICK FARM AUTOMOTIVE PTY LIMITED (ABN 75 665 769 111) filed a joint modern slavery statement with the Australian Modern Slavery Register for the reporting period 2024-07-01 to 2025-06-30. The reporting entities are headquartered in Australia. The reporting entities have an annual revenue band of 1BN+. The reporting entities operate in the industry sectors: Retail Trade. Register entry: https://modernslaveryregister.gov.au/statements/26767/.""}"
"Modern slavery statement 2024-3583: HEARTLAND BANK AUSTRALIA LIMITED, Heartland Bank Limited, Heartland Group Holdings Limited",document,"{'content': 'HEARTLAND BANK AUSTRALIA LIMITED, Heartland Bank Limited, Heartland Group Holdings Limited filed a joint modern slavery statement with the Australian Modern Slavery Register for the reporting period 2023-07-01 to 2024-06-30. The reporting entity is headquartered in Australia, New Zealand. The reporting entity has an annual revenue band of 250-300M. The reporting entity operates in the industry sectors: Financial, insurance and real estate activities. The statement also covers the included entities: AUSTRALIAN SENIORS FINANCE PTY LIMITED, HEARTLAND AUSTRALIA GROUP PTY LIMITED, HEARTLAND AUSTRALIA HOLDINGS PTY LIMITED, HEARTLAND AUSTRALIA INVESTMENTS HOLDINGS PTY LTD, STOCKCO AGRICAPITAL PTY LIMITED, STOCKCO AUSTRALIA MANAGEMENT PTY LIMITED, STOCKCO FEEDLOT CAPITAL PTY LTD, STOCKCO FEEDLOT HOLDINGS PTY LTD, STOCKCO HOLDINGS 2 PTY LIMITED, STOCKCO HOLDINGS PTY LIMITED. Register entry: https://modernslaveryregister.gov.au/statements/21549/.'}"
"Modern slavery statement 2026-337: ADVANCED COLLECTION SYSTEMS PTY LTD, DEBTRAK NZ LTD, DEBTRAK PTY LIMITED, DEBTRAK SOFTWARE PTY LTD, DEBTRAK UK LIMITED, DOVE TECHNOLOGY PTY LTD, MASON BLACK LAWYERS PTY LTD, PRUSHKA FAST DEBT RECOVERY PTY LTD, RCL SERVICES PTE LTD, RECOVERIES CORPORATION HOLDINGS PTY LTD, RECOVERIES CORPORATION NEW ZEALAND LIMITED, RECOVERIES CORPORATION PTY LTD, SYMBOS AUSTRALIA HOLDINGS PTY LTD, SYMBOS BIDCO PTY LTD, SYMBOS CUSTOMER SOLUTIONS PTY LTD, SYMBOS CX PTY LTD, SYMBOS HOLDCO PTY LTD, SYMBOS INVESTMENT HOLDINGS PTY LTD, SYMBOS MANAGED SERVICES INC., SYMBOS MANAGED SERVICES PTY LTD, SYMBOS MIDCO PTY LTD, SYMBOS TOPCO PTY LTD",document,"{'content': 'ADVANCED COLLECTION SYSTEMS PTY LTD, DEBTRAK NZ LTD, DEBTRAK PTY LIMITED, DEBTRAK SOFTWARE PTY LTD, DEBTRAK UK LIMITED, DOVE TECHNOLOGY PTY LTD, MASON BLACK LAWYERS PTY LTD, PRUSHKA FAST DEBT RECOVERY PTY LTD, RCL SERVICES PTE LTD, RECOVERIES CORPORATION HOLDINGS PTY LTD, RECOVERIES CORPORATION NEW ZEALAND LIMITED, RECOVERIES CORPORATION PTY LTD, SYMBOS AUSTRALIA HOLDINGS PTY LTD, SYMBOS BIDCO PTY LTD, SYMBOS CUSTOMER SOLUTIONS PTY LTD, SYMBOS CX PTY LTD, SYMBOS HOLDCO PTY LTD, SYMBOS INVESTMENT HOLDINGS PTY LTD, SYMBOS MANAGED SERVICES INC., SYMBOS MANAGED SERVICES PTY LTD, SYMBOS MIDCO PTY LTD, SYMBOS TOPCO PTY LTD filed a joint modern slavery statement with the Australian Modern Slavery Register for the reporting period 2024-10-01 to 2025-09-30. The reporting entity is headquartered in United Kingdom, New Zealand, Philippines, Australia. The reporting entity has an annual revenue band of 100-150M. The reporting entity operates in the industry sectors: Administrative and Support Services Professional, Scientific and Technical Services. Register entry: https://modernslaveryregister.gov.au/statements/27566/.'}"
Modern slavery statement 2024-2009: ASTELLAS PHARMA AUSTRALIA PTY LTD,document,"{'content': 'ASTELLAS PHARMA AUSTRALIA PTY LTD (ABN 81 147 915 482) filed a single modern slavery statement with the Australian Modern Slavery Register for the reporting period 2023-04-01 to 2024-03-31. The reporting entity is headquartered in Australia, Japan. The reporting entity has an annual revenue band of 150-200M. The reporting entity operates in the industry sectors: Healthcare and pharmaceuticals. Register entry: https://modernslaveryregister.gov.au/statements/19411/.'}"
Modern slavery statement 2024-1704: GAMUDA BERHAD & GAMUDA ENGINEERING PTY LTD & GAMUDA HOLDING PTY LTD,document,"{'content': 'GAMUDA BERHAD (ABN 27 632 738 768), GAMUDA ENGINEERING PTY LTD (ABN 36 636 433 522) and GAMUDA HOLDING PTY LTD (ABN 81 665 763 020) filed a joint modern slavery statement with the Australian Modern Slavery Register for the reporting period 2022-07-01 to 2023-06-30. The reporting entities are headquartered in Australia. The reporting entities have an annual revenue band of 700-800M. The reporting entities operate in the industry sectors: Construction, civil engineering and building products. Register entry: https://modernslaveryregister.gov.au/statements/19098/.'}"
"Modern slavery statement 2022-481: Datadog, Inc., DATADOG IRELAND LIMITED",document,"{'content': 'Datadog, Inc., DATADOG IRELAND LIMITED (ABN 31 625 368 596) filed a joint modern slavery statement with the Australian Modern Slavery Register for the reporting period 2021-01-01 to 2021-12-31. The reporting entity is headquartered in United States of America. The reporting entity has an annual revenue band of 1BN+. The reporting entity operates in the industry sectors: Information technology and telecommunication. Register entry: https://modernslaveryregister.gov.au/statements/8419/.'}"
Modern slavery statement 2021-645: SYDNEY WATER CORPORATION,document,"{'content': 'SYDNEY WATER CORPORATION (ABN 49 776 225 038) filed a single modern slavery statement with the Australian Modern Slavery Register for the reporting period 2019-07-01 to 2020-06-30. The reporting entity is headquartered in Australia. The reporting entity has an annual revenue band of 1BN+. The reporting entity operates in the industry sectors: Utilities: gas, water and electricity. Register entry: https://modernslaveryregister.gov.au/statements/2274/.'}"
Modern slavery statement 2021-3128: J.L BEAUMONT & Others,document,"{'content': 'J.L BEAUMONT & Others (ABN 27 975 255 196) filed a single modern slavery statement with the Australian Modern Slavery Register for the reporting period 2020-07-01 to 2021-06-30. The reporting entity is headquartered in Australia. The reporting entity has an annual revenue band of 100-150M. The reporting entity operates in the industry sectors: Professional and administrative services and supplies, including legal, consulting and accounting services. Register entry: https://modernslaveryregister.gov.au/statements/6183/.'}"
Modern slavery statement 2022-1940: National Disability Insurance Agency,document,{'content': 'National Disability Insurance Agency (ABN 25 617 475 104) filed a single modern slavery statement with the Australian Modern Slavery Register for the reporting period 2021-07-01 to 2022-06-30. The reporting entity is headquartered in Australia. The reporting entity has an annual revenue band of 1BN+. The reporting entity operates in the industry sectors: Other. Register entry: https://modernslaveryregister.gov.au/statements/10436/.'}
Modern slavery statement 2024-2546: AUSTRALIAN FOUNDATION INVESTMENT COMPANY LIMITED,document,"{'content': 'AUSTRALIAN FOUNDATION INVESTMENT COMPANY LIMITED (ABN 56 004 147 120) filed a single modern slavery statement with the Australian Modern Slavery Register for the reporting period 2023-07-01 to 2024-06-30. The reporting entity is headquartered in Australia. The reporting entity has an annual revenue band of 300-350M. The reporting entity operates in the industry sectors: Financial, insurance and real estate activities. The statement also covers the included entities: AUSTRALIAN INVESTMENT COMPANY SERVICES LIMITED (40 117 732 635). Register entry: https://modernslaveryregister.gov.au/statements/20280/.'}"
Modern slavery statement 2021-4197: KOGAN.COM LTD,document,"{'content': 'KOGAN.COM LTD (ABN 96 612 447 293) filed a single modern slavery statement with the Australian Modern Slavery Register for the reporting period 2020-07-01 to 2021-06-30. The reporting entity is headquartered in Australia. The reporting entity has an annual revenue band of 700-800M. The reporting entity operates in the industry sectors: Durable consumer goods, including electronics and appliances, home furnishings and other accessories. Register entry: https://modernslaveryregister.gov.au/statements/7685/.'}"
Modern slavery statement 2024-3076: CENTRAL GIPPSLAND REGION WATER CORPORATION,document,"{'content': 'CENTRAL GIPPSLAND REGION WATER CORPORATION (ABN 75 830 750 413) filed a single modern slavery statement with the Australian Modern Slavery Register for the reporting period 2023-07-01 to 2024-06-30. The reporting entity is headquartered in Australia. The reporting entity has an annual revenue band of 150-200M. The reporting entity operates in the industry sectors: Utilities: gas, water and electricity. Register entry: https://modernslaveryregister.gov.au/statements/20973/.'}"
Modern slavery statement 2025-2090: OFX GROUP LIMITED,document,{'content': 'OFX GROUP LIMITED (ABN 12 165 602 273) filed a single modern slavery statement with the Australian Modern Slavery Register for the reporting period 2024-04-01 to 2025-03-31. The reporting entity is headquartered in Australia. The reporting entity has an annual revenue band of 200-250M. The reporting entity operates in the industry sectors: Financial and Insurance Services. Register entry: https://modernslaveryregister.gov.au/statements/24537/.'}
Modern slavery statement 2024-1889: CONTRACT RESOURCES GROUP PTY LTD,document,"{'content': 'CONTRACT RESOURCES GROUP PTY LTD filed a single modern slavery statement with the Australian Modern Slavery Register for the reporting period 2023-07-01 to 2024-06-30. The reporting entity is headquartered in Australia. The reporting entity has an annual revenue band of 250-300M. The reporting entity operates in the industry sectors: Mining, metals, chemicals and resources (including oil and gas). The statement also covers the included entities: CONTRACT RESOURCES PTY. LTD.. Register entry: https://modernslaveryregister.gov.au/statements/19362/.'}"
Modern slavery statement 2022-572: ESSO AUSTRALIA PTY LTD & ESSO AUSTRALIA RESOURCES PTY LTD & EXXONMOBIL AUSTRALIA PTY LTD et al.,document,"{'content': 'ESSO AUSTRALIA PTY LTD (ABN 49 000 018 566), ESSO AUSTRALIA RESOURCES PTY LTD (ABN 62 091 829 819), EXXONMOBIL AUSTRALIA PTY LTD (ABN 48 091 561 198), MOBIL AUSTRALIA RESOURCES COMPANY PTY LIMITED (ABN 38 000 113 217), MOBIL EXPLORATION & PRODUCING AUSTRALIA PTY LTD (ABN 81 004 588 827), MOBIL OIL AUSTRALIA PTY LTD (ABN 88 004 052 984), MOBIL PNG GAS HOLDINGS PTY LTD (ABN 35 008 633 707) and MOBIL REFINING AUSTRALIA PTY. LTD. (ABN 48 004 300 163) filed a joint modern slavery statement with the Australian Modern Slavery Register for the reporting period 2021-01-01 to 2021-12-31. The reporting entities are headquartered in Australia. The reporting entities have an annual revenue band of 1BN+. The reporting entities operate in the industry sectors: Mining, metals, chemicals and resources (including oil and gas). Register entry: https://modernslaveryregister.gov.au/statements/8576/.'}"
Modern slavery statement 2024-2436: COUNTRY GARDEN AUSTRALIA PTY LTD,document,{'content': 'COUNTRY GARDEN AUSTRALIA PTY LTD (ABN 45 165 045 125) filed a single modern slavery statement with the Australian Modern Slavery Register for the reporting period 2023-01-01 to 2023-12-31. The reporting entity is headquartered in China. The reporting entity has an annual revenue band of 100-150M. The reporting entity operates in the industry sectors: Other. The statement also covers the included entities: RISLAND AUSTRALIA PTY LTD. Register entry: https://modernslaveryregister.gov.au/statements/20111/.'}
Modern slavery statement 2021-2877: MITSUBISHI ELECTRIC AUSTRALIA PTY LTD,document,"{'content': 'MITSUBISHI ELECTRIC AUSTRALIA PTY LTD (ABN 58 001 215 792) filed a single modern slavery statement with the Australian Modern Slavery Register for the reporting period 2020-04-01 to 2021-03-30. The reporting entity is headquartered in Australia. The reporting entity has an annual revenue band of 400-450M. The reporting entity operates in the industry sectors: Durable consumer goods, including electronics and appliances, home furnishings and other accessories Transportation, logistics, and storage Defence and aerospace. Register entry: https://modernslaveryregister.gov.au/statements/5762/.'}"
Modern slavery statement 2024-633: HS FRESH FOOD HOLDING PTY LTD,document,"{'content': 'HS FRESH FOOD HOLDING PTY LTD (ABN 78 638 495 673) filed a single modern slavery statement with the Australian Modern Slavery Register for the reporting period 2022-07-01 to 2023-06-30. The reporting entity is headquartered in Australia. The reporting entity has an annual revenue band of 100-150M. The reporting entity operates in the industry sectors: Food and beverages, agriculture and fishing. The statement also covers the included entities: HS FRESH FARMS PTY LTD (76 638 495 664), HS FRESH FOOD PTY LTD (74 638 495 655), HS SALADS PTY LTD (68 640 565 966). Register entry: https://modernslaveryregister.gov.au/statements/17686/.'}"
Modern slavery statement 2021-3086: BRISBANE AIRPORT CORPORATION PTY LIMITED,document,"{'content': 'BRISBANE AIRPORT CORPORATION PTY LIMITED (ABN 54 076 870 650) filed a single modern slavery statement with the Australian Modern Slavery Register for the reporting period 2020-07-01 to 2021-06-30. The reporting entity is headquartered in Australia. The reporting entity has an annual revenue band of 350-400M. The reporting entity operates in the industry sectors: Transportation, logistics, and storage. Register entry: https://modernslaveryregister.gov.au/statements/6113/.'}"
Modern slavery statement 2024-3568: IVFA SUB-HOLDINGS PTY LTD & IVF AUSTRALIA PTY LTD & IVF FINANCE PTY LIMITED et al.,document,"{'content': 'IVFA SUB-HOLDINGS PTY LTD (ABN 47 129 884 751), IVF AUSTRALIA PTY LTD (ABN 54 098 082 109), IVF FINANCE PTY LIMITED (ABN 16 129 644 846), MELBOURNE I V F PTY. LTD. (ABN 48 007 243 352), OCEANIA VINEY BIDCO PTY LTD (ABN 60 660 206 735), QUEENSLAND FERTILITY GROUP PTY. LTD. (ABN 11 010 514 397), VINEY BIDCO PTY LTD (ABN 58 658 293 166), VINEY FINCO PTY LTD (ABN 19 658 292 570), VINEY HOLDCO PTY LTD (ABN 81 658 290 898), VINEY MIDCO PTY LTD (ABN 30 658 291 868), VIRTUS HEALTH PTY LTD (ABN 80 129 643 492) and VIRTUS HEALTH SPECIALIST DIAGNOSTICS PTY LIMITED (ABN 55 606 809 536) filed a joint modern slavery statement with the Australian Modern Slavery Register for the reporting period 2023-07-01 to 2024-06-30. The reporting entities are headquartered in Australia. The reporting entities have an annual revenue band of 300-350M. The reporting entities operate in the industry sectors: Healthcare and pharmaceuticals. The statement also covers the included entities: Aagaard Fertilitestklinkik Aps, ALEXANDRIA SPECIALIST DAY HOSPITAL PTY LTD (65 118 668 367), BREMIERA PTY LIMITED (71 092 193 096), CITY WEST SPECIALIST DAY HOSPITAL PTY LTD, COMPLETE FERTILITY LIMITED, Fertilitesklinikken Trianglen Aps, GOLD COAST OBSTETRICS & GYNAECOLOGY SPECIALIST SERVICES PTY LTD (16 090 042 229), HARI Limited, HOBART SPECIALIST DAY HOSPITAL PTY LTD (53 627 262 837), Hunter IVF Pty. Limited (75 100 968 643), IVF AUSTRALIA RESEARCH FOUNDATION (74 158 998 399), IVF Sunshine Coast Pty Ltd (49 114 868 521), LABSERVICES PTY LTD, MACKAY SPECIALIST DAY HOSPITAL PTY LIMITED (13 120 806 895), MELBOURNE IVF HOLDINGS PTY LTD, NORTH SHORE SPECIALIST DAY HOSPITAL PTY LTD (34 127 214 457), QUEENSLAND FERTILITY GROUP GOLD COAST PTY LTD (32 093 970 024), Queensland Fertility Group Research Foundation Limited (39 100 927 544), Sims Clinic Limited, Skejby Cryobank APS, SPRING HILL SPECIALIST DAY HOSPITAL PTY LIMITED, TAS IVF PTY LTD (77 122 826 939), Virtus Andrology Laboratory Singapore Pte. Ltd, Virtus Fertility Centre Singapore Pte. Ltd, VIRTUS HEALTH EUROPE LIMITED, Virtus Health Ireland Limited, Virtus Health Singapore Pte. Ltd, VIRTUS INNOVATIONS PTY LTD (83 630 442 189), VIRTUS VENTURES PTY LIMITED, Xentra Pharm Limited. Register entry: https://modernslaveryregister.gov.au/statements/21530/.'}"
Modern slavery statement 2021-3749: R.C. SADLEIR PTY LIMITED,document,"{'content': 'R.C. SADLEIR PTY LIMITED (ABN 65 008 667 052) filed a single modern slavery statement with the Australian Modern Slavery Register for the reporting period 2020-07-01 to 2021-06-30. The reporting entity is headquartered in Australia. The reporting entity has an annual revenue band of Unknown. The reporting entity operates in the industry sectors: Transportation, logistics, and storage. Register entry: https://modernslaveryregister.gov.au/statements/7121/.'}"
Modern slavery statement 2023-1251: Securecorp Pty Ltd,document,{'content': 'Securecorp Pty Ltd (ABN 40 128 998 649) filed a joint modern slavery statement with the Australian Modern Slavery Register for the reporting period 2022-01-01 to 2022-12-31. The reporting entity is headquartered in Australia. The reporting entity has an annual revenue band of 150-200M. The reporting entity operates in the industry sectors: Cleaning and security services. Register entry: https://modernslaveryregister.gov.au/statements/13881/.'}
Modern slavery statement 2021-2528: Nintex Pty Ltd,document,{'content': 'Nintex Pty Ltd (ABN 67 129 119 731) filed a joint modern slavery statement with the Australian Modern Slavery Register for the reporting period 2019-07-01 to 2020-06-30. The reporting entity is headquartered in United Kingdom. The reporting entity has an annual revenue band of 100-150M. The reporting entity operates in the industry sectors: Information technology and telecommunication. Register entry: https://modernslaveryregister.gov.au/statements/5236/.'}
Modern slavery statement 2021-2632: IDP EDUCATION LIMITED,document,{'content': 'IDP EDUCATION LIMITED (ABN 59 117 676 463) filed a single modern slavery statement with the Australian Modern Slavery Register for the reporting period 2020-07-01 to 2021-06-30. The reporting entity is headquartered in Australia. The reporting entity has an annual revenue band of 500-600M. The reporting entity operates in the industry sectors: Education and research. Register entry: https://modernslaveryregister.gov.au/statements/5409/.'}
Modern slavery statement 2025-1990: GROSVENOR ENGINEERING GROUP PTY LTD,document,{'content': 'GROSVENOR ENGINEERING GROUP PTY LTD (ABN 12 003 608 795) filed a single modern slavery statement with the Australian Modern Slavery Register for the reporting period 2024-07-01 to 2025-06-30. The reporting entity is headquartered in Australia. The reporting entity has an annual revenue band of 200-250M. The reporting entity operates in the industry sectors: Construction. Register entry: https://modernslaveryregister.gov.au/statements/24385/.'}
Modern slavery statement 2022-2354: HUON CONTRACTORS PTY LTD,document,"{'content': 'HUON CONTRACTORS PTY LTD (ABN 33 094 145 409) filed a single modern slavery statement with the Australian Modern Slavery Register for the reporting period 2021-07-01 to 2022-06-30. The reporting entity is headquartered in Australia. The reporting entity has an annual revenue band of 100-150M. The reporting entity operates in the industry sectors: Construction, civil engineering and building products. Register entry: https://modernslaveryregister.gov.au/statements/11118/.'}"
Modern slavery statement 2022-937: WA PLANTATION RESOURCES PTY LTD,document,"{'content': 'WA PLANTATION RESOURCES PTY LTD (ABN 98 094 151 792) filed a single modern slavery statement with the Australian Modern Slavery Register for the reporting period 2021-01-01 to 2021-12-31. The reporting entity is headquartered in Australia. The reporting entity has an annual revenue band of 100-150M. The reporting entity operates in the industry sectors: Forestry, timber products, paper and containers and packaging. Register entry: https://modernslaveryregister.gov.au/statements/9146/.'}"
Modern slavery statement 2024-1912: JFC AUSTRALIA CO PTY LTD,document,"{'content': 'JFC AUSTRALIA CO PTY LTD (ABN 36 003 080 260) filed a single modern slavery statement with the Australian Modern Slavery Register for the reporting period 2023-04-01 to 2024-03-31. The reporting entity is headquartered in Australia. The reporting entity has an annual revenue band of 250-300M. The reporting entity operates in the industry sectors: Food and beverages, agriculture and fishing. Register entry: https://modernslaveryregister.gov.au/statements/19395/.'}"
"Modern slavery statement 2022-537: MEGA INTERNATIONAL COMMERCIAL BANK CO., LTD.",document,"{'content': 'MEGA INTERNATIONAL COMMERCIAL BANK CO., LTD. (ABN 27 079 372 688) filed a single modern slavery statement with the Australian Modern Slavery Register for the reporting period 2021-01-01 to 2021-12-31. The reporting entity is headquartered in Taiwan. The reporting entity has an annual revenue band of 1BN+. The reporting entity operates in the industry sectors: Financial, insurance and real estate activities. Register entry: https://modernslaveryregister.gov.au/statements/8519/.'}"
Modern slavery statement 2021-2720: MULTI-COLOR CORPORATION AUSTRALIA PTY LTD,document,"{'content': 'MULTI-COLOR CORPORATION AUSTRALIA PTY LTD (ABN 68 007 514 856) filed a single modern slavery statement with the Australian Modern Slavery Register for the reporting period 2020-01-01 to 2020-12-31. The reporting entity is headquartered in United States of America. The reporting entity has an annual revenue band of 100-150M. The reporting entity operates in the industry sectors: Food and beverages, agriculture and fishing. Register entry: https://modernslaveryregister.gov.au/statements/5533/.'}"
Modern slavery statement 2025-326: RURAL PRESS PTY LIMITED,document,"{'content': 'RURAL PRESS PTY LIMITED filed a single modern slavery statement with the Australian Modern Slavery Register for the reporting period 2023-07-01 to 2024-06-30. The reporting entity is headquartered in Australia. The reporting entity has an annual revenue band of 200-250M. The reporting entity operates in the industry sectors: Media, publishing, arts and entertainment. The statement also covers the included entities: ACM - COMMUNITY NEWSPAPERS PTY LTD (77 000 310 654), ACM NEWS INVESTMENTS PTY LTD (36 676 479 646), ACM PRINT COMPANY PTY LTD (36 096 607 402), ACM - REGIONAL MEDIA (TASMANIA) PTY LTD (75 009 590 998), ACM - REGIONAL PRINTERS PTY LTD (25 066 327 106), AGRICULTURAL PUBLISHERS PTY. LIMITED (55 000 560 430), AGRI GROWTH INVESTMENTS PTY LTD (36 676 480 818), AGRI MARKETPLACES PTY LTD (25 676 544 700), COUNTRYCARS.COM.AU PTY LTD (51 115 162 975), CREATIVE HOUSE PUBLICATIONS PTY LTD (62 128 786 005), FARMBUY PTY LTD (50 665 093 069), HARRIS & CO. PTY. LIMITED (24 006 496 073), ILLAWARRA NEWSPAPERS HOLDINGS PTY LTD (95 000 075 025), MOUNTAIN PRESS PTY LTD (53 000 560 421), NEWCASTLE NEWSPAPERS PTY LTD (46 000 003 967), NEWSAGENTS DIRECT DISTRIBUTION PTY LTD (14 003 123 091), NORTHERN NEWSPAPERS PTY. LTD. (72 007 601 096), PORT LINCOLN TIMES PTY. LTD. (22 007 893 325), PORT STEPHENS PUBLISHERS PTY LTD (67 001 828 646), QUEENSLAND COMMUNITY NEWSPAPERS PTY. LTD. (34 010 272 241), REGIONAL PRINTERS PTY LIMITED (30 096 309 796), REGIONAL PUBLISHERS PTY LTD (20 000 014 700), REGIONAL PUBLISHERS (VICTORIA) PTY. LIMITED (13 007 215 287), REGIONAL PUBLISHERS (WESTERN VICTORIA) PTY. LIMITED (40 006 247 016), RURAL PRESS PRINTING PTY. LIMITED (35 009 896 146), RURAL PRESS PRINTING (VICTORIA) PTY LIMITED (55 004 810 511), RURAL PRESS QUEENSLAND PTY. LTD. (93 009 662 284), RURAL PRESS REGIONAL MEDIA (W.A.) PTY LIMITED (14 008 668 022), S.A. REGIONAL MEDIA PTY. LIMITED (87 007 983 575), STOCK JOURNAL PUBLISHERS PTY. LTD. (45 007 871 105), THE BAROSSA NEWS PTY. LIMITED (14 007 869 874), THE FEDERAL CAPITAL PRESS OF AUSTRALIA PTY. LIMITED (62 008 394 063), The Trustee for PORT STEPHENS PUBLISHERS TRUST (97 021 987 488), WEST AUSTRALIAN RURAL MEDIA PTY LTD (36 009 199 982), WESTERN AUSTRALIAN PRIMARY INDUSTRY PRESS PTY LTD (94 009 399 044). Register entry: https://modernslaveryregister.gov.au/statements/22050/.'}"
Modern slavery statement 2025-1931: Spark New Zealand Limited,document,{'content': 'Spark New Zealand Limited filed a single modern slavery statement with the Australian Modern Slavery Register for the reporting period 2024-07-01 to 2025-06-30. The reporting entity is headquartered in New Zealand. The reporting entity has an annual revenue band of 1BN+. The reporting entity operates in the industry sectors: Information Media and Telecommunications. Register entry: https://modernslaveryregister.gov.au/statements/24276/.'}
Modern slavery statement 2021-2933: ZENITAS HEALTHCARE PTY LTD,document,{'content': 'ZENITAS HEALTHCARE PTY LTD (ABN 78 009 074 588) filed a joint modern slavery statement with the Australian Modern Slavery Register for the reporting period 2020-07-01 to 2021-06-30. The reporting entity is headquartered in Australia. The reporting entity has an annual revenue band of 150-200M. The reporting entity operates in the industry sectors: Healthcare and pharmaceuticals. Register entry: https://modernslaveryregister.gov.au/statements/5834/.'}
Modern slavery statement 2022-1186: ANGLO AMERICAN METALLURGICAL COAL PTY LTD,document,"{'content': 'ANGLO AMERICAN METALLURGICAL COAL PTY LTD (ABN 93 076 059 679) filed a joint modern slavery statement with the Australian Modern Slavery Register for the reporting period 2021-01-01 to 2021-12-31. The reporting entity is headquartered in United Kingdom. The reporting entity has an annual revenue band of 1BN+. The reporting entity operates in the industry sectors: Mining, metals, chemicals and resources (including oil and gas). Register entry: https://modernslaveryregister.gov.au/statements/9444/.'}"
Modern slavery statement 2025-436: NATIONAL INTEGRATED SERVICES PTY LTD,document,{'content': 'NATIONAL INTEGRATED SERVICES PTY LTD (ABN 70 669 473 661) filed a single modern slavery statement with the Australian Modern Slavery Register for the reporting period 2024-01-01 to 2024-12-31. The reporting entity is headquartered in Australia. The reporting entity has an annual revenue band of 0-99M. The reporting entity operates in the industry sectors: Cleaning and security services. Register entry: https://modernslaveryregister.gov.au/statements/22296/.'}
Modern slavery statement 2022-2360: PRIME SUPER PTY LIMITED,document,"{'content': 'PRIME SUPER PTY LIMITED (ABN 81 067 241 016) filed a single modern slavery statement with the Australian Modern Slavery Register for the reporting period 2021-07-01 to 2022-06-30. The reporting entity is headquartered in Australia. The reporting entity has an annual revenue band of 0-99M. The reporting entity operates in the industry sectors: Financial, insurance and real estate activities. Register entry: https://modernslaveryregister.gov.au/statements/11136/.'}"
Modern slavery statement 2022-988: WOODWORX JOINERY HOLDINGS PTY LTD,document,"{'content': 'WOODWORX JOINERY HOLDINGS PTY LTD (ABN 98 619 223 773) filed a single modern slavery statement with the Australian Modern Slavery Register for the reporting period 2021-04-01 to 2022-03-30. The reporting entity is headquartered in Australia. The reporting entity has an annual revenue band of 0-99M. The reporting entity operates in the industry sectors: Construction, civil engineering and building products. Register entry: https://modernslaveryregister.gov.au/statements/9188/.'}"
Modern slavery statement 2021-2380: VITERRA AUSTRALIA HOLDINGS PTY LTD & VITERRA HOLDINGS PTY LTD,document,"{'content': 'VITERRA AUSTRALIA HOLDINGS PTY LTD (ABN 81 161 229 867) and VITERRA HOLDINGS PTY LTD (ABN 87 137 191 023) filed a joint modern slavery statement with the Australian Modern Slavery Register for the reporting period 2020-01-01 to 2020-12-31. The reporting entities are headquartered in Netherlands. The reporting entities have an annual revenue band of 1BN+. The reporting entities operate in the industry sectors: Food and beverages, agriculture and fishing Transportation, logistics, and storage. Register entry: https://modernslaveryregister.gov.au/statements/5002/.'}"
Modern slavery statement 2021-2607: HWG Holdings Pty limited,document,"{'content': 'HWG Holdings Pty limited (ABN 65 115 398 322) filed a joint modern slavery statement with the Australian Modern Slavery Register for the reporting period 2020-07-01 to 2021-06-30. The reporting entity is headquartered in Australia. The reporting entity has an annual revenue band of 500-600M. The reporting entity operates in the industry sectors: Food and beverages, agriculture and fishing. Register entry: https://modernslaveryregister.gov.au/statements/5369/.'}"
Modern slavery statement 2023-1885: The Trustee for the Carmichael Rail Network Trust,document,"{'content': 'The Trustee for the Carmichael Rail Network Trust (ABN 78 466 438 945) filed a single modern slavery statement with the Australian Modern Slavery Register for the reporting period 2022-04-01 to 2023-03-31. The reporting entity is headquartered in Australia. The reporting entity has an annual revenue band of 150-200M. The reporting entity operates in the industry sectors: Transportation, logistics, and storage. Register entry: https://modernslaveryregister.gov.au/statements/14734/.'}"
Modern slavery statement 2025-3879: INFOTRUST LTD,document,"{'content': 'INFOTRUST LTD filed a single modern slavery statement with the Australian Modern Slavery Register for the reporting period 2024-07-01 to 2025-06-30. The reporting entity is headquartered in Australia. The reporting entity has an annual revenue band of 100-150M. The reporting entity operates in the industry sectors: Professional, Scientific and Technical Services. The statement also covers the included entities: ANTTEL COMMUNICATIONS GROUP PTY LTD, BEACHHEAD GROUP PTY. LTD., BIGSCREENSOUND PTY LTD, BUSINESS TELECOM AUSTRALIA PTY LTD, FORENSIC IT SOLUTIONS PTY LTD, INFOSURETY HOLDINGS PTY LTD, INFOSURETY PTY LTD, INTALOCK (SPIRIT) CYBER SECURITY PTY LTD, NEXGEN CAPITAL PTY LTD, NEXGEN INVESTMENT GROUP PTY LTD, NOW IT SOLUTIONS PTY LTD, PHONE NAME MARKETING AUSTRALIA PTY LTD, RELIANCE TECHNOLOGY PTY. LTD., SPIRIT BUSINESS CENTRE PTY LTD, SPIRIT CAPITAL PTY LTD, SPIRIT TECHNOLOGY SERVICES PTY LTD, ST1 CORPORATE PTY LTD, ST1 PEOPLE PTY LTD, TRIDENT COMPUTER SERVICES PTY. LTD., Voice Print & Data Australia PTY LTD, VPDA GROUP HOLDINGS PTY LTD, WORLD WITHOUT WIRES PTY LTD. Register entry: https://modernslaveryregister.gov.au/statements/26999/.'}"
Modern slavery statement 2025-3912: BURBANK TRADING PTY LTD & CARPET CALL (HOLDINGS) PTY. LTD. & CARPET CALL (VIC.) PTY. LTD.,document,"{'content': ""BURBANK TRADING PTY LTD (ABN 37 011 066 934), CARPET CALL (HOLDINGS) PTY. LTD. (ABN 78 010 037 144) and CARPET CALL (VIC.) PTY. LTD. (ABN 34 005 702 232) filed a joint modern slavery statement with the Australian Modern Slavery Register for the reporting period 2024-07-01 to 2025-06-30. The reporting entities are headquartered in Australia. The reporting entities have an annual revenue band of 300-350M. The reporting entities operate in the industry sectors: Retail Trade. The statement also covers the included entities: CARPET CALL (QLD) PTY. LTD. (79 009 946 990), CARPET CALL (WA) PTY LTD (59 009 172 454), EDDIE'S CARPETLAND (QLD) PTY. LTD. (33 010 545 276), FLOOR STORES FRANCHISING PTY LTD (24 007 406 939), MODULAR SEATING PTY LTD (79 680 635 410). Register entry: https://modernslaveryregister.gov.au/statements/25610/.""}"
Modern slavery statement 2021-475: CSF PROTEINS PROPRIETARY LIMITED & RIDLEY AGRIPRODUCTS PTY LTD. & RIDLEY CORPORATION LIMITED,document,"{'content': 'CSF PROTEINS PROPRIETARY LIMITED (ABN 77 000 499 918), RIDLEY AGRIPRODUCTS PTY LTD. (ABN 94 006 544 145) and RIDLEY CORPORATION LIMITED (ABN 33 006 708 765) filed a joint modern slavery statement with the Australian Modern Slavery Register for the reporting period 2019-07-01 to 2020-06-30. The reporting entities are headquartered in Australia. The reporting entities have an annual revenue band of 1BN+. The reporting entities operate in the industry sectors: Food and beverages, agriculture and fishing. Register entry: https://modernslaveryregister.gov.au/statements/1951/.'}"
Modern slavery statement 2025-140: LIKEWIZE AUSTRALIA PTY LTD,document,"{'content': 'LIKEWIZE AUSTRALIA PTY LTD (ABN 58 111 399 752) filed a single modern slavery statement with the Australian Modern Slavery Register for the reporting period 2023-01-01 to 2023-12-31. The reporting entity is headquartered in Australia, India. The reporting entity has an annual revenue band of 700-800M. The reporting entity operates in the industry sectors: Other. Register entry: https://modernslaveryregister.gov.au/statements/21827/.'}"
Modern slavery statement 2020-328: NSW PORTS FINANCE CO PTY LIMITED & THE TRUSTEE FOR NSW PORTS PROPERTY HOLD TRUST & The Trustee for the Port Botany Unit Trust,document,"{'content': 'NSW PORTS FINANCE CO PTY LIMITED (ABN 83 161 943 497), THE TRUSTEE FOR NSW PORTS PROPERTY HOLD TRUST (ABN 25 674 171 329) and The Trustee for the Port Botany Unit Trust (ABN 25 855 834 182) filed a joint modern slavery statement with the Australian Modern Slavery Register for the reporting period 2019-07-01 to 2020-06-30. The reporting entities are headquartered in Australia. The reporting entities have an annual revenue band of 700-800M. The reporting entities operate in the industry sectors: Transportation, logistics, and storage. Register entry: https://modernslaveryregister.gov.au/statements/804/.'}"
Modern slavery statement 2024-2: VOLKSWAGEN GROUP AUSTRALIA PTY LTD,document,"{'content': 'VOLKSWAGEN GROUP AUSTRALIA PTY LTD (ABN 14 093 117 876) filed a joint modern slavery statement with the Australian Modern Slavery Register for the reporting period 2022-01-01 to 2022-12-31. The reporting entity is headquartered in Australia, Czech Republic, Germany, Spain. The reporting entity has an annual revenue band of 1BN+. The reporting entity operates in the industry sectors: Automotive, machinery and heavy electrical equipment. The statement also covers the included entities: Audi Australia Retail Operations Pty Ltd (60 127 270 400). Register entry: https://modernslaveryregister.gov.au/statements/16715/.'}"
Modern slavery statement 2024-161: TOTAL AMS PTY LTD,document,"{'content': 'TOTAL AMS PTY LTD (ABN 81 091 839 619) filed a joint modern slavery statement with the Australian Modern Slavery Register for the reporting period 2022-07-01 to 2023-06-30. The reporting entity is headquartered in Australia. The reporting entity has an annual revenue band of 200-250M. The reporting entity operates in the industry sectors: Transportation, logistics, and storage Other. The statement also covers the included entities: TAMS GROUP QUEENSLAND PTY LTD (31 108 258 019). Register entry: https://modernslaveryregister.gov.au/statements/16963/.'}"
Modern slavery statement 2021-3463: ZENVIRON PTY LTD,document,"{'content': 'ZENVIRON PTY LTD (ABN 87 612 344 313) filed a single modern slavery statement with the Australian Modern Slavery Register for the reporting period 2020-07-01 to 2021-06-30. The reporting entity is headquartered in Australia. The reporting entity has an annual revenue band of 100-150M. The reporting entity operates in the industry sectors: Construction, civil engineering and building products. Register entry: https://modernslaveryregister.gov.au/statements/6699/.'}"
Modern slavery statement 2021-1315: JADE KING HOLDINGS PTY LTD,document,"{'content': 'JADE KING HOLDINGS PTY LTD (ABN 86 611 994 917) filed a single modern slavery statement with the Australian Modern Slavery Register for the reporting period 2020-01-01 to 2020-12-31. The reporting entity is headquartered in Australia. The reporting entity has an annual revenue band of 0-99M. The reporting entity operates in the industry sectors: Food and beverages, agriculture and fishing. Register entry: https://modernslaveryregister.gov.au/statements/3233/.'}"
Modern slavery statement 2022-560: VGI PARTNERS LIMITED,document,"{'content': 'VGI PARTNERS LIMITED (ABN 33 129 188 450) filed a single modern slavery statement with the Australian Modern Slavery Register for the reporting period 2021-01-01 to 2021-12-31. The reporting entity is headquartered in Australia. The reporting entity has an annual revenue band of 0-99M. The reporting entity operates in the industry sectors: Financial, insurance and real estate activities. Register entry: https://modernslaveryregister.gov.au/statements/8008/.'}"
Modern slavery statement 2025-1790: VISION EYE INSTITUTE LIMITED,document,"{'content': 'VISION EYE INSTITUTE LIMITED (ABN 21 098 890 816) filed a single modern slavery statement with the Australian Modern Slavery Register for the reporting period 2024-01-01 to 2024-12-31. The reporting entity is headquartered in Australia. The reporting entity has an annual revenue band of 150-200M. The reporting entity operates in the industry sectors: Health Care and Social Assistance. The statement also covers the included entities: ICON LASER (AUST) PTY LTD (57 094 059 220), LEE LENTON MEDICAL PTY. LTD. (15 010 616 038), MACQUARIE EYE CENTRE PTY LTD (45 103 788 129), P H HUGHES PTY LTD (53 002 678 284), Swordfish Nominees Pty Ltd (84 088 487 432), THE EYE CENTRE PTY LIMITED (37 082 489 165), THE EYE INSTITUTE PTY. LIMITED (53 073 751 756), VEI PROPERTIES PTY LIMITED (27 106 763 562), VEI SERVICES PTY LIMITED (94 097 821 906), VEI WHOLESALE PTY. LTD. (37 606 188 185), Vision Group Gold Coast Pty Limited (54 104 778 805), Vision Group North Qld Pty Limited (22 107 339 444). Register entry: https://modernslaveryregister.gov.au/statements/23940/.'}"
"Modern slavery statement 2025-861: 7-ELEVEN AUSTRALIA PTY. LIMITED, 7-ELEVEN STORES PTY LTD, 7 HOLDINGS PTY. LTD., AR BIDCO PTY LTD, AR HOLDCO PTY LTD, CONVENIENCE GROUP HOLDINGS PTY LTD, CONVENIENCE HOLDINGS PTY LTD, SEA PLANT & EQUIPMENT PTY. LTD.",document,"{'content': '7-ELEVEN AUSTRALIA PTY. LIMITED, 7-ELEVEN STORES PTY LTD, 7 HOLDINGS PTY. LTD., AR BIDCO PTY LTD, AR HOLDCO PTY LTD, CONVENIENCE GROUP HOLDINGS PTY LTD, CONVENIENCE HOLDINGS PTY LTD, SEA PLANT & EQUIPMENT PTY. LTD. filed a joint modern slavery statement with the Australian Modern Slavery Register for the reporting period 2023-07-01 to 2024-12-31. The reporting entity is headquartered in Australia. The reporting entity has an annual revenue band of 1BN+. The reporting entity operates in the industry sectors: Food and beverages, agriculture and fishing. The statement also covers the included entities: 7-ELEVEN AUSTRALIA PTY. LIMITED, 7-ELEVEN STORES PTY LTD, 7 HOLDINGS PTY. LTD., AR BIDCO PTY LTD, CONVENIENCE GROUP HOLDINGS PTY LTD, CONVENIENCE HOLDINGS PTY LTD, SEA PLANT & EQUIPMENT PTY. LTD.. Register entry: https://modernslaveryregister.gov.au/statements/22943/.'}"
Modern slavery statement 2025-1317: PE WHEATSTONE PTY LTD,document,"{'content': 'PE WHEATSTONE PTY LTD filed a single modern slavery statement with the Australian Modern Slavery Register for the reporting period 2024-01-01 to 2024-12-31. The reporting entity is headquartered in Australia. The reporting entity has an annual revenue band of 900M-1BN. The reporting entity operates in the industry sectors: Utilities: gas, water and electricity. Register entry: https://modernslaveryregister.gov.au/statements/23580/.'}"
Modern slavery statement 2023-255: SIEMENS MOBILITY PTY. LTD.,document,"{'content': 'SIEMENS MOBILITY PTY. LTD. (ABN 39 625 304 556) filed a single modern slavery statement with the Australian Modern Slavery Register for the reporting period 2021-10-01 to 2022-09-30. The reporting entity is headquartered in Australia, Germany. The reporting entity has an annual revenue band of 300-350M. The reporting entity operates in the industry sectors: Transportation, logistics, and storage Other. Register entry: https://modernslaveryregister.gov.au/statements/12451/.'}"
Modern slavery statement 2024-1283: The Trustee for HENLEY ARCH UNIT TRUST,document,"{'content': 'The Trustee for HENLEY ARCH UNIT TRUST (ABN 61 415 474 786) filed a single modern slavery statement with the Australian Modern Slavery Register for the reporting period 2023-01-01 to 2023-12-31. The reporting entity is headquartered in Australia. The reporting entity has an annual revenue band of 900M-1BN. The reporting entity operates in the industry sectors: Construction, civil engineering and building products. The statement also covers the included entities: Edgewater Homes Pty Ltd (36 141 446 102), HENLEY PROPERTIES (QLD) PTY. LTD. (42 068 886 000). Register entry: https://modernslaveryregister.gov.au/statements/18605/.'}"
Modern slavery statement 2021-1111: JOHNSON CONTROLS HOLDING AUSTRALIA PTY. LTD.,document,"{'content': 'JOHNSON CONTROLS HOLDING AUSTRALIA PTY. LTD. (ABN 86 102 631 158) filed a single modern slavery statement with the Australian Modern Slavery Register for the reporting period 2019-10-01 to 2020-09-30. The reporting entity is headquartered in Australia. The reporting entity has an annual revenue band of 200-250M. The reporting entity operates in the industry sectors: Construction, civil engineering and building products. Register entry: https://modernslaveryregister.gov.au/statements/3022/.'}"
Modern slavery statement 2024-1197: FIS AUSTRALASIA PTY LTD,document,"{'content': 'FIS AUSTRALASIA PTY LTD (ABN 45 093 114 759) filed a single modern slavery statement with the Australian Modern Slavery Register for the reporting period 2023-01-01 to 2023-12-31. The reporting entity is headquartered in United States of America. The reporting entity has an annual revenue band of 100-150M. The reporting entity operates in the industry sectors: Financial, insurance and real estate activities. Register entry: https://modernslaveryregister.gov.au/statements/18258/.'}"
"Modern slavery statement 2020-483: Envirolab, Envirolab Group, Envirolab Group, Envirolab Group",document,"{'content': 'Envirolab, Envirolab Group, Envirolab Group, Envirolab Group filed a joint modern slavery statement with the Australian Modern Slavery Register for the reporting period 2019-07-01 to 2020-06-30. The reporting entity is headquartered in Australia. The reporting entity has an annual revenue band of 0-99M. The reporting entity operates in the industry sectors: Other. Register entry: https://modernslaveryregister.gov.au/statements/496/.'}"
Modern slavery statement 2025-662: ENERGYAUSTRALIA AUSPOWER PTY LTD & ENERGYAUSTRALIA ECOGEN PTY LTD & ENERGYAUSTRALIA HOLDINGS LIMITED et al.,document,"{'content': 'ENERGYAUSTRALIA AUSPOWER PTY LTD (ABN 83 073 060 054), ENERGYAUSTRALIA ECOGEN PTY LTD (ABN 86 086 589 611), ENERGYAUSTRALIA HOLDINGS LIMITED (ABN 57 101 876 135), ENERGYAUSTRALIA INVESTMENTS PTY LTD (ABN 27 113 121 592), ENERGYAUSTRALIA NSW PTY LTD (ABN 75 163 935 635), ENERGYAUSTRALIA PTY LTD (ABN 99 086 014 968), ENERGYAUSTRALIA TALLAWARRA PTY LTD (ABN 69 081 074 142) and ENERGYAUSTRALIA YALLOURN PTY LTD (ABN 47 065 325 224) filed a joint modern slavery statement with the Australian Modern Slavery Register for the reporting period 2024-01-01 to 2024-12-31. The reporting entities are headquartered in Australia. The reporting entities have an annual revenue band of 1BN+. The reporting entities operate in the industry sectors: Utilities: gas, water and electricity. The statement also covers the included entities: CATHEDRAL ROCKS INVESTMENTS PTY LTD (36 109 074 900), CHERRY SOLAR SOLUTIONS PTY LTD, ECHO GROUP CORPORATION PTY LTD, ENERGYAUSTRALIA ASSET MGT PTY LTD, ENERGYAUSTRALIA CUSTOMER SERVICES PTY LTD, ENERGYAUSTRALIA DEVELOPMENT PTY LTD, ENERGYAUSTRALIA ECOGEN PTY LTD, ENERGYAUSTRALIA FINANCE PTY LTD, ENERGYAUSTRALIA GEELONG PTY LTD, ENERGYAUSTRALIA GOULBURN HOLDINGS PTY LTD, ENERGYAUSTRALIA GOULBURN PTY LTD, ENERGYAUSTRALIA HALLETT PTY LTD, ENERGYAUSTRALIA HOME SERVICES PTY LTD, ENERGYAUSTRALIA MANAGEMENT PTY LTD, ENERGYAUSTRALIA MARULAN HOLDINGS PTY LTD, ENERGYAUSTRALIA MARULAN PTY LTD, ENERGYAUSTRALIA NARRABRI GAS HOLDINGS PTY LTD, ENERGYAUSTRALIA POWER PTY LTD, ENERGYAUSTRALIA QUEENSLAND PTY LTD, ENERGYAUSTRALIA RENEWABLE DEVELOPMENTS PTY LTD, ENERGYAUSTRALIA RENEWABLES PTY LTD, ENERGYAUSTRALIA RETAIL SERVICES PTY LTD, ENERGYAUSTRALIA SERVICES PTY LTD, ENERGYAUSTRALIA TALLAWARRA PIPELINES PTY LTD, ENHANCE PLACE PTY LIMITED, LITTIL PTY LTD, MEZZCO PTY LIMITED, THE EMBEDDED NETWORKS COMPANY PTY LTD. Register entry: https://modernslaveryregister.gov.au/statements/22652/.'}"
Modern slavery statement 2022-190: LEGEND CORPORATION PTY LTD,document,"{'content': 'LEGEND CORPORATION PTY LTD (ABN 69 102 631 087) filed a single modern slavery statement with the Australian Modern Slavery Register for the reporting period 2020-07-01 to 2021-06-30. The reporting entity is headquartered in Australia. The reporting entity has an annual revenue band of 100-150M. The reporting entity operates in the industry sectors: Durable consumer goods, including electronics and appliances, home furnishings and other accessories Information technology and telecommunication. Register entry: https://modernslaveryregister.gov.au/statements/7975/.'}"
Modern slavery statement 2023-2415: THE TRUSTEE FOR APOSTLE DUNDAS GLOBAL EQUITY FUND,document,"{'content': 'THE TRUSTEE FOR APOSTLE DUNDAS GLOBAL EQUITY FUND (ABN 43 266 864 238) filed a single modern slavery statement with the Australian Modern Slavery Register for the reporting period 2022-07-01 to 2023-06-30. The reporting entity is headquartered in Australia. The reporting entity has an annual revenue band of 100-150M. The reporting entity operates in the industry sectors: Financial, insurance and real estate activities. Register entry: https://modernslaveryregister.gov.au/statements/15501/.'}"
Modern slavery statement 2022-2437: The Trustee for FIDUCIAN SUPERANNUATION SERVICE,document,"{'content': 'The Trustee for FIDUCIAN SUPERANNUATION SERVICE (ABN 57 929 339 093) filed a single modern slavery statement with the Australian Modern Slavery Register for the reporting period 2021-07-01 to 2022-06-30. The reporting entity is headquartered in Australia. The reporting entity has an annual revenue band of 0-99M. The reporting entity operates in the industry sectors: Financial, insurance and real estate activities. Register entry: https://modernslaveryregister.gov.au/statements/11244/.'}"
Modern slavery statement 2023-1396: GIBSON'S LIMITED,document,"{'content': ""GIBSON'S LIMITED (ABN 23 009 476 064) filed a single modern slavery statement with the Australian Modern Slavery Register for the reporting period 2022-01-01 to 2022-12-31. The reporting entity is headquartered in Australia. The reporting entity has an annual revenue band of 200-250M. The reporting entity operates in the industry sectors: Food and beverages, agriculture and fishing. Register entry: https://modernslaveryregister.gov.au/statements/14037/.""}"
Modern slavery statement 2021-2692: YFG Shopping Centres Pty Ltd as trustee for The Fu Family Trust,document,"{'content': 'YFG Shopping Centres Pty Ltd as trustee for The Fu Family Trust filed a single modern slavery statement with the Australian Modern Slavery Register for the reporting period 2019-07-01 to 2020-06-30. The reporting entity is headquartered in Australia. The reporting entity has an annual revenue band of 100-150M. The reporting entity operates in the industry sectors: Financial, insurance and real estate activities. Register entry: https://modernslaveryregister.gov.au/statements/5394/.'}"
"Modern slavery statement 2024-3088: KELSIAN GROUP LIMITED & SWAN TRANSIT PTY LTD, TORRENS TRANSIT PTY LTD, TRANSIT SYSTEMS NSW PTY LTD, Transit Systems Pty Ltd, TRANSIT SYSTEMS WEST PTY LTD",document,"{'content': 'KELSIAN GROUP LIMITED (ABN 49 109 078 257) and SWAN TRANSIT PTY LTD, TORRENS TRANSIT PTY LTD, TRANSIT SYSTEMS NSW PTY LTD, Transit Systems Pty Ltd, TRANSIT SYSTEMS WEST PTY LTD filed a joint modern slavery statement with the Australian Modern Slavery Register for the reporting period 2023-07-01 to 2024-06-30. The reporting entities are headquartered in Australia. The reporting entities have an annual revenue band of 1BN+. The reporting entities operate in the industry sectors: Transportation, logistics, and storage Consumer services, including accommodation, hospitality, tourism and leisure. The statement also covers the included entities: SWAN TRANSIT PTY LTD, TORRENS TRANSIT PTY LTD, TRANSIT SYSTEMS NSW PTY LTD, Transit Systems Pty Ltd, TRANSIT SYSTEMS WEST PTY LTD. Register entry: https://modernslaveryregister.gov.au/statements/20993/.'}"
Modern slavery statement 2025-3688: ESTEE LAUDER PTY. LIMITED,document,{'content': 'ESTEE LAUDER PTY. LIMITED (ABN 63 008 444 719) filed a single modern slavery statement with the Australian Modern Slavery Register for the reporting period 2024-07-01 to 2025-06-30. The reporting entity is headquartered in United States of America. The reporting entity has an annual revenue band of 300-350M. The reporting entity operates in the industry sectors: Wholesale Trade Retail Trade. Register entry: https://modernslaveryregister.gov.au/statements/26782/.'}
Modern slavery statement 2022-740: GENERAL REINSURANCE AUSTRALIA LTD & GENERAL REINSURANCE LIFE AUSTRALIA LTD,document,"{'content': 'GENERAL REINSURANCE AUSTRALIA LTD (ABN 16 008 427 450) and GENERAL REINSURANCE LIFE AUSTRALIA LTD (ABN 73 002 166 869) filed a joint modern slavery statement with the Australian Modern Slavery Register for the reporting period 2021-01-01 to 2021-12-31. The reporting entities are headquartered in Australia. The reporting entities have an annual revenue band of 700-800M. The reporting entities operate in the industry sectors: Financial, insurance and real estate activities. Register entry: https://modernslaveryregister.gov.au/statements/8860/.'}"
Modern slavery statement 2025-3313: CTI LOGISTICS LIMITED,document,"{'content': 'CTI LOGISTICS LIMITED (ABN 69 008 778 925) filed a single modern slavery statement with the Australian Modern Slavery Register for the reporting period 2024-07-01 to 2025-06-30. The reporting entity is headquartered in Australia. The reporting entity has an annual revenue band of 300-350M. The reporting entity operates in the industry sectors: Transport, Postal and Warehousing. The statement also covers the included entities: ACTION LOGISTICS (WA) PTY LTD (74 009 151 008), BRING TRANSPORT INDUSTRIES PTY LTD (73 008 767 155), CTI COURIERS PTY LTD (17 051 430 338), CTI FREIGHTLINES PTY LTD (22 009 291 310), CTI FREIGHT MANAGEMENT PTY LTD (34 009 391 431), CTI FREIGHT SYSTEMS PTY LTD (66 009 472 628), CTI LOGISTICS (NSW) PTY LTD (82 153 063 382), CTI LOGISTICS (VIC) PTY LTD (26 063 795 568), CTI NATIONWIDE LOGISTICS PTY LTD (86 009 265 347), CTI RECORDS MANAGEMENT PTY LTD (71 083 767 999), CTI SECURITY SERVICES PTY LTD (83 009 236 104), CTI SECURITY SYSTEMS PTY LTD (72 009 302 032), CTI TAXI TRUCKS PTY LTD (82 008 777 731), CTI TRANSPORT SERVICES PTY LTD (44 009 238 439), CTI TRANSPORT SYSTEMS PTY LTD (76 009 139 315), CTI XPRESS SYSTEMS PTY LTD (45 067 742 714), FOXLINE LOGISTICS PTY LTD (96 086 449 952), G.M. KANE & SONS PTY LTD (17 000 408 800), MERCURY MESSENGERS PTY LTD (21 008 779 093). Register entry: https://modernslaveryregister.gov.au/statements/26324/.'}"
Modern slavery statement 2024-3139: DeBortoli WInes,document,"{'content': 'DeBortoli WInes (ABN 00 077 146 672) filed a single modern slavery statement with the Australian Modern Slavery Register for the reporting period 2023-07-01 to 2024-06-30. The reporting entity is headquartered in Australia. The reporting entity has an annual revenue band of 100-150M. The reporting entity operates in the industry sectors: Food and beverages, agriculture and fishing. Register entry: https://modernslaveryregister.gov.au/statements/21069/.'}"
Modern slavery statement 2024-2856: HISENSE AUSTRALIA PTY LTD,document,"{'content': 'HISENSE AUSTRALIA PTY LTD (ABN 55 105 022 080) filed a single modern slavery statement with the Australian Modern Slavery Register for the reporting period 2023-01-01 to 2023-12-31. The reporting entity is headquartered in China. The reporting entity has an annual revenue band of 400-450M. The reporting entity operates in the industry sectors: Durable consumer goods, including electronics and appliances, home furnishings and other accessories. Register entry: https://modernslaveryregister.gov.au/statements/20680/.'}"
Modern slavery statement 2023-2993: AGL ENERGY LIMITED,document,"{'content': 'AGL ENERGY LIMITED (ABN 74 115 061 375) filed a joint modern slavery statement with the Australian Modern Slavery Register for the reporting period 2022-07-01 to 2023-06-30. The reporting entity is headquartered in Australia. The reporting entity has an annual revenue band of 1BN+. The reporting entity operates in the industry sectors: Utilities: gas, water and electricity Information technology and telecommunication. The statement also covers the included entities: ENERGY 360 PTY LTD (21 143 440 260), OVO ENERGY PTY LTD (99 623 475 089). Register entry: https://modernslaveryregister.gov.au/statements/16119/.'}"
Modern slavery statement 2023-2192: AFGRI AUSTRALIA PTY LTD,document,"{'content': 'AFGRI AUSTRALIA PTY LTD (ABN 14 103 619 067) filed a single modern slavery statement with the Australian Modern Slavery Register for the reporting period 2022-04-01 to 2023-03-31. The reporting entity is headquartered in Australia. The reporting entity has an annual revenue band of 700-800M. The reporting entity operates in the industry sectors: Food and beverages, agriculture and fishing. Register entry: https://modernslaveryregister.gov.au/statements/15172/.'}"
Modern slavery statement 2022-1691: Yamaha Music Australia,document,"{'content': 'Yamaha Music Australia (ABN 84 004 259 527) filed a joint modern slavery statement with the Australian Modern Slavery Register for the reporting period 2021-04-01 to 2022-03-30. The reporting entity is headquartered in Australia, Japan. The reporting entity has an annual revenue band of 100-150M. The reporting entity operates in the industry sectors: Durable consumer goods, including electronics and appliances, home furnishings and other accessories. Register entry: https://modernslaveryregister.gov.au/statements/10181/.'}"
Modern slavery statement 2023-2983: ADAMANTEM CAPITAL HOLDINGS PTY LTD,document,"{'content': 'ADAMANTEM CAPITAL HOLDINGS PTY LTD (ABN 63 606 371 724) filed a joint modern slavery statement with the Australian Modern Slavery Register for the reporting period 2022-07-01 to 2023-06-30. The reporting entity is headquartered in Australia. The reporting entity has an annual revenue band of 0-99M. The reporting entity operates in the industry sectors: Financial, insurance and real estate activities. The statement also covers the included entities: ADAMANTEM CAPITAL PTY LTD (91 614 857 037), MELIOR INVESTMENT MANAGEMENT PTY LTD (16 629 013 896). Register entry: https://modernslaveryregister.gov.au/statements/16235/.'}"
Modern slavery statement 2025-2644: AUSTRALIAN REGISTRY FINANCE PTY LTD & AUSTRALIAN REGISTRY INVESTMENTS PTY LTD,document,"{'content': 'AUSTRALIAN REGISTRY FINANCE PTY LTD (ABN 38 617 925 916) and AUSTRALIAN REGISTRY INVESTMENTS PTY LTD (ABN 79 617 926 020) filed a joint modern slavery statement with the Australian Modern Slavery Register for the reporting period 2024-07-01 to 2025-06-30. The reporting entities are headquartered in Australia. The reporting entities have an annual revenue band of 250-300M. The reporting entities operate in the industry sectors: Rental, Hiring and Real Estate Services. The statement also covers the included entities: AUSTRALIAN REGISTRY HOLDINGS PTY LTD (44 617 925 943), AUSTRALIAN REGISTRY SERVICES PTY LTD (75 617 926 066), THE TRUSTEE FOR AUSTRALIAN REGISTRY HOLDINGS TRUST (80 728 447 273), The Trustee for Australian Registry Investments Trust (23 519 493 925), The Trustee for Australian Registry Services Trust (60 488 993 202). Register entry: https://modernslaveryregister.gov.au/statements/25374/.'}"
"Modern slavery statement 2024-2065: CITIC AUSTRALIA COAL PTY LTD, CITIC AUSTRALIA COPPABELLA PTY LTD, CITIC AUSTRALIA (PORTLAND) PTY. LIMITED, CITIC RESOURCES AUSTRALIA PTY LTD, CRH TRADING PTY LTD",document,"{'content': 'CITIC AUSTRALIA COAL PTY LTD, CITIC AUSTRALIA COPPABELLA PTY LTD, CITIC AUSTRALIA (PORTLAND) PTY. LIMITED, CITIC RESOURCES AUSTRALIA PTY LTD, CRH TRADING PTY LTD filed a joint modern slavery statement with the Australian Modern Slavery Register for the reporting period 2023-01-01 to 2023-12-31. The reporting entity is headquartered in Australia. The reporting entity has an annual revenue band of 400-450M. The reporting entity operates in the industry sectors: Mining, metals, chemicals and resources (including oil and gas). Register entry: https://modernslaveryregister.gov.au/statements/19587/.'}"
Modern slavery statement 2023-375: EMERALD GRAIN PTY LTD,document,"{'content': 'EMERALD GRAIN PTY LTD (ABN 82 109 203 054) filed a single modern slavery statement with the Australian Modern Slavery Register for the reporting period 2021-04-01 to 2022-03-31. The reporting entity is headquartered in Australia. The reporting entity has an annual revenue band of 1BN+. The reporting entity operates in the industry sectors: Food and beverages, agriculture and fishing. Register entry: https://modernslaveryregister.gov.au/statements/12619/.'}"
"Modern slavery statement 2025-2360: CFG FINANCE PTY LIMITED, COLLINS FOODS FINANCE PTY LIMITED, COLLINS FOODS GROUP PTY LTD, Collins Foods Holding Pty Limited, COLLINS FOODS LIMITED, COLLINS RESTAURANTS QUEENSLAND PTY LTD, COLLINS RESTAURANTS SOUTH PTY LTD, COLLINS RESTAURANTS WEST PTY LTD, FISCAL NOMINEES COMPANY PTY LTD",document,"{'content': 'CFG FINANCE PTY LIMITED, COLLINS FOODS FINANCE PTY LIMITED, COLLINS FOODS GROUP PTY LTD, Collins Foods Holding Pty Limited, COLLINS FOODS LIMITED, COLLINS RESTAURANTS QUEENSLAND PTY LTD, COLLINS RESTAURANTS SOUTH PTY LTD, COLLINS RESTAURANTS WEST PTY LTD, FISCAL NOMINEES COMPANY PTY LTD filed a joint modern slavery statement with the Australian Modern Slavery Register for the reporting period 2024-04-29 to 2025-04-27. The reporting entity is headquartered in Australia. The reporting entity has an annual revenue band of 1BN+. The reporting entity operates in the industry sectors: Accommodation and Food Services. Register entry: https://modernslaveryregister.gov.au/statements/24950/.'}"
Modern slavery statement 2023-1865: ARENA REIT LIMITED,document,"{'content': 'ARENA REIT LIMITED (ABN 89 602 365 186) filed a single modern slavery statement with the Australian Modern Slavery Register for the reporting period 2022-07-01 to 2023-06-30. The reporting entity is headquartered in Australia. The reporting entity has an annual revenue band of 0-99M. The reporting entity operates in the industry sectors: Financial, insurance and real estate activities. Register entry: https://modernslaveryregister.gov.au/statements/14714/.'}"
Modern slavery statement 2021-578: Burbank Group,document,"{'content': 'Burbank Group filed a joint modern slavery statement with the Australian Modern Slavery Register for the reporting period 2020-01-01 to 2020-12-31. The reporting entity is headquartered in Australia. The reporting entity has an annual revenue band of 400-450M. The reporting entity operates in the industry sectors: Construction, civil engineering and building products Financial, insurance and real estate activities. Register entry: https://modernslaveryregister.gov.au/statements/2136/.'}"
Modern slavery statement 2025-3513: MITOLO GROUP PTY LTD,document,"{'content': 'MITOLO GROUP PTY LTD filed a single modern slavery statement with the Australian Modern Slavery Register for the reporting period 2024-07-01 to 2025-06-30. The reporting entity is headquartered in Australia. The reporting entity has an annual revenue band of 300-350M. The reporting entity operates in the industry sectors: Manufacturing Agriculture, Forestry and Fishing. Register entry: https://modernslaveryregister.gov.au/statements/26360/.'}"
Modern slavery statement 2025-958: CHARLES STURT UNIVERSITY,document,"{'content': 'CHARLES STURT UNIVERSITY (ABN 83 878 708 551) filed a single modern slavery statement with the Australian Modern Slavery Register for the reporting period 2024-01-01 to 2024-12-31. The reporting entity is headquartered in Australia. The reporting entity has an annual revenue band of 500-600M. The reporting entity operates in the industry sectors: Education and research. The statement also covers the included entities: CHARLES STURT CAMPUS SERVICES LIMITED (37 063 446 864), The Trustee for Charles Sturt University Foundation Trust (31 158 135 157). Register entry: https://modernslaveryregister.gov.au/statements/23087/.'}"
Modern slavery statement 2021-1472: Energy Infrastructure Trust,document,"{'content': 'Energy Infrastructure Trust (ABN 23 779 151 748) filed a single modern slavery statement with the Australian Modern Slavery Register for the reporting period 2019-07-01 to 2020-06-30. The reporting entity is headquartered in Australia. The reporting entity has an annual revenue band of 200-250M. The reporting entity operates in the industry sectors: Utilities: gas, water and electricity. Register entry: https://modernslaveryregister.gov.au/statements/3484/.'}"
Modern slavery statement 2024-1040: MONDE NISSIN (AUSTRALIA) PTY LTD,document,"{'content': 'MONDE NISSIN (AUSTRALIA) PTY LTD (ABN 25 169 518 325) filed a single modern slavery statement with the Australian Modern Slavery Register for the reporting period 2023-01-01 to 2023-12-31. The reporting entity is headquartered in Australia. The reporting entity has an annual revenue band of 250-300M. The reporting entity operates in the industry sectors: Food and beverages, agriculture and fishing Transportation, logistics, and storage. Register entry: https://modernslaveryregister.gov.au/statements/18299/.'}"
Modern slavery statement 2024-784: THE UNIVERSITY OF NEWCASTLE,document,"{'content': 'THE UNIVERSITY OF NEWCASTLE (ABN 15 736 576 735) filed a single modern slavery statement with the Australian Modern Slavery Register for the reporting period 2023-01-01 to 2023-12-31. The reporting entity is headquartered in Australia. The reporting entity has an annual revenue band of 800-900M. The reporting entity operates in the industry sectors: Education and research. The statement also covers the included entities: NEWCASTLE UNIVERSITY SPORT (67 096 090 372), NUSERVICES PTY LTD (59 641 266 506), THE UNIVERSITY OF NEWCASTLE RESEARCH ASSOCIATES LIMITED (97 000 710 074). Register entry: https://modernslaveryregister.gov.au/statements/17916/.'}"
Modern slavery statement 2022-685: ROYAL FRIESLANDCAMPINA N.V.,document,"{'content': 'ROYAL FRIESLANDCAMPINA N.V. filed a single modern slavery statement with the Australian Modern Slavery Register for the reporting period 2021-01-01 to 2021-12-31. The reporting entity is headquartered in Netherlands. The reporting entity has an annual revenue band of 1BN+. The reporting entity operates in the industry sectors: Food and beverages, agriculture and fishing. Register entry: https://modernslaveryregister.gov.au/statements/8641/.'}"
Modern slavery statement 2025-2258: VIRIDIAN GLASS PTY LTD,document,{'content': 'VIRIDIAN GLASS PTY LTD (ABN 68 006 904 052) filed a single modern slavery statement with the Australian Modern Slavery Register for the reporting period 2024-04-01 to 2025-03-31. The reporting entity is headquartered in Australia. The reporting entity has an annual revenue band of 200-250M. The reporting entity operates in the industry sectors: Manufacturing. Register entry: https://modernslaveryregister.gov.au/statements/24778/.'}
Modern slavery statement 2021-2613: BRP AUSTRALIA PTY LTD,document,"{'content': 'BRP AUSTRALIA PTY LTD (ABN 64 097 370 100) filed a single modern slavery statement with the Australian Modern Slavery Register for the reporting period 2020-02-01 to 2021-01-31. The reporting entity is headquartered in Australia. The reporting entity has an annual revenue band of 250-300M. The reporting entity operates in the industry sectors: Automotive, machinery and heavy electrical equipment. Register entry: https://modernslaveryregister.gov.au/statements/5190/.'}"
Modern slavery statement 2021-3344: ST BARBARA LIMITED,document,"{'content': 'ST BARBARA LIMITED (ABN 36 009 165 066) filed a single modern slavery statement with the Australian Modern Slavery Register for the reporting period 2020-07-01 to 2021-06-30. The reporting entity is headquartered in Australia. The reporting entity has an annual revenue band of 700-800M. The reporting entity operates in the industry sectors: Mining, metals, chemicals and resources (including oil and gas). Register entry: https://modernslaveryregister.gov.au/statements/6514/.'}"
Modern slavery statement 2021-3677: THE HOSPITALS CONTRIBUTION FUND OF AUSTRALIA LTD,document,"{'content': 'THE HOSPITALS CONTRIBUTION FUND OF AUSTRALIA LTD (ABN 68 000 026 746) filed a single modern slavery statement with the Australian Modern Slavery Register for the reporting period 2020-07-01 to 2021-06-30. The reporting entity is headquartered in Australia. The reporting entity has an annual revenue band of 1BN+. The reporting entity operates in the industry sectors: Financial, insurance and real estate activities. Register entry: https://modernslaveryregister.gov.au/statements/7019/.'}"
Modern slavery statement 2022-1562: CSR BUILDING PRODUCTS LIMITED & CSR INVESTMENTS PTY. LIMITED & CSR LIMITED et al.,document,"{'content': 'CSR BUILDING PRODUCTS LIMITED (ABN 55 008 631 356), CSR INVESTMENTS PTY. LIMITED (ABN 84 008 535 091), CSR LIMITED (ABN 90 000 001 276), CSR MARTINI PTY LIMITED (ABN 29 144 714 938), CSR STRUCTURAL SYSTEMS PTY LIMITED (ABN 41 168 770 394) and PGH BRICKS & PAVERS PTY LIMITED (ABN 68 168 794 821) filed a joint modern slavery statement with the Australian Modern Slavery Register for the reporting period 2021-04-01 to 2022-03-30. The reporting entities are headquartered in Australia. The reporting entities have an annual revenue band of 1BN+. The reporting entities operate in the industry sectors: Construction, civil engineering and building products. Register entry: https://modernslaveryregister.gov.au/statements/9975/.'}"
Modern slavery statement 2026-375: AGRYL HOLDINGS LIMITED & MEDISUP SECURITIES LIMITED & NUFARM AUSTRALIA LIMITED et al.,document,"{'content': 'AGRYL HOLDINGS LIMITED (ABN 61 005 968 178), MEDISUP SECURITIES LIMITED (ABN 13 090 761 523), NUFARM AUSTRALIA LIMITED (ABN 80 004 377 780), NUFARM LIMITED (ABN 37 091 323 312), NUSEED GLOBAL HOLDINGS PTY LTD (ABN 36 623 104 950) and NUSEED INTERNATIONAL HOLDINGS PTY LTD (ABN 30 623 104 987) filed a joint modern slavery statement with the Australian Modern Slavery Register for the reporting period 2024-10-01 to 2025-09-30. The reporting entities are headquartered in Australia. The reporting entities have an annual revenue band of 1BN+. The reporting entities operate in the industry sectors: Manufacturing Agriculture, Forestry and Fishing. Register entry: https://modernslaveryregister.gov.au/statements/27631/.'}"
Modern slavery statement 2024-1415: DRA APAC HOLDINGS PTY LTD & DRA GLOBAL LIMITED,document,"{'content': 'DRA APAC HOLDINGS PTY LTD (ABN 77 625 157 744) and DRA GLOBAL LIMITED (ABN 75 622 581 935) filed a joint modern slavery statement with the Australian Modern Slavery Register for the reporting period 2023-01-01 to 2023-12-31. The reporting entities are headquartered in Australia. The reporting entities have an annual revenue band of 800-900M. The reporting entities operate in the industry sectors: Construction, civil engineering and building products. The statement also covers the included entities: DRA Operations (APAC) Pty Ltd, DRA Pacific (Pty) Ltd. Register entry: https://modernslaveryregister.gov.au/statements/18727/.'}"
Modern slavery statement 2022-1998: CLEANCO QUEENSLAND LIMITED,document,"{'content': 'CLEANCO QUEENSLAND LIMITED (ABN 85 628 008 159) filed a single modern slavery statement with the Australian Modern Slavery Register for the reporting period 2021-07-01 to 2022-06-30. The reporting entity is headquartered in Australia. The reporting entity has an annual revenue band of 450-500M. The reporting entity operates in the industry sectors: Utilities: gas, water and electricity. Register entry: https://modernslaveryregister.gov.au/statements/10629/.'}"
Modern slavery statement 2024-1481: HUHTAMAKI TAILORED PACKAGING PTY LTD,document,"{'content': 'HUHTAMAKI TAILORED PACKAGING PTY LTD (ABN 98 625 661 216) filed a single modern slavery statement with the Australian Modern Slavery Register for the reporting period 2023-01-01 to 2023-12-31. The reporting entity is headquartered in Australia, Finland. The reporting entity has an annual revenue band of 100-150M. The reporting entity operates in the industry sectors: Forestry, timber products, paper and containers and packaging. Register entry: https://modernslaveryregister.gov.au/statements/18792/.'}"
Modern slavery statement 2021-4030: GR ENGINEERING SERVICES LTD & MIPAC PTY. LTD. & UPSTREAM PRODUCTION SOLUTIONS PTY LTD,document,"{'content': 'GR ENGINEERING SERVICES LTD (ABN 12 121 542 738), MIPAC PTY. LTD. (ABN 66 097 111 772) and UPSTREAM PRODUCTION SOLUTIONS PTY LTD (ABN 26 166 665 952) filed a joint modern slavery statement with the Australian Modern Slavery Register for the reporting period 2020-07-01 to 2021-06-30. The reporting entities are headquartered in Australia. The reporting entities have an annual revenue band of 450-500M. The reporting entities operate in the industry sectors: Mining, metals, chemicals and resources (including oil and gas) Construction, civil engineering and building products. Register entry: https://modernslaveryregister.gov.au/statements/7496/.'}"
Modern slavery statement 2023-1354: LG ELECTRONICS AUSTRALIA PTY LIMITED,document,"{'content': 'LG ELECTRONICS AUSTRALIA PTY LIMITED (ABN 98 064 531 264) filed a single modern slavery statement with the Australian Modern Slavery Register for the reporting period 2022-01-01 to 2022-12-31. The reporting entity is headquartered in Australia. The reporting entity has an annual revenue band of 1BN+. The reporting entity operates in the industry sectors: Durable consumer goods, including electronics and appliances, home furnishings and other accessories. Register entry: https://modernslaveryregister.gov.au/statements/13922/.'}"
Modern slavery statement 2025-1511: FMC AUSTRALASIA PTY LTD,document,"{'content': 'FMC AUSTRALASIA PTY LTD (ABN 45 095 326 891) filed a single modern slavery statement with the Australian Modern Slavery Register for the reporting period 2024-01-01 to 2024-12-31. The reporting entity is headquartered in United States of America. The reporting entity has an annual revenue band of 400-450M. The reporting entity operates in the industry sectors: Food and beverages, agriculture and fishing. Register entry: https://modernslaveryregister.gov.au/statements/23779/.'}"
Modern slavery statement 2023-779: Medical Staff Pty Ltd,document,{'content': 'Medical Staff Pty Ltd (ABN 81 118 334 633) filed a single modern slavery statement with the Australian Modern Slavery Register for the reporting period 2022-01-01 to 2022-12-31. The reporting entity is headquartered in Australia. The reporting entity has an annual revenue band of 0-99M. The reporting entity operates in the industry sectors: Healthcare and pharmaceuticals. Register entry: https://modernslaveryregister.gov.au/statements/13191/.'}
Modern slavery statement 2023-2055: CFG FINANCE PTY LIMITED & COLLINS FOODS FINANCE PTY LIMITED & COLLINS FOODS GROUP PTY LTD et al.,document,"{'content': 'CFG FINANCE PTY LIMITED (ABN 49 151 677 351), COLLINS FOODS FINANCE PTY LIMITED (ABN 65 113 833 391), COLLINS FOODS GROUP PTY LTD (ABN 52 009 937 900), Collins Foods Holding Pty Limited (ABN 31 113 801 648), COLLINS FOODS LIMITED (ABN 13 151 420 781), COLLINS RESTAURANTS QUEENSLAND PTY LTD (ABN 97 009 988 381), COLLINS RESTAURANTS SOUTH PTY LTD (ABN 99 612 129 781), COLLINS RESTAURANTS WEST PTY LTD (ABN 11 009 701 179) and FISCAL NOMINEES COMPANY PTY LTD (ABN 65 166 936 278) filed a joint modern slavery statement with the Australian Modern Slavery Register for the reporting period 2022-05-02 to 2023-04-30. The reporting entities are headquartered in Australia. The reporting entities have an annual revenue band of 1BN+. The reporting entities operate in the industry sectors: Food and beverages, agriculture and fishing. Register entry: https://modernslaveryregister.gov.au/statements/14959/.'}"
Modern slavery statement 2026-62: WESTFUND LIMITED,document,{'content': 'WESTFUND LIMITED (ABN 55 002 080 864) filed a single modern slavery statement with the Australian Modern Slavery Register for the reporting period 2024-07-01 to 2025-06-30. The reporting entity is headquartered in Australia. The reporting entity has an annual revenue band of 300-350M. The reporting entity operates in the industry sectors: Financial and Insurance Services. Register entry: https://modernslaveryregister.gov.au/statements/27121/.'}
Modern slavery statement 2023-2202: K SLEEP HOLDINGS PTY LTD,document,"{'content': 'K SLEEP HOLDINGS PTY LTD (ABN 48 619 538 671) filed a single modern slavery statement with the Australian Modern Slavery Register for the reporting period 2022-07-01 to 2023-06-30. The reporting entity is headquartered in Australia. The reporting entity has an annual revenue band of 150-200M. The reporting entity operates in the industry sectors: Durable consumer goods, including electronics and appliances, home furnishings and other accessories. Register entry: https://modernslaveryregister.gov.au/statements/15181/.'}"
Modern slavery statement 2022-2903: MICHAEL HILL INTERNATIONAL LIMITED,document,"{'content': 'MICHAEL HILL INTERNATIONAL LIMITED (ABN 25 610 937 598) filed a single modern slavery statement with the Australian Modern Slavery Register for the reporting period 2021-07-01 to 2022-06-30. The reporting entity is headquartered in Australia. The reporting entity has an annual revenue band of 500-600M. The reporting entity operates in the industry sectors: Fashion, textiles, apparel and luxury goods. Register entry: https://modernslaveryregister.gov.au/statements/11814/.'}"
Modern slavery statement 2022-1664: LOSCAM AUSTRALIA PTY LTD,document,"{'content': 'LOSCAM AUSTRALIA PTY LTD (ABN 26 006 440 991) filed a single modern slavery statement with the Australian Modern Slavery Register for the reporting period 2021-07-01 to 2022-06-30. The reporting entity is headquartered in Hong Kong. The reporting entity has an annual revenue band of 150-200M. The reporting entity operates in the industry sectors: Transportation, logistics, and storage. Register entry: https://modernslaveryregister.gov.au/statements/10133/.'}"
Modern slavery statement 2021-333: TASCO CARRIERS PTY LTD & THE TRUSTEE FOR TASCO INLAND AUSTRALIA TRUST,document,"{'content': 'TASCO CARRIERS PTY LTD (ABN 39 162 327 175) and THE TRUSTEE FOR TASCO INLAND AUSTRALIA TRUST (ABN 64 676 389 090) filed a joint modern slavery statement with the Australian Modern Slavery Register for the reporting period 2020-01-01 to 2020-12-31. The reporting entities are headquartered in Australia. The reporting entities have an annual revenue band of 250-300M. The reporting entities operate in the industry sectors: Transportation, logistics, and storage. Register entry: https://modernslaveryregister.gov.au/statements/1663/.'}"
Modern slavery statement 2023-1132: CLEAR MARKETING SOLUTIONS PTY LTD,document,"{'content': 'CLEAR MARKETING SOLUTIONS PTY LTD (ABN 67 169 004 504) filed a single modern slavery statement with the Australian Modern Slavery Register for the reporting period 2023-05-01 to 2024-04-30. The reporting entity is headquartered in Australia. The reporting entity has an annual revenue band of 0-99M. The reporting entity operates in the industry sectors: Professional and administrative services and supplies, including legal, consulting and accounting services. Register entry: https://modernslaveryregister.gov.au/statements/13746/.'}"
Modern slavery statement 2025-3871: TIVOLI INVESTMENTS PTY LTD,document,{'content': 'TIVOLI INVESTMENTS PTY LTD (ABN 90 165 718 070) filed a single modern slavery statement with the Australian Modern Slavery Register for the reporting period 2024-07-01 to 2025-06-30. The reporting entity is headquartered in Australia. The reporting entity has an annual revenue band of 300-350M. The reporting entity operates in the industry sectors: Manufacturing. Register entry: https://modernslaveryregister.gov.au/statements/26990/.'}
Modern slavery statement 2021-2213: RENTOKIL INITIAL PTY LTD,document,{'content': 'RENTOKIL INITIAL PTY LTD (ABN 98 000 034 597) filed a single modern slavery statement with the Australian Modern Slavery Register for the reporting period 2020-01-01 to 2020-12-31. The reporting entity is headquartered in Australia. The reporting entity has an annual revenue band of 250-300M. The reporting entity operates in the industry sectors: Other. Register entry: https://modernslaveryregister.gov.au/statements/4836/.'}
Modern slavery statement 2020-148: Northern SEQ Distributor - Retailer Authority,document,"{'content': 'Northern SEQ Distributor - Retailer Authority (ABN 89 791 717 472) filed a single modern slavery statement with the Australian Modern Slavery Register for the reporting period 2019-07-01 to 2020-06-30. The reporting entity is headquartered in Australia. The reporting entity has an annual revenue band of 700-800M. The reporting entity operates in the industry sectors: Utilities: gas, water and electricity. Register entry: https://modernslaveryregister.gov.au/statements/453/.'}"
Modern slavery statement 2021-375: Peet Limited,document,"{'content': 'Peet Limited (ABN 56 008 665 834) filed a single modern slavery statement with the Australian Modern Slavery Register for the reporting period 2020-01-01 to 2020-12-31. The reporting entity is headquartered in Australia. The reporting entity has an annual revenue band of 150-200M. The reporting entity operates in the industry sectors: Financial, insurance and real estate activities. Register entry: https://modernslaveryregister.gov.au/statements/1747/.'}"
Modern slavery statement 2026-170: THE YOUNG MEN'S CHRISTIAN ASSOCIATION OF VICTORIA INCORPORATED & VICTORIAN YMCA COMMUNITY PROGRAMMING PTY LTD,document,"{'content': ""THE YOUNG MEN'S CHRISTIAN ASSOCIATION OF VICTORIA INCORPORATED (ABN 81 174 456 784) and VICTORIAN YMCA COMMUNITY PROGRAMMING PTY LTD (ABN 75 092 818 445) filed a joint modern slavery statement with the Australian Modern Slavery Register for the reporting period 2024-07-01 to 2025-06-30. The reporting entities are headquartered in Australia. The reporting entities have an annual revenue band of 100-150M. The reporting entities operate in the industry sectors: Health Care and Social Assistance Arts and Recreation Services Other Services. Register entry: https://modernslaveryregister.gov.au/statements/27289/.""}"
Modern slavery statement 2023-2482: ECHUCA REGIONAL HEALTH,document,{'content': 'ECHUCA REGIONAL HEALTH (ABN 30 490 690 530) filed a single modern slavery statement with the Australian Modern Slavery Register for the reporting period 2022-07-01 to 2023-06-30. The reporting entity is headquartered in Australia. The reporting entity has an annual revenue band of 100-150M. The reporting entity operates in the industry sectors: Healthcare and pharmaceuticals. Register entry: https://modernslaveryregister.gov.au/statements/15588/.'}
Modern slavery statement 2024-3068: AUSTRALIAN ETHICAL INVESTMENT LTD,document,"{'content': 'AUSTRALIAN ETHICAL INVESTMENT LTD (ABN 47 003 188 930) filed a single modern slavery statement with the Australian Modern Slavery Register for the reporting period 2023-07-01 to 2024-06-30. The reporting entity is headquartered in Australia. The reporting entity has an annual revenue band of 100-150M. The reporting entity operates in the industry sectors: Financial, insurance and real estate activities. The statement also covers the included entities: AUSTRALIAN ETHICAL FOUNDATION LIMITED (14 607 166 503), AUSTRALIAN ETHICAL SUPERANNUATION PTY LTD (43 079 259 733). Register entry: https://modernslaveryregister.gov.au/statements/20965/.'}"
Modern slavery statement 2025-3011: 4CYTE PATHOLOGY PTY LTD,document,{'content': '4CYTE PATHOLOGY PTY LTD (ABN 12 619 244 852) filed a single modern slavery statement with the Australian Modern Slavery Register for the reporting period 2024-07-01 to 2025-06-30. The reporting entity is headquartered in Australia. The reporting entity has an annual revenue band of 250-300M. The reporting entity operates in the industry sectors: Health Care and Social Assistance. Register entry: https://modernslaveryregister.gov.au/statements/25918/.'}
Modern slavery statement 2025-519: Australian Turf Club Limited,document,{'content': 'Australian Turf Club Limited (ABN 81 148 157 288) filed a single modern slavery statement with the Australian Modern Slavery Register for the reporting period 2022-08-01 to 2023-07-31. The reporting entity is headquartered in Australia. The reporting entity has an annual revenue band of 250-300M. The reporting entity operates in the industry sectors: Other. Register entry: https://modernslaveryregister.gov.au/statements/22431/.'}
Modern slavery statement 2021-3261: BEACON LIGHTING CORPORATION PTY LTD & BEACON LIGHTING GROUP LIMITED & The Trustee for BRIGHTLITE UNIT TRUST,document,"{'content': 'BEACON LIGHTING CORPORATION PTY LTD (ABN 56 083 125 446), BEACON LIGHTING GROUP LIMITED (ABN 90 164 122 785) and The Trustee for BRIGHTLITE UNIT TRUST (ABN 13 322 464 749) filed a joint modern slavery statement with the Australian Modern Slavery Register for the reporting period 2020-07-01 to 2021-06-30. The reporting entities are headquartered in Australia. The reporting entities have an annual revenue band of 700-800M. The reporting entities operate in the industry sectors: Durable consumer goods, including electronics and appliances, home furnishings and other accessories. Register entry: https://modernslaveryregister.gov.au/statements/6385/.'}"
Modern slavery statement 2022-870: GALDERMA AUSTRALIA PTY LTD,document,{'content': 'GALDERMA AUSTRALIA PTY LTD (ABN 12 003 976 930) filed a single modern slavery statement with the Australian Modern Slavery Register for the reporting period 2021-01-01 to 2021-12-31. The reporting entity is headquartered in Switzerland. The reporting entity has an annual revenue band of 150-200M. The reporting entity operates in the industry sectors: Healthcare and pharmaceuticals. Register entry: https://modernslaveryregister.gov.au/statements/9056/.'}
Modern slavery statement 2021-2167: EMEIS COSMETICS PTY. LTD. & EMEIS HOLDINGS PTY LTD,document,{'content': 'EMEIS COSMETICS PTY. LTD. (ABN 56 007 409 001) and EMEIS HOLDINGS PTY LTD (ABN 81 097 023 544) filed a joint modern slavery statement with the Australian Modern Slavery Register for the reporting period 2020-01-01 to 2020-12-31. The reporting entities are headquartered in Australia. The reporting entities have an annual revenue band of 600-700M. The reporting entities operate in the industry sectors: Cosmetics and toiletries. Register entry: https://modernslaveryregister.gov.au/statements/4588/.'}
Modern slavery statement 2022-1921: DELOITTE CONSULTING PTY LIMITED & DELOITTE FINANCIAL ADVISORY PTY LIMITED & DELOITTE RISK ADVISORY PTY LIMITED et al.,document,"{'content': 'DELOITTE CONSULTING PTY LIMITED (ABN 86 611 750 648), DELOITTE FINANCIAL ADVISORY PTY LIMITED (ABN 83 611 749 841), DELOITTE RISK ADVISORY PTY LIMITED (ABN 76 611 748 184), DELOITTE SERVICES PTY LTD (ABN 60 087 279 678), DELOITTE TAX SERVICES PTY LTD (ABN 41 092 223 240) and DELOITTE TOUCHE TOHMATSU (ABN 74 490 121 060) filed a joint modern slavery statement with the Australian Modern Slavery Register for the reporting period 2021-07-01 to 2022-06-30. The reporting entities are headquartered in Australia. The reporting entities have an annual revenue band of 1BN+. The reporting entities operate in the industry sectors: Professional and administrative services and supplies, including legal, consulting and accounting services. Register entry: https://modernslaveryregister.gov.au/statements/10507/.'}"
Modern slavery statement 2022-141: STELLA MMTS FINANCE PTY LIMITED,document,"{'content': 'STELLA MMTS FINANCE PTY LIMITED (ABN 85 612 094 078) filed a single modern slavery statement with the Australian Modern Slavery Register for the reporting period 2020-07-01 to 2021-06-30. The reporting entity is headquartered in Australia. The reporting entity has an annual revenue band of 150-200M. The reporting entity operates in the industry sectors: Financial, insurance and real estate activities. Register entry: https://modernslaveryregister.gov.au/statements/7907/.'}"
Modern slavery statement 2021-3954: MERCY SUPER PTY LTD,document,"{'content': 'MERCY SUPER PTY LTD (ABN 98 056 047 324) filed a single modern slavery statement with the Australian Modern Slavery Register for the reporting period 2020-07-01 to 2021-06-30. The reporting entity is headquartered in Australia. The reporting entity has an annual revenue band of 200-250M. The reporting entity operates in the industry sectors: Financial, insurance and real estate activities. Register entry: https://modernslaveryregister.gov.au/statements/7411/.'}"
Modern slavery statement 2022-2362: FRIENDLY SOCIETY MEDICAL ASSOCIATION LIMITED,document,{'content': 'FRIENDLY SOCIETY MEDICAL ASSOCIATION LIMITED (ABN 69 088 347 602) filed a single modern slavery statement with the Australian Modern Slavery Register for the reporting period 2021-07-01 to 2022-06-30. The reporting entity is headquartered in Australia. The reporting entity has an annual revenue band of 250-300M. The reporting entity operates in the industry sectors: Cosmetics and toiletries Healthcare and pharmaceuticals. Register entry: https://modernslaveryregister.gov.au/statements/11138/.'}
Modern slavery statement 2023-623: METAGENE PTY LTD,document,{'content': 'METAGENE PTY LTD (ABN 12 158 471 044) filed a single modern slavery statement with the Australian Modern Slavery Register for the reporting period 2022-01-01 to 2022-12-31. The reporting entity is headquartered in Australia. The reporting entity has an annual revenue band of 0-99M. The reporting entity operates in the industry sectors: Other. Register entry: https://modernslaveryregister.gov.au/statements/13024/.'}
Modern slavery statement 2021-2350: SAMSUNG C&T CORPORATION,document,"{'content': 'SAMSUNG C&T CORPORATION (ABN 49 160 079 470) filed a single modern slavery statement with the Australian Modern Slavery Register for the reporting period 2020-01-01 to 2020-12-31. The reporting entity is headquartered in Republic of Korea (South Korea). The reporting entity has an annual revenue band of 400-450M. The reporting entity operates in the industry sectors: Construction, civil engineering and building products. Register entry: https://modernslaveryregister.gov.au/statements/4578/.'}"
Modern slavery statement 2022-448: Benestar Group Pty Ltd & COVER-MORE INSURANCE SERVICES PTY. LTD. & TRAVEL INSURANCE PARTNERS PTY LIMITED et al.,document,"{'content': 'Benestar Group Pty Ltd (ABN 61 003 536 472), COVER-MORE INSURANCE SERVICES PTY. LTD. (ABN 95 003 114 145), TRAVEL INSURANCE PARTNERS PTY LIMITED (ABN 73 144 049 230) and WORLD TRAVEL PROTECTION PTY LTD (ABN 80 079 071 579) filed a joint modern slavery statement with the Australian Modern Slavery Register for the reporting period 2021-04-01 to 2022-03-30. The reporting entities are headquartered in Australia. The reporting entities have an annual revenue band of 200-250M. The reporting entities operate in the industry sectors: Financial, insurance and real estate activities Healthcare and pharmaceuticals. Register entry: https://modernslaveryregister.gov.au/statements/8339/.'}"
Modern slavery statement 2021-3071: Ikon Collectables Pty Ltd,document,{'content': 'Ikon Collectables Pty Ltd (ABN 25 108 071 692) filed a single modern slavery statement with the Australian Modern Slavery Register for the reporting period 2020-07-01 to 2021-06-30. The reporting entity is headquartered in Australia. The reporting entity has an annual revenue band of 100-150M. The reporting entity operates in the industry sectors: Other. Register entry: https://modernslaveryregister.gov.au/statements/6075/.'}
Modern slavery statement 2025-893: TRI-STAR E&P PTY LTD,document,"{'content': 'TRI-STAR E&P PTY LTD (ABN 79 629 728 605) filed a single modern slavery statement with the Australian Modern Slavery Register for the reporting period 2024-01-01 to 2024-12-31. The reporting entity is headquartered in Australia. The reporting entity has an annual revenue band of 100-150M. The reporting entity operates in the industry sectors: Mining, metals, chemicals and resources (including oil and gas). The statement also covers the included entities: GLADSTONE LNG PTY LTD (24 125 507 753), LNG QUEENSLAND PTY LTD (95 622 376 210), SAPEX PTY LIMITED (63 093 661 164), TRI-STAR ADMIN PTY LTD (16 627 124 912), TRI-STAR AUSTRALIA HOLDING COMPANY (65 109 075 078), TRI-STAR DRILLING LLC (70 079 418 161), TRI-STAR ENERGY COMPANY (86 089 539 695), TRI-STAR EXPLORATION PTY LTD (29 656 967 967), TRI-STAR FAIRFIELDS PTY LTD (72 622 376 176), TRI-STAR GILBERT PTY LTD (98 627 593 962), TRI-STAR GOLD PTY LTD (85 649 967 751), TRI-STAR GROUP INVESTMENTS PTY LTD (93 668 403 727), TRI-STAR MINERALS PTY LTD (55 631 733 161), TRI-STAR NIGHTINGALE PTY LTD (76 622 376 194), TRI-STAR OPCO PTY LTD (83 630 224 672), TRI-STAR PETROLEUM COMPANY (80 050 415 739), TRI-STAR PLOWDEN PTY LTD (93 622 376 201), TRI-STAR PROJECTS LLC (78 141 273 814), TRI-STAR ROYALTY COMPANY PTY LTD (36 626 071 181), TRI-STAR SAXONY ORE PTY LTD (88 664 013 861), TRI-STAR SIMPSON PTY LTD (79 622 373 335), TRI-STAR STONECROFT PTY LTD (78 109 391 415), TRI-STAR STRATA COMPANY (26 116 168 462), WEST TEXAS OIL & GAS CORPORATION (63 163 624 368). Register entry: https://modernslaveryregister.gov.au/statements/22992/.'}"
Modern slavery statement 2023-2682: LGSS PTY LIMITED,document,"{'content': 'LGSS PTY LIMITED (ABN 68 078 003 497) filed a joint modern slavery statement with the Australian Modern Slavery Register for the reporting period 2022-07-01 to 2023-06-30. The reporting entity is headquartered in Australia. The reporting entity has an annual revenue band of 0-99M. The reporting entity operates in the industry sectors: Financial, insurance and real estate activities. The statement also covers the included entities: LIF Pty Ltd. Register entry: https://modernslaveryregister.gov.au/statements/15843/.'}"
Modern slavery statement 2025-1352: CREDIT AGRICOLE AND INVESTMENT BANK,document,"{'content': 'CREDIT AGRICOLE AND INVESTMENT BANK filed a single modern slavery statement with the Australian Modern Slavery Register for the reporting period 2024-01-01 to 2024-12-31. The reporting entity is headquartered in Australia, France. The reporting entity has an annual revenue band of 450-500M. The reporting entity operates in the industry sectors: Financial, insurance and real estate activities. Register entry: https://modernslaveryregister.gov.au/statements/23614/.'}"
Modern slavery statement 2025-2761: MEAT & LIVESTOCK AUSTRALIA LIMITED,document,"{'content': 'MEAT & LIVESTOCK AUSTRALIA LIMITED (ABN 39 081 678 364) filed a single modern slavery statement with the Australian Modern Slavery Register for the reporting period 2024-07-01 to 2025-06-30. The reporting entity is headquartered in Australia. The reporting entity has an annual revenue band of 300-350M. The reporting entity operates in the industry sectors: Education and Training Other Services Agriculture, Forestry and Fishing Professional, Scientific and Technical Services. The statement also covers the included entities: INTEGRITY SYSTEMS COMPANY LIMITED (34 134 745 038), MLA DONOR COMPANY LIMITED (49 083 304 867). Register entry: https://modernslaveryregister.gov.au/statements/25537/.'}"
Modern slavery statement 2024-3494: CARLISLE HOMES PTY LTD,document,"{'content': 'CARLISLE HOMES PTY LTD (ABN 86 106 263 209) filed a single modern slavery statement with the Australian Modern Slavery Register for the reporting period 2023-07-01 to 2024-06-30. The reporting entity is headquartered in Australia. The reporting entity has an annual revenue band of 800-900M. The reporting entity operates in the industry sectors: Construction, civil engineering and building products. Register entry: https://modernslaveryregister.gov.au/statements/21463/.'}"
Modern slavery statement 2025-2697: Northern SEQ Distributor - Retailer Authority,document,"{'content': 'Northern SEQ Distributor - Retailer Authority (ABN 89 791 717 472) filed a single modern slavery statement with the Australian Modern Slavery Register for the reporting period 2024-07-01 to 2025-06-30. The reporting entity is headquartered in Australia. The reporting entity has an annual revenue band of 900M-1BN. The reporting entity operates in the industry sectors: Electricity, Gas, Water and Waste Services. Register entry: https://modernslaveryregister.gov.au/statements/25431/.'}"
Modern slavery statement 2021-3552: ENSIGN LABORATORIES PROPRIETARY LIMITED,document,{'content': 'ENSIGN LABORATORIES PROPRIETARY LIMITED (ABN 11 004 395 242) filed a single modern slavery statement with the Australian Modern Slavery Register for the reporting period 2020-07-01 to 2021-06-30. The reporting entity is headquartered in Australia. The reporting entity has an annual revenue band of 150-200M. The reporting entity operates in the industry sectors: Healthcare and pharmaceuticals. Register entry: https://modernslaveryregister.gov.au/statements/6667/.'}
Modern slavery statement 2021-2292: SCHUTZ AUSTRALIA PTY LTD,document,{'content': 'SCHUTZ AUSTRALIA PTY LTD (ABN 60 090 995 958) filed a single modern slavery statement with the Australian Modern Slavery Register for the reporting period 2020-01-01 to 2020-12-31. The reporting entity is headquartered in Australia. The reporting entity has an annual revenue band of 100-150M. The reporting entity operates in the industry sectors: Other. Register entry: https://modernslaveryregister.gov.au/statements/4935/.'}
Modern slavery statement 2021-2762: OVATO LIMITED,document,"{'content': 'OVATO LIMITED (ABN 39 050 148 644) filed a single modern slavery statement with the Australian Modern Slavery Register for the reporting period 2020-07-01 to 2021-06-30. The reporting entity is headquartered in Australia, New Zealand. The reporting entity has an annual revenue band of 400-450M. The reporting entity operates in the industry sectors: Media, publishing, arts and entertainment. Register entry: https://modernslaveryregister.gov.au/statements/5589/.'}"
Modern slavery statement 2024-130: Millell Pty Ltd,document,"{'content': 'Millell Pty Ltd (ABN 17 148 151 213) filed a single modern slavery statement with the Australian Modern Slavery Register for the reporting period 2022-07-01 to 2023-06-30. The reporting entity is headquartered in Australia. The reporting entity has an annual revenue band of Unknown. The reporting entity operates in the industry sectors: Food and beverages, agriculture and fishing Healthcare and pharmaceuticals. Register entry: https://modernslaveryregister.gov.au/statements/16905/.'}"
Modern slavery statement 2022-1405: DATACOM AUSTRALIA HOLDINGS PTY LIMITED & DATACOM CONNECT PTY LTD & DATACOM DATA CENTRES PTY LTD et al.,document,"{'content': 'DATACOM AUSTRALIA HOLDINGS PTY LIMITED (ABN 45 094 235 373), DATACOM CONNECT PTY LTD (ABN 16 103 112 303), DATACOM DATA CENTRES PTY LTD (ABN 58 110 978 179), DATACOM SOLUTIONS (AU) PTY LTD (ABN 16 168 988 636) and DATACOM SYSTEMS (AU) PTY LTD (ABN 39 135 427 075) filed a joint modern slavery statement with the Australian Modern Slavery Register for the reporting period 2021-04-01 to 2022-03-30. The reporting entities are headquartered in Australia, New Zealand. The reporting entities have an annual revenue band of 1BN+. The reporting entities operate in the industry sectors: Information technology and telecommunication Professional and administrative services and supplies, including legal, consulting and accounting services. Register entry: https://modernslaveryregister.gov.au/statements/9726/.'}"
Modern slavery statement 2024-3294: TAMA AUSTRALIA PTY LTD,document,"{'content': 'TAMA AUSTRALIA PTY LTD (ABN 88 617 155 361) filed a single modern slavery statement with the Australian Modern Slavery Register for the reporting period 2023-07-01 to 2024-06-30. The reporting entity is headquartered in Australia, Israel. The reporting entity has an annual revenue band of 100-150M. The reporting entity operates in the industry sectors: Food and beverages, agriculture and fishing. The statement also covers the included entities: AGRI NOVATEX AUSTRALIA PTY LTD. (67 640 398 670), PLASTAG PTY LTD (88 132 505 161). Register entry: https://modernslaveryregister.gov.au/statements/21248/.'}"
"Modern slavery statement 2022-1742: Infosys BPM Limited, Infosys BPM Limited, Infosys Technologies Ltd, Portland Group Pty Ltd, Simplus ANZ Pty Ltd., Simplus Australia Ltd",document,"{'content': 'Infosys BPM Limited, Infosys BPM Limited, Infosys Technologies Ltd, Portland Group Pty Ltd, Simplus ANZ Pty Ltd., Simplus Australia Ltd filed a joint modern slavery statement with the Australian Modern Slavery Register for the reporting period 2021-04-01 to 2022-03-30. The reporting entity is headquartered in India. The reporting entity has an annual revenue band of 1BN+. The reporting entity operates in the industry sectors: Information technology and telecommunication. Register entry: https://modernslaveryregister.gov.au/statements/10139/.'}"
Modern slavery statement 2021-2909: AGGREKO GENERATOR RENTALS PTY. LIMITED,document,"{'content': 'AGGREKO GENERATOR RENTALS PTY. LIMITED (ABN 66 001 991 457) filed a single modern slavery statement with the Australian Modern Slavery Register for the reporting period 2020-01-01 to 2020-12-31. The reporting entity is headquartered in United Kingdom. The reporting entity has an annual revenue band of 150-200M. The reporting entity operates in the industry sectors: Automotive, machinery and heavy electrical equipment Other. Register entry: https://modernslaveryregister.gov.au/statements/5798/.'}"
Modern slavery statement 2024-3002: THE PHARMACY GUILD OF AUSTRALIA,document,"{'content': 'THE PHARMACY GUILD OF AUSTRALIA (ABN 84 519 669 143) filed a single modern slavery statement with the Australian Modern Slavery Register for the reporting period 2023-07-01 to 2024-06-30. The reporting entity is headquartered in Australia. The reporting entity has an annual revenue band of 500-600M. The reporting entity operates in the industry sectors: Financial, insurance and real estate activities Professional and administrative services and supplies, including legal, consulting and accounting services Healthcare and pharmaceuticals Charitable / not-for-profit activities Other. The statement also covers the included entities: AUSTRALIAN COLLEGE OF PHARMACY PTY LTD, GFMN Pty Ltd, GUILD GROUP HOLDINGS LIMITED, PHARMACY GUILD OF AUSTRALIA-ACT BRANCH (99 466 762 435), PHARMACY GUILD OF AUSTRALIA NSW BRANCH (87 740 877 429), PHARMACY GUILD OF AUSTRALIA TAS BRANCH (25 957 305 960), PHARMACY GUILD OF AUSTRALIA VICTORIAN BRANCH (35 603 508 734), PHARMACY GUILD OF AUSTRALIA (WA BRANCH) (56 917 919 584), THE PHARMACY GUILD OF AUSTRALIA NORTHERN TERRITORY BRANCH (29 970 924 913), THE PHARMACY GUILD OF AUSTRALIA QUEENSLAND BRANCH (87 076 197 623), THE PHARMACY GUILD OF AUSTRALIA SA BRANCH (38 946 547 960). Register entry: https://modernslaveryregister.gov.au/statements/20877/.'}"
Modern slavery statement 2023-1752: SPECSAVERS PTY. LTD.,document,"{'content': 'SPECSAVERS PTY. LTD. (ABN 82 097 147 932) filed a single modern slavery statement with the Australian Modern Slavery Register for the reporting period 2022-03-01 to 2023-02-28. The reporting entity is headquartered in Australia. The reporting entity has an annual revenue band of 1BN+. The reporting entity operates in the industry sectors: Fashion, textiles, apparel and luxury goods Healthcare and pharmaceuticals. Register entry: https://modernslaveryregister.gov.au/statements/14547/.'}"
Modern slavery statement 2021-3502: PHARSALUS INVESTMENTS PTY LIMITED,document,"{'content': 'PHARSALUS INVESTMENTS PTY LIMITED (ABN 88 163 462 637) filed a single modern slavery statement with the Australian Modern Slavery Register for the reporting period 2020-07-01 to 2021-06-30. The reporting entity is headquartered in Australia. The reporting entity has an annual revenue band of 1BN+. The reporting entity operates in the industry sectors: Construction, civil engineering and building products. Register entry: https://modernslaveryregister.gov.au/statements/6750/.'}"
"Modern slavery statement 2024-45: DEAKIN BIDCO PTY LTD, DEAKIN HOLDCO PTY LTD, DEAKIN MIDCO PTY LTD, DEAKIN TOPCO PTY LTD, LEVANDE PTY LTD",document,"{'content': 'DEAKIN BIDCO PTY LTD, DEAKIN HOLDCO PTY LTD, DEAKIN MIDCO PTY LTD, DEAKIN TOPCO PTY LTD, LEVANDE PTY LTD filed a joint modern slavery statement with the Australian Modern Slavery Register for the reporting period 2023-01-01 to 2023-12-31. The reporting entity is headquartered in Australia. The reporting entity has an annual revenue band of 100-150M. The reporting entity operates in the industry sectors: Other. Register entry: https://modernslaveryregister.gov.au/statements/16779/.'}"
Modern slavery statement 2023-1228: SCHUTZ AUSTRALIA PTY LTD,document,"{'content': 'SCHUTZ AUSTRALIA PTY LTD (ABN 60 090 995 958) filed a single modern slavery statement with the Australian Modern Slavery Register for the reporting period 2022-01-01 to 2022-12-31. The reporting entity is headquartered in Germany. The reporting entity has an annual revenue band of 100-150M. The reporting entity operates in the industry sectors: Forestry, timber products, paper and containers and packaging. Register entry: https://modernslaveryregister.gov.au/statements/13500/.'}"
Modern slavery statement 2022-1772: HOUMA HOLDINGS PTY LTD,document,"{'content': 'HOUMA HOLDINGS PTY LTD (ABN 44 002 590 758) filed a single modern slavery statement with the Australian Modern Slavery Register for the reporting period 2021-07-01 to 2022-06-30. The reporting entity is headquartered in Australia. The reporting entity has an annual revenue band of 200-250M. The reporting entity operates in the industry sectors: Automotive, machinery and heavy electrical equipment. Register entry: https://modernslaveryregister.gov.au/statements/10288/.'}"
Modern slavery statement 2023-2045: SINGTEL OPTUS PTY LIMITED,document,{'content': 'SINGTEL OPTUS PTY LIMITED (ABN 90 052 833 208) filed a joint modern slavery statement with the Australian Modern Slavery Register for the reporting period 2022-04-01 to 2023-03-30. The reporting entity is headquartered in Australia. The reporting entity has an annual revenue band of 1BN+. The reporting entity operates in the industry sectors: Information technology and telecommunication. Register entry: https://modernslaveryregister.gov.au/statements/14947/.'}
"Modern slavery statement 2025-1924: AMA GROUP LIMITED & AMA GROUP SOLUTIONS PTY LTD, CAPITAL SMART GROUP HOLDINGS PTY LTD, CAPITAL S.M.A.R.T. REPAIRS AUSTRALIA PTY LTD",document,"{'content': 'AMA GROUP LIMITED (ABN 50 113 883 560) and AMA GROUP SOLUTIONS PTY LTD, CAPITAL SMART GROUP HOLDINGS PTY LTD, CAPITAL S.M.A.R.T. REPAIRS AUSTRALIA PTY LTD filed a joint modern slavery statement with the Australian Modern Slavery Register for the reporting period 2024-07-01 to 2025-06-30. The reporting entities are headquartered in Australia. The reporting entities have an annual revenue band of 1BN+. The reporting entities operate in the industry sectors: Other Services. Register entry: https://modernslaveryregister.gov.au/statements/24263/.'}"
Modern slavery statement 2025-252: AUSTRALIAN MEAT GROUP PTY LTD,document,{'content': 'AUSTRALIAN MEAT GROUP PTY LTD (ABN 75 168 396 316) filed a single modern slavery statement with the Australian Modern Slavery Register for the reporting period 2024-04-01 to 2025-09-01. The reporting entity is headquartered in Australia. The reporting entity has an annual revenue band of 100-150M. The reporting entity operates in the industry sectors: Manufacturing. Register entry: https://modernslaveryregister.gov.au/statements/22002/.'}
Modern slavery statement 2025-2647: OPTEON GROUP HOLDINGS LIMITED & Opteon Property Group Pty Ltd,document,"{'content': 'OPTEON GROUP HOLDINGS LIMITED (ABN 20 616 574 755) and Opteon Property Group Pty Ltd (ABN 78 144 732 589) filed a joint modern slavery statement with the Australian Modern Slavery Register for the reporting period 2024-07-01 to 2025-06-30. The reporting entities are headquartered in Australia. The reporting entities have an annual revenue band of 150-200M. The reporting entities operate in the industry sectors: Professional, Scientific and Technical Services. The statement also covers the included entities: Ascent Software Group LLC, CUBETEC PTY LTD (15 140 585 495), Opteon AMC Inc, Opteon Appraisal Inc, OPTEON FRANCHISING PTY. LTD. (13 616 495 786), OPTEON INTERNATIONAL HOLDINGS PTY LTD (43 617 485 293), Opteon New Zealand Limited, Opteon NZ Holdings Limited, OPTEON SHARE HOLDINGS PTY LTD (92 636 332 502), Opteon US Holdings Inc, The Trustee for Opteon Share trust (76 582 047 844). Register entry: https://modernslaveryregister.gov.au/statements/25381/.'}"
Modern slavery statement 2024-1431: POLESTAR AUTOMOTIVE AUSTRALIA PTY LTD,document,"{'content': 'POLESTAR AUTOMOTIVE AUSTRALIA PTY LTD filed a single modern slavery statement with the Australian Modern Slavery Register for the reporting period 2023-01-01 to 2023-12-31. The reporting entity is headquartered in Sweden. The reporting entity has an annual revenue band of 150-200M. The reporting entity operates in the industry sectors: Automotive, machinery and heavy electrical equipment. Register entry: https://modernslaveryregister.gov.au/statements/18744/.'}"
Modern slavery statement 2021-205: PRIME SUPER PTY LIMITED,document,"{'content': 'PRIME SUPER PTY LIMITED (ABN 81 067 241 016) filed a single modern slavery statement with the Australian Modern Slavery Register for the reporting period 2019-07-01 to 2020-06-30. The reporting entity is headquartered in Australia. The reporting entity has an annual revenue band of 1BN+. The reporting entity operates in the industry sectors: Financial, insurance and real estate activities. Register entry: https://modernslaveryregister.gov.au/statements/1429/.'}"
Modern slavery statement 2024-2373: ELECTRICITY GENERATION AND RETAIL CORPORATION,document,"{'content': 'ELECTRICITY GENERATION AND RETAIL CORPORATION (ABN 58 673 830 106) filed a single modern slavery statement with the Australian Modern Slavery Register for the reporting period 2023-07-01 to 2024-06-30. The reporting entity is headquartered in Australia. The reporting entity has an annual revenue band of 1BN+. The reporting entity operates in the industry sectors: Utilities: gas, water and electricity. The statement also covers the included entities: South West Solar Development Holdings Pty Ltd (67 152 749 936), SYNERGY RENEWABLE ENERGY DEVELOPMENTS PTY LTD (65 152 752 719). Register entry: https://modernslaveryregister.gov.au/statements/20020/.'}"
Modern slavery statement 2021-3505: MERIDIAN ENERGY LIMITED & Powershop Australia Pty Limited,document,"{'content': 'MERIDIAN ENERGY LIMITED (ABN 58 355 917 919) and Powershop Australia Pty Limited (ABN 41 154 914 075) filed a joint modern slavery statement with the Australian Modern Slavery Register for the reporting period 2020-07-01 to 2021-06-30. The reporting entities are headquartered in New Zealand. The reporting entities have an annual revenue band of 1BN+. The reporting entities operate in the industry sectors: Utilities: gas, water and electricity. Register entry: https://modernslaveryregister.gov.au/statements/6754/.'}"
Modern slavery statement 2023-1360: BetaShares Capital Ltd & BETASHARES FINANCIAL GROUP PTY LTD & BETASHARES HOLDINGS PTY LTD,document,"{'content': 'BetaShares Capital Ltd (ABN 78 139 566 868), BETASHARES FINANCIAL GROUP PTY LTD (ABN 58 646 305 517) and BETASHARES HOLDINGS PTY LTD (ABN 93 136 545 107) filed a joint modern slavery statement with the Australian Modern Slavery Register for the reporting period 2022-01-01 to 2022-12-31. The reporting entities are headquartered in Australia. The reporting entities have an annual revenue band of 300-350M. The reporting entities operate in the industry sectors: Financial, insurance and real estate activities. Register entry: https://modernslaveryregister.gov.au/statements/13672/.'}"
Modern slavery statement 2021-874: WINGATE GROUP HOLDINGS PTY. LTD.,document,"{'content': 'WINGATE GROUP HOLDINGS PTY. LTD. (ABN 82 128 511 035) filed a single modern slavery statement with the Australian Modern Slavery Register for the reporting period 2020-01-01 to 2020-12-31. The reporting entity is headquartered in Australia. The reporting entity has an annual revenue band of 100-150M. The reporting entity operates in the industry sectors: Financial, insurance and real estate activities. Register entry: https://modernslaveryregister.gov.au/statements/2670/.'}"
Modern slavery statement 2024-3013: ADAMANTEM CAPITAL HOLDINGS PTY LTD,document,"{'content': 'ADAMANTEM CAPITAL HOLDINGS PTY LTD (ABN 63 606 371 724) filed a single modern slavery statement with the Australian Modern Slavery Register for the reporting period 2023-07-01 to 2024-06-30. The reporting entity is headquartered in Australia. The reporting entity has an annual revenue band of 0-99M. The reporting entity operates in the industry sectors: Financial, insurance and real estate activities. The statement also covers the included entities: ADAMANTEM CAPITAL PTY LTD (91 614 857 037), MELIOR INVESTMENT MANAGEMENT PTY LTD (16 629 013 896). Register entry: https://modernslaveryregister.gov.au/statements/20891/.'}"
Modern slavery statement 2024-2648: DDT HOLDINGS PTY LTD,document,{'content': 'DDT HOLDINGS PTY LTD (ABN 20 137 675 140) filed a single modern slavery statement with the Australian Modern Slavery Register for the reporting period 2023-07-01 to 2024-06-30. The reporting entity is headquartered in Australia. The reporting entity has an annual revenue band of 250-300M. The reporting entity operates in the industry sectors: Other. Register entry: https://modernslaveryregister.gov.au/statements/20416/.'}
Modern slavery statement 2021-1097: The Trustee for Metrics Credit Partners Diversified Australian Senior Loan Fund,document,"{'content': 'The Trustee for Metrics Credit Partners Diversified Australian Senior Loan Fund (ABN 72 575 264 654) filed a single modern slavery statement with the Australian Modern Slavery Register for the reporting period 2019-07-01 to 2020-06-30. The reporting entity is headquartered in Australia. The reporting entity has an annual revenue band of 100-150M. The reporting entity operates in the industry sectors: Financial, insurance and real estate activities. Register entry: https://modernslaveryregister.gov.au/statements/3000/.'}"
Modern slavery statement 2023-581: FEDERATION UNIVERSITY AUSTRALIA,document,{'content': 'FEDERATION UNIVERSITY AUSTRALIA (ABN 51 818 692 256) filed a single modern slavery statement with the Australian Modern Slavery Register for the reporting period 2022-01-01 to 2022-12-31. The reporting entity is headquartered in Australia. The reporting entity has an annual revenue band of 250-300M. The reporting entity operates in the industry sectors: Education and research. Register entry: https://modernslaveryregister.gov.au/statements/12953/.'}
Modern slavery statement 2021-2897: KOMATSU AUSTRALIA CORPORATE FINANCE PTY LTD & KOMATSU AUSTRALIA PTY LTD & KOMATSU FORKLIFT AUSTRALIA PTY LTD et al.,document,"{'content': 'KOMATSU AUSTRALIA CORPORATE FINANCE PTY LTD (ABN 84 067 959 666), KOMATSU AUSTRALIA PTY LTD (ABN 71 143 476 626), KOMATSU FORKLIFT AUSTRALIA PTY LTD (ABN 71 080 792 730) and KOMATSU MARKETING SUPPORT AUSTRALIA PTY LTD (ABN 63 053 514 739) filed a joint modern slavery statement with the Australian Modern Slavery Register for the reporting period 2020-04-01 to 2021-03-30. The reporting entities are headquartered in Australia. The reporting entities have an annual revenue band of 1BN+. The reporting entities operate in the industry sectors: Mining, metals, chemicals and resources (including oil and gas) Automotive, machinery and heavy electrical equipment. Register entry: https://modernslaveryregister.gov.au/statements/5782/.'}"
Modern slavery statement 2025-1402: CHANEL (AUSTRALIA) PTY LTD,document,"{'content': 'CHANEL (AUSTRALIA) PTY LTD (ABN 83 000 012 153) filed a single modern slavery statement with the Australian Modern Slavery Register for the reporting period 2024-01-01 to 2024-12-31. The reporting entity is headquartered in Australia, United Kingdom. The reporting entity has an annual revenue band of 500-600M. The reporting entity operates in the industry sectors: Cosmetics and toiletries Fashion, textiles, apparel and luxury goods. Register entry: https://modernslaveryregister.gov.au/statements/22589/.'}"
Modern slavery statement 2023-1740: SIRVA PTY LTD,document,"{'content': 'SIRVA PTY LTD (ABN 53 115 936 993) filed a single modern slavery statement with the Australian Modern Slavery Register for the reporting period 2022-07-01 to 2023-06-30. The reporting entity is headquartered in United States of America. The reporting entity has an annual revenue band of 150-200M. The reporting entity operates in the industry sectors: Transportation, logistics, and storage. Register entry: https://modernslaveryregister.gov.au/statements/14531/.'}"
Modern slavery statement 2024-3304: MPC GROUP PTY LTD & MPC KINETIC HOLDINGS LIMITED,document,"{'content': 'MPC GROUP PTY LTD (ABN 68 626 678 911) and MPC KINETIC HOLDINGS LIMITED (ABN 68 626 678 911) filed a joint modern slavery statement with the Australian Modern Slavery Register for the reporting period 2023-07-01 to 2024-06-30. The reporting entities are headquartered in Australia. The reporting entities have an annual revenue band of 500-600M. The reporting entities operate in the industry sectors: Construction, civil engineering and building products. The statement also covers the included entities: GRIZZLY ENERGY SERVICES PTY LTD (93 158 141 327), KINETIC CHEMICALS PTY LTD (38 010 867 759), KINETIC CONSOLIDATED PTY LTD (30 154 343 343), KINETIC FLUID MANAGEMENT AND PRODUCTION SERVICES PTY LTD (11 160 811 987), KINETIC SERVICES GROUP PTY LTD (42 154 401 706), KINETIC WELL INTERVENTION SERVICES PTY LTD (39 119 538 126), Matz Pty Ltd (88 151 909 607), MPC GAS PTY LTD (98 146 244 064), MPC GROUP HOLDINGS (2) PTY LTD (70 620 876 495), MPC GROUP HOLDINGS (3) PTY LTD (43 142 862 904), MPC GROUP HOLDINGS PTY LTD (26 620 867 398), MPC GROUP LABOUR PTY LTD (78 168 268 344), MPC GROUP PLANT PTY LTD (92 129 658 126), MPC GROUP PTY LTD (81 122 452 662), MPC KINETIC HOLDINGS (2) PTY LTD (48 626 679 258), MPC OPERATIONS PTY LTD (11 168 268 059), NORTRUS PTY LTD (21 127 959 264), WELL EQUIPMENT SOLUTIONS HOLDINGS PTY LTD (34 138 658 170). Register entry: https://modernslaveryregister.gov.au/statements/21261/.'}"
Modern slavery statement 2021-3289: BEST FRIENDS PETS HOLDINGS PTY LIMITED,document,"{'content': 'BEST FRIENDS PETS HOLDINGS PTY LIMITED (ABN 54 159 280 412) filed a joint modern slavery statement with the Australian Modern Slavery Register for the reporting period 2020-07-01 to 2021-06-30. The reporting entity is headquartered in Australia. The reporting entity has an annual revenue band of 100-150M. The reporting entity operates in the industry sectors: Food and beverages, agriculture and fishing. Register entry: https://modernslaveryregister.gov.au/statements/6436/.'}"
Modern slavery statement 2022-2514: NEW ZEALAND POST AUSTRALIA HOLDINGS PTY LIMITED,document,"{'content': 'NEW ZEALAND POST AUSTRALIA HOLDINGS PTY LIMITED (ABN 97 086 383 904) filed a joint modern slavery statement with the Australian Modern Slavery Register for the reporting period 2021-07-01 to 2022-06-30. The reporting entity is headquartered in New Zealand. The reporting entity has an annual revenue band of 1BN+. The reporting entity operates in the industry sectors: Transportation, logistics, and storage. Register entry: https://modernslaveryregister.gov.au/statements/11314/.'}"
Modern slavery statement 2021-3943: VIVID PROPERTY SERVICES PTY LIMITED,document,{'content': 'VIVID PROPERTY SERVICES PTY LIMITED (ABN 42 118 426 814) filed a single modern slavery statement with the Australian Modern Slavery Register for the reporting period 2020-07-01 to 2021-06-30. The reporting entity is headquartered in Australia. The reporting entity has an annual revenue band of 0-99M. The reporting entity operates in the industry sectors: Cleaning and security services. Register entry: https://modernslaveryregister.gov.au/statements/7403/.'}
Modern slavery statement 2022-520: AIG AUSTRALIA LIMITED,document,"{'content': 'AIG AUSTRALIA LIMITED (ABN 93 004 727 753) filed a single modern slavery statement with the Australian Modern Slavery Register for the reporting period 2021-01-01 to 2021-12-31. The reporting entity is headquartered in Australia. The reporting entity has an annual revenue band of 1BN+. The reporting entity operates in the industry sectors: Financial, insurance and real estate activities. Register entry: https://modernslaveryregister.gov.au/statements/8496/.'}"
Modern slavery statement 2024-2672: SHADFORTH'S CIVIL PTY LTD,document,"{'content': ""SHADFORTH'S CIVIL PTY LTD (ABN 68 162 606 377) filed a single modern slavery statement with the Australian Modern Slavery Register for the reporting period 2023-07-01 to 2024-06-30. The reporting entity is headquartered in Australia. The reporting entity has an annual revenue band of 500-600M. The reporting entity operates in the industry sectors: Construction, civil engineering and building products. The statement also covers the included entities: DIRT WISE PTY LTD (33 123 070 039), SHADFORTH'S PLANT HIRE PTY LTD (21 116 979 714). Register entry: https://modernslaveryregister.gov.au/statements/20458/.""}"
"Modern slavery statement 2025-1080: STATE STREET AUSTRALIA LTD, STATE STREET BANK AND TRUST COMPANY & State Street Global Advisor Trust Company, State Street Global Markets, LLC, STATE STREET SERVICES AUSTRALIA PTY LIMITED",document,"{'content': 'STATE STREET AUSTRALIA LTD, STATE STREET BANK AND TRUST COMPANY (ABN 70 062 819 630) and State Street Global Advisor Trust Company, State Street Global Markets, LLC, STATE STREET SERVICES AUSTRALIA PTY LIMITED filed a joint modern slavery statement with the Australian Modern Slavery Register for the reporting period 2024-01-01 to 2024-12-31. The reporting entities are headquartered in Australia, United States of America. The reporting entities have an annual revenue band of 1BN+. The reporting entities operate in the industry sectors: Financial, insurance and real estate activities. Register entry: https://modernslaveryregister.gov.au/statements/23124/.'}"
Modern slavery statement 2020-162: A.C.N. 085 239 998 PTY LTD & KENTUCKY FRIED CHICKEN PTY LTD & KFC ADCO LIMITED,document,"{'content': 'A.C.N. 085 239 998 PTY LTD (ABN 39 085 239 998), KENTUCKY FRIED CHICKEN PTY LTD (ABN 79 000 587 780) and KFC ADCO LIMITED (ABN 22 083 047 992) filed a joint modern slavery statement with the Australian Modern Slavery Register for the reporting period 2019-07-01 to 2020-06-30. The reporting entities are headquartered in Australia. The reporting entities have an annual revenue band of 1BN+. The reporting entities operate in the industry sectors: Food and beverages, agriculture and fishing. Register entry: https://modernslaveryregister.gov.au/statements/489/.'}"
Modern slavery statement 2024-1445: PayPal Australia Pty Limited,document,"{'content': 'PayPal Australia Pty Limited (ABN 93 111 195 389) filed a single modern slavery statement with the Australian Modern Slavery Register for the reporting period 2023-01-01 to 2023-12-31. The reporting entity is headquartered in United States of America. The reporting entity has an annual revenue band of 900M-1BN. The reporting entity operates in the industry sectors: Financial, insurance and real estate activities. Register entry: https://modernslaveryregister.gov.au/statements/18422/.'}"
Modern slavery statement 2022-2209: Sunwater Limited,document,"{'content': 'Sunwater Limited (ABN 17 020 276 523) filed a single modern slavery statement with the Australian Modern Slavery Register for the reporting period 2021-07-01 to 2022-06-30. The reporting entity is headquartered in Australia. The reporting entity has an annual revenue band of 350-400M. The reporting entity operates in the industry sectors: Utilities: gas, water and electricity. Register entry: https://modernslaveryregister.gov.au/statements/10911/.'}"
Modern slavery statement 2024-1823: LOGICALIS AUSTRALIA HOLDINGS PTY LTD & LOGICALIS AUSTRALIA PTY LTD,document,{'content': 'LOGICALIS AUSTRALIA HOLDINGS PTY LTD (ABN 67 089 914 581) and LOGICALIS AUSTRALIA PTY LTD (ABN 95 091 623 326) filed a joint modern slavery statement with the Australian Modern Slavery Register for the reporting period 2023-03-01 to 2024-02-29. The reporting entities are headquartered in Australia. The reporting entities have an annual revenue band of 100-150M. The reporting entities operate in the industry sectors: Information technology and telecommunication. The statement also covers the included entities: LOGICALIS AUSTRALIA PTY LTD (95 091 623 326). Register entry: https://modernslaveryregister.gov.au/statements/19273/.'}
Modern slavery statement 2022-1982: NORTHWEST HEALTHCARE AUSTRALIAN PROPERTY LIMITED & NORTHWEST HEALTHCARE AUSTRALIA RE LIMITED,document,"{'content': 'NORTHWEST HEALTHCARE AUSTRALIAN PROPERTY LIMITED (ABN 47 083 065 034) and NORTHWEST HEALTHCARE AUSTRALIA RE LIMITED (ABN 56 612 310 148) filed a joint modern slavery statement with the Australian Modern Slavery Register for the reporting period 2021-07-01 to 2022-06-30. The reporting entities are headquartered in Australia. The reporting entities have an annual revenue band of 100-150M. The reporting entities operate in the industry sectors: Financial, insurance and real estate activities. Register entry: https://modernslaveryregister.gov.au/statements/10603/.'}"
Modern slavery statement 2025-165: THE TRUSTEE FOR HESTA,document,"{'content': 'THE TRUSTEE FOR HESTA (ABN 64 971 749 321) filed a single modern slavery statement with the Australian Modern Slavery Register for the reporting period 2023-07-01 to 2024-06-30. The reporting entity is headquartered in Australia. The reporting entity has an annual revenue band of 1BN+. The reporting entity operates in the industry sectors: Financial, insurance and real estate activities. The statement also covers the included entities: BCP HESTA Co-Investment Trust, The Trustee for Blackbird Purple Trust (15 388 598 122), The Trustee for Eureka Property Fund 5 Sub Trust A (90 163 315 426), The Trustee for HESTA Healthcare Property Trust (14 596 398 584), The Trustee for HESTA Investment Partner Trust (39 548 046 038), THE TRUSTEE FOR HESTA (PALISADE) INFRASTRUCTURE TRUST, The Trustee for HESTA (Palisade) Sustainable Infrastructure Trust (12 810 393 663), The Trustee for HESTA QP Trust (91 886 391 183), The Trustee for HESTA Relative Value Debt Trust (53 004 017 484), THE TRUSTEE FOR HESTA SUSTAINABLE CAPITAL INVESTMENT TRUST (94 984 549 496), The Trustee for Housing Fund 1 (24 514 436 716), The Trustee for Social Impact Investment Trust (20 760 125 218), Westbourne Yield Fund No. 7. Register entry: https://modernslaveryregister.gov.au/statements/21857/.'}"
Modern slavery statement 2025-2976: RSL LIFECARE LIMITED,document,{'content': 'RSL LIFECARE LIMITED filed a single modern slavery statement with the Australian Modern Slavery Register for the reporting period 2024-07-01 to 2025-06-30. The reporting entity is headquartered in Australia. The reporting entity has an annual revenue band of 350-400M. The reporting entity operates in the industry sectors: Health Care and Social Assistance. Register entry: https://modernslaveryregister.gov.au/statements/25864/.'}
Modern slavery statement 2022-90: The Trustee for JANI-KING AUSTRALIA UNIT TRUST,document,"{'content': 'The Trustee for JANI-KING AUSTRALIA UNIT TRUST (ABN 19 424 723 998) filed a joint modern slavery statement with the Australian Modern Slavery Register for the reporting period 2020-07-01 to 2021-06-30. The reporting entity is headquartered in Australia, United States of America. The reporting entity has an annual revenue band of 0-99M. The reporting entity operates in the industry sectors: Construction, civil engineering and building products Consumer services, including accommodation, hospitality, tourism and leisure Cleaning and security services. Register entry: https://modernslaveryregister.gov.au/statements/7823/.'}"
Modern slavery statement 2025-1497: METRO TRAINS SYDNEY PTY LTD,document,"{'content': 'METRO TRAINS SYDNEY PTY LTD (ABN 54 600 820 737) filed a single modern slavery statement with the Australian Modern Slavery Register for the reporting period 2024-07-01 to 2025-06-29. The reporting entity is headquartered in Australia. The reporting entity has an annual revenue band of 300-350M. The reporting entity operates in the industry sectors: Transportation, logistics, and storage. Register entry: https://modernslaveryregister.gov.au/statements/23463/.'}"
Modern slavery statement 2022-894: MONDE NISSIN (AUSTRALIA) PTY LTD,document,"{'content': 'MONDE NISSIN (AUSTRALIA) PTY LTD (ABN 25 169 518 325) filed a single modern slavery statement with the Australian Modern Slavery Register for the reporting period 2021-01-01 to 2021-12-31. The reporting entity is headquartered in Australia. The reporting entity has an annual revenue band of 200-250M. The reporting entity operates in the industry sectors: Food and beverages, agriculture and fishing Transportation, logistics, and storage. Register entry: https://modernslaveryregister.gov.au/statements/9080/.'}"
Modern slavery statement 2021-1467: Kufpec Australia (Julimar) Pty Ltd & KUFPEC AUSTRALIA PTY LTD & KUFPEC AUSTRALIA (WHEATSTONE IAGO) PTY LTD,document,"{'content': 'Kufpec Australia (Julimar) Pty Ltd (ABN 38 139 500 502), KUFPEC AUSTRALIA PTY LTD (ABN 42 001 800 924) and KUFPEC AUSTRALIA (WHEATSTONE IAGO) PTY LTD (ABN 53 167 058 022) filed a joint modern slavery statement with the Australian Modern Slavery Register for the reporting period 2020-01-01 to 2020-12-31. The reporting entities are headquartered in Australia. The reporting entities have an annual revenue band of 1BN+. The reporting entities operate in the industry sectors: Mining, metals, chemicals and resources (including oil and gas). Register entry: https://modernslaveryregister.gov.au/statements/3472/.'}"
Modern slavery statement 2024-981: The Trustee for JONES DAY,document,"{'content': 'The Trustee for JONES DAY (ABN 59 206 613 356) filed a single modern slavery statement with the Australian Modern Slavery Register for the reporting period 2023-07-01 to 2024-06-30. The reporting entity is headquartered in United States of America. The reporting entity has an annual revenue band of 0-99M. The reporting entity operates in the industry sectors: Professional and administrative services and supplies, including legal, consulting and accounting services. Register entry: https://modernslaveryregister.gov.au/statements/18209/.'}"
"Modern slavery statement 2023-2677: AMCOR FLEXIBLES (AUSTRALIA) PTY LTD & AMCOR FLEXIBLES GROUP PTY LTD & AMCOR PLC, AMCOR PTY LTD",document,"{'content': 'AMCOR FLEXIBLES (AUSTRALIA) PTY LTD (ABN 46 113 833 748), AMCOR FLEXIBLES GROUP PTY LTD (ABN 33 113 833 695) and AMCOR PLC, AMCOR PTY LTD (ABN 62 000 017 372) filed a joint modern slavery statement with the Australian Modern Slavery Register for the reporting period 2022-07-01 to 2023-06-30. The reporting entities are headquartered in Australia, Switzerland. The reporting entities have an annual revenue band of 1BN+. The reporting entities operate in the industry sectors: Forestry, timber products, paper and containers and packaging. Register entry: https://modernslaveryregister.gov.au/statements/15836/.'}"
Modern slavery statement 2024-3423: STOCKYARD GROUP PTY LTD,document,"{'content': 'STOCKYARD GROUP PTY LTD filed a single modern slavery statement with the Australian Modern Slavery Register for the reporting period 2023-07-01 to 2024-06-30. The reporting entity is headquartered in Australia. The reporting entity has an annual revenue band of 150-200M. The reporting entity operates in the industry sectors: Food and beverages, agriculture and fishing. The statement also covers the included entities: STOCKYARD BEEF PTY LTD (17 080 801 770), STOCKYARD LOT FEEDERS PTY LTD (58 009 900 645), STOCKYARD PASTORAL PTY LTD (15 639 966 377), STOCKYARD PERSONNEL PTY LTD (65 640 840 473). Register entry: https://modernslaveryregister.gov.au/statements/21387/.'}"
Modern slavery statement 2025-1194: WISDOM PROPERTIES GROUP PTY LTD,document,"{'content': 'WISDOM PROPERTIES GROUP PTY LTD (ABN 82 089 425 829) filed a single modern slavery statement with the Australian Modern Slavery Register for the reporting period 2024-01-01 to 2024-12-31. The reporting entity is headquartered in Australia. The reporting entity has an annual revenue band of 150-200M. The reporting entity operates in the industry sectors: Construction, civil engineering and building products. The statement also covers the included entities: INSPIRE GROUP PTY LIMITED (38 128 563 520), Wisdom Constructions Pty Ltd (59 145 641 265), WISDOM LANDSCAPES PTY LTD (74 155 750 575), WISDOM REAL ESTATE SALES PTY LTD (88 661 444 168). Register entry: https://modernslaveryregister.gov.au/statements/23423/.'}"
Modern slavery statement 2022-2674: GRANT THORNTON AUSTRALIA LIMITED,document,"{'content': 'GRANT THORNTON AUSTRALIA LIMITED (ABN 41 127 556 389) filed a single modern slavery statement with the Australian Modern Slavery Register for the reporting period 2021-07-01 to 2022-06-30. The reporting entity is headquartered in Australia. The reporting entity has an annual revenue band of 250-300M. The reporting entity operates in the industry sectors: Professional and administrative services and supplies, including legal, consulting and accounting services. Register entry: https://modernslaveryregister.gov.au/statements/11539/.'}"
Modern slavery statement 2023-3052: AIR NEW ZEALAND LIMITED,document,"{'content': 'AIR NEW ZEALAND LIMITED (ABN 70 000 312 685) filed a joint modern slavery statement with the Australian Modern Slavery Register for the reporting period 2022-07-01 to 2023-06-30. The reporting entity is headquartered in New Zealand. The reporting entity has an annual revenue band of 1BN+. The reporting entity operates in the industry sectors: Transportation, logistics, and storage Consumer services, including accommodation, hospitality, tourism and leisure. The statement also covers the included entities: Air Nelson, Air New Zealand Associated Companies Limited, Air New Zealand Regional Maintenance Limited, Mount Cook Airline Limited, Teal Insurance Limited. Register entry: https://modernslaveryregister.gov.au/statements/16082/.'}"
Modern slavery statement 2021-4205: B S STILLWELL MOTOR GROUP PTY LTD,document,"{'content': 'B S STILLWELL MOTOR GROUP PTY LTD (ABN 12 004 472 628) filed a single modern slavery statement with the Australian Modern Slavery Register for the reporting period 2020-07-01 to 2021-06-30. The reporting entity is headquartered in Australia. The reporting entity has an annual revenue band of 300-350M. The reporting entity operates in the industry sectors: Automotive, machinery and heavy electrical equipment. Register entry: https://modernslaveryregister.gov.au/statements/6579/.'}"
Modern slavery statement 2021-3395: REGAL FUNDS MANAGEMENT PTY LIMITED & The Trustee for REGAL ATLANTIC ABSOLUTE RETURN FUND & The Trustee for Regal Australian Small Companies Fund et al.,document,"{'content': 'REGAL FUNDS MANAGEMENT PTY LIMITED (ABN 30 107 576 821), The Trustee for REGAL ATLANTIC ABSOLUTE RETURN FUND (ABN 32 858 984 881), The Trustee for Regal Australian Small Companies Fund (ABN 36 910 012 302), The Trustee for Regal Emerging Companies Fund (ABN 63 857 330 531) and The Trustee for REGAL EMERGING COMPANIES OPPORTUNITIES FUND (ABN 28 549 287 599) filed a joint modern slavery statement with the Australian Modern Slavery Register for the reporting period 2020-07-01 to 2021-06-30. The reporting entities are headquartered in Australia. The reporting entities have an annual revenue band of 600-700M. The reporting entities operate in the industry sectors: Financial, insurance and real estate activities. Register entry: https://modernslaveryregister.gov.au/statements/6592/.'}"
Modern slavery statement 2025-1469: ABBVIE PTY LTD,document,"{'content': 'ABBVIE PTY LTD (ABN 48 156 384 262) filed a single modern slavery statement with the Australian Modern Slavery Register for the reporting period 2024-01-01 to 2024-12-31. The reporting entity is headquartered in United States of America. The reporting entity has an annual revenue band of 600-700M. The reporting entity operates in the industry sectors: Healthcare and pharmaceuticals. The statement also covers the included entities: ABBVIE HOLDINGS PTY LTD, ALLERGAN AUSTRALIA PTY LIMITED (85 000 612 831). Register entry: https://modernslaveryregister.gov.au/statements/23739/.'}"
"Modern slavery statement 2021-1975: ATWORK AUSTRALIA PTY LTD & EW Pacific Pty Ltd, MedHealth Holdings Pty Limited & MedHealth Pty Limited et al.",document,"{'content': 'ATWORK AUSTRALIA PTY LTD (ABN 29 009 452 153), EW Pacific Pty Ltd, MedHealth Holdings Pty Limited (ABN 61 141 218 215), MedHealth Pty Limited (ABN 32 141 219 785), THE WORKFOCUS GROUP PTY LTD (ABN 36 166 308 765), WORK HEALTH GROUP PTY LTD (ABN 91 606 846 137) and WORK HEALTH INVESTMENTS PTY LTD (ABN 70 606 853 338) filed a joint modern slavery statement with the Australian Modern Slavery Register for the reporting period 2020-01-01 to 2020-12-31. The reporting entities are headquartered in Australia. The reporting entities have an annual revenue band of 400-450M. The reporting entities operate in the industry sectors: Information technology and telecommunication Healthcare and pharmaceuticals Other. Register entry: https://modernslaveryregister.gov.au/statements/4233/.'}"
Modern slavery statement 2023-958: LIFTRONIC PTY LTD,document,"{'content': 'LIFTRONIC PTY LTD (ABN 99 002 886 213) filed a single modern slavery statement with the Australian Modern Slavery Register for the reporting period 2022-01-01 to 2022-12-31. The reporting entity is headquartered in Australia. The reporting entity has an annual revenue band of 0-99M. The reporting entity operates in the industry sectors: Construction, civil engineering and building products. Register entry: https://modernslaveryregister.gov.au/statements/13498/.'}"
Modern slavery statement 2023-3167: PFD FOOD SERVICES PTY LTD,document,"{'content': 'PFD FOOD SERVICES PTY LTD (ABN 29 006 972 381) filed a single modern slavery statement with the Australian Modern Slavery Register for the reporting period 2022-07-01 to 2023-06-30. The reporting entity is headquartered in Australia. The reporting entity has an annual revenue band of 1BN+. The reporting entity operates in the industry sectors: Food and beverages, agriculture and fishing Transportation, logistics, and storage. Register entry: https://modernslaveryregister.gov.au/statements/16457/.'}"
Modern slavery statement 2021-3470: WAM ACTIVE LIMITED,document,"{'content': 'WAM ACTIVE LIMITED (ABN 49 126 420 719) filed a single modern slavery statement with the Australian Modern Slavery Register for the reporting period 2020-07-01 to 2021-06-30. The reporting entity is headquartered in Australia. The reporting entity has an annual revenue band of 0-99M. The reporting entity operates in the industry sectors: Financial, insurance and real estate activities. Register entry: https://modernslaveryregister.gov.au/statements/6710/.'}"
Modern slavery statement 2024-1087: RHEEM AUSTRALIA PTY LIMITED,document,"{'content': 'RHEEM AUSTRALIA PTY LIMITED (ABN 21 098 823 511) filed a single modern slavery statement with the Australian Modern Slavery Register for the reporting period 2023-01-01 to 2023-12-31. The reporting entity is headquartered in Australia. The reporting entity has an annual revenue band of 450-500M. The reporting entity operates in the industry sectors: Durable consumer goods, including electronics and appliances, home furnishings and other accessories. The statement also covers the included entities: ACCENT AIR PTY LIMITED (28 062 383 224), AQUAMAX AUSTRALIA PTY LIMITED (37 138 189 689), RAYPAK AUSTRALIA PTY LTD (65 078 743 414), SOLAHART INDUSTRIES PTY. LTD. (45 064 945 848). Register entry: https://modernslaveryregister.gov.au/statements/18370/.'}"
Modern slavery statement 2021-2701: STATE BANK OF INDIA,document,"{'content': 'STATE BANK OF INDIA (ABN 95 082 610 008) filed a single modern slavery statement with the Australian Modern Slavery Register for the reporting period 2020-04-01 to 2021-03-30. The reporting entity is headquartered in India. The reporting entity has an annual revenue band of 0-99M. The reporting entity operates in the industry sectors: Financial, insurance and real estate activities. Register entry: https://modernslaveryregister.gov.au/statements/5504/.'}"
Modern slavery statement 2021-3789: The Trustee for PURWEY UNIT TRUST,document,{'content': 'The Trustee for PURWEY UNIT TRUST (ABN 99 040 012 336) filed a single modern slavery statement with the Australian Modern Slavery Register for the reporting period 2020-07-01 to 2021-06-30. The reporting entity is headquartered in Australia. The reporting entity has an annual revenue band of 100-150M. The reporting entity operates in the industry sectors: Other. Register entry: https://modernslaveryregister.gov.au/statements/7186/.'}
Modern slavery statement 2022-884: VINCI ENERGIES AUSTRALIA PTY LTD,document,"{'content': 'VINCI ENERGIES AUSTRALIA PTY LTD (ABN 86 602 042 339) filed a single modern slavery statement with the Australian Modern Slavery Register for the reporting period 2021-01-01 to 2021-12-31. The reporting entity is headquartered in Australia. The reporting entity has an annual revenue band of 150-200M. The reporting entity operates in the industry sectors: Utilities: gas, water and electricity Construction, civil engineering and building products. Register entry: https://modernslaveryregister.gov.au/statements/9044/.'}"
Modern slavery statement 2024-73: MARQUIS MARKETING PTY LTD,document,"{'content': 'MARQUIS MARKETING PTY LTD (ABN 76 147 689 987) filed a single modern slavery statement with the Australian Modern Slavery Register for the reporting period 2022-04-01 to 2023-03-31. The reporting entity is headquartered in Australia. The reporting entity has an annual revenue band of 200-250M. The reporting entity operates in the industry sectors: Food and beverages, agriculture and fishing. Register entry: https://modernslaveryregister.gov.au/statements/16817/.'}"
Modern slavery statement 2024-1830: RICEGROWERS LIMITED & RIVIANA FOODS PTY. LTD.,document,"{'content': ""RICEGROWERS LIMITED (ABN 55 007 481 156) and RIVIANA FOODS PTY. LTD. (ABN 97 061 388 092) filed a joint modern slavery statement with the Australian Modern Slavery Register for the reporting period 2023-05-01 to 2024-04-30. The reporting entities are headquartered in Australia. The reporting entities have an annual revenue band of 1BN+. The reporting entities operate in the industry sectors: Food and beverages, agriculture and fishing. The statement also covers the included entities: Aqaba Processing Company Ltd, AUSTRALIAN GRAIN STORAGE PTY LTD, KJ & CO BRANDS PTY LIMITED, PRYDE'S EASIFEED NZ Limited, PRYDE'S EASIFEED PTY LTD, PRYDE'S TUCKER BAG PTY. LIMITED, Ricegrowers Limited Japan, Ricegrowers Middle East DMCC, Ricegrowers New Zealand Ltd, Ricegrowers Singapore Pte Ltd, Ricegrowers Vietnam Company Limited, Rice Industries Limited, RICE RESEARCH AUSTRALIA PTY. LTD., ROZA'S GOURMET PTY LTD, Solomons Rice Company Limited, SunFoods LLC, SunRice Australia Pty Ltd, SunRice Fund Limited, SUNRICE TRADING PTY LTD, SunRice Trading (Shanghai) Co Ltd, Sunshine Rice, Inc, Trukai Industries Limited, Trukai (Wholesale) Limited. Register entry: https://modernslaveryregister.gov.au/statements/19276/.""}"
Modern slavery statement 2023-466: WESTERN DISTRICT HEALTH SERVICE,document,{'content': 'WESTERN DISTRICT HEALTH SERVICE (ABN 47 616 976 917) filed a single modern slavery statement with the Australian Modern Slavery Register for the reporting period 2022-07-01 to 2023-06-30. The reporting entity is headquartered in Australia. The reporting entity has an annual revenue band of 100-150M. The reporting entity operates in the industry sectors: Government Sector. Register entry: https://modernslaveryregister.gov.au/statements/12768/.'}
Modern slavery statement 2021-1606: GENWORTH FINANCIAL MORTGAGE INSURANCE PTY LIMITED & GENWORTH MORTGAGE INSURANCE AUSTRALIA LIMITED,document,"{'content': 'GENWORTH FINANCIAL MORTGAGE INSURANCE PTY LIMITED (ABN 60 106 974 305) and GENWORTH MORTGAGE INSURANCE AUSTRALIA LIMITED (ABN 72 154 890 730) filed a joint modern slavery statement with the Australian Modern Slavery Register for the reporting period 2020-01-01 to 2020-12-31. The reporting entities are headquartered in Australia. The reporting entities have an annual revenue band of 700-800M. The reporting entities operate in the industry sectors: Financial, insurance and real estate activities. Register entry: https://modernslaveryregister.gov.au/statements/3720/.'}"
Modern slavery statement 2024-2021: RA (HOLDINGS) 2014 PTY LIMITED,document,"{'content': 'RA (HOLDINGS) 2014 PTY LIMITED filed a single modern slavery statement with the Australian Modern Slavery Register for the reporting period 2023-04-01 to 2024-03-31. The reporting entity is headquartered in Australia. The reporting entity has an annual revenue band of 100-150M. The reporting entity operates in the industry sectors: Other. The statement also covers the included entities: RA 2014 PTY LIMITED, RETIRE AUSTRALIA MANAGEMENT PTY LTD (26 151 586 597). Register entry: https://modernslaveryregister.gov.au/statements/19535/.'}"
Modern slavery statement 2023-2312: MGM BULK PTY LTD,document,"{'content': 'MGM BULK PTY LTD (ABN 34 165 448 920) filed a single modern slavery statement with the Australian Modern Slavery Register for the reporting period 2022-07-01 to 2023-06-30. The reporting entity is headquartered in Australia. The reporting entity has an annual revenue band of 200-250M. The reporting entity operates in the industry sectors: Transportation, logistics, and storage. Register entry: https://modernslaveryregister.gov.au/statements/15334/.'}"
Modern slavery statement 2025-841: MA FINANCIAL GROUP LIMITED,document,"{'content': 'MA FINANCIAL GROUP LIMITED (ABN 68 142 008 428) filed a single modern slavery statement with the Australian Modern Slavery Register for the reporting period 2024-01-01 to 2024-12-31. The reporting entity is headquartered in Australia. The reporting entity has an annual revenue band of 500-600M. The reporting entity operates in the industry sectors: Financial and Insurance Services. The statement also covers the included entities: FINSURE FINANCE & INSURANCE PTY LTD (72 068 153 926), MAAM RE LTD (34 135 855 186), MA ASSET MANAGEMENT LTD (93 142 008 535), MAFG OPERATIONS PTY LTD (11 138 030 289), MA MOELIS AUSTRALIA ADVISORY PTY LTD (72 142 008 446), MA MOELIS AUSTRALIA SECURITIES PTY LTD (87 122 781 560), MA MONEY FINANCIAL SERVICES PTY LTD (64 639 174 315), MA REAL ESTATE SERVICES PTY LTD (64 155 736 771), MIDDLE TECHNOLOGY AUSTRALIA PTY LTD (99 649 575 315), REDCAPE HOSPITALITY PTY LTD (34 619 297 228). Register entry: https://modernslaveryregister.gov.au/statements/22910/.'}"
Modern slavery statement 2021-2143: QBE INSURANCE GROUP LIMITED,document,"{'content': 'QBE INSURANCE GROUP LIMITED (ABN 28 008 485 014) filed a joint modern slavery statement with the Australian Modern Slavery Register for the reporting period 2020-01-01 to 2020-12-31. The reporting entity is headquartered in Australia. The reporting entity has an annual revenue band of 700-800M. The reporting entity operates in the industry sectors: Financial, insurance and real estate activities. Register entry: https://modernslaveryregister.gov.au/statements/4744/.'}"
"Modern slavery statement 2024-2392: AUSTRALIAN FINANCE GROUP LTD, AUSTRALIAN FINANCE GROUP SECURITIES PTY LTD",document,"{'content': 'AUSTRALIAN FINANCE GROUP LTD, AUSTRALIAN FINANCE GROUP SECURITIES PTY LTD filed a joint modern slavery statement with the Australian Modern Slavery Register for the reporting period 2023-07-01 to 2024-06-30. The reporting entity is headquartered in Australia. The reporting entity has an annual revenue band of 1BN+. The reporting entity operates in the industry sectors: Financial, insurance and real estate activities. The statement also covers the included entities: AFG Home Loans Pty Ltd (26 153 255 559), AFG Securities Pty Ltd (90 119 343 118), AUSTRALIAN FINANCE GROUP (COMMERCIAL) PTY LTD (52 081 643 512), BROLI FINANCE PTY LTD (71 617 588 726), CREDIT CONCIERGE PTY LTD (78 625 017 165), FINTELLIGENCE PTY LTD (80 625 017 174), MORTGAGE BROKERS SOFTWARE PTY LTD (75 608 306 047), MORTGAGE PROCESSING SERVICES PTY LTD (64 608 519 044), NATIONAL FINANCE ALLIANCE PTY LTD (84 625 017 192), ZEBRAFI PTY LTD (61 618 854 274). Register entry: https://modernslaveryregister.gov.au/statements/20051/.'}"
Modern slavery statement 2022-1364: DELL AUSTRALIA PTY LIMITED & EMC GLOBAL HOLDINGS COMPANY,document,"{'content': 'DELL AUSTRALIA PTY LIMITED (ABN 46 003 855 561) and EMC GLOBAL HOLDINGS COMPANY (ABN 86 699 010 685) filed a joint modern slavery statement with the Australian Modern Slavery Register for the reporting period 2021-01-01 to 2022-01-31. The reporting entities are headquartered in Australia, United Kingdom. The reporting entities have an annual revenue band of Unknown. The reporting entities operate in the industry sectors: Information technology and telecommunication. Register entry: https://modernslaveryregister.gov.au/statements/9659/.'}"
Modern slavery statement 2024-1518: MOTT MACDONALD AUSTRALIA PTY LIMITED,document,"{'content': 'MOTT MACDONALD AUSTRALIA PTY LIMITED (ABN 13 134 120 353) filed a single modern slavery statement with the Australian Modern Slavery Register for the reporting period 2023-07-01 to 2024-06-30. The reporting entity is headquartered in Australia. The reporting entity has an annual revenue band of 150-200M. The reporting entity operates in the industry sectors: Construction, civil engineering and building products. Register entry: https://modernslaveryregister.gov.au/statements/18836/.'}"
Modern slavery statement 2024-2963: SALTER BROTHERS HOTEL COMPANY LTD,document,"{'content': 'SALTER BROTHERS HOTEL COMPANY LTD filed a single modern slavery statement with the Australian Modern Slavery Register for the reporting period 2023-07-01 to 2024-06-30. The reporting entity is headquartered in Australia. The reporting entity has an annual revenue band of 100-150M. The reporting entity operates in the industry sectors: Financial, insurance and real estate activities. The statement also covers the included entities: SALTER BROTHERS HOTEL COMPANY NO.2 PTY LTD, SALTER BROTHERS HOTEL COMPANY NO.3 PTY LTD, SALTER BROTHERS (POTTS POINT) LAND PTY LTD. Register entry: https://modernslaveryregister.gov.au/statements/20835/.'}"
Modern slavery statement 2023-2334: BRISBANE AIRPORT CORPORATION PTY LIMITED,document,"{'content': 'BRISBANE AIRPORT CORPORATION PTY LIMITED (ABN 54 076 870 650) filed a single modern slavery statement with the Australian Modern Slavery Register for the reporting period 2022-07-01 to 2023-06-30. The reporting entity is headquartered in Australia. The reporting entity has an annual revenue band of 800-900M. The reporting entity operates in the industry sectors: Transportation, logistics, and storage. Register entry: https://modernslaveryregister.gov.au/statements/15371/.'}"
Modern slavery statement 2025-3615: The Trustee for Zip Master Trust & ZIP CO LIMITED & ZIPMONEY PAYMENTS PTY LTD,document,"{'content': 'The Trustee for Zip Master Trust (ABN 13 151 938 295), ZIP CO LIMITED (ABN 50 139 546 428) and ZIPMONEY PAYMENTS PTY LTD (ABN 58 164 440 993) filed a joint modern slavery statement with the Australian Modern Slavery Register for the reporting period 2024-07-01 to 2025-06-30. The reporting entities are headquartered in Australia. The reporting entities have an annual revenue band of 1BN+. The reporting entities operate in the industry sectors: Financial and Insurance Services. Register entry: https://modernslaveryregister.gov.au/statements/26023/.'}"
Modern slavery statement 2023-1282: CEDAR PACIFIC INVESTMENT MANAGEMENT PTY LTD,document,"{'content': 'CEDAR PACIFIC INVESTMENT MANAGEMENT PTY LTD (ABN 89 608 750 438) filed a single modern slavery statement with the Australian Modern Slavery Register for the reporting period 2022-01-01 to 2022-12-31. The reporting entity is headquartered in Australia. The reporting entity has an annual revenue band of 0-99M. The reporting entity operates in the industry sectors: Financial, insurance and real estate activities. Register entry: https://modernslaveryregister.gov.au/statements/13928/.'}"
Modern slavery statement 2022-2921: B.I.C. SERVICES PTY. LIMITED,document,{'content': 'B.I.C. SERVICES PTY. LIMITED (ABN 40 003 700 301) filed a single modern slavery statement with the Australian Modern Slavery Register for the reporting period 2021-07-01 to 2022-06-30. The reporting entity is headquartered in Australia. The reporting entity has an annual revenue band of 100-150M. The reporting entity operates in the industry sectors: Cleaning and security services. Register entry: https://modernslaveryregister.gov.au/statements/11841/.'}
Modern slavery statement 2026-149: HSBC Australia Holdings Pty Limited & HSBC BANK AUSTRALIA LIMITED & The Hongkong and Shanghai Banking Corporation Limited,document,"{'content': 'HSBC Australia Holdings Pty Limited (ABN 22 006 513 873), HSBC BANK AUSTRALIA LIMITED (ABN 48 006 434 162) and The Hongkong and Shanghai Banking Corporation Limited (ABN 65 117 925 970) filed a joint modern slavery statement with the Australian Modern Slavery Register for the reporting period 2024-01-01 to 2024-12-31. The reporting entities are headquartered in Australia. The reporting entities have an annual revenue band of 1BN+. The reporting entities operate in the industry sectors: Financial and Insurance Services. Register entry: https://modernslaveryregister.gov.au/statements/27254/.'}"
Modern slavery statement 2021-3291: Panasonic Avionics Corporation,document,{'content': 'Panasonic Avionics Corporation filed a single modern slavery statement with the Australian Modern Slavery Register for the reporting period 2020-04-01 to 2021-03-30. The reporting entity is headquartered in United States of America. The reporting entity has an annual revenue band of 1BN+. The reporting entity operates in the industry sectors: Other. Register entry: https://modernslaveryregister.gov.au/statements/6412/.'}
Modern slavery statement 2023-800: UNIVERSAL MUSIC AUSTRALIA PTY LIMITED,document,"{'content': 'UNIVERSAL MUSIC AUSTRALIA PTY LIMITED (ABN 21 000 158 592) filed a single modern slavery statement with the Australian Modern Slavery Register for the reporting period 2022-01-01 to 2022-12-31. The reporting entity is headquartered in Netherlands. The reporting entity has an annual revenue band of 400-450M. The reporting entity operates in the industry sectors: Media, publishing, arts and entertainment. Register entry: https://modernslaveryregister.gov.au/statements/13280/.'}"
Modern slavery statement 2022-642: ONTEX MANUFACTURING PTY LTD,document,{'content': 'ONTEX MANUFACTURING PTY LTD (ABN 16 145 822 528) filed a single modern slavery statement with the Australian Modern Slavery Register for the reporting period 2021-01-01 to 2021-12-31. The reporting entity is headquartered in Belgium. The reporting entity has an annual revenue band of 100-150M. The reporting entity operates in the industry sectors: Healthcare and pharmaceuticals. Register entry: https://modernslaveryregister.gov.au/statements/8685/.'}
Modern slavery statement 2023-3318: COOPERS BREWERY LIMITED,document,"{'content': ""COOPERS BREWERY LIMITED (ABN 13 007 871 409) filed a joint modern slavery statement with the Australian Modern Slavery Register for the reporting period 2022-01-01 to 2022-12-31. The reporting entity is headquartered in Australia, United States of America. The reporting entity has an annual revenue band of 250-300M. The reporting entity operates in the industry sectors: Food and beverages, agriculture and fishing. The statement also covers the included entities: Coopers Brewery Foundation Incorporated (40 687 033 748), MORGAN'S BREWING COMPANY PTY. LTD. (19 010 960 317), Premium Beverages Pty Ltd (71 100 818 700). Register entry: https://modernslaveryregister.gov.au/statements/16603/.""}"
Modern slavery statement 2023-1418: AUSTRAL FISHERIES PTY LTD,document,"{'content': 'AUSTRAL FISHERIES PTY LTD (ABN 71 008 989 982) filed a single modern slavery statement with the Australian Modern Slavery Register for the reporting period 2022-01-01 to 2022-12-31. The reporting entity is headquartered in Australia. The reporting entity has an annual revenue band of 100-150M. The reporting entity operates in the industry sectors: Food and beverages, agriculture and fishing. Register entry: https://modernslaveryregister.gov.au/statements/13995/.'}"
Modern slavery statement 2023-2889: NEW AIM PTY. LTD.,document,"{'content': 'NEW AIM PTY. LTD. filed a single modern slavery statement with the Australian Modern Slavery Register for the reporting period 2022-07-01 to 2023-06-30. The reporting entity is headquartered in Australia. The reporting entity has an annual revenue band of 350-400M. The reporting entity operates in the industry sectors: Durable consumer goods, including electronics and appliances, home furnishings and other accessories. Register entry: https://modernslaveryregister.gov.au/statements/16116/.'}"
Modern slavery statement 2021-2425: Savanna Energy Services Pty Ltd,document,"{'content': 'Savanna Energy Services Pty Ltd (ABN 16 140 172 756) filed a single modern slavery statement with the Australian Modern Slavery Register for the reporting period 2020-07-01 to 2021-06-30. The reporting entity is headquartered in Canada. The reporting entity has an annual revenue band of 100-150M. The reporting entity operates in the industry sectors: Mining, metals, chemicals and resources (including oil and gas). Register entry: https://modernslaveryregister.gov.au/statements/5062/.'}"
Modern slavery statement 2021-1616: SUN METALS CORPORATION PTY LTD,document,"{'content': 'SUN METALS CORPORATION PTY LTD (ABN 97 074 241 982) filed a single modern slavery statement with the Australian Modern Slavery Register for the reporting period 2020-01-01 to 2020-12-31. The reporting entity is headquartered in Australia. The reporting entity has an annual revenue band of 500-600M. The reporting entity operates in the industry sectors: Mining, metals, chemicals and resources (including oil and gas). Register entry: https://modernslaveryregister.gov.au/statements/3742/.'}"
Modern slavery statement 2022-707: EG FUELCO (AUSTRALIA) LIMITED & EG GROUP AUSTRALIA PTY LTD,document,{'content': 'EG FUELCO (AUSTRALIA) LIMITED (ABN 39 627 348 645) and EG GROUP AUSTRALIA PTY LTD (ABN 39 629 792 810) filed a joint modern slavery statement with the Australian Modern Slavery Register for the reporting period 2021-01-01 to 2021-12-31. The reporting entities are headquartered in United Kingdom. The reporting entities have an annual revenue band of 1BN+. The reporting entities operate in the industry sectors: Other. Register entry: https://modernslaveryregister.gov.au/statements/8789/.'}
Modern slavery statement 2023-3190: AAW GLOBAL LOGISTICS PTY LTD,document,"{'content': 'AAW GLOBAL LOGISTICS PTY LTD (ABN 14 007 257 865) filed a joint modern slavery statement with the Australian Modern Slavery Register for the reporting period 2022-07-01 to 2023-06-30. The reporting entity is headquartered in Australia. The reporting entity has an annual revenue band of 100-150M. The reporting entity operates in the industry sectors: Transportation, logistics, and storage. The statement also covers the included entities: AAW BULK LIQUID LOGISTICS PTY LTD (77 668 554 710), COASTALBRIDGE PTY LTD (50 668 259 818), HOYER LOGISTICS AUSTRALIA PTY LTD (70 625 946 232), REGIONAL SHIPPING SERVICES PTY LTD (69 087 872 580). Register entry: https://modernslaveryregister.gov.au/statements/16466/.'}"
Modern slavery statement 2021-640: LOGICALIS AUSTRALIA HOLDINGS PTY LTD,document,{'content': 'LOGICALIS AUSTRALIA HOLDINGS PTY LTD (ABN 67 089 914 581) filed a single modern slavery statement with the Australian Modern Slavery Register for the reporting period 2019-03-01 to 2020-02-29. The reporting entity is headquartered in Australia. The reporting entity has an annual revenue band of 100-150M. The reporting entity operates in the industry sectors: Information technology and telecommunication. Register entry: https://modernslaveryregister.gov.au/statements/2265/.'}
Modern slavery statement 2024-713: PACIFIC ENERGY TRADING PTY. LTD.,document,"{'content': 'PACIFIC ENERGY TRADING PTY. LTD. (ABN 63 642 539 482) filed a single modern slavery statement with the Australian Modern Slavery Register for the reporting period 2023-01-01 to 2023-12-31. The reporting entity is headquartered in Australia. The reporting entity has an annual revenue band of 150-200M. The reporting entity operates in the industry sectors: Financial, insurance and real estate activities. Register entry: https://modernslaveryregister.gov.au/statements/17797/.'}"
Modern slavery statement 2022-2049: The Trustee for Mackay's Banana Marketing Co & The Trustee for The John B Mackay Family Trust No 3 & The Trustee for the Robert S Mackay Family Trust No 3,document,"{'content': ""The Trustee for Mackay's Banana Marketing Co & The Trustee for The John B Mackay Family Trust No 3 & The Trustee for the Robert S Mackay Family Trust No 3 (ABN 36 841 089 158) filed a single modern slavery statement with the Australian Modern Slavery Register for the reporting period 2021-07-01 to 2022-06-30. The reporting entity is headquartered in Australia. The reporting entity has an annual revenue band of 100-150M. The reporting entity operates in the industry sectors: Food and beverages, agriculture and fishing. Register entry: https://modernslaveryregister.gov.au/statements/10708/.""}"
Modern slavery statement 2024-1397: Western Steel Processors Pty Ltd,document,"{'content': 'Western Steel Processors Pty Ltd filed a single modern slavery statement with the Australian Modern Slavery Register for the reporting period 2023-01-01 to 2023-12-31. The reporting entity is headquartered in Australia. The reporting entity has an annual revenue band of 200-250M. The reporting entity operates in the industry sectors: Construction, civil engineering and building products. The statement also covers the included entities: INDUSTRIAL PROGRESS CORPORATION PTY. LTD.. Register entry: https://modernslaveryregister.gov.au/statements/18712/.'}"
Modern slavery statement 2024-2140: ELJO PTY LTD & THE TRUSTEE FOR RICO FAMILY TRUST & RICO ENGINEERING TRUST & SOLO WATER PTY LTD et al.,document,"{'content': 'ELJO PTY LTD & THE TRUSTEE FOR RICO FAMILY TRUST (ABN 83 493 775 096), RICO ENGINEERING TRUST (ABN 29 738 709 771), SOLO WATER PTY LTD (ABN 11 160 013 614) and THE TRUSTEE FOR RICO FAMILY TRUST (ABN 62 398 515 816) filed a joint modern slavery statement with the Australian Modern Slavery Register for the reporting period 2023-01-01 to 2023-12-31. The reporting entities are headquartered in Australia. The reporting entities have an annual revenue band of 0-99M. The reporting entities operate in the industry sectors: Waste management and recycling. Register entry: https://modernslaveryregister.gov.au/statements/19684/.'}"
Modern slavery statement 2024-2734: IMB LTD,document,"{'content': 'IMB LTD (ABN 92 087 651 974) filed a single modern slavery statement with the Australian Modern Slavery Register for the reporting period 2023-07-01 to 2024-06-30. The reporting entity is headquartered in Australia. The reporting entity has an annual revenue band of 400-450M. The reporting entity operates in the industry sectors: Financial, insurance and real estate activities. The statement also covers the included entities: IMB COMMUNITY FOUNDATION PTY LTD, IMB SECURITISATION SERVICES PTY LIMITED. Register entry: https://modernslaveryregister.gov.au/statements/20523/.'}"
Modern slavery statement 2024-1137: NZME LIMITED,document,"{'content': 'NZME LIMITED filed a single modern slavery statement with the Australian Modern Slavery Register for the reporting period 2023-01-01 to 2023-12-31. The reporting entity is headquartered in New Zealand. The reporting entity has an annual revenue band of 350-400M. The reporting entity operates in the industry sectors: Media, publishing, arts and entertainment. Register entry: https://modernslaveryregister.gov.au/statements/18444/.'}"
Modern slavery statement 2025-3588: BC HART COMPANY PTY LTD & VBNC5 PTY LTD & VB PDP 2010-11 PTY LTD et al.,document,"{'content': 'BC HART COMPANY PTY LTD (ABN 65 645 265 514), VBNC5 PTY LTD (ABN 16 119 691 502), VB PDP 2010-11 PTY LTD (ABN 88 140 818 266), VELOCITY FREQUENT FLYER 1 PTY LTD (ABN 50 601 273 072), VELOCITY FREQUENT FLYER 2 PTY LTD (ABN 54 601 273 527), VELOCITY FREQUENT FLYER HOLDCO PTY LTD (ABN 44 169 684 093), VELOCITY FREQUENT FLYER PTY LTD (ABN 60 601 408 824), VIRGIN AUSTRALIA AIRLINES HOLDINGS PTY LTD (ABN 19 093 924 675), VIRGIN AUSTRALIA AIRLINES PTY LTD (ABN 36 090 670 965), VIRGIN AUSTRALIA HOLDINGS LIMITED (ABN 54 100 686 226), VIRGIN AUSTRALIA INTERNATIONAL AIRLINES PTY LTD (ABN 63 125 580 823), VIRGIN AUSTRALIA INTERNATIONAL HOLDINGS PTY LTD (ABN 23 155 860 021) and VIRGIN AUSTRALIA REGIONAL AIRLINES PTY LTD (ABN 76 008 997 662) filed a joint modern slavery statement with the Australian Modern Slavery Register for the reporting period 2024-07-01 to 2025-06-30. The reporting entities are headquartered in Australia. The reporting entities have an annual revenue band of 1BN+. The reporting entities operate in the industry sectors: Transport, Postal and Warehousing. Register entry: https://modernslaveryregister.gov.au/statements/26664/.'}"
Modern slavery statement 2025-564: China Everbright Bank Co. Ltd,document,"{'content': 'China Everbright Bank Co. Ltd (ABN 69 322 403 457) filed a single modern slavery statement with the Australian Modern Slavery Register for the reporting period 2024-01-01 to 2024-12-31. The reporting entity is headquartered in China. The reporting entity has an annual revenue band of 1BN+. The reporting entity operates in the industry sectors: Financial, insurance and real estate activities. Register entry: https://modernslaveryregister.gov.au/statements/22497/.'}"
Modern slavery statement 2021-1950: AWP AUSTRALIA PTY LTD,document,"{'content': 'AWP AUSTRALIA PTY LTD (ABN 52 097 227 177) filed a single modern slavery statement with the Australian Modern Slavery Register for the reporting period 2020-01-01 to 2020-12-31. The reporting entity is headquartered in Australia. The reporting entity has an annual revenue band of 200-250M. The reporting entity operates in the industry sectors: Financial, insurance and real estate activities. Register entry: https://modernslaveryregister.gov.au/statements/4432/.'}"
"Modern slavery statement 2025-3698: AQUA TERRA OIL AND MINERAL SERVICE AND SUPPLY COMPANY PTY. LTD., ATOM GROUP BIDCO PTY LTD & ATOM GROUP HOLDCO PTY LTD & ATOM GROUP HOLDINGS PTY LTD et al.",document,"{'content': 'AQUA TERRA OIL AND MINERAL SERVICE AND SUPPLY COMPANY PTY. LTD., ATOM GROUP BIDCO PTY LTD (ABN 43 670 417 535), ATOM GROUP HOLDCO PTY LTD (ABN 77 670 417 240), ATOM GROUP HOLDINGS PTY LTD (ABN 86 670 416 529), ATOM GROUP MIDCO PTY LTD (ABN 96 670 417 320), ATOM SUPPLY GROUP PTY LIMITED (ABN 69 118 879 806), FEEL-J INVESTMENTS PTY LTD (ABN 76 159 018 998) and MOTA INVESTMENTS PTY LTD (ABN 98 158 946 144) filed a joint modern slavery statement with the Australian Modern Slavery Register for the reporting period 2024-07-01 to 2025-06-30. The reporting entities are headquartered in Australia. The reporting entities have an annual revenue band of 350-400M. The reporting entities operate in the industry sectors: Wholesale Trade. The statement also covers the included entities: GIS HOLDCO PTY LTD (83 124 508 014), HILLCOCK INDUSTRIAL PTY LTD (25 658 553 854), INTEGRATED INDUSTRIAL PTY LTD. Register entry: https://modernslaveryregister.gov.au/statements/26723/.'}"
Modern slavery statement 2021-4161: HARVEST ROAD GROUP PTY LTD & NEGU PTY LTD & TATTARANG CAPITAL PTY LTD et al.,document,"{'content': 'HARVEST ROAD GROUP PTY LTD (ABN 31 169 138 014), NEGU PTY LTD (ABN 22 637 047 066), TATTARANG CAPITAL PTY LTD (ABN 40 161 233 674) and Tattarang Pty Ltd as the trustee for THE PEEPINGEE TRUST (ABN 44 994 119 389) filed a joint modern slavery statement with the Australian Modern Slavery Register for the reporting period 2020-07-01 to 2021-06-30. The reporting entities are headquartered in Australia. The reporting entities have an annual revenue band of 1BN+. The reporting entities operate in the industry sectors: Other. Register entry: https://modernslaveryregister.gov.au/statements/7504/.'}"
Modern slavery statement 2023-2673: BEYOND BANK AUSTRALIA LIMITED,document,"{'content': 'BEYOND BANK AUSTRALIA LIMITED (ABN 15 087 651 143) filed a joint modern slavery statement with the Australian Modern Slavery Register for the reporting period 2022-07-01 to 2023-06-30. The reporting entity is headquartered in Australia. The reporting entity has an annual revenue band of 350-400M. The reporting entity operates in the industry sectors: Financial, insurance and real estate activities. The statement also covers the included entities: BEYOND BANK AUSTRALIA FOUNDATION LIMITED (89 119 727 507), BEYOND EMPLOYEE BENEVOLENT FUND PTY LTD (22 121 458 106), COMMUNITY CPS SERVICES PTY LTD (18 149 135 437), EASTWOODS GROUP LIMITED (94 008 618 193), EASTWOODS WEALTH MANAGEMENT PTY LTD (17 008 167 002), The Trustee for BEYOND BANK AUSTRALIA FOUNDATION MASTER DGR FUND (17 989 653 744), The Trustee for BEYOND BANK AUSTRALIA FOUNDATION MASTER SUPPORT FUND (60 140 455 034), THE TRUSTEE FOR THE BARTON A WAREHOUSE TRUST (83 790 020 204), The Trustee for the Barton Series 2013-1R Trust (38 393 895 268), The Trustee for THE BARTON SERIES 2014-1 TRUST (37 100 159 612), The Trustee for The Barton Series 2017-1 Trust (25 623 885 988), The Trustee for The Barton Series 2019-1 Trust (97 364 940 393), THE TRUSTEE FOR THE BARTON W WAREHOUSE TRUST (90 374 072 831). Register entry: https://modernslaveryregister.gov.au/statements/15743/.'}"
Modern slavery statement 2022-543: ADECCO AUSTRALIA PTY LTD & ADECCO HOLDINGS PTY LTD & ADECCO INDUSTRIAL PTY LTD et al.,document,"{'content': 'ADECCO AUSTRALIA PTY LTD (ABN 91 006 253 336), ADECCO HOLDINGS PTY LTD (ABN 11 003 652 088), ADECCO INDUSTRIAL PTY LTD (ABN 39 004 366 634), LEE HECHT HARRISON PTY LIMITED (ABN 18 001 292 584), MODIS CONSULTING PTY LTD (ABN 25 076 517 354), MODIS STAFFING PTY LTD (ABN 14 007 145 637), PONTOON AUSTRALIA PTY LTD (ABN 11 003 526 538), SPRING GROUP AUSTRALIA PTY LIMITED (ABN 16 065 183 351) and TAD PTY LTD (ABN 47 006 250 719) filed a joint modern slavery statement with the Australian Modern Slavery Register for the reporting period 2021-01-01 to 2021-12-31. The reporting entities are headquartered in Australia, Switzerland. The reporting entities have an annual revenue band of 600-700M. The reporting entities operate in the industry sectors: Professional and administrative services and supplies, including legal, consulting and accounting services. Register entry: https://modernslaveryregister.gov.au/statements/8534/.'}"
"Modern slavery statement 2023-1565: CLICKSOFTWARE AUSTRALIA PTY LTD, DATORAMA AUSTRALIA PTY LTD, ExactTarget Pty Ltd, SFDC Australia Pty Limited",document,"{'content': 'CLICKSOFTWARE AUSTRALIA PTY LTD, DATORAMA AUSTRALIA PTY LTD, ExactTarget Pty Ltd, SFDC Australia Pty Limited filed a joint modern slavery statement with the Australian Modern Slavery Register for the reporting period 2022-02-01 to 2023-01-31. The reporting entity is headquartered in Australia. The reporting entity has an annual revenue band of 1BN+. The reporting entity operates in the industry sectors: Information technology and telecommunication. Register entry: https://modernslaveryregister.gov.au/statements/14264/.'}"
"Modern slavery statement 2024-2622: KOOLAN IRON ORE PTY LTD, MOUNT GIBSON IRON LIMITED, MOUNT GIBSON MINING LIMITED",document,"{'content': 'KOOLAN IRON ORE PTY LTD, MOUNT GIBSON IRON LIMITED, MOUNT GIBSON MINING LIMITED filed a joint modern slavery statement with the Australian Modern Slavery Register for the reporting period 2023-07-01 to 2024-06-30. The reporting entity is headquartered in Australia. The reporting entity has an annual revenue band of 600-700M. The reporting entity operates in the industry sectors: Mining, metals, chemicals and resources (including oil and gas). The statement also covers the included entities: AZTEC RESOURCES LIMITED, BROCKMAN MINERALS PTY LTD, GIBSON MINERALS LIMITED, KIO SPV PTY LTD, KOOLAN SHIPPING PTY LTD. Register entry: https://modernslaveryregister.gov.au/statements/20372/.'}"
Modern slavery statement 2024-2073: HYUNDAI MOTOR COMPANY AUSTRALIA PTY LIMITED,document,"{'content': 'HYUNDAI MOTOR COMPANY AUSTRALIA PTY LIMITED (ABN 58 008 995 588) filed a single modern slavery statement with the Australian Modern Slavery Register for the reporting period 2023-01-01 to 2023-12-31. The reporting entity is headquartered in Australia. The reporting entity has an annual revenue band of 1BN+. The reporting entity operates in the industry sectors: Automotive, machinery and heavy electrical equipment. Register entry: https://modernslaveryregister.gov.au/statements/19599/.'}"
Modern slavery statement 2024-3531: AVJENNINGS LIMITED,document,{'content': 'AVJENNINGS LIMITED (ABN 44 004 327 771) filed a single modern slavery statement with the Australian Modern Slavery Register for the reporting period 2023-07-01 to 2024-06-30. The reporting entity is headquartered in Australia. The reporting entity has an annual revenue band of 300-350M. The reporting entity operates in the industry sectors: Other. Register entry: https://modernslaveryregister.gov.au/statements/21499/.'}
Modern slavery statement 2024-1196: AIA AUSTRALIA LIMITED,document,"{'content': 'AIA AUSTRALIA LIMITED (ABN 79 004 837 861) filed a single modern slavery statement with the Australian Modern Slavery Register for the reporting period 2023-01-01 to 2023-12-31. The reporting entity is headquartered in Australia. The reporting entity has an annual revenue band of 1BN+. The reporting entity operates in the industry sectors: Financial, insurance and real estate activities. The statement also covers the included entities: AIA FINANCIAL SERVICES LIMITED (68 008 540 252), AIA HEALTH INSURANCE PTY LTD (32 611 323 034), AIAV PTY LTD (68 616 985 641), CMLA SERVICES PTY LTD (88 622 557 251), JACQUES MARTIN ADMINISTRATION AND CONSULTING PTY LTD (24 006 787 748), JACQUES MARTIN PTY. LTD. (55 006 100 830), MO SUPPORT PTY LTD (64 636 336 000). Register entry: https://modernslaveryregister.gov.au/statements/17522/.'}"
Modern slavery statement 2022-1027: ORGANON PHARMA PTY LTD,document,{'content': 'ORGANON PHARMA PTY LTD (ABN 54 637 107 512) filed a single modern slavery statement with the Australian Modern Slavery Register for the reporting period 2021-01-01 to 2021-12-31. The reporting entity is headquartered in Australia. The reporting entity has an annual revenue band of 100-150M. The reporting entity operates in the industry sectors: Healthcare and pharmaceuticals. Register entry: https://modernslaveryregister.gov.au/statements/9264/.'}
Modern slavery statement 2024-279: PATTEN PAVEMENT SERVICES PTY LTD,document,"{'content': 'PATTEN PAVEMENT SERVICES PTY LTD (ABN 75 163 199 782) filed a single modern slavery statement with the Australian Modern Slavery Register for the reporting period 2023-01-01 to 2023-12-31. The reporting entity is headquartered in Australia. The reporting entity has an annual revenue band of 0-99M. The reporting entity operates in the industry sectors: Construction, civil engineering and building products. Register entry: https://modernslaveryregister.gov.au/statements/17170/.'}"
Modern slavery statement 2023-3003: NATIONAL TILES CO PTY LTD,document,"{'content': 'NATIONAL TILES CO PTY LTD (ABN 57 007 381 599) filed a joint modern slavery statement with the Australian Modern Slavery Register for the reporting period 2022-07-01 to 2023-06-30. The reporting entity is headquartered in Australia. The reporting entity has an annual revenue band of 150-200M. The reporting entity operates in the industry sectors: Construction, civil engineering and building products. The statement also covers the included entities: BARGAIN TILES PTY LTD (13 005 535 731). Register entry: https://modernslaveryregister.gov.au/statements/16256/.'}"
Modern slavery statement 2024-2684: The Trustee for Spark North East Link Trust,document,"{'content': 'The Trustee for Spark North East Link Trust (ABN 45 472 853 727) filed a single modern slavery statement with the Australian Modern Slavery Register for the reporting period 2023-07-01 to 2024-06-30. The reporting entity is headquartered in Australia. The reporting entity has an annual revenue band of 1BN+. The reporting entity operates in the industry sectors: Construction, civil engineering and building products. Register entry: https://modernslaveryregister.gov.au/statements/20469/.'}"
Modern slavery statement 2025-1258: WELLINGTON MANAGEMENT AUSTRALIA PTY LTD,document,"{'content': 'WELLINGTON MANAGEMENT AUSTRALIA PTY LTD (ABN 19 167 091 090) filed a single modern slavery statement with the Australian Modern Slavery Register for the reporting period 2024-01-01 to 2024-12-31. The reporting entity is headquartered in Australia. The reporting entity has an annual revenue band of 100-150M. The reporting entity operates in the industry sectors: Financial, insurance and real estate activities. Register entry: https://modernslaveryregister.gov.au/statements/23508/.'}"
Modern slavery statement 2025-3855: QUALITY LOGISTIC SERVICES AUSTRALIA PTY LTD,document,"{'content': 'QUALITY LOGISTIC SERVICES AUSTRALIA PTY LTD (ABN 52 107 976 250) filed a single modern slavery statement with the Australian Modern Slavery Register for the reporting period 2024-07-01 to 2025-06-30. The reporting entity is headquartered in Australia. The reporting entity has an annual revenue band of 200-250M. The reporting entity operates in the industry sectors: Other Services. The statement also covers the included entities: CATALYST CHEMICALS PTY LTD, Quality Logistic Services (Asia) Pte Ltd. Register entry: https://modernslaveryregister.gov.au/statements/26969/.'}"
Modern slavery statement 2024-2033: MITSUI-ITOCHU IRON PTY LTD,document,"{'content': 'MITSUI-ITOCHU IRON PTY LTD (ABN 84 008 702 761) filed a single modern slavery statement with the Australian Modern Slavery Register for the reporting period 2023-04-01 to 2024-03-31. The reporting entity is headquartered in Australia. The reporting entity has an annual revenue band of 1BN+. The reporting entity operates in the industry sectors: Mining, metals, chemicals and resources (including oil and gas). Register entry: https://modernslaveryregister.gov.au/statements/19556/.'}"
"Modern slavery statement 2022-218: ALPHEN PTY. LIMITED & Bondi Junction Trust, Fountain Gate Trust, SCENTRE CAPITAL ASSETS PTY LIMITED & SCENTRE DESIGN AND CONSTRUCTION PTY LIMITED et al.",document,"{'content': 'ALPHEN PTY. LIMITED (ABN 31 052 136 348), Bondi Junction Trust, Fountain Gate Trust, SCENTRE CAPITAL ASSETS PTY LIMITED (ABN 36 003 146 307), SCENTRE DESIGN AND CONSTRUCTION PTY LIMITED (ABN 53 000 267 265), SCENTRE FINANCE (AUST) LIMITED (ABN 37 093 642 865), SCENTRE GROUP LIMITED (ABN 66 001 671 496), Scentre Group Trust 1, Scentre Group Trust 2, SCENTRE LIMITED (ABN 95 000 317 279) and Scentre Sub Trust H, WestArt Trust filed a joint modern slavery statement with the Australian Modern Slavery Register for the reporting period 2021-01-01 to 2021-12-31. The reporting entities are headquartered in Australia. The reporting entities have an annual revenue band of 1BN+. The reporting entities operate in the industry sectors: Construction, civil engineering and building products Financial, insurance and real estate activities. Register entry: https://modernslaveryregister.gov.au/statements/8026/.'}"
Modern slavery statement 2026-80: EDWARDS U PTY LIMITED & Others & The Trustee for Edwards A Trust & Others & The Trustee for Edwards O Trust & Others,document,"{'content': 'EDWARDS U PTY LIMITED & Others (ABN 39 232 846 628), The Trustee for Edwards A Trust & Others (ABN 30 586 412 717) and The Trustee for Edwards O Trust & Others (ABN 11 247 365 823) filed a joint modern slavery statement with the Australian Modern Slavery Register for the reporting period 2023-07-01 to 2024-06-30. The reporting entities are headquartered in Australia. The reporting entities have an annual revenue band of 900M-1BN. The reporting entities operate in the industry sectors: Electricity, Gas, Water and Waste Services. Register entry: https://modernslaveryregister.gov.au/statements/27151/.'}"
Modern slavery statement 2022-256: SIEMENS LTD.,document,"{'content': 'SIEMENS LTD. (ABN 98 004 347 880) filed a single modern slavery statement with the Australian Modern Slavery Register for the reporting period 2020-10-01 to 2021-09-30. The reporting entity is headquartered in Australia, Germany. The reporting entity has an annual revenue band of 1BN+. The reporting entity operates in the industry sectors: Construction, civil engineering and building products. Register entry: https://modernslaveryregister.gov.au/statements/8076/.'}"
Modern slavery statement 2022-1324: BEARING SERVICE PROPRIETARY LIMITED & CBC AUSTRALIA PTY LIMITED & GPC Asia Pacific Pty Ltd et al.,document,"{'content': 'BEARING SERVICE PROPRIETARY LIMITED (ABN 81 004 112 887), CBC AUSTRALIA PTY LIMITED (ABN 32 000 143 608), GPC Asia Pacific Pty Ltd (ABN 97 097 993 280) and HS COMPANY PTY LIMITED (ABN 52 099 707 856) filed a joint modern slavery statement with the Australian Modern Slavery Register for the reporting period 2021-01-01 to 2021-12-31. The reporting entities are headquartered in Australia. The reporting entities have an annual revenue band of 1BN+. The reporting entities operate in the industry sectors: Automotive, machinery and heavy electrical equipment Fashion, textiles, apparel and luxury goods. Register entry: https://modernslaveryregister.gov.au/statements/9581/.'}"
Modern slavery statement 2021-58: HITACHI VANTARA ASIA PACIFIC PTY LIMITED & HITACHI VANTARA AUSTRALIA PTY LIMITED,document,"{'content': 'HITACHI VANTARA ASIA PACIFIC PTY LIMITED (ABN 92 004 855 734) and HITACHI VANTARA AUSTRALIA PTY LIMITED (ABN 65 005 610 079) filed a joint modern slavery statement with the Australian Modern Slavery Register for the reporting period 2019-04-01 to 2020-03-31. The reporting entities are headquartered in Australia, United States of America. The reporting entities have an annual revenue band of 200-250M. The reporting entities operate in the industry sectors: Information technology and telecommunication. Register entry: https://modernslaveryregister.gov.au/statements/1132/.'}"
Modern slavery statement 2026-406: DRAKE AUSTRALIA PTY LTD,document,"{'content': 'DRAKE AUSTRALIA PTY LTD (ABN 42 004 939 771) filed a single modern slavery statement with the Australian Modern Slavery Register for the reporting period 2024-10-01 to 2025-09-30. The reporting entity is headquartered in Australia. The reporting entity has an annual revenue band of 100-150M. The reporting entity operates in the industry sectors: Health Care and Social Assistance Administrative and Support Services Professional, Scientific and Technical Services. Register entry: https://modernslaveryregister.gov.au/statements/27670/.'}"
Modern slavery statement 2021-3558: SUNSHOT DERIVATIVES PTY LTD & SUNSHOT DEVELOPMENTS PTY LTD & SUNSHOT ENERGY PTY LTD et al.,document,"{'content': 'SUNSHOT DERIVATIVES PTY LTD (ABN 61 635 219 055), SUNSHOT DEVELOPMENTS PTY LTD (ABN 69 634 921 896), SUNSHOT ENERGY PTY LTD (ABN 61 633 808 483), SUNSHOT ENERGY TRADING PTY LTD (ABN 27 633 808 778), ZEN ENERGY RETAIL PTY LTD (ABN 54 615 751 052), ZEN POWER HOLDINGS PTY LTD (ABN 42 639 972 973) and ZPH INVESTMENTS PTY LTD (ABN 13 644 924 729) filed a joint modern slavery statement with the Australian Modern Slavery Register for the reporting period 2020-07-01 to 2021-06-30. The reporting entities are headquartered in Australia. The reporting entities have an annual revenue band of 350-400M. The reporting entities operate in the industry sectors: Utilities: gas, water and electricity. Register entry: https://modernslaveryregister.gov.au/statements/6838/.'}"
Modern slavery statement 2024-3338: CENTURION TRANSPORT CO. PTY LTD & C.F.C. HOLDINGS PTY LTD & LEONE FAMILY HOLDINGS PTY LTD,document,"{'content': 'CENTURION TRANSPORT CO. PTY LTD (ABN 42 008 746 334), C.F.C. HOLDINGS PTY LTD (ABN 81 008 777 348) and LEONE FAMILY HOLDINGS PTY LTD (ABN 69 618 356 586) filed a joint modern slavery statement with the Australian Modern Slavery Register for the reporting period 2023-07-01 to 2024-06-30. The reporting entities are headquartered in Australia. The reporting entities have an annual revenue band of 1BN+. The reporting entities operate in the industry sectors: Mining, metals, chemicals and resources (including oil and gas) Waste management and recycling Construction, civil engineering and building products Transportation, logistics, and storage. The statement also covers the included entities: CAPE CRUSHING AND EARTHMOVING CONTRACTORS PTY LTD (89 069 815 318), CEA AIR AND POWER PTY LTD (69 607 825 712), CEA SPECIALTY EQUIPMENT PTY LTD (37 114 023 540), CENTURION TRANSPORT CO. PTY LTD (42 008 746 334), C.F.C. HOLDINGS PTY LTD (81 008 777 348), OREZ SOLUTIONS PTY LTD (88 610 856 865). Register entry: https://modernslaveryregister.gov.au/statements/21294/.'}"
Modern slavery statement 2025-2124: HITACHI CONSTRUCTION MACHINERY (AUSTRALIA) PTY LTD & HITACHI CONSTRUCTION MACHINERY OCEANIA HOLDINGS PTY LTD,document,{'content': 'HITACHI CONSTRUCTION MACHINERY (AUSTRALIA) PTY LTD (ABN 62 000 080 179) and HITACHI CONSTRUCTION MACHINERY OCEANIA HOLDINGS PTY LTD (ABN 94 632 744 275) filed a joint modern slavery statement with the Australian Modern Slavery Register for the reporting period 2024-04-01 to 2025-03-31. The reporting entities are headquartered in Australia. The reporting entities have an annual revenue band of 1BN+. The reporting entities operate in the industry sectors: Manufacturing. Register entry: https://modernslaveryregister.gov.au/statements/24597/.'}
Modern slavery statement 2022-1459: AVG TECHNOLOGIES AU PTY LTD,document,"{'content': 'AVG TECHNOLOGIES AU PTY LTD (ABN 79 159 743 978) filed a single modern slavery statement with the Australian Modern Slavery Register for the reporting period 2021-07-01 to 2022-06-30. The reporting entity is headquartered in Czech Republic, United Kingdom. The reporting entity has an annual revenue band of 900M-1BN. The reporting entity operates in the industry sectors: Information technology and telecommunication. Register entry: https://modernslaveryregister.gov.au/statements/9799/.'}"
"Modern slavery statement 2024-2238: HEALTH & CO PTY LTD, LIMESTONE BIDCO PTY LIMITED, LIMESTONE HOLDCO PTY LIMITED, Limestone Mezzco Pty Ltd, LIMESTONE MIDCO PTY LIMITED, OCCUPATIONAL HEALTH HOLDINGS PTY LTD",document,"{'content': 'HEALTH & CO PTY LTD, LIMESTONE BIDCO PTY LIMITED, LIMESTONE HOLDCO PTY LIMITED, Limestone Mezzco Pty Ltd, LIMESTONE MIDCO PTY LIMITED, OCCUPATIONAL HEALTH HOLDINGS PTY LTD filed a joint modern slavery statement with the Australian Modern Slavery Register for the reporting period 2023-07-01 to 2024-06-30. The reporting entity is headquartered in Australia. The reporting entity has an annual revenue band of 350-400M. The reporting entity operates in the industry sectors: Healthcare and pharmaceuticals. The statement also covers the included entities: BOURKE STREET CLINIC PTY LTD, BRINDABELLA MEDICAL PRACTICE SERVICES PTY LTD, COOPER STREET CLINIC PTY LIMITED, HEALTHYU CORPORATION PTY LTD, HLS MEDICAL CENTRE HOLDINGS PTY LTD, IDAMENEO (NO 125) PTY LTD, LIMESTONE FINCO PTY LIMITED, Logic Enterprises (Wa) Pty Ltd, MEDICAL CENTRE SERVICES PTY LTD, PACIFIC MEDICAL CENTRES PTY LTD, PARK FAMILY PRACTICE SERVICES PTY. LTD., SIDAMENEO (NO. 456) PTY LTD. Register entry: https://modernslaveryregister.gov.au/statements/19842/.'}"
Modern slavery statement 2021-3763: ALTRAC LIGHT RAIL 1 PTY LIMITED & ALTRAC LIGHT RAIL 2 PTY LIMITED & ALTRAC LIGHT RAIL 3 PTY LIMITED,document,"{'content': 'ALTRAC LIGHT RAIL 1 PTY LIMITED & ALTRAC LIGHT RAIL 2 PTY LIMITED & ALTRAC LIGHT RAIL 3 PTY LIMITED (ABN 37 399 764 913) filed a single modern slavery statement with the Australian Modern Slavery Register for the reporting period 2020-07-01 to 2021-06-30. The reporting entity is headquartered in Australia. The reporting entity has an annual revenue band of 350-400M. The reporting entity operates in the industry sectors: Construction, civil engineering and building products. Register entry: https://modernslaveryregister.gov.au/statements/7139/.'}"
Modern slavery statement 2026-79: EDWARDS U PTY LIMITED & Others & The Trustee for Edwards A Trust & Others & The Trustee for Edwards O Trust & Others,document,"{'content': 'EDWARDS U PTY LIMITED & Others (ABN 39 232 846 628), The Trustee for Edwards A Trust & Others (ABN 30 586 412 717) and The Trustee for Edwards O Trust & Others (ABN 11 247 365 823) filed a joint modern slavery statement with the Australian Modern Slavery Register for the reporting period 2022-07-01 to 2023-06-30. The reporting entities are headquartered in Australia. The reporting entities have an annual revenue band of 900M-1BN. The reporting entities operate in the industry sectors: Electricity, Gas, Water and Waste Services. Register entry: https://modernslaveryregister.gov.au/statements/27150/.'}"
Modern slavery statement 2021-3525: GPT MANAGEMENT HOLDINGS LIMITED & GPT WHOLESALE OFFICE FUND NO1 & GPT WHOLESALE SHOPPING CENTRE FUND NO 1 et al.,document,"{'content': 'GPT MANAGEMENT HOLDINGS LIMITED (ABN 67 113 510 188), GPT WHOLESALE OFFICE FUND NO1 (ABN 17 049 857 761), GPT WHOLESALE SHOPPING CENTRE FUND NO 1 (ABN 54 681 099 751), The Trustee for GENERAL PROPERTY TRUST (ABN 58 071 755 609), The Trustee for GPT Wholesale Office Fund No.2 (ABN 27 587 898 427) and The Trustee for GPT Wholesale Shopping Centre Fund No.2 (ABN 25 612 081 006) filed a joint modern slavery statement with the Australian Modern Slavery Register for the reporting period 2020-07-01 to 2021-06-30. The reporting entities are headquartered in Australia. The reporting entities have an annual revenue band of 1BN+. The reporting entities operate in the industry sectors: Financial, insurance and real estate activities. Register entry: https://modernslaveryregister.gov.au/statements/6793/.'}"
Modern slavery statement 2023-1541: Moet Hennessy Australia Pty Limited,document,"{'content': 'Moet Hennessy Australia Pty Limited filed a single modern slavery statement with the Australian Modern Slavery Register for the reporting period 2022-01-01 to 2022-12-31. The reporting entity is headquartered in France. The reporting entity has an annual revenue band of 400-450M. The reporting entity operates in the industry sectors: Food and beverages, agriculture and fishing. Register entry: https://modernslaveryregister.gov.au/statements/14223/.'}"
Modern slavery statement 2023-2826: The Trustee for Exemplar Health (Frankston) Trust,document,"{'content': 'The Trustee for Exemplar Health (Frankston) Trust (ABN 57 118 894 818) filed a single modern slavery statement with the Australian Modern Slavery Register for the reporting period 2022-07-01 to 2023-06-30. The reporting entity is headquartered in Australia. The reporting entity has an annual revenue band of 100-150M. The reporting entity operates in the industry sectors: Construction, civil engineering and building products. Register entry: https://modernslaveryregister.gov.au/statements/16017/.'}"
Modern slavery statement 2023-854: STRUCTURAL CHALLENGE PTY. LTD.,document,"{'content': 'STRUCTURAL CHALLENGE PTY. LTD. (ABN 38 094 640 347) filed a single modern slavery statement with the Australian Modern Slavery Register for the reporting period 2023-08-22 to 2024-06-22. The reporting entity is headquartered in Australia. The reporting entity has an annual revenue band of 0-99M. The reporting entity operates in the industry sectors: Construction, civil engineering and building products. Register entry: https://modernslaveryregister.gov.au/statements/13363/.'}"
Modern slavery statement 2023-2720: DAVIDSON GROUP (AUST) PTY LTD,document,"{'content': 'DAVIDSON GROUP (AUST) PTY LTD (ABN 43 167 652 155) filed a joint modern slavery statement with the Australian Modern Slavery Register for the reporting period 2022-07-01 to 2023-06-30. The reporting entity is headquartered in Australia. The reporting entity has an annual revenue band of 250-300M. The reporting entity operates in the industry sectors: Information technology and telecommunication Professional and administrative services and supplies, including legal, consulting and accounting services. The statement also covers the included entities: DAVIDSON EXECUTIVE AND BOARDS PTY LTD (89 167 748 816), DAVIDSON GROUP SERVICES PTY LTD (85 124 816 708), DAVIDSON HR CONSULTING PTY LTD (38 161 578 310), DAVIDSON RECRUITMENT PTY LTD (50 167 132 523), DAVIDSON TECHNOLOGY (AUST) PTY LTD (51 167 752 258), DAVIDSON TECHNOLOGY CONSULTING PTY LTD (23 163 298 379), Inspired Apps PTY. LTD. (71 145 171 071). Register entry: https://modernslaveryregister.gov.au/statements/15919/.'}"
Modern slavery statement 2021-1140: LENDLEASE (MELBOURNE QUARTER R1) PTY LIMITED,document,"{'content': 'LENDLEASE (MELBOURNE QUARTER R1) PTY LIMITED (ABN 72 609 191 817) filed a single modern slavery statement with the Australian Modern Slavery Register for the reporting period 2019-07-01 to 2020-06-30. The reporting entity is headquartered in Australia. The reporting entity has an annual revenue band of 150-200M. The reporting entity operates in the industry sectors: Financial, insurance and real estate activities. Register entry: https://modernslaveryregister.gov.au/statements/3052/.'}"
Modern slavery statement 2025-1220: GILBARCO AUSTRALIA PTY LTD,document,"{'content': 'GILBARCO AUSTRALIA PTY LTD (ABN 93 000 020 799) filed a single modern slavery statement with the Australian Modern Slavery Register for the reporting period 2024-01-01 to 2024-12-31. The reporting entity is headquartered in Australia, New Zealand, United States of America. The reporting entity has an annual revenue band of 250-300M. The reporting entity operates in the industry sectors: Automotive, machinery and heavy electrical equipment. The statement also covers the included entities: GILBARCO QUEENSLAND PTY LTD (27 668 047 489), NAVMAN WIRELESS AUSTRALIA PTY LIMITED (50 123 981 457). Register entry: https://modernslaveryregister.gov.au/statements/23456/.'}"
Modern slavery statement 2024-2106: Colchester Global Investors Limited,document,"{'content': 'Colchester Global Investors Limited filed a single modern slavery statement with the Australian Modern Slavery Register for the reporting period 2023-05-01 to 2024-04-30. The reporting entity is headquartered in United Kingdom. The reporting entity has an annual revenue band of 150-200M. The reporting entity operates in the industry sectors: Financial, insurance and real estate activities. Register entry: https://modernslaveryregister.gov.au/statements/19646/.'}"
Modern slavery statement 2021-2852: NORTH QUEENSLAND EXPORT TERMINAL HOLDINGS PTY LTD & NQXT PORT PTY LTD,document,"{'content': 'NORTH QUEENSLAND EXPORT TERMINAL HOLDINGS PTY LTD (ABN 17 154 644 685) and NQXT PORT PTY LTD (ABN 61 150 498 098) filed a joint modern slavery statement with the Australian Modern Slavery Register for the reporting period 2020-07-01 to 2021-06-30. The reporting entities are headquartered in Australia. The reporting entities have an annual revenue band of 200-250M. The reporting entities operate in the industry sectors: Transportation, logistics, and storage. Register entry: https://modernslaveryregister.gov.au/statements/5730/.'}"
Modern slavery statement 2024-2128: CLEANAWAY WASTE MANAGEMENT LIMITED,document,"{'content': 'CLEANAWAY WASTE MANAGEMENT LIMITED (ABN 74 101 155 220) filed a single modern slavery statement with the Australian Modern Slavery Register for the reporting period 2023-07-01 to 2024-06-30. The reporting entity is headquartered in Australia. The reporting entity has an annual revenue band of 1BN+. The reporting entity operates in the industry sectors: Utilities: gas, water and electricity Waste management and recycling. The statement also covers the included entities: CLEANAWAY CO PTY LTD (31 127 853 561), CLEANAWAY DANIELS SERVICES PTY LTD (15 093 315 014), CLEANAWAY INDUSTRIAL SOLUTIONS PTY LTD (57 099 813 546), CLEANAWAY OPERATIONS PTY LTD (40 010 745 383), CLEANAWAY SOLID WASTE PTY LTD (55 120 175 635), LANDFILL OPERATIONS PTY LTD (18 603 300 358). Register entry: https://modernslaveryregister.gov.au/statements/19675/.'}"
Modern slavery statement 2023-304: TETRA TECH COFFEY PTY LTD,document,{'content': 'TETRA TECH COFFEY PTY LTD (ABN 55 139 460 521) filed a single modern slavery statement with the Australian Modern Slavery Register for the reporting period 2023-03-31 to 2023-03-31. The reporting entity is headquartered in Australia. The reporting entity has an annual revenue band of 300-350M. The reporting entity operates in the industry sectors: Other. Register entry: https://modernslaveryregister.gov.au/statements/12522/.'}
Modern slavery statement 2023-2534: A.J. GRANT BUILDING PTY LTD,document,"{'content': 'A.J. GRANT BUILDING PTY LTD (ABN 13 080 764 567) filed a single modern slavery statement with the Australian Modern Slavery Register for the reporting period 2022-07-01 to 2023-06-30. The reporting entity is headquartered in Australia. The reporting entity has an annual revenue band of 0-99M. The reporting entity operates in the industry sectors: Construction, civil engineering and building products Financial, insurance and real estate activities. Register entry: https://modernslaveryregister.gov.au/statements/15654/.'}"
Modern slavery statement 2024-3289: BDO AUSTRALIA LIMITED,document,"{'content': 'BDO AUSTRALIA LIMITED (ABN 77 133 657 833) filed a single modern slavery statement with the Australian Modern Slavery Register for the reporting period 2023-07-01 to 2024-06-30. The reporting entity is headquartered in Australia. The reporting entity has an annual revenue band of 500-600M. The reporting entity operates in the industry sectors: Professional and administrative services and supplies, including legal, consulting and accounting services. Register entry: https://modernslaveryregister.gov.au/statements/21240/.'}"
Modern slavery statement 2025-2049: SKS TECHNOLOGIES GROUP LIMITED & SKS TECHNOLOGIES PTY LTD,document,{'content': 'SKS TECHNOLOGIES GROUP LIMITED (ABN 24 004 554 929) and SKS TECHNOLOGIES PTY LTD (ABN 51 168 906 956) filed a joint modern slavery statement with the Australian Modern Slavery Register for the reporting period 2024-07-01 to 2025-06-30. The reporting entities are headquartered in Australia. The reporting entities have an annual revenue band of 250-300M. The reporting entities operate in the industry sectors: Other Services Construction. The statement also covers the included entities: SKS INDIGENOUS TECHNOLOGIES PTY LTD (99 632 749 163). Register entry: https://modernslaveryregister.gov.au/statements/24476/.'}
Modern slavery statement 2024-1388: C.P. MERCHANDISING COMPANY LIMITED,document,"{'content': 'C.P. MERCHANDISING COMPANY LIMITED filed a single modern slavery statement with the Australian Modern Slavery Register for the reporting period 2023-01-01 to 2023-12-31. The reporting entity is headquartered in Thailand. The reporting entity has an annual revenue band of 500-600M. The reporting entity operates in the industry sectors: Food and beverages, agriculture and fishing. Register entry: https://modernslaveryregister.gov.au/statements/18561/.'}"
Modern slavery statement 2024-929: TOYO TYRE AUSTRALIA PTY LTD,document,"{'content': 'TOYO TYRE AUSTRALIA PTY LTD (ABN 93 000 767 279) filed a single modern slavery statement with the Australian Modern Slavery Register for the reporting period 2023-01-01 to 2023-12-31. The reporting entity is headquartered in Australia. The reporting entity has an annual revenue band of 100-150M. The reporting entity operates in the industry sectors: Automotive, machinery and heavy electrical equipment. Register entry: https://modernslaveryregister.gov.au/statements/18133/.'}"
Modern slavery statement 2023-3266: ARTICORE GROUP LIMITED,document,"{'content': 'ARTICORE GROUP LIMITED (ABN 11 119 200 592) filed a single modern slavery statement with the Australian Modern Slavery Register for the reporting period 2022-07-01 to 2023-06-30. The reporting entity is headquartered in Australia. The reporting entity has an annual revenue band of 500-600M. The reporting entity operates in the industry sectors: Media, publishing, arts and entertainment Consumer services, including accommodation, hospitality, tourism and leisure Information technology and telecommunication. Register entry: https://modernslaveryregister.gov.au/statements/15956/.'}"
Modern slavery statement 2021-3582: THE TRUSTEE FOR CARE SUPER,document,"{'content': 'THE TRUSTEE FOR CARE SUPER (ABN 98 172 275 725) filed a single modern slavery statement with the Australian Modern Slavery Register for the reporting period 2020-07-01 to 2021-06-30. The reporting entity is headquartered in Australia. The reporting entity has an annual revenue band of 1BN+. The reporting entity operates in the industry sectors: Financial, insurance and real estate activities. Register entry: https://modernslaveryregister.gov.au/statements/6879/.'}"
Modern slavery statement 2023-858: TRILITY GROUP PTY LTD,document,"{'content': 'TRILITY GROUP PTY LTD (ABN 39 144 522 565) filed a single modern slavery statement with the Australian Modern Slavery Register for the reporting period 2022-01-01 to 2022-12-31. The reporting entity is headquartered in Australia. The reporting entity has an annual revenue band of 150-200M. The reporting entity operates in the industry sectors: Utilities: gas, water and electricity. Register entry: https://modernslaveryregister.gov.au/statements/13344/.'}"
Modern slavery statement 2021-2407: GALDERMA AUSTRALIA PTY LTD,document,{'content': 'GALDERMA AUSTRALIA PTY LTD (ABN 12 003 976 930) filed a single modern slavery statement with the Australian Modern Slavery Register for the reporting period 2020-01-01 to 2020-12-31. The reporting entity is headquartered in Switzerland. The reporting entity has an annual revenue band of 150-200M. The reporting entity operates in the industry sectors: Healthcare and pharmaceuticals. Register entry: https://modernslaveryregister.gov.au/statements/5035/.'}
Modern slavery statement 2023-2424: ACEWAY NOMINEES PTY LTD & AUTO CORNER PTY LTD & DUCALA PTY. LTD. et al.,document,"{'content': 'ACEWAY NOMINEES PTY LTD (ABN 13 077 576 802), AUTO CORNER PTY LTD (ABN 45 009 905 079), DUCALA PTY. LTD. (ABN 38 008 031 874), KAIZEN MOTORS PTY LTD (ABN 67 603 805 278), SCIFLEET GROUP OF COMPANIES PTY LTD (ABN 23 010 079 044), SCI-FLEET MOTORS PTY LTD (ABN 25 057 783 749), TAIPAN CORPORATION PTY. LTD. (ABN 97 010 410 698) and The Trustee for THE TSUNAMI TRUST (ABN 15 149 393 182) filed a joint modern slavery statement with the Australian Modern Slavery Register for the reporting period 2022-07-01 to 2023-06-30. The reporting entities are headquartered in Australia. The reporting entities have an annual revenue band of 1BN+. The reporting entities operate in the industry sectors: Automotive, machinery and heavy electrical equipment. The statement also covers the included entities: EL NINO PTY LTD (66 056 777 087), EL VIEJO PTY LTD (72 082 087 983), LA NINA INTERNATIONAL PTY LTD (97 082 088 015), MAZ FLEET PTY LTD (71 644 881 676), NORTHERN TRADING PTY. LTD. (89 009 956 307), NORTHPOINT FLEURIEU PTY LTD (27 627 265 598), NORTHPOINT MURRAYLANDS PTY LTD (61 650 004 336), SOUTH CITY AUTOMOTIVE GROUP PTY LTD (72 098 801 033), SOUTH COAST CORPORATION PTY LTD (41 098 795 763). Register entry: https://modernslaveryregister.gov.au/statements/15472/.'}"
Modern slavery statement 2024-3214: L.P AIKEN & D.J BEER & T.D BOYCE & G.K BRENNAN & D.J CAMPBELL-WILLIAMS & P.N DE HAAN & M DOUGLAS & D.G GASZNER & M.D GEORGE & P.R GRINTER & J HOWARD & P.L LE GUAY & K.A LUKE & S.J LYONS & others,document,"{'content': 'L.P AIKEN & D.J BEER & T.D BOYCE & G.K BRENNAN & D.J CAMPBELL-WILLIAMS & P.N DE HAAN & M DOUGLAS & D.G GASZNER & M.D GEORGE & P.R GRINTER & J HOWARD & P.L LE GUAY & K.A LUKE & S.J LYONS & others (ABN 21 442 367 363) filed a single modern slavery statement with the Australian Modern Slavery Register for the reporting period 2023-07-01 to 2024-06-30. The reporting entity is headquartered in Australia. The reporting entity has an annual revenue band of 250-300M. The reporting entity operates in the industry sectors: Professional and administrative services and supplies, including legal, consulting and accounting services. The statement also covers the included entities: TG LEGAL & TECHNOLOGY PTY LTD (34 657 374 902). Register entry: https://modernslaveryregister.gov.au/statements/21079/.'}"
Modern slavery statement 2023-186: Fronius Australia Pty Ltd,document,{'content': 'Fronius Australia Pty Ltd (ABN 65 144 615 896) filed a single modern slavery statement with the Australian Modern Slavery Register for the reporting period 2022-01-01 to 2022-12-31. The reporting entity is headquartered in Austria. The reporting entity has an annual revenue band of 100-150M. The reporting entity operates in the industry sectors: Other. Register entry: https://modernslaveryregister.gov.au/statements/12346/.'}
Modern slavery statement 2025-2125: BROTHER INTERNATIONAL (AUST) PTY LTD,document,{'content': 'BROTHER INTERNATIONAL (AUST) PTY LTD (ABN 17 001 393 835) filed a single modern slavery statement with the Australian Modern Slavery Register for the reporting period 2024-04-01 to 2025-03-31. The reporting entity is headquartered in Japan. The reporting entity has an annual revenue band of 150-200M. The reporting entity operates in the industry sectors: Other Services Information Media and Telecommunications. Register entry: https://modernslaveryregister.gov.au/statements/24598/.'}
Modern slavery statement 2024-1988: The Trustee for Carmichael Rail Operations Trust,document,"{'content': 'The Trustee for Carmichael Rail Operations Trust (ABN 24 943 622 415) filed a single modern slavery statement with the Australian Modern Slavery Register for the reporting period 2023-04-01 to 2024-03-31. The reporting entity is headquartered in Australia. The reporting entity has an annual revenue band of 200-250M. The reporting entity operates in the industry sectors: Transportation, logistics, and storage. Register entry: https://modernslaveryregister.gov.au/statements/19501/.'}"
Modern slavery statement 2022-1114: The Trustee for CPEC 8 Trust B,document,"{'content': 'The Trustee for CPEC 8 Trust B (ABN 27 397 689 469) filed a single modern slavery statement with the Australian Modern Slavery Register for the reporting period 2020-06-30 to 2021-06-30. The reporting entity is headquartered in Australia. The reporting entity has an annual revenue band of 150-200M. The reporting entity operates in the industry sectors: Financial, insurance and real estate activities. Register entry: https://modernslaveryregister.gov.au/statements/9385/.'}"
Modern slavery statement 2022-271: ACTRON CONTROLS PTY LIMITED & ACTRON ENGINEERING PTY LTD,document,"{'content': 'ACTRON CONTROLS PTY LIMITED (ABN 59 103 034 859) and ACTRON ENGINEERING PTY LTD (ABN 34 002 767 240) filed a joint modern slavery statement with the Australian Modern Slavery Register for the reporting period 2021-01-01 to 2021-12-31. The reporting entities are headquartered in Australia. The reporting entities have an annual revenue band of 150-200M. The reporting entities operate in the industry sectors: Durable consumer goods, including electronics and appliances, home furnishings and other accessories Construction, civil engineering and building products. Register entry: https://modernslaveryregister.gov.au/statements/8101/.'}"
Modern slavery statement 2020-250: CROMWELL CORPORATION LIMITED & The Trustee for Cromwell Diversified Property Trust,document,"{'content': 'CROMWELL CORPORATION LIMITED (ABN 44 001 056 980) and The Trustee for Cromwell Diversified Property Trust (ABN 30 074 537 051) filed a joint modern slavery statement with the Australian Modern Slavery Register for the reporting period 2019-07-01 to 2020-06-30. The reporting entities are headquartered in Australia. The reporting entities have an annual revenue band of 700-800M. The reporting entities operate in the industry sectors: Financial, insurance and real estate activities. Register entry: https://modernslaveryregister.gov.au/statements/678/.'}"
Modern slavery statement 2022-1766: GUSHERD PTY LTD & JOHN MCGRATH HOLDEN PTY LTD & J & V MCGRATH HOLDINGS PTY LIMITED et al.,document,"{'content': 'GUSHERD PTY LTD (ABN 16 093 033 197), JOHN MCGRATH HOLDEN PTY LTD (ABN 47 628 781 582), J & V MCGRATH HOLDINGS PTY LIMITED (ABN 81 122 411 778) and MCGRATH CANBERRA PTY LTD (ABN 78 093 024 107) filed a joint modern slavery statement with the Australian Modern Slavery Register for the reporting period 2021-07-01 to 2022-06-30. The reporting entities are headquartered in Australia. The reporting entities have an annual revenue band of 150-200M. The reporting entities operate in the industry sectors: Automotive, machinery and heavy electrical equipment. Register entry: https://modernslaveryregister.gov.au/statements/10274/.'}"
Modern slavery statement 2024-3360: THE TRUSTEE FOR BRIGHTER SUPER,document,"{'content': 'THE TRUSTEE FOR BRIGHTER SUPER (ABN 23 053 121 564) filed a single modern slavery statement with the Australian Modern Slavery Register for the reporting period 2023-07-01 to 2024-06-30. The reporting entity is headquartered in Australia. The reporting entity has an annual revenue band of 1BN+. The reporting entity operates in the industry sectors: Financial, insurance and real estate activities. The statement also covers the included entities: BRIGHTER INVESTMENT SERVICES PTY LTD (97 161 168 752), BRIGHTER SUPER TRUSTEE (94 085 088 484), ESI FINANCIAL SERVICES PTY LTD (93 101 428 782), GLOBE HOLD CO PTY LTD (92 655 197 925), LGIA CE FOODS PTY LTD (52 626 143 780), LGIASUPER CORPORATE SERVICES PTY LTD (12 655 197 523), SPSL LIMITED (61 063 427 958), SPSL SERVICES PTY LTD (67 655 320 479), THE TRUSTEE FOR SPSL POOLED SUPERANNUATION TRUST (14 099 548 418). Register entry: https://modernslaveryregister.gov.au/statements/21308/.'}"
Modern slavery statement 2021-4128: Hendercare Foundation & The Trustee for The HenderCare Trust,document,{'content': 'Hendercare Foundation (ABN 80 139 328 662) and The Trustee for The HenderCare Trust (ABN 19 087 520 254) filed a joint modern slavery statement with the Australian Modern Slavery Register for the reporting period 2020-07-01 to 2021-06-30. The reporting entities are headquartered in Australia. The reporting entities have an annual revenue band of 0-99M. The reporting entities operate in the industry sectors: Healthcare and pharmaceuticals Charitable / not-for-profit activities. Register entry: https://modernslaveryregister.gov.au/statements/7420/.'}
Modern slavery statement 2023-873: SMITH & NEPHEW PTY LIMITED,document,{'content': 'SMITH & NEPHEW PTY LIMITED filed a single modern slavery statement with the Australian Modern Slavery Register for the reporting period 2022-01-01 to 2022-12-31. The reporting entity is headquartered in United Kingdom. The reporting entity has an annual revenue band of 250-300M. The reporting entity operates in the industry sectors: Healthcare and pharmaceuticals. Register entry: https://modernslaveryregister.gov.au/statements/13389/.'}
"Modern slavery statement 2025-1678: MHG Hotel Holding Australia Pty Ltd & MH RESIDENTIAL PTY LTD, MINOR HOTELS AUSTRALASIA LIMITED",document,"{'content': 'MHG Hotel Holding Australia Pty Ltd (ABN 49 153 049 917) and MH RESIDENTIAL PTY LTD, MINOR HOTELS AUSTRALASIA LIMITED filed a joint modern slavery statement with the Australian Modern Slavery Register for the reporting period 2024-01-01 to 2024-12-31. The reporting entities are headquartered in Australia. The reporting entities have an annual revenue band of 350-400M. The reporting entities operate in the industry sectors: Food and beverages, agriculture and fishing Consumer services, including accommodation, hospitality, tourism and leisure. The statement also covers the included entities: 183 ON KENT MANAGEMENT PTY LIMITED, 187 KENT PTY LTD, ACCOM MELBOURNE PTY LTD, A.C.N. 153 490 227 PTY LTD, A.C.N. 153 970 944 PTY LTD, BRISBANE APARTMENT MANAGEMENT PTY LTD, BRISBANE (MILTON) MANAGEMENT PTY LTD, BRISBANE (RADIUS) MANAGEMENT PTY LTD, CABLE BEACH MANAGEMENT PTY LTD, CALYPSO PLAZA MANAGEMENT PTY LTD, Emerald Holdings Investments Pty Ltd, EMERALD MANAGEMENT PTY LTD, EXCLUSIVE PINNACLE MANAGEMENT PTY LTD, Furniture Services Australia Pty Ltd, GOLDSBROUGH MANAGEMENT PTY LIMITED, GRAND (GLADSTONE) MANAGEMENT PTY LTD, Housekeepers Pty Ltd, HUNTER VALLEY (CL) LEASES PTY LTD, HUNTER VALLEY (CL) MANAGEMENT PTY LTD, HUNTER VALLEY (CL) MEMBERSHIPS PTY LTD, MACKAY (CARLYLE) LESSEE PTY LTD, MACKAY (CARLYLE) MANAGEMENT PTY LTD, MACKAY (RIVERMARQUE) MANAGEMENT PTY LTD, MEWS MANAGEMENT PTY LTD, MH MANAGEMENT (NSW) NO. 1 PTY LTD, MH MANAGEMENT (NSW) PTY LTD, MH MANAGEMENT (QLD) PTY LTD, MH MANAGEMENT (SA) PTY LTD, MH MANAGEMENT (VIC) PTY LTD, MIDDLEMOUNT (PRINCE PLACE) MANAGEMENT PTY LTD, MINOR FRANCHISING PTY LTD, MINOR HOTEL MANAGEMENT PTY LTD, MINT RESIDENTIAL PTY LTD, MINT RESIDENTIAL (VICTORIA) PTY LTD, Mon Komo Management Pty Ltd, MORANBAH MANAGEMENT PTY LTD, OAKS HOTELS AND RESORTS (MON KOMO) PTY LTD, OAKS HOTELS & RESORTS ASSET HOLDINGS PTY LTD, OAKS HOTELS & RESORTS (CABLE BEACH) PTY LTD, OAKS HOTELS & RESORTS (CARLYLE LESSEE) PTY LTD, OAKS HOTELS & RESORTS (CARLYLE MACKAY) PTY LTD, OAKS HOTELS & RESORTS (HUNTER VALLEY) PTY LTD, OAKS HOTELS & RESORTS INVESTMENT PTY LTD, OAKS HOTELS & RESORTS LEASING (COLLINS) PTY LTD, OAKS HOTELS & RESORTS LEASING (VIC) PTY LTD, OAKS HOTELS & RESORTS (MANAGEMENT) PTY LTD, OAKS HOTELS & RESORTS (MEWS) PTY LTD, OAKS HOTELS & RESORTS (MILTON) PTY LTD, OAKS HOTELS & RESORTS (M ON PALMER APARTMENTS) PTY LTD, OAKS HOTELS & RESORTS (MORANBAH) PTY LTD, OAKS HOTELS & RESORTS NO. 4 PTY LTD, OAKS HOTELS & RESORTS (N.S.W.) PTY LTD, OAKS HOTELS & RESORTS (NT) PTY LTD, OAKS HOTELS & RESORTS OPERATOR (VIC) PTY LTD, OAKS HOTELS & RESORTS (PINNACLE) PTY LTD, OAKS HOTELS & RESORTS (PRINCE PLACE) PTY LTD, OAKS HOTELS & RESORTS (RADIUS) PTY LTD, OAKS HOTELS & RESORTS (REGIS TOWERS) PTY LTD, OAKS HOTELS & RESORTS (RIVERMARQUE) PTY LTD, OAKS HOTELS & RESORTS (VIC) LETTING PTY LTD, OAKS (M ON PALMER) MANAGEMENT PTY LTD, OAKS QUEENSLAND HOLDINGS PTY LTD, OASIS CALOUNDRA MANAGEMENT PTY LTD, Pacific Blue Management Pty Limited, PACIFIC HOTEL MARKET STREET PTY LTD, Queensland Accommodation Corporation Pty Ltd, QUEENSLAND NOMINEE MANAGEMENT PTY LTD, Queen Street Property Management Pty Limited, Regis Towers Management Pty Ltd, SEAFORTH MANAGEMENT PTY LTD, THE MILTON RESIDENCES PTY LTD, THE OAKS RESORT & HOTEL MANAGEMENT PTY LTD, TIDAL SWELL PTY LTD, WRAP LETTING PTY LTD, WRAP MANAGEMENT PTY LTD. Register entry: https://modernslaveryregister.gov.au/statements/23947/.'}"
"Modern slavery statement 2021-3886: Keypath Education International, Inc.",document,"{'content': 'Keypath Education International, Inc. filed a single modern slavery statement with the Australian Modern Slavery Register for the reporting period 2020-07-01 to 2021-06-30. The reporting entity is headquartered in United States of America. The reporting entity has an annual revenue band of 100-150M. The reporting entity operates in the industry sectors: Information technology and telecommunication Education and research. Register entry: https://modernslaveryregister.gov.au/statements/7332/.'}"
Modern slavery statement 2021-1981: BGIS PTY LTD,document,"{'content': 'BGIS PTY LTD (ABN 83 064 638 197) filed a single modern slavery statement with the Australian Modern Slavery Register for the reporting period 2020-01-01 to 2020-12-31. The reporting entity is headquartered in Australia. The reporting entity has an annual revenue band of 700-800M. The reporting entity operates in the industry sectors: Construction, civil engineering and building products Financial, insurance and real estate activities. Register entry: https://modernslaveryregister.gov.au/statements/4471/.'}"
Modern slavery statement 2022-1273: ALLIANZ AUSTRALIA GENERAL INSURANCE LIMITED & ALLIANZ AUSTRALIA INSURANCE LIMITED & ALLIANZ AUSTRALIA LIMITED et al.,document,"{'content': 'ALLIANZ AUSTRALIA GENERAL INSURANCE LIMITED (ABN 99 003 719 319), ALLIANZ AUSTRALIA INSURANCE LIMITED (ABN 15 000 122 850), ALLIANZ AUSTRALIA LIMITED (ABN 21 000 006 226) and ALLIANZ AUSTRALIA SERVICES PTY LIMITED (ABN 66 002 947 257) filed a joint modern slavery statement with the Australian Modern Slavery Register for the reporting period 2021-01-01 to 2021-12-31. The reporting entities are headquartered in Australia. The reporting entities have an annual revenue band of 1BN+. The reporting entities operate in the industry sectors: Financial, insurance and real estate activities. Register entry: https://modernslaveryregister.gov.au/statements/9326/.'}"
Modern slavery statement 2023-3130: COLIN JOSS & CO. PTY. LIMITED,document,"{'content': 'COLIN JOSS & CO. PTY. LIMITED (ABN 73 003 538 583) filed a single modern slavery statement with the Australian Modern Slavery Register for the reporting period 2022-07-01 to 2023-06-30. The reporting entity is headquartered in Australia. The reporting entity has an annual revenue band of 400-450M. The reporting entity operates in the industry sectors: Construction, civil engineering and building products Cleaning and security services Other. Register entry: https://modernslaveryregister.gov.au/statements/16397/.'}"
Modern slavery statement 2023-3241: KENNEDY WATCHES & JEWELLERY PTY LTD,document,"{'content': 'KENNEDY WATCHES & JEWELLERY PTY LTD (ABN 82 165 266 491) filed a single modern slavery statement with the Australian Modern Slavery Register for the reporting period 2022-07-01 to 2023-06-30. The reporting entity is headquartered in Australia. The reporting entity has an annual revenue band of 150-200M. The reporting entity operates in the industry sectors: Fashion, textiles, apparel and luxury goods. Register entry: https://modernslaveryregister.gov.au/statements/16515/.'}"
"Modern slavery statement 2023-553: LION-BEER,SPIRITS & WINE PTY LTD & LION GLOBAL CRAFT BEVERAGES PTY LTD & Lion NZ Limited et al.",document,"{'content': 'LION-BEER,SPIRITS & WINE PTY LTD (ABN 13 008 596 370), LION GLOBAL CRAFT BEVERAGES PTY LTD (ABN 91 631 805 402), Lion NZ Limited (ABN 65 106 758 359) and LION PTY LTD (ABN 50 128 004 268) filed a joint modern slavery statement with the Australian Modern Slavery Register for the reporting period 2022-01-01 to 2022-12-31. The reporting entities are headquartered in Australia. The reporting entities have an annual revenue band of 1BN+. The reporting entities operate in the industry sectors: Food and beverages, agriculture and fishing. Register entry: https://modernslaveryregister.gov.au/statements/12881/.'}"
Modern slavery statement 2025-224: APPEN LIMITED,document,"{'content': 'APPEN LIMITED (ABN 60 138 878 298) filed a single modern slavery statement with the Australian Modern Slavery Register for the reporting period 2023-01-01 to 2023-12-31. The reporting entity is headquartered in Australia. The reporting entity has an annual revenue band of 350-400M. The reporting entity operates in the industry sectors: Information technology and telecommunication. The statement also covers the included entities: Appen AI Europe Limited, Appen AI, Inc., Appen AI India Pvt Ltd, APPEN AI PTY LTD (52 088 829 556), Appen Canada Limited, Appen Data Technology (Shanghai) Co Ltd, APPEN FINANCIAL SERVICES PTY LTD (75 622 857 783), Appen Japan KK, Appen Korea Co Ltd, Appen Technology (Wuxi) Co Ltd., Appen (UK) Limited, Beijing Appen Technology Limited, Figure Eight Federal LLC, Figure Eight Technologies Inc., Mendip Media Group Limited, Quadrant Global Pte Ltd. Register entry: https://modernslaveryregister.gov.au/statements/21964/.'}"
"Modern slavery statement 2024-1890: MITSUI SUMITOMO INSURANCE COMPANY, LIMITED",document,"{'content': 'MITSUI SUMITOMO INSURANCE COMPANY, LIMITED (ABN 49 000 525 637) filed a single modern slavery statement with the Australian Modern Slavery Register for the reporting period 2023-04-01 to 2024-03-31. The reporting entity is headquartered in Japan. The reporting entity has an annual revenue band of 150-200M. The reporting entity operates in the industry sectors: Financial, insurance and real estate activities. Register entry: https://modernslaveryregister.gov.au/statements/19352/.'}"
"Modern slavery statement 2025-2674: HUB24 CUSTODIAL SERVICES LTD, HUB24 LIMITED",document,"{'content': 'HUB24 CUSTODIAL SERVICES LTD, HUB24 LIMITED (ABN 87 124 891 685) filed a joint modern slavery statement with the Australian Modern Slavery Register for the reporting period 2024-07-01 to 2025-06-30. The reporting entity is headquartered in Australia. The reporting entity has an annual revenue band of 450-500M. The reporting entity operates in the industry sectors: Financial and Insurance Services. Register entry: https://modernslaveryregister.gov.au/statements/25419/.'}"
Modern slavery statement 2022-2953: ADT Group Holdings Pty Ltd & FOREVER NEW CLOTHING PTY LTD,document,"{'content': 'ADT Group Holdings Pty Ltd (ABN 35 144 849 436) and FOREVER NEW CLOTHING PTY LTD (ABN 11 118 100 100) filed a joint modern slavery statement with the Australian Modern Slavery Register for the reporting period 2021-07-01 to 2022-06-30. The reporting entities are headquartered in Australia. The reporting entities have an annual revenue band of 500-600M. The reporting entities operate in the industry sectors: Fashion, textiles, apparel and luxury goods. Register entry: https://modernslaveryregister.gov.au/statements/11879/.'}"
Modern slavery statement 2021-2918: A W NICHOLSON PTY LTD,document,"{'content': 'A W NICHOLSON PTY LTD (ABN 14 118 404 381) filed a single modern slavery statement with the Australian Modern Slavery Register for the reporting period 2020-01-01 to 2020-12-31. The reporting entity is headquartered in Australia. The reporting entity has an annual revenue band of 100-150M. The reporting entity operates in the industry sectors: Construction, civil engineering and building products. Register entry: https://modernslaveryregister.gov.au/statements/5815/.'}"
Modern slavery statement 2024-2889: GREATER WESTERN WATER,document,"{'content': 'GREATER WESTERN WATER (ABN 70 066 902 467) filed a single modern slavery statement with the Australian Modern Slavery Register for the reporting period 2023-07-01 to 2024-06-30. The reporting entity is headquartered in Australia. The reporting entity has an annual revenue band of 900M-1BN. The reporting entity operates in the industry sectors: Utilities: gas, water and electricity. Register entry: https://modernslaveryregister.gov.au/statements/20729/.'}"
Modern slavery statement 2022-1495: KPMG & KPMG AUSTRALIA TECHNOLOGY SOLUTIONS PTY LIMITED & KPMG FINANCIAL ADVISORY SERVICES (AUSTRALIA) PTY LTD et al.,document,"{'content': 'KPMG (ABN 51 194 660 183), KPMG AUSTRALIA TECHNOLOGY SOLUTIONS PTY LIMITED (ABN 29 606 612 962), KPMG FINANCIAL ADVISORY SERVICES (AUSTRALIA) PTY LTD (ABN 43 007 363 215), KPMG HOLDINGS (AUSTRALIA) PTY LTD (ABN 34 064 067 241), KPMG INVESTMENTS (HOLDINGS) PTY LIMITED (ABN 38 008 524 365) and The Trustee for KPMG AUSTRALIAN SERVICE TRUST (ABN 87 160 010 116) filed a joint modern slavery statement with the Australian Modern Slavery Register for the reporting period 2021-07-01 to 2022-06-30. The reporting entities are headquartered in Australia. The reporting entities have an annual revenue band of 1BN+. The reporting entities operate in the industry sectors: Financial, insurance and real estate activities Professional and administrative services and supplies, including legal, consulting and accounting services. Register entry: https://modernslaveryregister.gov.au/statements/9863/.'}"
Modern slavery statement 2022-1534: TRANSATLANTIC REINSURANCE COMPANY,document,"{'content': 'TRANSATLANTIC REINSURANCE COMPANY (ABN 96 096 053 226) filed a single modern slavery statement with the Australian Modern Slavery Register for the reporting period 2021-01-01 to 2021-12-31. The reporting entity is headquartered in United States of America. The reporting entity has an annual revenue band of 1BN+. The reporting entity operates in the industry sectors: Financial, insurance and real estate activities. Register entry: https://modernslaveryregister.gov.au/statements/9926/.'}"
Modern slavery statement 2025-512: EDEN BRAE HOLDINGS PTY LIMITED,document,"{'content': 'EDEN BRAE HOLDINGS PTY LIMITED (ABN 42 083 807 489) filed a single modern slavery statement with the Australian Modern Slavery Register for the reporting period 2024-01-01 to 2024-12-31. The reporting entity is headquartered in Australia. The reporting entity has an annual revenue band of 250-300M. The reporting entity operates in the industry sectors: Construction, civil engineering and building products. Register entry: https://modernslaveryregister.gov.au/statements/22418/.'}"
Modern slavery statement 2025-1659: DEAKIN UNIVERSITY,document,"{'content': 'DEAKIN UNIVERSITY (ABN 56 721 584 203) filed a single modern slavery statement with the Australian Modern Slavery Register for the reporting period 2024-01-01 to 2024-12-31. The reporting entity is headquartered in Australia. The reporting entity has an annual revenue band of 1BN+. The reporting entity operates in the industry sectors: Education and research. The statement also covers the included entities: DEAKIN RESIDENTIAL SERVICES PTY. LTD. (22 145 979 344), INSTITUTE FOR REGIONAL SECURITY LTD (48 110 456 856), UNILINK LIMITED (72 005 382 954), UNIVERSAL MOTION SIMULATOR PTY LTD (58 622 763 240). Register entry: https://modernslaveryregister.gov.au/statements/23925/.'}"
Modern slavery statement 2022-1307: Frazer-Nash Consultancy Limited,document,"{'content': 'Frazer-Nash Consultancy Limited (ABN 20 578 377 332) filed a single modern slavery statement with the Australian Modern Slavery Register for the reporting period 2021-04-01 to 2022-03-30. The reporting entity is headquartered in United Kingdom. The reporting entity has an annual revenue band of 100-150M. The reporting entity operates in the industry sectors: Professional and administrative services and supplies, including legal, consulting and accounting services Defence and aerospace. Register entry: https://modernslaveryregister.gov.au/statements/9595/.'}"
Modern slavery statement 2023-1472: Wacker Chemie AG,document,"{'content': 'Wacker Chemie AG (ABN 11 607 113 062) filed a single modern slavery statement with the Australian Modern Slavery Register for the reporting period 2022-01-01 to 2022-12-31. The reporting entity is headquartered in Germany. The reporting entity has an annual revenue band of 1BN+. The reporting entity operates in the industry sectors: Mining, metals, chemicals and resources (including oil and gas). Register entry: https://modernslaveryregister.gov.au/statements/14113/.'}"
Modern slavery statement 2025-3495: HMC DIGITAL INFRASTRUCTURE LTD,document,{'content': 'HMC DIGITAL INFRASTRUCTURE LTD filed a single modern slavery statement with the Australian Modern Slavery Register for the reporting period 2024-11-01 to 2025-06-30. The reporting entity is headquartered in Australia. The reporting entity has an annual revenue band of 100-150M. The reporting entity operates in the industry sectors: Other Services. Register entry: https://modernslaveryregister.gov.au/statements/26569/.'}
Modern slavery statement 2020-423: QUEENSLAND CAPACITY NETWORK PTY LTD & QUEENSLAND ELECTRICITY TRANSMISSION CORPORATION LIMITED,document,"{'content': 'QUEENSLAND CAPACITY NETWORK PTY LTD (ABN 75 633 081 517) and QUEENSLAND ELECTRICITY TRANSMISSION CORPORATION LIMITED (ABN 82 078 849 233) filed a joint modern slavery statement with the Australian Modern Slavery Register for the reporting period 2019-07-01 to 2020-06-30. The reporting entities are headquartered in Australia. The reporting entities have an annual revenue band of 900M-1BN. The reporting entities operate in the industry sectors: Utilities: gas, water and electricity. Register entry: https://modernslaveryregister.gov.au/statements/940/.'}"
Modern slavery statement 2023-759: Kansai Electric Power Australia Pty Ltd & KANSAI ELECTRIC POWER HOLDINGS AUSTRALIA PTY LTD & KANSAI ELECTRIC POWER ICHTHYS E&P PTY LTD et al.,document,"{'content': 'Kansai Electric Power Australia Pty Ltd (ABN 32 126 720 732), KANSAI ELECTRIC POWER HOLDINGS AUSTRALIA PTY LTD (ABN 57 601 296 226), KANSAI ELECTRIC POWER ICHTHYS E&P PTY LTD (ABN 47 601 297 876) and KANSAI ELECTRIC POWER ICHTHYS PTY LTD (ABN 75 601 299 110) filed a joint modern slavery statement with the Australian Modern Slavery Register for the reporting period 2022-01-01 to 2022-12-31. The reporting entities are headquartered in Japan. The reporting entities have an annual revenue band of 600-700M. The reporting entities operate in the industry sectors: Mining, metals, chemicals and resources (including oil and gas). Register entry: https://modernslaveryregister.gov.au/statements/13223/.'}"
Modern slavery statement 2024-2458: APTELLA PTY LTD,document,"{'content': 'APTELLA PTY LTD (ABN 56 130 367 065) filed a single modern slavery statement with the Australian Modern Slavery Register for the reporting period 2023-04-01 to 2024-03-31. The reporting entity is headquartered in Australia. The reporting entity has an annual revenue band of 150-200M. The reporting entity operates in the industry sectors: Construction, civil engineering and building products. The statement also covers the included entities: Aptella Asia Pte Ltd, Aptella Limited, Aptella Singapore Pte Ltd, PT Aptella Solusi Teknologi. Register entry: https://modernslaveryregister.gov.au/statements/20156/.'}"
Modern slavery statement 2024-340: Modus Projects Pty Ltd,document,"{'content': 'Modus Projects Pty Ltd (ABN 63 143 167 159) filed a single modern slavery statement with the Australian Modern Slavery Register for the reporting period 2023-04-01 to 2024-03-31. The reporting entity is headquartered in Australia. The reporting entity has an annual revenue band of 150-200M. The reporting entity operates in the industry sectors: Construction, civil engineering and building products. Register entry: https://modernslaveryregister.gov.au/statements/17249/.'}"
"Modern slavery statement 2025-3407: DR JONES & PARTNERS GROUP HOLDINGS PTY LTD, JONES HOLDING CO PTY LIMITED",document,"{'content': 'DR JONES & PARTNERS GROUP HOLDINGS PTY LTD, JONES HOLDING CO PTY LIMITED filed a joint modern slavery statement with the Australian Modern Slavery Register for the reporting period 2024-07-01 to 2025-06-30. The reporting entity is headquartered in Australia. The reporting entity has an annual revenue band of 100-150M. The reporting entity operates in the industry sectors: Health Care and Social Assistance. Register entry: https://modernslaveryregister.gov.au/statements/26305/.'}"
Modern slavery statement 2022-1926: FLETCHER INTERNATIONAL EXPORTS PTY LTD,document,"{'content': 'FLETCHER INTERNATIONAL EXPORTS PTY LTD (ABN 64 003 213 652) filed a single modern slavery statement with the Australian Modern Slavery Register for the reporting period 2020-07-01 to 2021-06-30. The reporting entity is headquartered in Australia. The reporting entity has an annual revenue band of 800-900M. The reporting entity operates in the industry sectors: Food and beverages, agriculture and fishing. Register entry: https://modernslaveryregister.gov.au/statements/8165/.'}"
"Modern slavery statement 2021-364: NSW Electricity Networks Assets Pty Ltd, NSW Electricity Networks Operations Pty Ltd",document,"{'content': 'NSW Electricity Networks Assets Pty Ltd, NSW Electricity Networks Operations Pty Ltd filed a joint modern slavery statement with the Australian Modern Slavery Register for the reporting period 2019-07-01 to 2020-06-30. The reporting entity is headquartered in Australia. The reporting entity has an annual revenue band of 1BN+. The reporting entity operates in the industry sectors: Utilities: gas, water and electricity. Register entry: https://modernslaveryregister.gov.au/statements/1692/.'}"
Modern slavery statement 2021-3635: HOST-PLUS PTY. LIMITED,document,"{'content': 'HOST-PLUS PTY. LIMITED (ABN 79 008 634 704) filed a joint modern slavery statement with the Australian Modern Slavery Register for the reporting period 2020-07-01 to 2021-06-30. The reporting entity is headquartered in Australia. The reporting entity has an annual revenue band of 1BN+. The reporting entity operates in the industry sectors: Financial, insurance and real estate activities. Register entry: https://modernslaveryregister.gov.au/statements/6951/.'}"
Modern slavery statement 2025-2346: TURNER & TOWNSEND PTY LTD,document,{'content': 'TURNER & TOWNSEND PTY LTD filed a single modern slavery statement with the Australian Modern Slavery Register for the reporting period 2024-01-01 to 2024-12-31. The reporting entity is headquartered in United Kingdom. The reporting entity has an annual revenue band of 250-300M. The reporting entity operates in the industry sectors: Construction. Register entry: https://modernslaveryregister.gov.au/statements/24922/.'}
Modern slavery statement 2023-2380: BANKSTOWN DISTRICT SPORTS CLUB LTD,document,"{'content': 'BANKSTOWN DISTRICT SPORTS CLUB LTD (ABN 88 000 243 916) filed a joint modern slavery statement with the Australian Modern Slavery Register for the reporting period 2022-07-01 to 2023-06-30. The reporting entity is headquartered in Australia. The reporting entity has an annual revenue band of 100-150M. The reporting entity operates in the industry sectors: Food and beverages, agriculture and fishing Consumer services, including accommodation, hospitality, tourism and leisure. The statement also covers the included entities: Auburn Tennis Club, Bankstown Golf Club, Bankstown Sports Bowls, Baulkham Hills Sports, Birrong Sports, Lady Banks Rooftop, The Acres Club. Register entry: https://modernslaveryregister.gov.au/statements/15445/.'}"
Modern slavery statement 2023-2459: BOB JANE CORPORATION PTY LTD,document,"{'content': 'BOB JANE CORPORATION PTY LTD filed a single modern slavery statement with the Australian Modern Slavery Register for the reporting period 2022-07-01 to 2023-06-30. The reporting entity is headquartered in Australia. The reporting entity has an annual revenue band of 200-250M. The reporting entity operates in the industry sectors: Automotive, machinery and heavy electrical equipment. Register entry: https://modernslaveryregister.gov.au/statements/15455/.'}"
Modern slavery statement 2025-420: EBSCO INTERNATIONAL INC.,document,"{'content': 'EBSCO INTERNATIONAL INC. (ABN 51 002 260 602) filed a single modern slavery statement with the Australian Modern Slavery Register for the reporting period 2023-07-01 to 2024-06-30. The reporting entity is headquartered in United States of America. The reporting entity has an annual revenue band of 100-150M. The reporting entity operates in the industry sectors: Other. The statement also covers the included entities: EBSCO Canada, Ltd.. Register entry: https://modernslaveryregister.gov.au/statements/22258/.'}"
Modern slavery statement 2023-2481: ACE PRINT AND DISPLAY PTY LIMITED & BRISBANE CULLET PTY LTD & BUILD RUN REPAIR (AUSTRALIA) PTY LTD et al.,document,"{'content': 'ACE PRINT AND DISPLAY PTY LIMITED (ABN 21 000 639 743), BRISBANE CULLET PTY LTD (ABN 13 601 145 304), BUILD RUN REPAIR (AUSTRALIA) PTY LTD (ABN 15 155 555 052), PH PENRITH PTY LTD (ABN 17 638 042 912), P & I PTY. LTD. (ABN 15 000 619 018), REGIONAL RECYCLERS PTY LTD (ABN 12 069 806 462), SALVAGE PAPER PTY LTD (ABN 34 101 429 716), The Trustee for SOUTHERN PAPER CONVERTERS TRUST (ABN 49 984 541 896), VISY ALBURY PTY LTD (ABN 91 151 816 465), VISY BOARD PROPRIETARY LIMITED (ABN 58 005 787 913), VISY BOARD (WODONGA) PTY. LTD. (ABN 34 098 839 402), VISY ENERGY PTY LTD (ABN 55 115 133 321), VISY GLAMA PTY LTD (ABN 83 077 517 581), VISY GLASS (AUSTRALASIA) PTY LTD (ABN 56 642 097 185), VISY GLASS INTERNATIONAL PTY LTD (ABN 97 006 005 929), VISY GLASS OPERATIONS (AUSTRALIA) PTY LTD (ABN 94 004 230 326), VISY GLASS PACKAGING SERVICES PTY LTD (ABN 77 004 300 725), VISY INDUSTRIES AUSTRALIA PTY LTD (ABN 74 004 337 615), VISY LOGISTICS PTY LTD (ABN 12 089 137 986), VISY PACKAGING PTY. LTD. (ABN 13 095 313 723), VISYPET PTY. LTD. (ABN 52 099 764 119), VISY PULP AND PAPER PTY. LTD. (ABN 30 086 513 144), VISY RECYCLING AUSTRALIA PTY LTD (ABN 46 118 295 239), VISY RECYCLING MRFS PTY LTD (ABN 76 118 874 972) and VISY SAND QUARRY PTY LTD (ABN 49 645 945 928) filed a joint modern slavery statement with the Australian Modern Slavery Register for the reporting period 2022-07-01 to 2023-06-30. The reporting entities are headquartered in Australia. The reporting entities have an annual revenue band of 1BN+. The reporting entities operate in the industry sectors: Forestry, timber products, paper and containers and packaging Waste management and recycling Transportation, logistics, and storage. Register entry: https://modernslaveryregister.gov.au/statements/15586/.'}"
"Modern slavery statement 2024-838: LEGO AUSTRALIA PTY LTD, LEGO SYSTEMS A/S",document,"{'content': 'LEGO AUSTRALIA PTY LTD, LEGO SYSTEMS A/S filed a joint modern slavery statement with the Australian Modern Slavery Register for the reporting period 2023-01-01 to 2023-12-31. The reporting entity is headquartered in Denmark. The reporting entity has an annual revenue band of 450-500M. The reporting entity operates in the industry sectors: Durable consumer goods, including electronics and appliances, home furnishings and other accessories. The statement also covers the included entities: LEGO AUSTRALIA PTY LTD (42 001 540 914). Register entry: https://modernslaveryregister.gov.au/statements/17702/.'}"
Modern slavery statement 2021-181: THE STAR ENTERTAINMENT GROUP LIMITED,document,"{'content': 'THE STAR ENTERTAINMENT GROUP LIMITED (ABN 85 149 629 023) filed a single modern slavery statement with the Australian Modern Slavery Register for the reporting period 2020-01-01 to 2020-12-31. The reporting entity is headquartered in Australia. The reporting entity has an annual revenue band of 1BN+. The reporting entity operates in the industry sectors: Consumer services, including accommodation, hospitality, tourism and leisure. Register entry: https://modernslaveryregister.gov.au/statements/1395/.'}"
Modern slavery statement 2021-1622: THE GARVAN INSTITUTE OF MEDICAL RESEARCH,document,{'content': 'THE GARVAN INSTITUTE OF MEDICAL RESEARCH (ABN 62 330 391 937) filed a single modern slavery statement with the Australian Modern Slavery Register for the reporting period 2020-01-01 to 2020-12-31. The reporting entity is headquartered in Australia. The reporting entity has an annual revenue band of 100-150M. The reporting entity operates in the industry sectors: Healthcare and pharmaceuticals Charitable / not-for-profit activities. Register entry: https://modernslaveryregister.gov.au/statements/3728/.'}
Modern slavery statement 2022-1615: The Trustee for DFP BUSINESS TRUST,document,"{'content': 'The Trustee for DFP BUSINESS TRUST (ABN 66 394 749 447) filed a single modern slavery statement with the Australian Modern Slavery Register for the reporting period 2021-04-01 to 2022-03-30. The reporting entity is headquartered in Australia. The reporting entity has an annual revenue band of 150-200M. The reporting entity operates in the industry sectors: Professional and administrative services and supplies, including legal, consulting and accounting services. Register entry: https://modernslaveryregister.gov.au/statements/10069/.'}"
Modern slavery statement 2024-2945: VITACO HEALTH AUSTRALIA PTY LIMITED,document,"{'content': 'VITACO HEALTH AUSTRALIA PTY LIMITED filed a single modern slavery statement with the Australian Modern Slavery Register for the reporting period 2023-01-01 to 2023-12-31. The reporting entity is headquartered in Australia. The reporting entity has an annual revenue band of 250-300M. The reporting entity operates in the industry sectors: Food and beverages, agriculture and fishing. Register entry: https://modernslaveryregister.gov.au/statements/20811/.'}"
Modern slavery statement 2025-3437: BEACH ENERGY LIMITED,document,"{'content': 'BEACH ENERGY LIMITED filed a single modern slavery statement with the Australian Modern Slavery Register for the reporting period 2024-07-01 to 2025-06-30. The reporting entity is headquartered in Australia. The reporting entity has an annual revenue band of 1BN+. The reporting entity operates in the industry sectors: Electricity, Gas, Water and Waste Services. Register entry: https://modernslaveryregister.gov.au/statements/26480/.'}"
Modern slavery statement 2021-3992: ANGLICAN COMMUNITY SERVICES,document,"{'content': 'ANGLICAN COMMUNITY SERVICES (ABN 39 922 848 563) filed a single modern slavery statement with the Australian Modern Slavery Register for the reporting period 2020-07-01 to 2021-06-30. The reporting entity is headquartered in Australia. The reporting entity has an annual revenue band of 450-500M. The reporting entity operates in the industry sectors: Food and beverages, agriculture and fishing Construction, civil engineering and building products Consumer services, including accommodation, hospitality, tourism and leisure Financial, insurance and real estate activities Education and research Healthcare and pharmaceuticals Charitable / not-for-profit activities Other. Register entry: https://modernslaveryregister.gov.au/statements/7459/.'}"
Modern slavery statement 2020-264: CHU UNDERWRITING AGENCIES PTY LTD,document,"{'content': 'CHU UNDERWRITING AGENCIES PTY LTD (ABN 18 001 580 070) filed a single modern slavery statement with the Australian Modern Slavery Register for the reporting period 2019-07-01 to 2020-06-30. The reporting entity is headquartered in Australia. The reporting entity has an annual revenue band of 0-99M. The reporting entity operates in the industry sectors: Financial, insurance and real estate activities. Register entry: https://modernslaveryregister.gov.au/statements/701/.'}"
Modern slavery statement 2025-3628: RETAIL FOOD GROUP LIMITED,document,"{'content': 'RETAIL FOOD GROUP LIMITED (ABN 31 106 840 082) filed a single modern slavery statement with the Australian Modern Slavery Register for the reporting period 2024-07-01 to 2025-06-30. The reporting entity is headquartered in Australia. The reporting entity has an annual revenue band of 100-150M. The reporting entity operates in the industry sectors: Accommodation and Food Services Agriculture, Forestry and Fishing. Register entry: https://modernslaveryregister.gov.au/statements/26713/.'}"
Modern slavery statement 2023-2808: ERNST & YOUNG & EY BUSINESS SOLUTIONS PTY LTD & THE TRUSTEE FOR ERNST & YOUNG SERVICES TRUST,document,"{'content': 'ERNST & YOUNG (ABN 75 288 172 749), EY BUSINESS SOLUTIONS PTY LTD (ABN 35 122 885 465) and THE TRUSTEE FOR ERNST & YOUNG SERVICES TRUST (ABN 67 457 905 811) filed a joint modern slavery statement with the Australian Modern Slavery Register for the reporting period 2022-07-01 to 2023-06-30. The reporting entities are headquartered in Australia. The reporting entities have an annual revenue band of 1BN+. The reporting entities operate in the industry sectors: Professional and administrative services and supplies, including legal, consulting and accounting services. The statement also covers the included entities: BRIDGE BUSINESS CONSULTING PTY LTD (17 158 884 247). Register entry: https://modernslaveryregister.gov.au/statements/15948/.'}"
Modern slavery statement 2025-3057: Sunwater Limited,document,"{'content': 'Sunwater Limited filed a single modern slavery statement with the Australian Modern Slavery Register for the reporting period 2024-07-01 to 2025-06-30. The reporting entity is headquartered in Australia. The reporting entity has an annual revenue band of 450-500M. The reporting entity operates in the industry sectors: Electricity, Gas, Water and Waste Services. Register entry: https://modernslaveryregister.gov.au/statements/25965/.'}"
Modern slavery statement 2024-265: BIOPAK PTY LTD,document,"{'content': 'BIOPAK PTY LTD (ABN 48 119 998 711) filed a single modern slavery statement with the Australian Modern Slavery Register for the reporting period 2023-01-01 to 2023-12-31. The reporting entity is headquartered in Australia. The reporting entity has an annual revenue band of 250-300M. The reporting entity operates in the industry sectors: Forestry, timber products, paper and containers and packaging. The statement also covers the included entities: BioPak Limited (New Zealand), BioPak LTD (UK), Biopak Pte Ltd (Singapore), HORIZONS SUPPLY PTY LTD (84 161 941 439). Register entry: https://modernslaveryregister.gov.au/statements/17129/.'}"
Modern slavery statement 2024-1472: KAJIMA ICON HOLDINGS PTY LTD,document,"{'content': 'KAJIMA ICON HOLDINGS PTY LTD filed a single modern slavery statement with the Australian Modern Slavery Register for the reporting period 2023-01-01 to 2023-12-31. The reporting entity is headquartered in Australia. The reporting entity has an annual revenue band of 1BN+. The reporting entity operates in the industry sectors: Construction, civil engineering and building products. The statement also covers the included entities: BARPA PTY. LTD. (63 600 276 015), Cockram Construction New Zealand Limited, ICON CO (AUST) PTY LTD (54 604 790 132), ICON CO HOLDINGS PTY LTD (32 617 583 632), ICON CO (NSW) PTY LTD (16 604 790 409), ICON CO PTY (NZ) LIMITED, ICON CO (QLD) PTY LTD (33 169 394 058), ICON CORPORATE SERVICES PTY LTD (95 604 136 683), ICON SI (AUST) PTY LTD (66 617 747 458), INTERFACE CLADDING AND FACADE PTY LTD (78 617 741 394), KIANGA GROUP PTY LTD (86 627 297 885), Leighs Cockram JV, MINICON CONSTRUCTION (AUST) PTY LTD (69 615 595 296), MINICON CONSTRUCTION (QLD) PTY LTD (36 617 752 119). Register entry: https://modernslaveryregister.gov.au/statements/18783/.'}"
Modern slavery statement 2021-1383: NATIONAL DISABILITY INSURANCE SCHEME LAUNCH TRANSITION AGENCY,document,{'content': 'NATIONAL DISABILITY INSURANCE SCHEME LAUNCH TRANSITION AGENCY (ABN 25 617 475 104) filed a single modern slavery statement with the Australian Modern Slavery Register for the reporting period 2019-07-01 to 2020-06-30. The reporting entity is headquartered in Australia. The reporting entity has an annual revenue band of 1BN+. The reporting entity operates in the industry sectors: Other. Register entry: https://modernslaveryregister.gov.au/statements/3202/.'}
Modern slavery statement 2022-231: EDEN BRAE HOLDINGS PTY LIMITED,document,"{'content': 'EDEN BRAE HOLDINGS PTY LIMITED (ABN 42 083 807 489) filed a single modern slavery statement with the Australian Modern Slavery Register for the reporting period 2021-01-01 to 2021-12-31. The reporting entity is headquartered in Australia. The reporting entity has an annual revenue band of 200-250M. The reporting entity operates in the industry sectors: Construction, civil engineering and building products. Register entry: https://modernslaveryregister.gov.au/statements/8045/.'}"
Modern slavery statement 2021-300: DEVELOPMENT VICTORIA,document,"{'content': 'DEVELOPMENT VICTORIA (ABN 61 868 774 623) filed a single modern slavery statement with the Australian Modern Slavery Register for the reporting period 2019-07-01 to 2020-06-30. The reporting entity is headquartered in Australia. The reporting entity has an annual revenue band of 150-200M. The reporting entity operates in the industry sectors: Construction, civil engineering and building products. Register entry: https://modernslaveryregister.gov.au/statements/1597/.'}"
Modern slavery statement 2025-1502: AVERY DENNISON MATERIALS PTY LTD,document,"{'content': 'AVERY DENNISON MATERIALS PTY LTD (ABN 92 007 706 934) filed a single modern slavery statement with the Australian Modern Slavery Register for the reporting period 2024-01-01 to 2024-12-31. The reporting entity is headquartered in Australia. The reporting entity has an annual revenue band of 100-150M. The reporting entity operates in the industry sectors: Forestry, timber products, paper and containers and packaging. Register entry: https://modernslaveryregister.gov.au/statements/23729/.'}"
Modern slavery statement 2021-2315: Laing O'Rourke Australia Construction Pty Ltd & Laing O'Rourke Australia Pty Ltd,document,"{'content': ""Laing O'Rourke Australia Construction Pty Ltd (ABN 39 112 099 000) and Laing O'Rourke Australia Pty Ltd (ABN 71 111 023 431) filed a joint modern slavery statement with the Australian Modern Slavery Register for the reporting period 2019-04-01 to 2020-03-31. The reporting entities are headquartered in Australia. The reporting entities have an annual revenue band of 1BN+. The reporting entities operate in the industry sectors: Construction, civil engineering and building products. Register entry: https://modernslaveryregister.gov.au/statements/4948/.""}"
Modern slavery statement 2020-354: AMPCONTROL BURN BRITE PTY LTD & AMPCONTROL CABLES NSW PTY LTD & AMPCONTROL CSM PTY LIMITED et al.,document,"{'content': 'AMPCONTROL BURN BRITE PTY LTD (ABN 15 128 065 261), AMPCONTROL CABLES NSW PTY LTD (ABN 41 074 158 759), AMPCONTROL CSM PTY LIMITED (ABN 35 000 770 141), AMPCONTROL INTERNATIONAL HOLDINGS PTY LTD (ABN 48 088 317 159), AMPCONTROL LIMITED (ABN 28 000 915 542), AMPCONTROL (QLD) PTY LIMITED (ABN 97 001 335 842), AMPCONTROL SERVICE (NSW) PTY LTD (ABN 97 002 454 079), AMPCONTROL SWG PTY LIMITED (ABN 78 001 737 533), AMPCONTROL TRANSFORMERS PTY LTD (ABN 68 099 836 281), AUSTECH INSTRUMENTS PTY LIMITED (ABN 68 002 021 712), CAPACITOR TECHNOLOGIES PTY LTD (ABN 19 106 461 385), COMPLETE POWER SOLUTIONS PTY LTD (ABN 45 083 371 653), RESTECH PTY LIMITED (ABN 67 105 592 087), VERICO GROUP PTY LTD (ABN 69 622 224 239) and VERICO TRAINING SERVICES PTY LTD (ABN 12 133 718 680) filed a joint modern slavery statement with the Australian Modern Slavery Register for the reporting period 2019-07-01 to 2020-06-30. The reporting entities are headquartered in Australia. The reporting entities have an annual revenue band of 250-300M. The reporting entities operate in the industry sectors: Mining, metals, chemicals and resources (including oil and gas) Construction, civil engineering and building products. Register entry: https://modernslaveryregister.gov.au/statements/847/.'}"
Modern slavery statement 2022-1905: BANKSTOWN DISTRICT SPORTS CLUB LTD,document,"{'content': 'BANKSTOWN DISTRICT SPORTS CLUB LTD (ABN 88 000 243 916) filed a single modern slavery statement with the Australian Modern Slavery Register for the reporting period 2019-07-01 to 2020-06-30. The reporting entity is headquartered in Australia. The reporting entity has an annual revenue band of 100-150M. The reporting entity operates in the industry sectors: Food and beverages, agriculture and fishing Consumer services, including accommodation, hospitality, tourism and leisure Other. Register entry: https://modernslaveryregister.gov.au/statements/10481/.'}"
Modern slavery statement 2022-1859: ERTECH HOLDINGS PTY LTD,document,"{'content': 'ERTECH HOLDINGS PTY LTD (ABN 93 008 999 353) filed a joint modern slavery statement with the Australian Modern Slavery Register for the reporting period 2021-07-01 to 2022-06-30. The reporting entity is headquartered in Australia. The reporting entity has an annual revenue band of 200-250M. The reporting entity operates in the industry sectors: Construction, civil engineering and building products. Register entry: https://modernslaveryregister.gov.au/statements/10425/.'}"
"Modern slavery statement 2023-2692: Mekong Lease Co Pty Ltd, MOUNTIES CARE PTY LTD, MOUNT PRITCHARD & DISTRICT COMMUNITY CLUB LTD & NEW DIGGERS CAR PARK CO PTY LTD, NEW DIGGERS LAND CO. PTY LIMITED, NEW DIGGERS SERVICE CO. PTY LIMITED",document,"{'content': 'Mekong Lease Co Pty Ltd, MOUNTIES CARE PTY LTD, MOUNT PRITCHARD & DISTRICT COMMUNITY CLUB LTD (ABN 98 000 458 622) and NEW DIGGERS CAR PARK CO PTY LTD, NEW DIGGERS LAND CO. PTY LIMITED, NEW DIGGERS SERVICE CO. PTY LIMITED filed a joint modern slavery statement with the Australian Modern Slavery Register for the reporting period 2022-07-01 to 2023-06-30. The reporting entities are headquartered in Australia. The reporting entities have an annual revenue band of 100-150M. The reporting entities operate in the industry sectors: Consumer services, including accommodation, hospitality, tourism and leisure Other. The statement also covers the included entities: OZCOTT PTY. LTD.. Register entry: https://modernslaveryregister.gov.au/statements/15867/.'}"
"Modern slavery statement 2024-3498: RESMED ASIA PACIFIC LIMITED, RESMED HOLDINGS PTY LTD & RESMED PTY LTD",document,"{'content': 'RESMED ASIA PACIFIC LIMITED, RESMED HOLDINGS PTY LTD (ABN 28 003 765 133) and RESMED PTY LTD (ABN 30 003 765 142) filed a joint modern slavery statement with the Australian Modern Slavery Register for the reporting period 2023-07-01 to 2024-06-30. The reporting entities are headquartered in Australia, Canada, Singapore, United Kingdom, United States of America. The reporting entities have an annual revenue band of 1BN+. The reporting entities operate in the industry sectors: Durable consumer goods, including electronics and appliances, home furnishings and other accessories Healthcare and pharmaceuticals. The statement also covers the included entities: RESMED ASIA PACIFIC LIMITED (86 070 076 470), RESMED PTY LTD (30 003 765 142). Register entry: https://modernslaveryregister.gov.au/statements/21029/.'}"
Modern slavery statement 2023-1932: COLES GROUP LIMITED & COLES SUPERMARKETS AUSTRALIA PTY LTD & Eureka Operations Pty Ltd et al.,document,"{'content': 'COLES GROUP LIMITED (ABN 11 004 089 936), COLES SUPERMARKETS AUSTRALIA PTY LTD (ABN 45 004 189 708), Eureka Operations Pty Ltd (ABN 78 104 811 216) and LIQUORLAND (AUSTRALIA) PTY. LTD. (ABN 82 007 512 414) filed a joint modern slavery statement with the Australian Modern Slavery Register for the reporting period 2022-07-01 to 2023-06-30. The reporting entities are headquartered in Australia. The reporting entities have an annual revenue band of 1BN+. The reporting entities operate in the industry sectors: Food and beverages, agriculture and fishing. Register entry: https://modernslaveryregister.gov.au/statements/14799/.'}"
"Modern slavery statement 2024-2510: GREEN'S FOODS HOLDINGS PTY LIMITED, GREEN'S GENERAL FOODS PTY LIMITED, KIN GROUP PTY LTD, KINRISE PTY LTD",document,"{'content': ""GREEN'S FOODS HOLDINGS PTY LIMITED, GREEN'S GENERAL FOODS PTY LIMITED, KIN GROUP PTY LTD, KINRISE PTY LTD filed a joint modern slavery statement with the Australian Modern Slavery Register for the reporting period 2023-07-01 to 2024-06-30. The reporting entity is headquartered in Australia. The reporting entity has an annual revenue band of 1BN+. The reporting entity operates in the industry sectors: Food and beverages, agriculture and fishing. The statement also covers the included entities: BURST FOODS PTY LTD, GREEN'S BISCUITS PTY LTD, GREEN'S INTELLECTUAL HOLDINGS PTY LIMITED, KEY PARTNERSHIPS AUSTRALIA PTY. LTD., OLHS PTY. LTD., OZPACK HOLDINGS PTY. LIMITED, Propax Pty Ltd, THE CAKE SYNDICATE PTY LTD, WATERWHEEL PREMIUM FOODS PTY LIMITED. Register entry: https://modernslaveryregister.gov.au/statements/20085/.""}"
Modern slavery statement 2022-2124: The Trustee for MAJOR MOTORS UNIT TRUST,document,"{'content': 'The Trustee for MAJOR MOTORS UNIT TRUST (ABN 65 730 475 316) filed a single modern slavery statement with the Australian Modern Slavery Register for the reporting period 2021-07-01 to 2022-06-30. The reporting entity is headquartered in Australia. The reporting entity has an annual revenue band of 250-300M. The reporting entity operates in the industry sectors: Automotive, machinery and heavy electrical equipment. Register entry: https://modernslaveryregister.gov.au/statements/10812/.'}"
Modern slavery statement 2025-3841: MICHAEL HILL INTERNATIONAL LIMITED,document,{'content': 'MICHAEL HILL INTERNATIONAL LIMITED (ABN 25 610 937 598) filed a single modern slavery statement with the Australian Modern Slavery Register for the reporting period 2024-07-01 to 2025-06-30. The reporting entity is headquartered in Australia. The reporting entity has an annual revenue band of 600-700M. The reporting entity operates in the industry sectors: Retail Trade. Register entry: https://modernslaveryregister.gov.au/statements/26956/.'}
Modern slavery statement 2023-2337: CEDAR WOODS PROPERTIES LIMITED,document,"{'content': 'CEDAR WOODS PROPERTIES LIMITED (ABN 47 009 259 081) filed a single modern slavery statement with the Australian Modern Slavery Register for the reporting period 2022-07-01 to 2023-06-30. The reporting entity is headquartered in Australia. The reporting entity has an annual revenue band of 350-400M. The reporting entity operates in the industry sectors: Financial, insurance and real estate activities. Register entry: https://modernslaveryregister.gov.au/statements/15380/.'}"
Modern slavery statement 2023-165: COVENTRY GROUP LIMITED,document,"{'content': 'COVENTRY GROUP LIMITED (ABN 37 008 670 102) filed a single modern slavery statement with the Australian Modern Slavery Register for the reporting period 2022-01-01 to 2022-12-31. The reporting entity is headquartered in Australia. The reporting entity has an annual revenue band of 300-350M. The reporting entity operates in the industry sectors: Mining, metals, chemicals and resources (including oil and gas) Waste management and recycling Construction, civil engineering and building products. Register entry: https://modernslaveryregister.gov.au/statements/12318/.'}"
Modern slavery statement 2021-4211: FREEDOM ENERGY HOLDINGS PTY LTD,document,{'content': 'FREEDOM ENERGY HOLDINGS PTY LTD (ABN 24 093 243 844) filed a joint modern slavery statement with the Australian Modern Slavery Register for the reporting period 2021-01-01 to 2021-12-31. The reporting entity is headquartered in Australia. The reporting entity has an annual revenue band of 1BN+. The reporting entity operates in the industry sectors: Other. Register entry: https://modernslaveryregister.gov.au/statements/6446/.'}
Modern slavery statement 2022-2142: SHAPE AUSTRALIA CORPORATION LIMITED,document,"{'content': 'SHAPE AUSTRALIA CORPORATION LIMITED (ABN 14 654 729 352) filed a single modern slavery statement with the Australian Modern Slavery Register for the reporting period 2021-07-01 to 2022-06-30. The reporting entity is headquartered in Australia. The reporting entity has an annual revenue band of 600-700M. The reporting entity operates in the industry sectors: Construction, civil engineering and building products. Register entry: https://modernslaveryregister.gov.au/statements/10839/.'}"
Modern slavery statement 2024-2330: ONSITE RENTAL GROUP LIMITED,document,"{'content': 'ONSITE RENTAL GROUP LIMITED (ABN 42 126 396 852) filed a single modern slavery statement with the Australian Modern Slavery Register for the reporting period 2023-07-01 to 2024-06-30. The reporting entity is headquartered in Australia. The reporting entity has an annual revenue band of 350-400M. The reporting entity operates in the industry sectors: Mining, metals, chemicals and resources (including oil and gas) Construction, civil engineering and building products Transportation, logistics, and storage Government Sector. The statement also covers the included entities: ONSITE RENTAL GROUP OPERATIONS PTY LTD (74 126 102 485). Register entry: https://modernslaveryregister.gov.au/statements/19972/.'}"
Modern slavery statement 2021-1998: BELKIN LIMITED,document,"{'content': 'BELKIN LIMITED (ABN 64 095 402 663) filed a single modern slavery statement with the Australian Modern Slavery Register for the reporting period 2020-01-01 to 2020-12-31. The reporting entity is headquartered in United States of America. The reporting entity has an annual revenue band of 100-150M. The reporting entity operates in the industry sectors: Durable consumer goods, including electronics and appliances, home furnishings and other accessories Information technology and telecommunication. Register entry: https://modernslaveryregister.gov.au/statements/3693/.'}"
Modern slavery statement 2021-632: COAL MINING INDUSTRY (LONG SERVICE LEAVE FUNDING) CORPORATION,document,{'content': 'COAL MINING INDUSTRY (LONG SERVICE LEAVE FUNDING) CORPORATION (ABN 12 039 670 644) filed a single modern slavery statement with the Australian Modern Slavery Register for the reporting period 2019-07-01 to 2020-06-30. The reporting entity is headquartered in Australia. The reporting entity has an annual revenue band of 150-200M. The reporting entity operates in the industry sectors: Other. Register entry: https://modernslaveryregister.gov.au/statements/2253/.'}
Modern slavery statement 2021-430: WESLEY MISSION QUEENSLAND,document,{'content': 'WESLEY MISSION QUEENSLAND (ABN 28 746 881 862) filed a single modern slavery statement with the Australian Modern Slavery Register for the reporting period 2019-07-01 to 2020-06-30. The reporting entity is headquartered in Australia. The reporting entity has an annual revenue band of 200-250M. The reporting entity operates in the industry sectors: Healthcare and pharmaceuticals Charitable / not-for-profit activities. Register entry: https://modernslaveryregister.gov.au/statements/1868/.'}
Modern slavery statement 2021-3380: TELSTRA SUPER FINANCIAL PLANNING PTY LTD & TELSTRA SUPER PTY LTD,document,"{'content': 'TELSTRA SUPER FINANCIAL PLANNING PTY LTD (ABN 74 097 777 725) and TELSTRA SUPER PTY LTD (ABN 86 007 422 522) filed a joint modern slavery statement with the Australian Modern Slavery Register for the reporting period 2020-07-01 to 2021-06-30. The reporting entities are headquartered in Australia. The reporting entities have an annual revenue band of 200-250M. The reporting entities operate in the industry sectors: Financial, insurance and real estate activities. Register entry: https://modernslaveryregister.gov.au/statements/6564/.'}"
"Modern slavery statement 2023-1494: Asana France SAS, Asana Germany GmBH, Asana, Inc, Asana Ireland Technology Ltd, Asana Japan KK, ASANA SOFTWARE AUSTRALIA PTY LTD & Asana Software Canada Ltd, Asana Software Iceland ehf, Asana Software Ireland Ltd, Asana Software Singapore Pte Ltd, Asana Software UK Ltd, Asana Switzerland GmbH",document,"{'content': 'Asana France SAS, Asana Germany GmBH, Asana, Inc, Asana Ireland Technology Ltd, Asana Japan KK, ASANA SOFTWARE AUSTRALIA PTY LTD (ABN 16 627 482 133) and Asana Software Canada Ltd, Asana Software Iceland ehf, Asana Software Ireland Ltd, Asana Software Singapore Pte Ltd, Asana Software UK Ltd, Asana Switzerland GmbH filed a joint modern slavery statement with the Australian Modern Slavery Register for the reporting period 2022-02-01 to 2023-01-31. The reporting entities are headquartered in United States of America. The reporting entities have an annual revenue band of 1BN+. The reporting entities operate in the industry sectors: Information technology and telecommunication. Register entry: https://modernslaveryregister.gov.au/statements/12773/.'}"
"Modern slavery statement 2023-2766: COUNTRY ROAD CLOTHING PTY. LTD. & COUNTRY ROAD GROUP HOLDINGS PTY LTD, COUNTRY ROAD GROUP PTY LTD & MIMCO PTY LTD et al.",document,"{'content': 'COUNTRY ROAD CLOTHING PTY. LTD. (ABN 84 005 419 447), COUNTRY ROAD GROUP HOLDINGS PTY LTD, COUNTRY ROAD GROUP PTY LTD (ABN 78 006 759 182), MIMCO PTY LTD (ABN 13 067 573 291), WITCHERY AUSTRALIA HOLDINGS PTY LIMITED (ABN 64 120 925 368), WITCHERY FASHIONS PTY. LTD. (ABN 70 006 897 230), Witchery Holdings Pty Ltd (ABN 84 120 830 613) and WOOLWORTHS INTERNATIONAL (AUSTRALIA) PTY LIMITED filed a joint modern slavery statement with the Australian Modern Slavery Register for the reporting period 2022-07-01 to 2023-06-30. The reporting entities are headquartered in Australia. The reporting entities have an annual revenue band of 1BN+. The reporting entities operate in the industry sectors: Fashion, textiles, apparel and luxury goods. The statement also covers the included entities: COUNTRY ROAD CLOTHING PTY. LTD. (84 005 419 447), COUNTRY ROAD GROUP HOLDINGS PTY LTD, COUNTRY ROAD GROUP PTY LTD (78 006 759 182), MIMCO PTY LTD (13 067 573 291), WITCHERY AUSTRALIA HOLDINGS PTY LIMITED (64 120 925 368), WITCHERY FASHIONS PTY. LTD. (70 006 897 230), Witchery Holdings Pty Ltd (84 120 830 613), WOOLWORTHS INTERNATIONAL (AUSTRALIA) PTY LIMITED. Register entry: https://modernslaveryregister.gov.au/statements/15123/.'}"
Modern slavery statement 2022-113: The Trustee for Scorpion Technology Unit Trust,document,{'content': 'The Trustee for Scorpion Technology Unit Trust (ABN 79 775 620 896) filed a single modern slavery statement with the Australian Modern Slavery Register for the reporting period 2020-07-01 to 2021-06-30. The reporting entity is headquartered in Australia. The reporting entity has an annual revenue band of 200-250M. The reporting entity operates in the industry sectors: Information technology and telecommunication. Register entry: https://modernslaveryregister.gov.au/statements/7859/.'}
Modern slavery statement 2025-3059: ENDEAVOUR FOUNDATION LIMITED,document,{'content': 'ENDEAVOUR FOUNDATION LIMITED (ABN 80 009 670 704) filed a single modern slavery statement with the Australian Modern Slavery Register for the reporting period 2024-07-01 to 2025-06-30. The reporting entity is headquartered in Australia. The reporting entity has an annual revenue band of 350-400M. The reporting entity operates in the industry sectors: Health Care and Social Assistance. Register entry: https://modernslaveryregister.gov.au/statements/25974/.'}
Modern slavery statement 2025-228: PMY GROUP PTY. LTD.,document,"{'content': 'PMY GROUP PTY. LTD. (ABN 49 137 167 821) filed a single modern slavery statement with the Australian Modern Slavery Register for the reporting period 2023-07-01 to 2024-06-30. The reporting entity is headquartered in Australia. The reporting entity has an annual revenue band of 100-150M. The reporting entity operates in the industry sectors: Information technology and telecommunication Professional and administrative services and supplies, including legal, consulting and accounting services. Register entry: https://modernslaveryregister.gov.au/statements/21963/.'}"
Modern slavery statement 2021-3234: RETAIL EMPLOYEES SUPERANNUATION PTY. LIMITED,document,"{'content': 'RETAIL EMPLOYEES SUPERANNUATION PTY. LIMITED (ABN 39 001 987 739) filed a single modern slavery statement with the Australian Modern Slavery Register for the reporting period 2020-07-01 to 2021-06-30. The reporting entity is headquartered in Australia. The reporting entity has an annual revenue band of 1BN+. The reporting entity operates in the industry sectors: Financial, insurance and real estate activities. Register entry: https://modernslaveryregister.gov.au/statements/6346/.'}"
Modern slavery statement 2025-2241: QSCAN GROUP HOLDINGS NEWCO PTY LTD,document,"{'content': 'QSCAN GROUP HOLDINGS NEWCO PTY LTD filed a single modern slavery statement with the Australian Modern Slavery Register for the reporting period 2024-04-01 to 2025-03-31. The reporting entity is headquartered in Australia. The reporting entity has an annual revenue band of 350-400M. The reporting entity operates in the industry sectors: Health Care and Social Assistance. The statement also covers the included entities: ALPENGLOW AUSTRALIA PTY LIMITED (68 117 100 928), ENVISION MEDICAL IMAGING PTY LTD (86 129 565 386), Q-Scan Services Pty Ltd (35 123 068 002), SOUTH EAST RADIOLOGY PTY. LTD. (91 629 217 090), The Trustee for HR Clinic Services Unit Trust (18 803 838 614), The Trustee for NORTH COAST RADIOLOGY TRUST (21 618 758 860), The trustee for UMI Canberra Unit Trust (27 087 871 867). Register entry: https://modernslaveryregister.gov.au/statements/24743/.'}"
Modern slavery statement 2021-3153: ETHAN GLOBAL PTY LTD,document,{'content': 'ETHAN GLOBAL PTY LTD (ABN 93 099 503 456) filed a joint modern slavery statement with the Australian Modern Slavery Register for the reporting period 2020-07-01 to 2021-06-30. The reporting entity is headquartered in Australia. The reporting entity has an annual revenue band of 100-150M. The reporting entity operates in the industry sectors: Information technology and telecommunication. Register entry: https://modernslaveryregister.gov.au/statements/6222/.'}
Modern slavery statement 2021-124: TOYOTA MOTOR CORPORATION AUSTRALIA LIMITED,document,"{'content': 'TOYOTA MOTOR CORPORATION AUSTRALIA LIMITED (ABN 64 009 686 097) filed a single modern slavery statement with the Australian Modern Slavery Register for the reporting period 2019-04-01 to 2020-03-31. The reporting entity is headquartered in Australia. The reporting entity has an annual revenue band of 1BN+. The reporting entity operates in the industry sectors: Automotive, machinery and heavy electrical equipment. Register entry: https://modernslaveryregister.gov.au/statements/1272/.'}"
Modern slavery statement 2026-272: WEST GIPPSLAND HEALTHCARE GROUP,document,{'content': 'WEST GIPPSLAND HEALTHCARE GROUP (ABN 39 261 883 406) filed a single modern slavery statement with the Australian Modern Slavery Register for the reporting period 2024-07-01 to 2025-06-30. The reporting entity is headquartered in Australia. The reporting entity has an annual revenue band of 150-200M. The reporting entity operates in the industry sectors: Health Care and Social Assistance. Register entry: https://modernslaveryregister.gov.au/statements/27461/.'}
Modern slavery statement 2025-2072: MULTIQUIP POULTRY PTY LTD,document,"{'content': 'MULTIQUIP POULTRY PTY LTD (ABN 36 086 089 616) filed a single modern slavery statement with the Australian Modern Slavery Register for the reporting period 2024-06-30 to 2025-06-29. The reporting entity is headquartered in Australia. The reporting entity has an annual revenue band of Unknown. The reporting entity operates in the industry sectors: Transport, Postal and Warehousing Agriculture, Forestry and Fishing. The statement also covers the included entities: CEAL LIMITED (44 101 930 714), CHICKEN ENTERPRISES QUEENSLAND PTY LIMITED (69 603 338 727), CHICK TRANS QLD PTY LTD (92 650 922 222), FOWLTRANS PTY LTD (51 118 124 271), GIRRAWEEN TRANSPORT PTY LTD (57 106 704 545), IMQ SERVICES PTY LTD (34 604 829 807), IMTREACH PTY LTD (52 002 480 186), LIVE BIRDS SERVICES PTY LTD (16 658 030 025), MARSERV PTY LTD (58 160 651 301), MQ GRIFFITH PTY LTD (93 613 951 018), MQT PTY LTD (89 642 492 608), MULTIFERT PTY LTD (45 162 290 315), Multiquip Aggregates Pty Ltd (42 143 902 998), MULTIQUIP PTY LTD (25 002 527 871), MULTIWEST PTY LTD (48 660 200 126), POULTRY ENTERPRISES NSW PTY LIMITED (14 603 491 149), POULTRY MANAGEMENT SERVICES PTY LTD (62 659 720 340). Register entry: https://modernslaveryregister.gov.au/statements/24479/.'}"
"Modern slavery statement 2024-1377: CADIA HOLDINGS PTY LIMITED & Lihir Gold Limited, NEWCREST MINING LIMITED & NEWCREST OPERATIONS LIMITED et al.",document,"{'content': 'CADIA HOLDINGS PTY LIMITED (ABN 95 062 648 006), Lihir Gold Limited, NEWCREST MINING LIMITED (ABN 20 005 683 625), NEWCREST OPERATIONS LIMITED (ABN 80 009 221 505), NEWMONT AUSTRALIA PTY LTD (ABN 95 099 040 507), NEWMONT BODDINGTON PTY LTD (ABN 32 062 936 547), Newmont Corporation, NEWMONT INTERNATIONAL HOLDINGS PTY LTD (ABN 53 667 812 642), NEWMONT MINING SERVICES PTY LTD (ABN 22 008 087 778), NEWMONT OVERSEAS HOLDINGS PTY LTD (ABN 45 667 845 454), NEWMONT TANAMI PTY LTD (ABN 39 007 688 093) and Saddleback Investments Pty Ltd (ABN 96 134 978 224) filed a joint modern slavery statement with the Australian Modern Slavery Register for the reporting period 2023-01-01 to 2023-12-31. The reporting entities are headquartered in Australia, Papua New Guinea, United States of America. The reporting entities have an annual revenue band of 1BN+. The reporting entities operate in the industry sectors: Mining, metals, chemicals and resources (including oil and gas). The statement also covers the included entities: CONTANGO AGRICULTURAL COMPANY PTY LTD (33 078 273 033), HOTHAM WIND FARM PTY LTD (50 666 914 781), NEWCREST FINANCE PTY LIMITED (93 072 648 705), Newcrest Holdings (Investments) Pty Limited (27 153 993 938), NEWCREST INTERNATIONAL PTY LTD (54 007 449 194), NEWCREST SERVICES PTY LIMITED (11 081 197 471), Newcrest Technology Pty Ltd (61 009 199 268), Newgen Pty Ltd (17 106 984 221), Newmont AP Power Pty Ltd (57 133 305 307), NEWMONT BODDINGTON GOLD PTY LTD (45 101 199 731), NEWMONT CAPITAL PTY LTD (29 002 090 851), NEWMONT EXPLORATION HOLDINGS PTY LTD (94 626 423 845), NEWMONT EXPLORATION PTY LTD (65 006 306 690), Newmont Landco Pty Ltd (59 144 879 514), NEWMONT MINING FINANCE PTY LTD (44 058 419 604), NEWMONT WOODCUTTERS PTY LTD (36 000 828 535), NEWMONT YANDAL OPERATIONS PTY LTD (30 007 066 766), Niugini Mining (Australia) Pty Ltd (41 011 060 898). Register entry: https://modernslaveryregister.gov.au/statements/18031/.'}"
Modern slavery statement 2025-3289: TASCO CARRIERS PTY LTD & THE TRUSTEE FOR TASCO INLAND AUSTRALIA UNIT TRUST,document,"{'content': 'TASCO CARRIERS PTY LTD (ABN 39 162 327 175) and THE TRUSTEE FOR TASCO INLAND AUSTRALIA UNIT TRUST (ABN 64 676 389 090) filed a joint modern slavery statement with the Australian Modern Slavery Register for the reporting period 2024-07-01 to 2025-06-30. The reporting entities are headquartered in Australia. The reporting entities have an annual revenue band of 800-900M. The reporting entities operate in the industry sectors: Wholesale Trade Transport, Postal and Warehousing. Register entry: https://modernslaveryregister.gov.au/statements/26297/.'}"
Modern slavery statement 2023-1383: BYD AUSTRALIA PTY LTD,document,"{'content': 'BYD AUSTRALIA PTY LTD (ABN 82 166 009 687) filed a single modern slavery statement with the Australian Modern Slavery Register for the reporting period 2022-04-01 to 2023-03-30. The reporting entity is headquartered in Australia. The reporting entity has an annual revenue band of 0-99M. The reporting entity operates in the industry sectors: Automotive, machinery and heavy electrical equipment. Register entry: https://modernslaveryregister.gov.au/statements/14021/.'}"
Modern slavery statement 2024-2258: THINK TANK GROUP PTY LIMITED,document,"{'content': 'THINK TANK GROUP PTY LIMITED (ABN 75 117 819 084) filed a single modern slavery statement with the Australian Modern Slavery Register for the reporting period 2023-01-01 to 2023-12-31. The reporting entity is headquartered in Australia. The reporting entity has an annual revenue band of 400-450M. The reporting entity operates in the industry sectors: Financial, insurance and real estate activities. The statement also covers the included entities: CREDITPRO PTY LTD (96 126 322 030), The Trustee for Think Tank Commercial Series 2021-2 Trust (36 422 656 610), The Trustee for Think Tank Commercial Series 2022-3 Trust (29 789 851 460), The Trustee for Think Tank Commercial Series 2023-2 Trust (74 561 157 389), The Trustee for Think Tank Commercial W03 Trust (27 320 317 416), The Trustee for Think Tank Commercial W04 Trust (35 221 184 063), The Trustee for Think Tank Commercial W08 Trust (64 967 251 137), The Trustee for Think Tank Commercial W09 Trust (58 820 863 881), THE TRUSTEE FOR THINK TANK COMMERCIAL WO TRUST (89 078 128 030), The Trustee for Think Tank High Yield Trust (46 619 406 977), The Trustee for Think Tank Income Trust (51 565 451 982), The Trustee for Think Tank REPS Trust (21 893 964 644), The Trustee for Think Tank Residential Series 2021-1 Trust (20 932 919 262), The Trustee for Think Tank Residential Series 2022-1 Trust (13 201 525 539), The Trustee for Think Tank Residential Series 2022-2 Trust (80 790 761 993), The Trustee for Think Tank Residential Series 2023-1 Trust (61 847 212 234), The Trustee for Think Tank Residential Series 2023-3 Trust (29 491 189 139), The Trustee for Think Tank Residential Series 2024-1 Trust (33 652 647 316), The Trustee for Think Tank Residential W05 Trust (35 183 788 912), The Trustee for Think Tank Residential W06 Trust (87 426 482 820), The Trustee for Think Tank Residential W07 Trust (31 227 606 071), THINK TANK NOMINEES PTY LTD (65 133 763 452), THINK TANK RISK RETENTION NO.1 PTY LIMITED (30 665 657 134), THINK TANK RISK RETENTION NO.2 PTY LIMITED (70 665 657 303). Register entry: https://modernslaveryregister.gov.au/statements/19866/.'}"
Modern slavery statement 2023-1000: INCHCAPE AUSTRALIA LIMITED,document,"{'content': 'INCHCAPE AUSTRALIA LIMITED (ABN 50 050 035 277) filed a single modern slavery statement with the Australian Modern Slavery Register for the reporting period 2022-01-01 to 2022-12-31. The reporting entity is headquartered in Australia. The reporting entity has an annual revenue band of 1BN+. The reporting entity operates in the industry sectors: Automotive, machinery and heavy electrical equipment Transportation, logistics, and storage. Register entry: https://modernslaveryregister.gov.au/statements/13561/.'}"
Modern slavery statement 2024-350: PIP AUSTRALIA PTY LTD,document,"{'content': 'PIP AUSTRALIA PTY LTD filed a single modern slavery statement with the Australian Modern Slavery Register for the reporting period 2023-02-01 to 2024-01-31. The reporting entity is headquartered in Australia. The reporting entity has an annual revenue band of 200-250M. The reporting entity operates in the industry sectors: Fashion, textiles, apparel and luxury goods Other. Register entry: https://modernslaveryregister.gov.au/statements/17261/.'}"
Modern slavery statement 2021-3503: GRANT THORNTON AUSTRALIA LIMITED,document,"{'content': 'GRANT THORNTON AUSTRALIA LIMITED (ABN 41 127 556 389) filed a single modern slavery statement with the Australian Modern Slavery Register for the reporting period 2020-07-01 to 2021-06-30. The reporting entity is headquartered in Australia. The reporting entity has an annual revenue band of 250-300M. The reporting entity operates in the industry sectors: Professional and administrative services and supplies, including legal, consulting and accounting services. Register entry: https://modernslaveryregister.gov.au/statements/6752/.'}"
Modern slavery statement 2026-18: MILNE AGRIGROUP PTY LTD,document,"{'content': 'MILNE AGRIGROUP PTY LTD filed a single modern slavery statement with the Australian Modern Slavery Register for the reporting period 2024-07-01 to 2025-06-30. The reporting entity is headquartered in Australia. The reporting entity has an annual revenue band of 200-250M. The reporting entity operates in the industry sectors: Manufacturing Agriculture, Forestry and Fishing. Register entry: https://modernslaveryregister.gov.au/statements/27053/.'}"
Modern slavery statement 2023-2364: APPEN LIMITED,document,"{'content': 'APPEN LIMITED (ABN 60 138 878 298) filed a joint modern slavery statement with the Australian Modern Slavery Register for the reporting period 2022-01-01 to 2022-12-31. The reporting entity is headquartered in Australia. The reporting entity has an annual revenue band of 500-600M. The reporting entity operates in the industry sectors: Information technology and telecommunication. The statement also covers the included entities: Appen AI Europe Limited, Appen AI Inc., APPEN AI PTY LTD (52 088 829 556), Appen Canada Limited, Appen Data Technology (Shanghai) Co Ltd, Appen Japan KK, Appen Korea Co Ltd, Appen (UK) Limited, Quadrant Global Pte Ltd. Register entry: https://modernslaveryregister.gov.au/statements/15350/.'}"
Modern slavery statement 2021-2935: MEDIA INNOVATIONS HOLDINGS PTY LTD,document,"{'content': 'MEDIA INNOVATIONS HOLDINGS PTY LTD (ABN 21 636 073 884) filed a joint modern slavery statement with the Australian Modern Slavery Register for the reporting period 2019-07-01 to 2020-06-30. The reporting entity is headquartered in Australia. The reporting entity has an annual revenue band of 100-150M. The reporting entity operates in the industry sectors: Media, publishing, arts and entertainment. Register entry: https://modernslaveryregister.gov.au/statements/5838/.'}"
"Modern slavery statement 2024-3248: GENUS INFRASTRUCTURE PTY LTD, GENUSPLUS GROUP LTD, KEC POWER PTY LTD",document,"{'content': 'GENUS INFRASTRUCTURE PTY LTD, GENUSPLUS GROUP LTD, KEC POWER PTY LTD filed a joint modern slavery statement with the Australian Modern Slavery Register for the reporting period 2023-07-01 to 2024-06-30. The reporting entity is headquartered in Australia. The reporting entity has an annual revenue band of 500-600M. The reporting entity operates in the industry sectors: Utilities: gas, water and electricity. The statement also covers the included entities: BLUE TONGUE ENERGY PTY LTD (95 605 791 599), Complete Cabling & Construction Pty Ltd (82 134 883 828), CONNECT ENGINEERING PTY LIMITED (30 003 282 371), CONNECT INFRASTRUCTURE CONSTRUCTION PTY LTD (50 124 700 214), CONNECT INFRASTRUCTURE PTY LTD (89 121 223 096), ECM CONSULTANCY PTY LTD (46 638 028 958), GENUS FIELD SERVICES PTY LTD (93 652 208 565), GENUS FLEET MANAGEMENT PTY LTD (33 635 995 827), GENUS INFRASTRUCTURE (NSW) PTY LTD (31 637 685 851), GENUS INFRASTRUCTURE (QLD) PTY LTD (18 146 150 512), GENUS INFRASTRUCTURE (VIC) PTY LTD (15 135 701 941), GENUS PFA PTY LTD (72 657 255 171), GENUS RENEWABLES PTY LTD (17 642 346 058), GENUS SERVICES PTY LTD (56 090 105 141), PROTON POWER PTY. LTD. (24 616 665 493). Register entry: https://modernslaveryregister.gov.au/statements/21107/.'}"
"Modern slavery statement 2024-328: JOHNSON CONTROLS AUSTRALIA PTY LTD, JOHNSON CONTROLS HOLDING AUSTRALIA PTY. LTD.",document,"{'content': 'JOHNSON CONTROLS AUSTRALIA PTY LTD, JOHNSON CONTROLS HOLDING AUSTRALIA PTY. LTD. filed a joint modern slavery statement with the Australian Modern Slavery Register for the reporting period 2022-10-01 to 2023-09-30. The reporting entity is headquartered in Australia. The reporting entity has an annual revenue band of 500-600M. The reporting entity operates in the industry sectors: Automotive, machinery and heavy electrical equipment Durable consumer goods, including electronics and appliances, home furnishings and other accessories Construction, civil engineering and building products. The statement also covers the included entities: ADT WIRELESS PTY LIMITED, GORDON BROTHERS INDUSTRIES PTY LTD, JC CAPITAL AUSTRALIA PTY LIMITED, SENSORMATIC AUSTRALIA PTY LIMITED, Signature Holding Company Pty Limited, SIGNATURE SECURITY GROUP HOLDINGS PTY LIMITED, Tyco International Security Group Pty Limited, TYCO PROJECTS (AUSTRALIA) PTY LIMITED. Register entry: https://modernslaveryregister.gov.au/statements/17233/.'}"
"Modern slavery statement 2024-2540: HEALIUS LIMITED, HLS HEALTHCARE HOLDINGS PTY LTD, HLS IMAGING HOLDINGS PTY LTD, HLS PATHOLOGY HOLDINGS PTY LTD, IDAMENEO (NO.789) LTD",document,"{'content': 'HEALIUS LIMITED, HLS HEALTHCARE HOLDINGS PTY LTD, HLS IMAGING HOLDINGS PTY LTD, HLS PATHOLOGY HOLDINGS PTY LTD, IDAMENEO (NO.789) LTD filed a joint modern slavery statement with the Australian Modern Slavery Register for the reporting period 2023-07-01 to 2024-06-30. The reporting entity is headquartered in Australia. The reporting entity has an annual revenue band of 1BN+. The reporting entity operates in the industry sectors: Healthcare and pharmaceuticals. The statement also covers the included entities: AGILEX BIOLABS PTY LTD, AXIS DIAGNOSTIC HOLDINGS PTY LTD, Granite Belt Diagnostic Imaging Pty Ltd, HEALIUS PATHOLOGY PTY LTD, HEALTHCARE IMAGING SERVICES PTY LIMITED, Healthcare Imaging Services (South Australia) Pty Ltd, HEALTHCARE IMAGING SERVICES (VICTORIA) PTY LIMITED, Healthcare Imaging Services (Western Australia) Pty Ltd, Keperra Diagnostic Imaging Pty Ltd, NORTHCOAST NUCLEAR MEDICINE (QLD) PTY LTD, QUEENSLAND DIAGNOSTIC IMAGING PTY LTD, SPECIALIST HAEMATOLOGY ONCOLOGY SERVICES PTY LTD, TOOWOOMBA DIAGNOSTIC IMAGING PTY LTD, WHITSUNDAY RADIOLOGY PTY LTD. Register entry: https://modernslaveryregister.gov.au/statements/20271/.'}"
Modern slavery statement 2021-2993: DARLING HARBOUR LIVE 1 PTY LIMITED & DARLING HARBOUR LIVE 2 PTY LIMITED & DARLING HARBOUR LIVE 3 PTY LIMITED & DARLING HARBOUR LIVE 4 PTY LIMITED,document,"{'content': 'DARLING HARBOUR LIVE 1 PTY LIMITED & DARLING HARBOUR LIVE 2 PTY LIMITED & DARLING HARBOUR LIVE 3 PTY LIMITED & DARLING HARBOUR LIVE 4 PTY LIMITED (ABN 90 967 257 971) filed a single modern slavery statement with the Australian Modern Slavery Register for the reporting period 2020-07-01 to 2021-06-30. The reporting entity is headquartered in Australia. The reporting entity has an annual revenue band of 100-150M. The reporting entity operates in the industry sectors: Consumer services, including accommodation, hospitality, tourism and leisure. Register entry: https://modernslaveryregister.gov.au/statements/5940/.'}"
Modern slavery statement 2025-237: DOWNWARD SPIRAL ENTERPRISES (TAS) PTY LTD,document,"{'content': 'DOWNWARD SPIRAL ENTERPRISES (TAS) PTY LTD (ABN 30 163 277 718) filed a single modern slavery statement with the Australian Modern Slavery Register for the reporting period 2023-07-01 to 2024-06-30. The reporting entity is headquartered in Australia. The reporting entity has an annual revenue band of 150-200M. The reporting entity operates in the industry sectors: Consumer services, including accommodation, hospitality, tourism and leisure. The statement also covers the included entities: AEGRES ART GROUP PTY LTD (60 143 379 819), DARKLAB DEVELOPMENTS PTY LTD (22 665 297 021), DARKLAB PTY. LTD. (51 615 687 566), FAMILY ART GROUP PTY LTD (22 134 319 798), Moorilla Estate Pty Ltd (34 120 281 656), The Trustee for Art Processors Unit Trust (90 883 533 077), THE TRUSTEE FOR MOORILLA UNIT TRUST (83 812 406 611). Register entry: https://modernslaveryregister.gov.au/statements/21986/.'}"
Modern slavery statement 2022-1235: HONEYWELL HOLDINGS PTY LTD & HONEYWELL LTD,document,"{'content': 'HONEYWELL HOLDINGS PTY LTD (ABN 18 000 383 764) and HONEYWELL LTD (ABN 74 000 646 882) filed a joint modern slavery statement with the Australian Modern Slavery Register for the reporting period 2021-01-01 to 2021-12-31. The reporting entities are headquartered in Australia. The reporting entities have an annual revenue band of 600-700M. The reporting entities operate in the industry sectors: Construction, civil engineering and building products Defence and aerospace Other. Register entry: https://modernslaveryregister.gov.au/statements/9373/.'}"
Modern slavery statement 2023-174: AUSTRALIAN RUGBY LEAGUE COMMISSION LIMITED & NATIONAL RUGBY LEAGUE LIMITED,document,"{'content': 'AUSTRALIAN RUGBY LEAGUE COMMISSION LIMITED (ABN 94 003 107 293) and NATIONAL RUGBY LEAGUE LIMITED (ABN 23 082 088 962) filed a joint modern slavery statement with the Australian Modern Slavery Register for the reporting period 2020-11-01 to 2021-10-31. The reporting entities are headquartered in Australia. The reporting entities have an annual revenue band of 900M-1BN. The reporting entities operate in the industry sectors: Media, publishing, arts and entertainment. Register entry: https://modernslaveryregister.gov.au/statements/12330/.'}"
Modern slavery statement 2022-323: MERITOR HEAVY VEHICLE SYSTEMS AUSTRALIA LTD,document,"{'content': 'MERITOR HEAVY VEHICLE SYSTEMS AUSTRALIA LTD (ABN 86 004 479 430) filed a single modern slavery statement with the Australian Modern Slavery Register for the reporting period 2020-10-01 to 2021-09-30. The reporting entity is headquartered in United States of America. The reporting entity has an annual revenue band of 0-99M. The reporting entity operates in the industry sectors: Automotive, machinery and heavy electrical equipment. Register entry: https://modernslaveryregister.gov.au/statements/8159/.'}"
Modern slavery statement 2021-3549: THE TRUSTEE FOR STEWART INVESTORS GLOBAL EMERGING MARKETS SUSTAINABILITY FUND,document,"{'content': 'THE TRUSTEE FOR STEWART INVESTORS GLOBAL EMERGING MARKETS SUSTAINABILITY FUND (ABN 11 724 809 610) filed a single modern slavery statement with the Australian Modern Slavery Register for the reporting period 2020-07-01 to 2021-06-30. The reporting entity is headquartered in Australia. The reporting entity has an annual revenue band of 100-150M. The reporting entity operates in the industry sectors: Financial, insurance and real estate activities. Register entry: https://modernslaveryregister.gov.au/statements/6824/.'}"
Modern slavery statement 2024-666: DAYFORCE AUSTRALIA PTY LTD,document,{'content': 'DAYFORCE AUSTRALIA PTY LTD (ABN 43 611 427 206) filed a single modern slavery statement with the Australian Modern Slavery Register for the reporting period 2023-01-01 to 2023-12-31. The reporting entity is headquartered in Australia. The reporting entity has an annual revenue band of 100-150M. The reporting entity operates in the industry sectors: Information technology and telecommunication. Register entry: https://modernslaveryregister.gov.au/statements/17731/.'}
Modern slavery statement 2022-1070: ROBERT BIRD GROUP PTY LTD,document,"{'content': 'ROBERT BIRD GROUP PTY LTD (ABN 67 010 580 248) filed a joint modern slavery statement with the Australian Modern Slavery Register for the reporting period 2021-01-01 to 2021-12-31. The reporting entity is headquartered in Australia, Hong Kong, Malaysia, New Zealand, United Kingdom, United States of America. The reporting entity has an annual revenue band of 100-150M. The reporting entity operates in the industry sectors: Professional and administrative services and supplies, including legal, consulting and accounting services. Register entry: https://modernslaveryregister.gov.au/statements/9323/.'}"
Modern slavery statement 2024-1772: BABY BUNTING PTY LTD,document,"{'content': 'BABY BUNTING PTY LTD (ABN 43 128 546 154) filed a single modern slavery statement with the Australian Modern Slavery Register for the reporting period 2023-07-01 to 2024-06-30. The reporting entity is headquartered in Australia. The reporting entity has an annual revenue band of 500-600M. The reporting entity operates in the industry sectors: Durable consumer goods, including electronics and appliances, home furnishings and other accessories. Register entry: https://modernslaveryregister.gov.au/statements/19203/.'}"
Modern slavery statement 2021-2557: FIRST DATA CORPORATION AUSTRALIA (HOLDINGS) PTY. LIMITED & FIRST DATA MERCHANT SOLUTIONS AUSTRALIA PTY LTD & FIRST DATA NETWORK AUSTRALIA LIMITED et al.,document,"{'content': 'FIRST DATA CORPORATION AUSTRALIA (HOLDINGS) PTY. LIMITED (ABN 84 107 230 777), FIRST DATA MERCHANT SOLUTIONS AUSTRALIA PTY LTD (ABN 51 115 245 531), FIRST DATA NETWORK AUSTRALIA LIMITED (ABN 74 002 405 754), FIRST DATA RESOURCES AUSTRALIA LIMITED (ABN 88 002 603 830), FIRST DATA RESOURCES INVESTMENTS PTY LIMITED (ABN 63 057 257 771), FISERV AUSTRALIA PTY LIMITED (ABN 15 081 056 911), Fiserv New Zealand Holdings, FISERV NEW ZEALAND LIMITED (ABN 52 623 271 509), Fiserv Solutions Of Australia Pty Limited (ABN 29 112 110 273) and F.T.S. (N.S.W.) PTY. LIMITED (ABN 65 058 445 677) filed a joint modern slavery statement with the Australian Modern Slavery Register for the reporting period 2020-01-01 to 2020-12-31. The reporting entities are headquartered in Australia. The reporting entities have an annual revenue band of 100-150M. The reporting entities operate in the industry sectors: Information technology and telecommunication. Register entry: https://modernslaveryregister.gov.au/statements/5273/.'}"
Modern slavery statement 2025-3371: AUSTRALIAN RESTORATION AND CONSTRUCTION PTY LTD,document,{'content': 'AUSTRALIAN RESTORATION AND CONSTRUCTION PTY LTD (ABN 42 169 552 416) filed a single modern slavery statement with the Australian Modern Slavery Register for the reporting period 2024-07-01 to 2025-06-30. The reporting entity is headquartered in Australia. The reporting entity has an annual revenue band of 100-150M. The reporting entity operates in the industry sectors: Construction. Register entry: https://modernslaveryregister.gov.au/statements/26420/.'}
"Modern slavery statement 2022-922: ALLIED WORLD ASSURANCE COMPANY, LTD",document,"{'content': 'ALLIED WORLD ASSURANCE COMPANY, LTD (ABN 54 163 304 907) filed a single modern slavery statement with the Australian Modern Slavery Register for the reporting period 2021-01-01 to 2021-12-31. The reporting entity is headquartered in Bermuda, United States of America. The reporting entity has an annual revenue band of 100-150M. The reporting entity operates in the industry sectors: Financial, insurance and real estate activities. Register entry: https://modernslaveryregister.gov.au/statements/9126/.'}"
Modern slavery statement 2024-1953: Mizuho Securities (Singapore) Pte. Ltd.,document,"{'content': 'Mizuho Securities (Singapore) Pte. Ltd. filed a single modern slavery statement with the Australian Modern Slavery Register for the reporting period 2023-04-01 to 2024-03-31. The reporting entity is headquartered in Singapore. The reporting entity has an annual revenue band of 150-200M. The reporting entity operates in the industry sectors: Financial, insurance and real estate activities. The statement also covers the included entities: Mizuho Markets Futures Singapore Pte. Ltd.. Register entry: https://modernslaveryregister.gov.au/statements/19455/.'}"
Modern slavery statement 2020-232: RICEGROWERS LIMITED,document,"{'content': 'RICEGROWERS LIMITED (ABN 55 007 481 156) filed a single modern slavery statement with the Australian Modern Slavery Register for the reporting period 2019-05-01 to 2020-04-30. The reporting entity is headquartered in Australia. The reporting entity has an annual revenue band of 1BN+. The reporting entity operates in the industry sectors: Food and beverages, agriculture and fishing. Register entry: https://modernslaveryregister.gov.au/statements/651/.'}"
Modern slavery statement 2021-3182: Senex Energy Limited,document,"{'content': 'Senex Energy Limited (ABN 50 008 942 837) filed a single modern slavery statement with the Australian Modern Slavery Register for the reporting period 2020-07-01 to 2021-06-30. The reporting entity is headquartered in Australia. The reporting entity has an annual revenue band of 100-150M. The reporting entity operates in the industry sectors: Mining, metals, chemicals and resources (including oil and gas). Register entry: https://modernslaveryregister.gov.au/statements/6226/.'}"
Modern slavery statement 2025-3420: COMMUNITY HOUSING LIMITED,document,"{'content': 'COMMUNITY HOUSING LIMITED (ABN 11 062 802 797) filed a single modern slavery statement with the Australian Modern Slavery Register for the reporting period 2024-07-01 to 2025-06-30. The reporting entity is headquartered in Australia. The reporting entity has an annual revenue band of 250-300M. The reporting entity operates in the industry sectors: Rental, Hiring and Real Estate Services. The statement also covers the included entities: AUSTRALIAN AFFORDABLE HOUSING SECURITIES LIMITED (75 605 381 137), COMMUNITY HOUSING (CAIRNS) LIMITED (31 667 305 099), COMMUNITY HOUSING (HOMES FOR REGIONS) LIMITED (24 673 267 046), COMMUNITY HOUSING INVESTMENT (NSW) LIMITED (37 664 403 258), COMMUNITY HOUSING INVESTMENT (QLD) LIMITED (21 686 637 730), COMMUNITY HOUSING INVESTMENT (WA) LIMITED (21 686 638 540), COMMUNITY HOUSING (NT) LIMITED (11 686 583 415), COMMUNITY HOUSING (QLD) LTD (57 061 035 050), COMMUNITY HOUSING (SUBI EAST) LIMITED (97 682 104 436), COMMUNITY HOUSING (TAS) LTD (54 147 539 526), Community Housing (Vic) Ltd (75 112 324 384), HORIZON HOUSING REALTY LIMITED (22 623 498 644). Register entry: https://modernslaveryregister.gov.au/statements/26340/.'}"
Modern slavery statement 2022-730: OPEN UNIVERSITIES AUSTRALIA PTY LTD,document,{'content': 'OPEN UNIVERSITIES AUSTRALIA PTY LTD (ABN 97 053 431 888) filed a single modern slavery statement with the Australian Modern Slavery Register for the reporting period 2021-01-01 to 2021-12-31. The reporting entity is headquartered in Australia. The reporting entity has an annual revenue band of 100-150M. The reporting entity operates in the industry sectors: Education and research. Register entry: https://modernslaveryregister.gov.au/statements/8833/.'}
Modern slavery statement 2021-3596: VISION SUPER PTY LTD,document,"{'content': 'VISION SUPER PTY LTD (ABN 50 082 924 561) filed a single modern slavery statement with the Australian Modern Slavery Register for the reporting period 2020-07-01 to 2021-06-30. The reporting entity is headquartered in Australia. The reporting entity has an annual revenue band of 1BN+. The reporting entity operates in the industry sectors: Financial, insurance and real estate activities. Register entry: https://modernslaveryregister.gov.au/statements/6897/.'}"
Modern slavery statement 2025-865: VEOLIA ENVIRONMENTAL SERVICES (AUSTRALIA) PTY LTD & VEOLIA ENVIRONMENTAL SERVICES (AUSTRALIA) PTY LTD & J.J RICHARDS TI TREE PTYLTD & VEOLIA HOLDINGS AUSTRALIA PTY LTD et al.,document,"{'content': 'VEOLIA ENVIRONMENTAL SERVICES (AUSTRALIA) PTY LTD (ABN 20 051 316 584), VEOLIA ENVIRONMENTAL SERVICES (AUSTRALIA) PTY LTD & J.J RICHARDS TI TREE PTYLTD (ABN 67 450 387 919), VEOLIA HOLDINGS AUSTRALIA PTY LTD (ABN 82 663 593 093), VEOLIA RECYCLING & RECOVERY ANZ PTY LIMITED (ABN 18 002 658 255) and VEOLIA WATER OPERATIONS PTY LTD (ABN 14 061 161 297) filed a joint modern slavery statement with the Australian Modern Slavery Register for the reporting period 2024-01-01 to 2024-12-31. The reporting entities are headquartered in Australia. The reporting entities have an annual revenue band of 1BN+. The reporting entities operate in the industry sectors: Utilities: gas, water and electricity Waste management and recycling. The statement also covers the included entities: Alternative Fuel Company Pty Limited (65 109 699 621), BENDIGO WATER SERVICES PTY LIMITED (68 087 333 088), COMGEN AUSTRALIA PTY. LTD. (17 050 242 441), EARTHPOWER TECHNOLOGIES SYDNEY PTY. LTD. (71 085 528 427), EROC ENERGY PTY LTD (72 638 041 960), NORTH WEST ALLIANCE PTY LTD (25 164 277 614), VEOLIA ENERGY SERVICES AUSTRALIA PTY LTD (36 122 191 208), VEOLIA ENERGY SOLUTIONS PTY LTD (30 129 471 558), VEOLIA ENERGY TECHNICAL SERVICES PTY LTD (46 064 584 587), VEOLIA ENVIRONMENTAL SERVICES (AUSTRALIA) PTY LTD & J.J RICHARDS TI TREE PTYLTD (67 450 387 919), VEOLIA OPERATIONS PTY LTD. (70 066 446 437), VEOLIA RECYCLING & RECOVERY HOLDINGS ANZ PTY LTD (30 070 452 890), VEOLIA RECYCLING & RECOVERY (NSW) PTY LTD (93 524 709 106), VEOLIA RECYCLING & RECOVERY (PERTH) PTY LTD (94 118 828 872), VEOLIA RECYCLING & RECOVERY PTY LTD (70 002 902 650), VEOLIA RECYCLING & RECOVERY (REGIONAL QUEENSLAND) PTY LTD (46 059 222 749), VEOLIA RECYCLING & RECOVERY (WELSHPOOL) PTY LTD (84 051 060 890), VEOLIA-RESOURCECO ALTERNATIVE FUELS PTY LTD (21 097 250 032), VEOLIA WATER AUSTRALIA PTY LTD (99 061 161 279), VEOLIA WATER SERVICES (ANZ) PTY LTD (64 069 471 334), VEOLIA WATER TECHNOLOGIES 2 PTY LTD (30 616 561 829), VEOLIA WATER UTILITIES (AUST.) PTY LTD (71 072 158 108), WESTERN RESOURCE RECOVERY PTY LTD (91 099 144 180). Register entry: https://modernslaveryregister.gov.au/statements/22950/.'}"
"Modern slavery statement 2025-103: Dairyworks (AU) Limited, Synlait Milk Limited",document,"{'content': 'Dairyworks (AU) Limited, Synlait Milk Limited filed a joint modern slavery statement with the Australian Modern Slavery Register for the reporting period 2023-08-01 to 2024-07-31. The reporting entity is headquartered in New Zealand. The reporting entity has an annual revenue band of 1BN+. The reporting entity operates in the industry sectors: Food and beverages, agriculture and fishing. The statement also covers the included entities: Synlait Business Consulting (Shanghai) Co., Ltd, Synlait Milk (Dunsandel Farms) Limited, Synlait Milk Finance Limited. Register entry: https://modernslaveryregister.gov.au/statements/21714/.'}"
Modern slavery statement 2022-2181: SUNLAND GROUP LIMITED,document,"{'content': 'SUNLAND GROUP LIMITED (ABN 65 063 429 532) filed a single modern slavery statement with the Australian Modern Slavery Register for the reporting period 2021-07-01 to 2022-06-30. The reporting entity is headquartered in Australia. The reporting entity has an annual revenue band of 500-600M. The reporting entity operates in the industry sectors: Construction, civil engineering and building products. Register entry: https://modernslaveryregister.gov.au/statements/10901/.'}"
Modern slavery statement 2021-3524: ILLAWARRA RETIREMENT TRUST,document,{'content': 'ILLAWARRA RETIREMENT TRUST (ABN 52 000 726 536) filed a single modern slavery statement with the Australian Modern Slavery Register for the reporting period 2020-07-01 to 2021-06-30. The reporting entity is headquartered in Australia. The reporting entity has an annual revenue band of 250-300M. The reporting entity operates in the industry sectors: Healthcare and pharmaceuticals Charitable / not-for-profit activities. Register entry: https://modernslaveryregister.gov.au/statements/6789/.'}
Modern slavery statement 2023-3332: The Trustee for UTILITIES TRUST OF AUSTRALIA,document,"{'content': 'The Trustee for UTILITIES TRUST OF AUSTRALIA (ABN 81 104 406 256) filed a single modern slavery statement with the Australian Modern Slavery Register for the reporting period 2022-07-01 to 2023-06-30. The reporting entity is headquartered in Australia. The reporting entity has an annual revenue band of 500-600M. The reporting entity operates in the industry sectors: Utilities: gas, water and electricity Transportation, logistics, and storage Information technology and telecommunication Financial, insurance and real estate activities. Register entry: https://modernslaveryregister.gov.au/statements/16617/.'}"
Modern slavery statement 2025-871: HOLMESGLEN INSTITUTE,document,"{'content': 'HOLMESGLEN INSTITUTE (ABN 40 096 756 729) filed a single modern slavery statement with the Australian Modern Slavery Register for the reporting period 2024-01-01 to 2024-12-31. The reporting entity is headquartered in Australia. The reporting entity has an annual revenue band of 150-200M. The reporting entity operates in the industry sectors: Education and research Government Sector. The statement also covers the included entities: GLENUC PTY LTD, HOLMESGLEN INTERNATIONAL TRAINING SERVICES PTY LTD, THE TRUSTEE FOR HOLMESGLEN FOUNDATION (85 116 873 292). Register entry: https://modernslaveryregister.gov.au/statements/22958/.'}"
Modern slavery statement 2021-1637: H&M HENNES & MAURITZ PTY LTD,document,"{'content': 'H&M HENNES & MAURITZ PTY LTD (ABN 83 160 056 548) filed a joint modern slavery statement with the Australian Modern Slavery Register for the reporting period 2020-01-01 to 2020-12-31. The reporting entity is headquartered in Sweden. The reporting entity has an annual revenue band of 300-350M. The reporting entity operates in the industry sectors: Fashion, textiles, apparel and luxury goods. Register entry: https://modernslaveryregister.gov.au/statements/3769/.'}"
Modern slavery statement 2025-3585: H.J. LANGDON & CO. PROPRIETARY LIMITED,document,{'content': 'H.J. LANGDON & CO. PROPRIETARY LIMITED (ABN 89 006 641 701) filed a single modern slavery statement with the Australian Modern Slavery Register for the reporting period 2024-07-01 to 2025-06-30. The reporting entity is headquartered in Australia. The reporting entity has an annual revenue band of 150-200M. The reporting entity operates in the industry sectors: Manufacturing Wholesale Trade. Register entry: https://modernslaveryregister.gov.au/statements/26658/.'}
Modern slavery statement 2023-710: CPA AUSTRALIA LTD,document,{'content': 'CPA AUSTRALIA LTD (ABN 64 008 392 452) filed a single modern slavery statement with the Australian Modern Slavery Register for the reporting period 2022-01-01 to 2022-12-31. The reporting entity is headquartered in Australia. The reporting entity has an annual revenue band of 150-200M. The reporting entity operates in the industry sectors: Education and research. Register entry: https://modernslaveryregister.gov.au/statements/13125/.'}
Modern slavery statement 2022-2931: CITY CHIC COLLECTIVE LIMITED,document,"{'content': 'CITY CHIC COLLECTIVE LIMITED (ABN 43 057 569 169) filed a single modern slavery statement with the Australian Modern Slavery Register for the reporting period 2021-07-01 to 2022-06-30. The reporting entity is headquartered in Australia. The reporting entity has an annual revenue band of 350-400M. The reporting entity operates in the industry sectors: Fashion, textiles, apparel and luxury goods. Register entry: https://modernslaveryregister.gov.au/statements/11619/.'}"
Modern slavery statement 2025-2743: ELONARA PTY LTD & STOWE AUSTRALIA PTY LIMITED,document,"{'content': 'ELONARA PTY LTD (ABN 75 630 632 450) and STOWE AUSTRALIA PTY LIMITED (ABN 27 002 556 603) filed a joint modern slavery statement with the Australian Modern Slavery Register for the reporting period 2024-07-01 to 2025-06-30. The reporting entities are headquartered in Australia. The reporting entities have an annual revenue band of 800-900M. The reporting entities operate in the industry sectors: Electricity, Gas, Water and Waste Services Construction. Register entry: https://modernslaveryregister.gov.au/statements/25514/.'}"
Modern slavery statement 2024-2433: STELLA NEL FINANCE PTY LIMITED,document,"{'content': 'STELLA NEL FINANCE PTY LIMITED (ABN 20 637 599 574) filed a single modern slavery statement with the Australian Modern Slavery Register for the reporting period 2023-07-01 to 2024-06-30. The reporting entity is headquartered in Australia. The reporting entity has an annual revenue band of 100-150M. The reporting entity operates in the industry sectors: Construction, civil engineering and building products. Register entry: https://modernslaveryregister.gov.au/statements/20117/.'}"
"Modern slavery statement 2024-298: CHAMBERLAIN HOLDINGS LIMITED & JOHN DEERE FINANCIAL LIMITED, JOHN DEERE LIMITED, WIRTGEN AUSTRALIA PTY LTD",document,"{'content': 'CHAMBERLAIN HOLDINGS LIMITED (ABN 85 008 688 202) and JOHN DEERE FINANCIAL LIMITED, JOHN DEERE LIMITED, WIRTGEN AUSTRALIA PTY LTD filed a joint modern slavery statement with the Australian Modern Slavery Register for the reporting period 2022-11-01 to 2023-10-29. The reporting entities are headquartered in Australia. The reporting entities have an annual revenue band of 1BN+. The reporting entities operate in the industry sectors: Automotive, machinery and heavy electrical equipment. Register entry: https://modernslaveryregister.gov.au/statements/17204/.'}"
Modern slavery statement 2023-300: AGRYL HOLDINGS LIMITED & MEDISUP SECURITIES LIMITED & NUFARM AUSTRALIA LIMITED et al.,document,"{'content': 'AGRYL HOLDINGS LIMITED (ABN 61 005 968 178), MEDISUP SECURITIES LIMITED (ABN 13 090 761 523), NUFARM AUSTRALIA LIMITED (ABN 80 004 377 780), NUFARM LIMITED (ABN 37 091 323 312), NUSEED GLOBAL HOLDINGS PTY LTD (ABN 36 623 104 950) and NUSEED INTERNATIONAL HOLDINGS PTY LTD (ABN 30 623 104 987) filed a joint modern slavery statement with the Australian Modern Slavery Register for the reporting period 2021-10-01 to 2022-09-30. The reporting entities are headquartered in Australia. The reporting entities have an annual revenue band of 1BN+. The reporting entities operate in the industry sectors: Food and beverages, agriculture and fishing Mining, metals, chemicals and resources (including oil and gas). Register entry: https://modernslaveryregister.gov.au/statements/12517/.'}"
Modern slavery statement 2023-542: TAG WORLDWIDE (AUSTRALIA) PTY LTD,document,"{'content': 'TAG WORLDWIDE (AUSTRALIA) PTY LTD (ABN 29 103 003 443) filed a joint modern slavery statement with the Australian Modern Slavery Register for the reporting period 2022-04-01 to 2023-03-30. The reporting entity is headquartered in United Kingdom. The reporting entity has an annual revenue band of 0-99M. The reporting entity operates in the industry sectors: Media, publishing, arts and entertainment. Register entry: https://modernslaveryregister.gov.au/statements/12887/.'}"
Modern slavery statement 2022-276: SIMPLOT AUSTRALIA PTY LIMITED,document,"{'content': 'SIMPLOT AUSTRALIA PTY LIMITED (ABN 98 070 579 609) filed a single modern slavery statement with the Australian Modern Slavery Register for the reporting period 2020-09-01 to 2021-08-31. The reporting entity is headquartered in United States of America. The reporting entity has an annual revenue band of 1BN+. The reporting entity operates in the industry sectors: Food and beverages, agriculture and fishing. Register entry: https://modernslaveryregister.gov.au/statements/8100/.'}"
Modern slavery statement 2025-1561: STELLANTIS (AUSTRALIA AND NEW ZEALAND) PTY LTD,document,"{'content': 'STELLANTIS (AUSTRALIA AND NEW ZEALAND) PTY LTD (ABN 23 125 956 505) filed a single modern slavery statement with the Australian Modern Slavery Register for the reporting period 2024-01-01 to 2024-12-31. The reporting entity is headquartered in Netherlands. The reporting entity has an annual revenue band of 250-300M. The reporting entity operates in the industry sectors: Automotive, machinery and heavy electrical equipment. Register entry: https://modernslaveryregister.gov.au/statements/23816/.'}"
Modern slavery statement 2023-3186: MUNRO FOOTWEAR GROUP PTY LTD,document,"{'content': 'MUNRO FOOTWEAR GROUP PTY LTD (ABN 59 614 250 501) filed a joint modern slavery statement with the Australian Modern Slavery Register for the reporting period 2022-07-01 to 2023-06-30. The reporting entity is headquartered in Australia. The reporting entity has an annual revenue band of 300-350M. The reporting entity operates in the industry sectors: Fashion, textiles, apparel and luxury goods. The statement also covers the included entities: CINORI SHOES PTY. LTD. (58 075 876 425), COLORADO GROUP SOURCING PTY LTD (84 057 092 172), DIANA FERRARI PTY LTD (55 168 313 595), FUSION RETAIL BRANDS PTY LTD (44 151 836 083), MFG SHARED SERVICES PTY LTD (31 603 935 548), MUNRO FOOTWEAR GROUP PTY LTD (59 614 250 501), MUNRO MOUNTFORDS PTY LTD (83 605 044 639), MUNRO WANTED PTY LTD (48 604 049 381), STYLETREAD PTY LIMITED (24 145 771 982), Styling Services (NZ) Pty Ltd, STYLING SERVICES PTY LTD (24 105 736 463). Register entry: https://modernslaveryregister.gov.au/statements/16449/.'}"
"Modern slavery statement 2025-3747: AGORA GAS PTY LIMITED, ENERGY MATRIX GROUP PTY LIMITED",document,"{'content': 'AGORA GAS PTY LIMITED, ENERGY MATRIX GROUP PTY LIMITED filed a joint modern slavery statement with the Australian Modern Slavery Register for the reporting period 2024-07-01 to 2025-06-30. The reporting entity is headquartered in Australia. The reporting entity has an annual revenue band of 300-350M. The reporting entity operates in the industry sectors: Electricity, Gas, Water and Waste Services. Register entry: https://modernslaveryregister.gov.au/statements/26844/.'}"
Modern slavery statement 2021-3373: ACCURIUM PTY LTD & CHALLENGER INVESTMENT PARTNERS LIMITED & CHALLENGER LIFE COMPANY LIMITED et al.,document,"{'content': 'ACCURIUM PTY LTD (ABN 13 009 492 219), CHALLENGER INVESTMENT PARTNERS LIMITED (ABN 29 092 382 842), CHALLENGER LIFE COMPANY LIMITED (ABN 44 072 486 938) and FIDANTE PARTNERS LIMITED (ABN 94 002 835 592) filed a joint modern slavery statement with the Australian Modern Slavery Register for the reporting period 2020-07-01 to 2021-06-30. The reporting entities are headquartered in Australia. The reporting entities have an annual revenue band of 1BN+. The reporting entities operate in the industry sectors: Financial, insurance and real estate activities. Register entry: https://modernslaveryregister.gov.au/statements/6375/.'}"
Modern slavery statement 2021-595: WORLD VISION AUSTRALIA,document,{'content': 'WORLD VISION AUSTRALIA (ABN 28 004 778 081) filed a single modern slavery statement with the Australian Modern Slavery Register for the reporting period 2020-01-01 to 2020-12-31. The reporting entity is headquartered in Australia. The reporting entity has an annual revenue band of 500-600M. The reporting entity operates in the industry sectors: Charitable / not-for-profit activities. Register entry: https://modernslaveryregister.gov.au/statements/2168/.'}
Modern slavery statement 2022-1551: INTERNATIONAL FLAVOURS & FRAGRANCES (AUSTRALIA) PTY LTD,document,"{'content': 'INTERNATIONAL FLAVOURS & FRAGRANCES (AUSTRALIA) PTY LTD (ABN 77 004 269 658) filed a single modern slavery statement with the Australian Modern Slavery Register for the reporting period 2021-07-01 to 2022-06-30. The reporting entity is headquartered in Australia. The reporting entity has an annual revenue band of 100-150M. The reporting entity operates in the industry sectors: Food and beverages, agriculture and fishing. Register entry: https://modernslaveryregister.gov.au/statements/9955/.'}"
Modern slavery statement 2021-3033: FREDON INDUSTRIES PTY. LIMITED,document,"{'content': 'FREDON INDUSTRIES PTY. LIMITED (ABN 12 003 361 297) filed a single modern slavery statement with the Australian Modern Slavery Register for the reporting period 2020-07-01 to 2021-06-30. The reporting entity is headquartered in Australia. The reporting entity has an annual revenue band of 600-700M. The reporting entity operates in the industry sectors: Construction, civil engineering and building products. Register entry: https://modernslaveryregister.gov.au/statements/6015/.'}"
Modern slavery statement 2021-1440: BNP PARIBAS & BNP Paribas Securities Services,document,"{'content': 'BNP PARIBAS (ABN 23 000 000 117) and BNP Paribas Securities Services (ABN 87 149 440 291) filed a joint modern slavery statement with the Australian Modern Slavery Register for the reporting period 2020-01-01 to 2020-12-31. The reporting entities are headquartered in France. The reporting entities have an annual revenue band of 1BN+. The reporting entities operate in the industry sectors: Financial, insurance and real estate activities. Register entry: https://modernslaveryregister.gov.au/statements/3426/.'}"
Modern slavery statement 2022-431: MA FINANCIAL GROUP LIMITED,document,"{'content': 'MA FINANCIAL GROUP LIMITED (ABN 68 142 008 428) filed a single modern slavery statement with the Australian Modern Slavery Register for the reporting period 2021-01-01 to 2021-12-31. The reporting entity is headquartered in Australia. The reporting entity has an annual revenue band of 200-250M. The reporting entity operates in the industry sectors: Financial, insurance and real estate activities. Register entry: https://modernslaveryregister.gov.au/statements/8323/.'}"
Modern slavery statement 2023-160: SAN REMO MACARONI COMPANY PTY LTD,document,"{'content': 'SAN REMO MACARONI COMPANY PTY LTD (ABN 43 000 228 713) filed a single modern slavery statement with the Australian Modern Slavery Register for the reporting period 2022-01-01 to 2022-12-31. The reporting entity is headquartered in Australia. The reporting entity has an annual revenue band of 250-300M. The reporting entity operates in the industry sectors: Food and beverages, agriculture and fishing. Register entry: https://modernslaveryregister.gov.au/statements/12312/.'}"
Modern slavery statement 2021-3675: COLIN JOSS & CO. PTY. LIMITED,document,"{'content': 'COLIN JOSS & CO. PTY. LIMITED (ABN 73 003 538 583) filed a single modern slavery statement with the Australian Modern Slavery Register for the reporting period 2020-07-01 to 2021-06-30. The reporting entity is headquartered in Australia. The reporting entity has an annual revenue band of 400-450M. The reporting entity operates in the industry sectors: Construction, civil engineering and building products Other. Register entry: https://modernslaveryregister.gov.au/statements/7023/.'}"
Modern slavery statement 2021-3628: Australian College of Nursing Ltd,document,{'content': 'Australian College of Nursing Ltd (ABN 48 154 924 642) filed a single modern slavery statement with the Australian Modern Slavery Register for the reporting period 2020-07-01 to 2021-06-30. The reporting entity is headquartered in Australia. The reporting entity has an annual revenue band of 0-99M. The reporting entity operates in the industry sectors: Education and research Healthcare and pharmaceuticals Charitable / not-for-profit activities Other. Register entry: https://modernslaveryregister.gov.au/statements/6971/.'}
Modern slavery statement 2021-3737: SHAW AND PARTNERS LIMITED,document,"{'content': 'SHAW AND PARTNERS LIMITED (ABN 24 003 221 583) filed a single modern slavery statement with the Australian Modern Slavery Register for the reporting period 2020-07-01 to 2021-06-30. The reporting entity is headquartered in Australia. The reporting entity has an annual revenue band of 150-200M. The reporting entity operates in the industry sectors: Financial, insurance and real estate activities. Register entry: https://modernslaveryregister.gov.au/statements/7109/.'}"
Modern slavery statement 2025-2509: STAFF AUSTRALIA PAYROLL SERVICES PTY LTD,document,"{'content': 'STAFF AUSTRALIA PAYROLL SERVICES PTY LTD (ABN 84 081 960 867) filed a single modern slavery statement with the Australian Modern Slavery Register for the reporting period 2024-07-01 to 2025-06-30. The reporting entity is headquartered in Australia. The reporting entity has an annual revenue band of 100-150M. The reporting entity operates in the industry sectors: Manufacturing Retail Trade Wholesale Trade Administrative and Support Services Transport, Postal and Warehousing. Register entry: https://modernslaveryregister.gov.au/statements/25182/.'}"
Modern slavery statement 2023-1569: CROWDSTRIKE AUSTRALIA PTY LTD,document,{'content': 'CROWDSTRIKE AUSTRALIA PTY LTD (ABN 19 613 865 295) filed a single modern slavery statement with the Australian Modern Slavery Register for the reporting period 2022-02-01 to 2023-01-31. The reporting entity is headquartered in Australia. The reporting entity has an annual revenue band of 100-150M. The reporting entity operates in the industry sectors: Other. Register entry: https://modernslaveryregister.gov.au/statements/14278/.'}
Modern slavery statement 2023-1864: APOLLO FABRICATION GROUP PTY LTD,document,{'content': 'APOLLO FABRICATION GROUP PTY LTD (ABN 34 164 179 266) filed a single modern slavery statement with the Australian Modern Slavery Register for the reporting period 2023-01-01 to 2023-12-31. The reporting entity is headquartered in Australia. The reporting entity has an annual revenue band of 0-99M. The reporting entity operates in the industry sectors: Other. Register entry: https://modernslaveryregister.gov.au/statements/14713/.'}
Modern slavery statement 2025-2737: APTELLA PTY LTD,document,"{'content': 'APTELLA PTY LTD (ABN 56 130 367 065) filed a single modern slavery statement with the Australian Modern Slavery Register for the reporting period 2024-04-01 to 2025-03-31. The reporting entity is headquartered in Australia. The reporting entity has an annual revenue band of 100-150M. The reporting entity operates in the industry sectors: Construction. The statement also covers the included entities: Aptella Asia Pte Ltd, Aptella Limited, Aptella Singapore Pte Ltd, PT Aptella Solusi Teknologi. Register entry: https://modernslaveryregister.gov.au/statements/25464/.'}"
Modern slavery statement 2021-762: PWA HOLDINGS ONE PTY LTD,document,"{'content': 'PWA HOLDINGS ONE PTY LTD (ABN 57 615 674 185) filed a single modern slavery statement with the Australian Modern Slavery Register for the reporting period 2019-07-01 to 2020-06-30. The reporting entity is headquartered in Australia. The reporting entity has an annual revenue band of 1BN+. The reporting entity operates in the industry sectors: Automotive, machinery and heavy electrical equipment. Register entry: https://modernslaveryregister.gov.au/statements/2471/.'}"
Modern slavery statement 2021-1810: CIVIL RENT PTY LTD & DARRYL MCCARTHY CONSTRUCTIONS PTY LTD & INTEGRATED CONCRETE SOLUTIONS PTY LTD et al.,document,"{'content': 'CIVIL RENT PTY LTD (ABN 52 624 530 249), DARRYL MCCARTHY CONSTRUCTIONS PTY LTD (ABN 86 001 646 028), INTEGRATED CONCRETE SOLUTIONS PTY LTD (ABN 18 627 845 907), QUARRY SOLUTIONS PTY LTD (ABN 13 133 700 848), SEE CIVIL PTY LTD (ABN 88 115 963 427), SEE GROUP HOLDINGS PTY LTD (ABN 68 625 802 842) and SEE GROUP PARENT PTY LTD (ABN 47 626 830 206) filed a joint modern slavery statement with the Australian Modern Slavery Register for the reporting period 2019-07-01 to 2020-06-30. The reporting entities are headquartered in Australia. The reporting entities have an annual revenue band of 1BN+. The reporting entities operate in the industry sectors: Construction, civil engineering and building products. Register entry: https://modernslaveryregister.gov.au/statements/4142/.'}"
Modern slavery statement 2021-865: SALVATION ARMY HOUSING & SALVATION ARMY HOUSING (VICTORIA) & Salvos Legal (Humanitarian) Limited et al.,document,"{'content': 'SALVATION ARMY HOUSING (ABN 59 608 346 934), SALVATION ARMY HOUSING (VICTORIA) (ABN 85 133 724 651), Salvos Legal (Humanitarian) Limited (ABN 36 147 212 940), Salvos Legal Limited (ABN 14 147 213 214), THE SALVATION ARMY (AUSTRALIA) REDRESS LIMITED (ABN 94 628 594 294), THE SALVATION ARMY COMMUNITY HOUSING SERVICE (ABN 47 152 257 728), The Trustee for THE SALVATION ARMY (NSW) PROPERTY TRUST (ABN 57 507 607 457), The Trustee for THE SALVATION ARMY (NT) PROPERTY TRUST (ABN 65 906 613 779), The Trustee for THE SALVATION ARMY (QLD) PROPERTY TRUST (ABN 32 234 126 186), The Trustee for THE SALVATION ARMY (SA) PROPERTY TRUST (ABN 13 320 346 330), The Trustee for THE SALVATION ARMY (TASMANIA) PROPERTY TRUST (ABN 94 917 169 560), The Trustee for THE SALVATION ARMY (VICTORIA) PROPERTY TRUST (ABN 64 472 238 844) and The Trustee for THE SALVATION ARMY (WA) PROPERTY TRUST (ABN 25 878 329 270) filed a joint modern slavery statement with the Australian Modern Slavery Register for the reporting period 2019-07-01 to 2020-06-30. The reporting entities are headquartered in Australia. The reporting entities have an annual revenue band of 900M-1BN. The reporting entities operate in the industry sectors: Charitable / not-for-profit activities. Register entry: https://modernslaveryregister.gov.au/statements/2654/.'}"
Modern slavery statement 2020-17: JAMF SOFTWARE AUSTRALIA PTY LTD,document,{'content': 'JAMF SOFTWARE AUSTRALIA PTY LTD (ABN 47 165 322 154) filed a joint modern slavery statement with the Australian Modern Slavery Register for the reporting period 2019-01-01 to 2019-12-31. The reporting entity is headquartered in United States of America. The reporting entity has an annual revenue band of 200-250M. The reporting entity operates in the industry sectors: Information technology and telecommunication. Register entry: https://modernslaveryregister.gov.au/statements/68/.'}
Modern slavery statement 2021-154: DOWNER EDI ENGINEERING POWER PTY LTD & DOWNER EDI ENGINEERING PTY LIMITED & DOWNER EDI LIMITED et al.,document,"{'content': 'DOWNER EDI ENGINEERING POWER PTY LTD (ABN 53 000 983 700), DOWNER EDI ENGINEERING PTY LIMITED (ABN 66 057 593 503), DOWNER EDI LIMITED (ABN 97 003 872 848), DOWNER EDI MINING PTY LTD (ABN 49 004 142 223), DOWNER EDI RAIL PTY LTD (ABN 92 000 002 031), DOWNER EDI WORKS PTY LTD (ABN 66 008 709 608), DOWNER UTILITIES HOLDINGS AUSTRALIA PTY LTD (ABN 24 125 968 292), MINERAL TECHNOLOGIES (HOLDINGS) PTY LTD (ABN 41 084 205 050) and SPOTLESS GROUP HOLDINGS LIMITED (ABN 27 154 229 562) filed a joint modern slavery statement with the Australian Modern Slavery Register for the reporting period 2019-07-01 to 2020-06-30. The reporting entities are headquartered in Australia. The reporting entities have an annual revenue band of 1BN+. The reporting entities operate in the industry sectors: Mining, metals, chemicals and resources (including oil and gas) Utilities: gas, water and electricity Construction, civil engineering and building products Cleaning and security services Defence and aerospace. Register entry: https://modernslaveryregister.gov.au/statements/1338/.'}"
Modern slavery statement 2022-1644: SAPUTO DAIRY AUSTRALIA PTY LTD,document,"{'content': 'SAPUTO DAIRY AUSTRALIA PTY LTD (ABN 52 166 135 486) filed a joint modern slavery statement with the Australian Modern Slavery Register for the reporting period 2021-04-01 to 2022-03-30. The reporting entity is headquartered in Australia. The reporting entity has an annual revenue band of 1BN+. The reporting entity operates in the industry sectors: Food and beverages, agriculture and fishing. Register entry: https://modernslaveryregister.gov.au/statements/10102/.'}"
Modern slavery statement 2021-3686: COMDAIN CIVIL CONSTRUCTIONS PTY. LTD. & Comdain Civil Constructions (QLD) Pty Ltd & Comdain Corporate Pty Ltd et al.,document,"{'content': 'COMDAIN CIVIL CONSTRUCTIONS PTY. LTD. (ABN 38 092 269 040), Comdain Civil Constructions (QLD) Pty Ltd (ABN 32 136 971 741), Comdain Corporate Pty Ltd (ABN 48 140 995 946), COMDAIN GAS (AUST) PTY LTD (ABN 34 099 283 271), COMDAIN INFRASTRUCTURE PTY LTD (ABN 50 092 035 419), COMDAIN SERVICES PTY LTD (ABN 44 160 096 079), SERVICE STREAM ENERGY & WATER PTY LTD (ABN 11 098 326 179), SERVICE STREAM FIXED COMMUNICATIONS PTY LTD (ABN 94 067 943 873), SERVICE STREAM HOLDINGS PTY LTD (ABN 58 008 027 978) and SERVICE STREAM MOBILE COMMUNICATIONS PTY LTD (ABN 74 095 043 057) filed a joint modern slavery statement with the Australian Modern Slavery Register for the reporting period 2020-07-01 to 2021-06-30. The reporting entities are headquartered in Australia. The reporting entities have an annual revenue band of 1BN+. The reporting entities operate in the industry sectors: Utilities: gas, water and electricity Construction, civil engineering and building products Information technology and telecommunication. Register entry: https://modernslaveryregister.gov.au/statements/7028/.'}"
Modern slavery statement 2024-3675: THE ROYAL WOMENS HOSPITAL,document,{'content': 'THE ROYAL WOMENS HOSPITAL (ABN 62 787 822 077) filed a single modern slavery statement with the Australian Modern Slavery Register for the reporting period 2023-07-01 to 2024-06-30. The reporting entity is headquartered in Australia. The reporting entity has an annual revenue band of 400-450M. The reporting entity operates in the industry sectors: Healthcare and pharmaceuticals Government Sector. Register entry: https://modernslaveryregister.gov.au/statements/21403/.'}
Modern slavery statement 2022-943: Taihan Electric Australia Pty Ltd,document,"{'content': 'Taihan Electric Australia Pty Ltd (ABN 90 120 653 250) filed a single modern slavery statement with the Australian Modern Slavery Register for the reporting period 2021-01-01 to 2021-12-31. The reporting entity is headquartered in Republic of Korea (South Korea). The reporting entity has an annual revenue band of 100-150M. The reporting entity operates in the industry sectors: Construction, civil engineering and building products. Register entry: https://modernslaveryregister.gov.au/statements/9155/.'}"
Modern slavery statement 2021-3129: LATROBE COMMUNITY HEALTH SERVICE LIMITED,document,{'content': 'LATROBE COMMUNITY HEALTH SERVICE LIMITED (ABN 74 136 502 022) filed a single modern slavery statement with the Australian Modern Slavery Register for the reporting period 2020-07-01 to 2021-06-30. The reporting entity is headquartered in Australia. The reporting entity has an annual revenue band of 100-150M. The reporting entity operates in the industry sectors: Healthcare and pharmaceuticals. Register entry: https://modernslaveryregister.gov.au/statements/6185/.'}
Modern slavery statement 2022-2638: The Trustee for MCP Wholesale Investments Trust,document,"{'content': 'The Trustee for MCP Wholesale Investments Trust (ABN 67 528 545 446) filed a single modern slavery statement with the Australian Modern Slavery Register for the reporting period 2021-07-01 to 2022-06-30. The reporting entity is headquartered in Australia. The reporting entity has an annual revenue band of 100-150M. The reporting entity operates in the industry sectors: Financial, insurance and real estate activities. Register entry: https://modernslaveryregister.gov.au/statements/11499/.'}"
"Modern slavery statement 2024-3611: FLEXICOMMERCIAL PTY LTD, FLEXIRENT CAPITAL PTY LTD, HUMM GROUP LIMITED",document,"{'content': 'FLEXICOMMERCIAL PTY LTD, FLEXIRENT CAPITAL PTY LTD, HUMM GROUP LIMITED filed a joint modern slavery statement with the Australian Modern Slavery Register for the reporting period 2023-07-01 to 2024-06-30. The reporting entity is headquartered in Australia. The reporting entity has an annual revenue band of 600-700M. The reporting entity operates in the industry sectors: Financial, insurance and real estate activities. The statement also covers the included entities: FLEXICOMMERCIAL PTY LTD, FLEXIRENT CAPITAL PTY LTD. Register entry: https://modernslaveryregister.gov.au/statements/21576/.'}"
Modern slavery statement 2024-1509: NVA AUSTRALIA PARENT PTY LTD,document,{'content': 'NVA AUSTRALIA PARENT PTY LTD (ABN 21 609 622 460) filed a single modern slavery statement with the Australian Modern Slavery Register for the reporting period 2023-01-01 to 2023-12-31. The reporting entity is headquartered in Australia. The reporting entity has an annual revenue band of 600-700M. The reporting entity operates in the industry sectors: Healthcare and pharmaceuticals. Register entry: https://modernslaveryregister.gov.au/statements/18822/.'}
Modern slavery statement 2025-3239: NBN CO LIMITED,document,{'content': 'NBN CO LIMITED (ABN 86 136 533 741) filed a single modern slavery statement with the Australian Modern Slavery Register for the reporting period 2024-07-01 to 2025-06-30. The reporting entity is headquartered in Australia. The reporting entity has an annual revenue band of 1BN+. The reporting entity operates in the industry sectors: Information Media and Telecommunications. Register entry: https://modernslaveryregister.gov.au/statements/26250/.'}
Modern slavery statement 2021-3887: Mildura Base Public Hospital,document,{'content': 'Mildura Base Public Hospital (ABN 73 543 496 421) filed a single modern slavery statement with the Australian Modern Slavery Register for the reporting period 2020-07-01 to 2021-06-30. The reporting entity is headquartered in Australia. The reporting entity has an annual revenue band of 100-150M. The reporting entity operates in the industry sectors: Healthcare and pharmaceuticals. Register entry: https://modernslaveryregister.gov.au/statements/7290/.'}
Modern slavery statement 2024-1406: HEYMIX PTY LTD,document,"{'content': 'HEYMIX PTY LTD (ABN 37 658 430 329) filed a single modern slavery statement with the Australian Modern Slavery Register for the reporting period 2023-04-01 to 2024-03-31. The reporting entity is headquartered in Australia, Hong Kong. The reporting entity has an annual revenue band of 0-99M. The reporting entity operates in the industry sectors: Durable consumer goods, including electronics and appliances, home furnishings and other accessories. Register entry: https://modernslaveryregister.gov.au/statements/18680/.'}"
Modern slavery statement 2024-1221: AUSTRALIAN NATIONAL UNIVERSITY,document,"{'content': 'AUSTRALIAN NATIONAL UNIVERSITY (ABN 52 234 063 906) filed a single modern slavery statement with the Australian Modern Slavery Register for the reporting period 2023-01-01 to 2023-12-31. The reporting entity is headquartered in Australia, China, United States of America. The reporting entity has an annual revenue band of 1BN+. The reporting entity operates in the industry sectors: Education and research. The statement also covers the included entities: ANU ENTERPRISE LTD, ANU ENTERPRISE PTY LTD (ANUE), ANU INTERNATIONAL HOLDINGS PTY LTD, ANU (UK) FOUNDATION, AUSTRALIAN SCIENTIFIC INSTRUMENTS PTY LTD, THE SOCIAL RESEARCH CENTRE PTY LTD. Register entry: https://modernslaveryregister.gov.au/statements/18535/.'}"
"Modern slavery statement 2022-596: OSAKI ELECTRIC Co., ltd., OSAKI ELECTRIC Co., Ltd.",document,"{'content': 'OSAKI ELECTRIC Co., ltd., OSAKI ELECTRIC Co., Ltd. filed a joint modern slavery statement with the Australian Modern Slavery Register for the reporting period 2021-04-01 to 2022-03-30. The reporting entity is headquartered in Japan. The reporting entity has an annual revenue band of 1BN+. The reporting entity operates in the industry sectors: Utilities: gas, water and electricity. Register entry: https://modernslaveryregister.gov.au/statements/8618/.'}"
Modern slavery statement 2026-418: New Zealand King Salmon Investments Limited,document,"{'content': 'New Zealand King Salmon Investments Limited filed a single modern slavery statement with the Australian Modern Slavery Register for the reporting period 2025-02-01 to 2025-09-30. The reporting entity is headquartered in New Zealand. The reporting entity has an annual revenue band of 150-200M. The reporting entity operates in the industry sectors: Wholesale Trade Agriculture, Forestry and Fishing. Register entry: https://modernslaveryregister.gov.au/statements/27473/.'}"
Modern slavery statement 2024-3077: AUSTRALIAN CLINICAL LABS LIMITED,document,"{'content': 'AUSTRALIAN CLINICAL LABS LIMITED filed a single modern slavery statement with the Australian Modern Slavery Register for the reporting period 2023-07-01 to 2024-06-30. The reporting entity is headquartered in Australia. The reporting entity has an annual revenue band of 600-700M. The reporting entity operates in the industry sectors: Healthcare and pharmaceuticals Other. The statement also covers the included entities: ACL FinCo Pty Ltd, ACL MIDCO PTY LTD, AUSSIE SKIN CANCER CLINICS PTY LTD, Bolton Street Cancer Clinic Pty Ltd, CLINICAL LABORATORIES PTY LTD, CLINICAL LABORATORIES (WA) PTY LTD, DERMPATH AI PTY LTD, Gosford SCC Pty Ltd, Orange Skin Cancer Clinic Pty Ltd, Perth Medical Laboratories Pty Ltd, RYDE SKIN CANCER CLINIC PTY LIMITED, Skin Cancer Clinic Paramatta Pty Ltd, SOUTHERN SUN CLINICS PTY LTD, SOUTHERN SUN HEALTHCARE PTY LTD, SOUTHERN SUN PATHOLOGY (HELIX) PTY LTD, SOUTHERN SUN PATHOLOGY PTY LTD, SOUTHERN SUN PRACTICES PTY LIMITED, SUNDOCTORS BURLEIGH HEADS PTY LTD, SUNDOCTORS BYRON BAY PTY LTD, SUNDOCTORS COFFS HARBOUR (SOUTHERN CROSS) PTY LTD, SUNDOCTORS KALOWEN PTY LTD, SUNDOCTORS NELSON BAY PTY LTD, SUNDOCTORS NOVOCASTRIAN PTY LTD, SUNDOCTORS POTTSVILLE PTY LTD, SUNDOCTORS TAREE PTY LIMITED, Wollongong SCC Pty Ltd, WSCC HEALTHCARE PTY LIMITED. Register entry: https://modernslaveryregister.gov.au/statements/20959/.'}"
Modern slavery statement 2023-3308: TEMPLE &&& WEBSTER GROUP LTD,document,"{'content': 'TEMPLE &&& WEBSTER GROUP LTD (ABN 69 608 595 660) filed a single modern slavery statement with the Australian Modern Slavery Register for the reporting period 2022-07-01 to 2023-06-30. The reporting entity is headquartered in Australia. The reporting entity has an annual revenue band of 350-400M. The reporting entity operates in the industry sectors: Durable consumer goods, including electronics and appliances, home furnishings and other accessories. Register entry: https://modernslaveryregister.gov.au/statements/16587/.'}"
Modern slavery statement 2021-2724: BHP GROUP LIMITED,document,"{'content': 'BHP GROUP LIMITED (ABN 49 004 028 077) filed a joint modern slavery statement with the Australian Modern Slavery Register for the reporting period 2020-07-01 to 2021-06-30. The reporting entity is headquartered in Australia. The reporting entity has an annual revenue band of 1BN+. The reporting entity operates in the industry sectors: Mining, metals, chemicals and resources (including oil and gas). Register entry: https://modernslaveryregister.gov.au/statements/5538/.'}"
Modern slavery statement 2023-1547: SCHRODER AUSTRALIA HOLDINGS PTY LIMITED & SCHRODER INVESTMENT MANAGEMENT AUSTRALIA LIMITED,document,"{'content': 'SCHRODER AUSTRALIA HOLDINGS PTY LIMITED (ABN 83 008 423 738) and SCHRODER INVESTMENT MANAGEMENT AUSTRALIA LIMITED filed a joint modern slavery statement with the Australian Modern Slavery Register for the reporting period 2022-07-01 to 2023-06-30. The reporting entities are headquartered in United Kingdom. The reporting entities have an annual revenue band of 0-99M. The reporting entities operate in the industry sectors: Financial, insurance and real estate activities. Register entry: https://modernslaveryregister.gov.au/statements/14234/.'}"
Modern slavery statement 2021-2850: DXC TECHNOLOGY AUSTRALIA HOLDINGS PTY LTD,document,{'content': 'DXC TECHNOLOGY AUSTRALIA HOLDINGS PTY LTD (ABN 33 120 570 390) filed a joint modern slavery statement with the Australian Modern Slavery Register for the reporting period 2020-04-01 to 2021-03-30. The reporting entity is headquartered in Australia. The reporting entity has an annual revenue band of 1BN+. The reporting entity operates in the industry sectors: Information technology and telecommunication. Register entry: https://modernslaveryregister.gov.au/statements/5671/.'}
Modern slavery statement 2024-2082: COLES GROUP LIMITED & COLES SUPERMARKETS AUSTRALIA PTY LTD & COLES SUPPLY SERVICES PTY LTD et al.,document,"{'content': 'COLES GROUP LIMITED (ABN 11 004 089 936), COLES SUPERMARKETS AUSTRALIA PTY LTD (ABN 45 004 189 708), COLES SUPPLY SERVICES PTY LTD (ABN 27 664 431 510) and LIQUORLAND (AUSTRALIA) PTY. LTD. (ABN 82 007 512 414) filed a joint modern slavery statement with the Australian Modern Slavery Register for the reporting period 2023-07-01 to 2024-06-30. The reporting entities are headquartered in Australia. The reporting entities have an annual revenue band of 1BN+. The reporting entities operate in the industry sectors: Food and beverages, agriculture and fishing. The statement also covers the included entities: COLES GROUP LIMITED (11 004 089 936), COLES SUPERMARKETS AUSTRALIA PTY LTD (45 004 189 708), COLES SUPPLY SERVICES PTY LTD (27 664 431 510), LIQUORLAND (AUSTRALIA) PTY. LTD. (82 007 512 414). Register entry: https://modernslaveryregister.gov.au/statements/19414/.'}"
Modern slavery statement 2024-3253: VAULT MINERALS LIMITED,document,"{'content': 'VAULT MINERALS LIMITED (ABN 73 068 647 610) filed a single modern slavery statement with the Australian Modern Slavery Register for the reporting period 2023-07-01 to 2024-06-30. The reporting entity is headquartered in Australia. The reporting entity has an annual revenue band of 600-700M. The reporting entity operates in the industry sectors: Mining, metals, chemicals and resources (including oil and gas). The statement also covers the included entities: BACKLODE PTY LTD, BRANDY HILL IRON PTY LTD, BRANDY HILL IRON SPV PTY LTD, Bremer Resources Pty Ltd, CENTRAL INFRASTRUCTURE PTY LTD, CENTRAL INFRASTRUCTURE SPV PTY LTD, Cue Minerals Pty Ltd, DARLOT MINING COMPANY PTY LTD, DEFLECTOR GOLD PTY LTD, DEFLECTOR GOLD SPV PTY LTD, Doray Gold Operations Pty Ltd, EGAN STREET VICTORIA BORE PTY LTD, Estuary Resources Pty Ltd, GREENSTONE RESOURCES (WA) PTY LTD, GULLEWA GOLD PROJECT PTY LTD, GULLEWA GOLD PROJECT SPV PTY LTD, LODED PTY LTD, MEEHAN MINERALS PTY LTD, MURCHISON RESOURCES PTY LTD, MYG TENEMENT HOLDINGS PTY LTD, MYG TENEMENT HOLDINGS SPV PTY LTD, Oakborough Pty Ltd, Opus Resources Pty Ltd, PAYLODE PTY LTD, Red 5 Dayano Pty Ltd, Red 5 Mapawa Pty Ltd, Red 5 Phillippines Pty Ltd, Roonela Pty Ltd, SILVER LAKE (DEFLECTOR) PTY LTD, SILVER LAKE (DORAY) PTY LTD, Silver Lake (Egan Street) Pty Ltd, SILVER LAKE (INTEGRA) PTY LIMITED, Silver Lake Resources Limited, SILVER LAKE (ROTHSAY) PTY LTD, Silver Lake (SPV) Pty Ltd. Register entry: https://modernslaveryregister.gov.au/statements/21187/.'}"
Modern slavery statement 2022-322: MAAS GROUP HOLDINGS LIMITED,document,"{'content': 'MAAS GROUP HOLDINGS LIMITED (ABN 84 632 994 542) filed a single modern slavery statement with the Australian Modern Slavery Register for the reporting period 2019-07-01 to 2020-06-30. The reporting entity is headquartered in Australia, Indonesia, Vietnam. The reporting entity has an annual revenue band of 250-300M. The reporting entity operates in the industry sectors: Automotive, machinery and heavy electrical equipment Construction, civil engineering and building products Financial, insurance and real estate activities Other. Register entry: https://modernslaveryregister.gov.au/statements/8158/.'}"
Modern slavery statement 2021-2864: HITACHI VANTARA ASIA PACIFIC PTY LIMITED & HITACHI VANTARA AUSTRALIA PTY LIMITED,document,"{'content': 'HITACHI VANTARA ASIA PACIFIC PTY LIMITED (ABN 92 004 855 734) and HITACHI VANTARA AUSTRALIA PTY LIMITED (ABN 65 005 610 079) filed a joint modern slavery statement with the Australian Modern Slavery Register for the reporting period 2020-04-01 to 2021-03-30. The reporting entities are headquartered in Australia, United States of America. The reporting entities have an annual revenue band of 300-350M. The reporting entities operate in the industry sectors: Information technology and telecommunication. Register entry: https://modernslaveryregister.gov.au/statements/5745/.'}"
Modern slavery statement 2021-3845: PANTHER TOPCO PTY LTD,document,{'content': 'PANTHER TOPCO PTY LTD (ABN 79 626 390 136) filed a single modern slavery statement with the Australian Modern Slavery Register for the reporting period 2020-07-01 to 2021-06-30. The reporting entity is headquartered in Australia. The reporting entity has an annual revenue band of Unknown. The reporting entity operates in the industry sectors: Education and research. Register entry: https://modernslaveryregister.gov.au/statements/7267/.'}
Modern slavery statement 2022-1784: Stantec Australia Pty Ltd,document,"{'content': 'Stantec Australia Pty Ltd (ABN 17 007 820 322) filed a single modern slavery statement with the Australian Modern Slavery Register for the reporting period 2021-01-01 to 2021-12-31. The reporting entity is headquartered in Australia. The reporting entity has an annual revenue band of 200-250M. The reporting entity operates in the industry sectors: Construction, civil engineering and building products. Register entry: https://modernslaveryregister.gov.au/statements/10310/.'}"
Modern slavery statement 2022-2747: SUNSHOT DERIVATIVES PTY LTD & SUNSHOT DEVELOPMENTS PTY LTD & SUNSHOT ENERGY PTY LTD et al.,document,"{'content': 'SUNSHOT DERIVATIVES PTY LTD (ABN 61 635 219 055), SUNSHOT DEVELOPMENTS PTY LTD (ABN 69 634 921 896), SUNSHOT ENERGY PTY LTD (ABN 61 633 808 483), SUNSHOT ENERGY TRADING PTY LTD (ABN 27 633 808 778), SUNSHOT ENVIRONMENTAL PTY LTD (ABN 94 655 078 416), SUNSHOT INDUSTRIES PTY LTD (ABN 84 646 269 632), ZEN ENERGY RETAIL PTY LTD (ABN 54 615 751 052), ZEN POWER HOLDINGS PTY LTD (ABN 42 639 972 973) and ZPH INVESTMENTS PTY LTD (ABN 13 644 924 729) filed a joint modern slavery statement with the Australian Modern Slavery Register for the reporting period 2021-07-01 to 2022-06-30. The reporting entities are headquartered in Australia. The reporting entities have an annual revenue band of 500-600M. The reporting entities operate in the industry sectors: Utilities: gas, water and electricity. Register entry: https://modernslaveryregister.gov.au/statements/11636/.'}"
Modern slavery statement 2024-108: PREMIER INVESTMENTS LIMITED,document,"{'content': 'PREMIER INVESTMENTS LIMITED (ABN 64 006 727 966) filed a single modern slavery statement with the Australian Modern Slavery Register for the reporting period 2022-07-31 to 2023-07-29. The reporting entity is headquartered in Australia. The reporting entity has an annual revenue band of 1BN+. The reporting entity operates in the industry sectors: Fashion, textiles, apparel and luxury goods. The statement also covers the included entities: DOTTI PTY LIMITED, JACQUI E PTY LTD, JAY JAYS TRADEMARK PTY LTD, JUST GROUP LIMITED, JUST JEANS PTY. LTD., PETER ALEXANDER SLEEPWEAR PTY LTD, PORTMANS PTY LTD, SMIGGLE PTY LTD. Register entry: https://modernslaveryregister.gov.au/statements/16872/.'}"
Modern slavery statement 2020-247: LULULEMON ATHLETICA AUSTRALIA HOLDING PTY LTD,document,"{'content': 'LULULEMON ATHLETICA AUSTRALIA HOLDING PTY LTD (ABN 45 131 437 468) filed a joint modern slavery statement with the Australian Modern Slavery Register for the reporting period 2019-07-01 to 2020-06-30. The reporting entity is headquartered in Canada. The reporting entity has an annual revenue band of 150-200M. The reporting entity operates in the industry sectors: Fashion, textiles, apparel and luxury goods. Register entry: https://modernslaveryregister.gov.au/statements/667/.'}"
Modern slavery statement 2021-561: IFM INVESTORS PTY LTD,document,"{'content': 'IFM INVESTORS PTY LTD (ABN 67 107 247 727) filed a single modern slavery statement with the Australian Modern Slavery Register for the reporting period 2019-07-01 to 2020-06-30. The reporting entity is headquartered in Australia. The reporting entity has an annual revenue band of 600-700M. The reporting entity operates in the industry sectors: Financial, insurance and real estate activities. Register entry: https://modernslaveryregister.gov.au/statements/2091/.'}"
Modern slavery statement 2025-52: ERILYAN GROUP PTY LTD & ERILYAN PROJECTS PTY LTD & Erilyan Pty Ltd,document,"{'content': 'ERILYAN GROUP PTY LTD (ABN 16 664 334 767), ERILYAN PROJECTS PTY LTD (ABN 91 605 502 261) and Erilyan Pty Ltd (ABN 28 152 249 548) filed a joint modern slavery statement with the Australian Modern Slavery Register for the reporting period 2023-07-01 to 2024-06-30. The reporting entities are headquartered in Australia. The reporting entities have an annual revenue band of 250-300M. The reporting entities operate in the industry sectors: Construction, civil engineering and building products. The statement also covers the included entities: AIME PROJECTS PTY LTD (38 622 828 835), ERILYAN NORTH PTY LTD (89 668 285 023), ERILYAN PROJECTS PTY LTD (91 605 502 261), Erilyan Pty Ltd (28 152 249 548). Register entry: https://modernslaveryregister.gov.au/statements/21699/.'}"
Modern slavery statement 2023-754: BEENLEIGH STEEL FABRICATIONS PTY. LTD. & BSF MOBILE CRANES PTY LTD,document,"{'content': 'BEENLEIGH STEEL FABRICATIONS PTY. LTD. (ABN 18 010 942 999) and BSF MOBILE CRANES PTY LTD (ABN 31 119 342 880) filed a joint modern slavery statement with the Australian Modern Slavery Register for the reporting period 2022-04-01 to 2023-03-30. The reporting entities are headquartered in Australia. The reporting entities have an annual revenue band of 0-99M. The reporting entities operate in the industry sectors: Construction, civil engineering and building products. Register entry: https://modernslaveryregister.gov.au/statements/13219/.'}"
Modern slavery statement 2023-1246: Modus Projects Pty Ltd,document,"{'content': 'Modus Projects Pty Ltd (ABN 63 143 167 159) filed a single modern slavery statement with the Australian Modern Slavery Register for the reporting period 2022-04-01 to 2023-03-30. The reporting entity is headquartered in Australia. The reporting entity has an annual revenue band of 150-200M. The reporting entity operates in the industry sectors: Construction, civil engineering and building products. Register entry: https://modernslaveryregister.gov.au/statements/13882/.'}"
Modern slavery statement 2021-1602: Curtin University,document,{'content': 'Curtin University (ABN 99 143 842 569) filed a single modern slavery statement with the Australian Modern Slavery Register for the reporting period 2020-01-01 to 2020-12-31. The reporting entity is headquartered in Australia. The reporting entity has an annual revenue band of 900M-1BN. The reporting entity operates in the industry sectors: Education and research. Register entry: https://modernslaveryregister.gov.au/statements/3711/.'}
Modern slavery statement 2021-1048: CLAIM CENTRAL CONSOLIDATED PTY LTD & CLAIM CENTRAL PTY LIMITED,document,"{'content': 'CLAIM CENTRAL CONSOLIDATED PTY LTD (ABN 44 602 460 953) and CLAIM CENTRAL PTY LIMITED (ABN 61 102 685 343) filed a joint modern slavery statement with the Australian Modern Slavery Register for the reporting period 2019-07-01 to 2020-06-30. The reporting entities are headquartered in Australia. The reporting entities have an annual revenue band of 200-250M. The reporting entities operate in the industry sectors: Information technology and telecommunication Financial, insurance and real estate activities. Register entry: https://modernslaveryregister.gov.au/statements/2928/.'}"
Modern slavery statement 2024-124: PERSOL AUSTRALIA HOLDINGS PTY LTD,document,"{'content': 'PERSOL AUSTRALIA HOLDINGS PTY LTD filed a single modern slavery statement with the Australian Modern Slavery Register for the reporting period 2023-01-01 to 2023-12-31. The reporting entity is headquartered in Australia. The reporting entity has an annual revenue band of 900M-1BN. The reporting entity operates in the industry sectors: Other. The statement also covers the included entities: AEGIS ENGINEERING SUPPORT SERVICES (AUST) PTY LTD, ALLIED TECHNOLOGIES AUSTRALIA PTY LIMITED, ATIVO SERVICES PTY LTD, AUTALENT SOLUTIONS PTY LTD, BTI EXECUTIVE SEARCH PTY LTD, CATALYST RECRUITMENT SYSTEMS LIMITED, CLINCARE PTY LTD, HVA TECHNICAL SERVICES PTY LIMITED, INTEGRATED MAINTENANCE SERVICES PTY LTD, KELLY SERVICES AUSTRALIA PTY LTD, PEOPLECO. PTY LTD, PERSOLKELLY AUSTRALIA PTY LTD, PINDAN ASSET MANAGEMENT PTY LTD, PROGRAMMED BUILDING SERVICES PTY LTD, PROGRAMMED ELECTRICAL TECHNOLOGIES LTD, PROGRAMMED ESSENTIAL SERVICES PTY LTD, PROGRAMMED FACILITY MANAGEMENT PTY. LTD., PROGRAMMED HEALTH PROFESSIONALS PTY LTD, PROGRAMMED INDUSTRIAL MAINTENANCE MINING SERVICES PTY LTD, PROGRAMMED INDUSTRIAL MAINTENANCE PTY LTD, PROGRAMMED INDUSTRIAL MAINTENANCE SERVICES PTY LTD, PROGRAMMED INTEGRATED WORKFORCE LIMITED, PROGRAMMED MAINTENANCE SERVICES LIMITED, PROGRAMMED PROPERTY SERVICES PTY LTD, PROGRAMMED SKILLED WORKFORCE LIMITED, Programmed Turnpoint Pty Ltd, SKILLED GROUP INTERNATIONAL PTY LIMITED, SKILLED HEALTHCARE HOLDINGS PTY LTD, SKILLED MARITIME SERVICES PTY LTD, SKILLED OFFSHORE PTY LTD, SKILLED RAIL SERVICES PTY LTD, Skilled Workforce Solutions (NSW) Pty Ltd, T&C SERVICES PTY LTD, TESA MINING (AUST) PTY LTD, TESA MINING (NSW) PTY LIMITED, TESA MINING (U/G) PTY LIMITED, THE TESA GROUP PTY. LTD., THOMAS & COFFEY (QLD) PTY LIMITED, ULTUM PTY LTD, UMS ADVANTAGE PTY LTD, UMS Group Pty Ltd, URBAN MAINTENANCE SYSTEMS PTY LTD, WAYCON SERVICES (NSW) PTY LTD, WAYCON SERVICES PTY LIMITED. Register entry: https://modernslaveryregister.gov.au/statements/16896/.'}"
Modern slavery statement 2025-114: Culture Amp Pty Ltd,document,{'content': 'Culture Amp Pty Ltd (ABN 12 138 600 987) filed a single modern slavery statement with the Australian Modern Slavery Register for the reporting period 2024-01-01 to 2024-12-31. The reporting entity is headquartered in Australia. The reporting entity has an annual revenue band of 150-200M. The reporting entity operates in the industry sectors: Information technology and telecommunication. Register entry: https://modernslaveryregister.gov.au/statements/21787/.'}
Modern slavery statement 2024-968: CATHOLIC SCHOOLS BROKEN BAY,document,"{'content': ""CATHOLIC SCHOOLS BROKEN BAY (ABN 19 542 675 092) filed a single modern slavery statement with the Australian Modern Slavery Register for the reporting period 2023-01-01 to 2023-12-31. The reporting entity is headquartered in Australia. The reporting entity has an annual revenue band of 300-350M. The reporting entity operates in the industry sectors: Education and research. The statement also covers the included entities: CORPUS CHRISTI CATHOLIC PRIMARY SCHOOL ST IVES (93 731 206 639), HOLY CROSS CATHOLIC PRIMARY SCHOOL KINCUMBER (43 227 223 632), HOLY FAMILY CATHOLIC PRIMARY SCHOOL (89 548 339 579), MACKILLOP CATHOLIC COLLEGE (69 094 564 017), MARIA REGINA CATHOLIC PRIMARY SCHOOL AVALON (83 509 495 501), MATER MARIA CATHOLIC COLLEGE WARRIEWOOD (63 423 792 086), MERCY CATHOLIC COLLEGE CHATSWOOD (31 439 493 889), OUR LADY HELP OF CHRISTIANS CATHOLIC PRIMARY SCHOOL EPPING (21 428 536 511), OUR LADY OF DOLOURS CATHOLIC PRIMARY SCHOOL CHATSWOOD (53 932 362 427), OUR LADY OF GOOD COUNSEL CATHOLIC PRIMARY SCHOOL FORESTVILLE (30 842 913 699), OUR LADY OF PERPETUAL SUCCOUR CATHOLIC PRIMARY SCHOOL WEST PYMBLE (53 987 617 495), OUR LADY OF THE ROSARY CATHOLIC PRIMARY SCHOOL THE ENTRANCE (26 056 443 965), OUR LADY OF THE ROSARY CATHOLIC PRIMARY SCHOOL WAITARA (18 348 120 766), OUR LADY OF THE ROSARY CATHOLIC PRIMARY SCHOOL WYOMING (40 073 033 827), PROUILLE CATHOLIC PRIMARY SCHOOL WAHROONGA (22 412 327 740), SACRED HEART CATHOLIC PRIMARY SCHOOL MONA VALE (49 988 711 561), SACRED HEART CATHOLIC SCHOOL (51 490 837 374), ST AGATHAS CATHOLIC PRIMARY SCHOOL PENNANT HILLS (94 348 201 843), STAR OF THE SEA CATHOLIC PRIMARY SCHOOL TERRIGAL (21 557 574 781), ST BERNARD'S CATHOLIC PRIMARY SCHOOL BEROWRA (14 481 048 838), ST BRENDANS CATHOLIC PRIMARY SCHOOL LAKE MUNMORAH (11 504 332 761), St Brigid's Catholic College (32 136 813 910), ST CECILIA'S CATHOLIC PRIMARY SCHOOL BALGOWLAH (23 521 712 887), ST CECILIA'S CATHOLIC PRIMARY SCHOOL WYONG (64 190 020 653), ST GERARDS CATHOLIC PRIMARY SCHOOL CARLINGFORD (22 011 765 184), ST JOHN FISHER CATHOLIC PRIMARY SCHOOL TUMBI UMBI (68 466 829 768), ST JOHNS CATHOLIC PRIMARY SCHOOL NARRAWEENA (23 629 383 434), ST JOHN THE BAPTIST CATHOLIC PRIMARY SCHOOL HARBORD (66 770 014 768), ST JOHN THE BAPTIST CATHOLIC PRIMARY SCHOOL WOY WOY (49 586 632 836), ST JOSEPH'S CATHOLIC COLLEGE EAST GOSFORD (93 041 953 582), ST JOSEPHS CATHOLIC PRIMARY SCHOOL NARRABEEN (71 921 607 268), ST KEVINS CATHOLIC PRIMARY SCHOOL DEE WHY (56 665 728 002), ST KIERANS CATHOLIC PRIMARY SCHOOL MANLY VALE (60 129 423 973), ST LEO'S CATHOLIC COLLEGE WAHROONGA (30 147 067 836), ST MARTINS CATHOLIC PRIMARY SCHOOL DAVIDSON (67 181 592 433), ST MARYS CATHOLIC PRIMARY SCHOOL MANLY (14 161 213 405), ST MARYS CATHOLIC PRIMARY SCHOOL TOUKLEY (61 558 206 679), ST PATRICK'S CATHOLIC PRIMARY SCHOOL ASQUITH (66 789 035 993), ST PATRICK'S CATHOLIC PRIMARY SCHOOL EAST GOSFORD (70 308 733 443), ST PAUL'S CATHOLIC COLLEGE MANLY (31 990 612 609), ST PETERS CATHOLIC COLLEGE TUGGERAH LAKES (39 784 133 202), ST PHILIP NERI CATHOLIC PRIMARY SCHOOL NORTHBRIDGE (29 988 792 638), ST ROSE CATHOLIC PRIMARY SCHOOL COLLAROY (22 626 746 064), ST THOMAS CATHOLIC PRIMARY SCHOOL WILLOUGHBY (32 613 802 773). Register entry: https://modernslaveryregister.gov.au/statements/18186/.""}"
Modern slavery statement 2021-4181: CHEAP AS CHIPS DISCOUNT STORES PTY LTD,document,"{'content': 'CHEAP AS CHIPS DISCOUNT STORES PTY LTD (ABN 17 616 449 122) filed a joint modern slavery statement with the Australian Modern Slavery Register for the reporting period 2020-07-01 to 2021-06-30. The reporting entity is headquartered in Australia. The reporting entity has an annual revenue band of 150-200M. The reporting entity operates in the industry sectors: Durable consumer goods, including electronics and appliances, home furnishings and other accessories. Register entry: https://modernslaveryregister.gov.au/statements/7669/.'}"
Modern slavery statement 2021-429: BAPTISTCARE NSW & ACT,document,{'content': 'BAPTISTCARE NSW & ACT (ABN 90 000 049 525) filed a single modern slavery statement with the Australian Modern Slavery Register for the reporting period 2020-01-01 to 2020-12-31. The reporting entity is headquartered in Australia. The reporting entity has an annual revenue band of 250-300M. The reporting entity operates in the industry sectors: Charitable / not-for-profit activities. Register entry: https://modernslaveryregister.gov.au/statements/1867/.'}
Modern slavery statement 2024-1649: PAN MACMILLAN AUSTRALIA PTY LTD,document,"{'content': 'PAN MACMILLAN AUSTRALIA PTY LTD (ABN 28 001 184 014) filed a single modern slavery statement with the Australian Modern Slavery Register for the reporting period 2023-07-01 to 2024-06-30. The reporting entity is headquartered in Australia. The reporting entity has an annual revenue band of 0-99M. The reporting entity operates in the industry sectors: Media, publishing, arts and entertainment. Register entry: https://modernslaveryregister.gov.au/statements/19020/.'}"
Modern slavery statement 2023-1086: DELAWARE NORTH COMPANIES AUSTRALIA PTY LTD,document,"{'content': 'DELAWARE NORTH COMPANIES AUSTRALIA PTY LTD (ABN 92 003 435 345) filed a joint modern slavery statement with the Australian Modern Slavery Register for the reporting period 2022-01-01 to 2022-12-31. The reporting entity is headquartered in Australia. The reporting entity has an annual revenue band of 450-500M. The reporting entity operates in the industry sectors: Food and beverages, agriculture and fishing. Register entry: https://modernslaveryregister.gov.au/statements/13682/.'}"
Modern slavery statement 2023-834: Kyushu Electric Australia Pty Ltd,document,"{'content': 'Kyushu Electric Australia Pty Ltd (ABN 54 152 417 260) filed a joint modern slavery statement with the Australian Modern Slavery Register for the reporting period 2022-01-01 to 2022-12-31. The reporting entity is headquartered in Australia. The reporting entity has an annual revenue band of 150-200M. The reporting entity operates in the industry sectors: Mining, metals, chemicals and resources (including oil and gas). Register entry: https://modernslaveryregister.gov.au/statements/13333/.'}"
Modern slavery statement 2023-2965: INFOTRACK PTY LIMITED,document,"{'content': 'INFOTRACK PTY LIMITED (ABN 36 092 724 251) filed a joint modern slavery statement with the Australian Modern Slavery Register for the reporting period 2022-07-01 to 2023-06-30. The reporting entity is headquartered in Australia. The reporting entity has an annual revenue band of 250-300M. The reporting entity operates in the industry sectors: Information technology and telecommunication. The statement also covers the included entities: CNCNA PTY. LTD. (63 129 795 339), INFOTRACKID PTY LTD, INFOTRACK INTERNATIONAL PTY. LIMITED, LEAP SEARCHING PTY LIMITED (13 142 588 627), SCOTT ASHWOOD PTY LTD (42 166 543 255), SECUREXCHANGE PTY LTD, SETTLEIT PTY LTD. Register entry: https://modernslaveryregister.gov.au/statements/16129/.'}"
Modern slavery statement 2022-744: ALCAN PRIMARY METAL AUSTRALIA PTY LTD & ALCAN SOUTH PACIFIC PTY LTD & ARGYLE DIAMONDS LIMITED et al.,document,"{'content': 'ALCAN PRIMARY METAL AUSTRALIA PTY LTD (ABN 25 055 787 909), ALCAN SOUTH PACIFIC PTY LTD (ABN 47 009 726 078), ARGYLE DIAMONDS LIMITED (ABN 36 009 102 621), Borax Europe Limited, BOYNE SMELTERS LIMITED (ABN 90 010 061 935), CATHJOH HOLDINGS PTY LIMITED (ABN 64 094 265 871), CHANNAR MINING PTY. LIMITED (ABN 48 009 127 039), DAMPIER SALT LIMITED (ABN 30 008 706 590), ENERGY RESOURCES OF AUSTRALIA LTD. (ABN 71 008 550 865), GPS ENERGY PTY LIMITED (ABN 36 063 207 456), GPS NOMINEE PTY LIMITED (ABN 49 063 213 552), GPS POWER PTY. LIMITED (ABN 34 009 103 422), HAMERSLEY HOLDINGS LIMITED (ABN 50 008 446 222), HAMERSLEY IRON PTY. LIMITED (ABN 49 004 558 276), HAMERSLEY IRON - YANDI PTY LIMITED (ABN 56 009 181 793), Hamersley WA Pty Ltd (ABN 53 115 004 138), HOPE DOWNS MARKETING COMPANY PTY LTD (ABN 58 115 712 117), NORTH LIMITED (ABN 22 005 233 689), NORTH MINING LIMITED (ABN 78 000 081 434), PACIFIC ALUMINIUM PTY. LIMITED (ABN 57 008 447 943), PECHINEY CONSOLIDATED AUSTRALIA PTY LIMITED (ABN 39 076 569 769), PEKO-WALLSEND PTY LTD (ABN 78 000 245 054), Pilbara Iron Company (Services) Pty Ltd (ABN 35 107 210 248), Pilbara Iron Pty Ltd (ABN 75 107 216 535), QUEENSLAND ALUMINA LIMITED (ABN 98 009 725 044), RIO TINTO ALUMINIUM (BELL BAY) LIMITED (ABN 91 009 483 201), RIO TINTO ALUMINIUM BELL BAY SALES PTY LIMITED (ABN 11 160 684 391), RIO TINTO ALUMINIUM (HOLDINGS) LIMITED (ABN 37 004 502 694), RIO TINTO ALUMINIUM LIMITED (ABN 51 009 679 127), Rio Tinto Escondida Ltd, Rio Tinto European Holdings Ltd, RIO TINTO INVESTMENTS ONE PTY LIMITED (ABN 31 093 137 323), RIO TINTO INVESTMENTS TWO PTY LIMITED (ABN 54 093 137 485), RIO TINTO LIMITED (ABN 96 004 458 404), Rio Tinto London Limited, Rio Tinto OT Management Limited, Rio Tinto PLC, RIO TINTO SERVICES LIMITED (ABN 62 004 219 738), Rio Tinto Shared Services Pty Limited (ABN 69 113 306 077), ROBE RIVER LIMITED (ABN 90 008 478 493), ROBE RIVER MINING CO. PTY. LTD. (ABN 71 008 694 246), RTA AAL AUSTRALIA LIMITED (ABN 13 008 589 080), RTA BOYNE LIMITED (ABN 22 008 650 600), RTA HOLDCO AUSTRALIA 1 PTY LTD (ABN 17 128 762 318), RTA HOLDCO AUSTRALIA 5 PTY LTD (ABN 38 128 785 599), RTA PACIFIC PTY LIMITED (ABN 35 004 546 436), RTA Weipa Pty Ltd (ABN 54 137 266 285), RTA Yarwun Pty Ltd (ABN 73 137 266 301), RTPDS AUS PTY LTD (ABN 21 099 346 899), SWISS ALUMINIUM AUSTRALIA LIMITED (ABN 92 008 589 099) and TECHNOLOGICAL RESOURCES PTY. LIMITED (ABN 12 002 183 557) filed a joint modern slavery statement with the Australian Modern Slavery Register for the reporting period 2021-01-01 to 2021-12-31. The reporting entities are headquartered in Australia, United Kingdom. The reporting entities have an annual revenue band of 1BN+. The reporting entities operate in the industry sectors: Mining, metals, chemicals and resources (including oil and gas). Register entry: https://modernslaveryregister.gov.au/statements/8812/.'}"
Modern slavery statement 2020-430: VICTORIA TEACHERS LIMITED,document,"{'content': 'VICTORIA TEACHERS LIMITED (ABN 44 087 651 769) filed a single modern slavery statement with the Australian Modern Slavery Register for the reporting period 2019-07-01 to 2020-06-30. The reporting entity is headquartered in Australia. The reporting entity has an annual revenue band of 100-150M. The reporting entity operates in the industry sectors: Financial, insurance and real estate activities. Register entry: https://modernslaveryregister.gov.au/statements/948/.'}"
Modern slavery statement 2021-3658: Energy Infrastructure Trust,document,"{'content': 'Energy Infrastructure Trust (ABN 23 779 151 748) filed a single modern slavery statement with the Australian Modern Slavery Register for the reporting period 2020-07-01 to 2021-06-30. The reporting entity is headquartered in Australia. The reporting entity has an annual revenue band of 200-250M. The reporting entity operates in the industry sectors: Utilities: gas, water and electricity. Register entry: https://modernslaveryregister.gov.au/statements/7005/.'}"
Modern slavery statement 2022-1622: TESSERENT LIMITED,document,"{'content': 'TESSERENT LIMITED (ABN 13 605 672 928) filed a single modern slavery statement with the Australian Modern Slavery Register for the reporting period 2021-07-01 to 2022-06-30. The reporting entity is headquartered in Australia. The reporting entity has an annual revenue band of 100-150M. The reporting entity operates in the industry sectors: Information technology and telecommunication Professional and administrative services and supplies, including legal, consulting and accounting services. Register entry: https://modernslaveryregister.gov.au/statements/10077/.'}"
Modern slavery statement 2025-2771: NATIONAL ABORIGINAL COMMUNITY CONTROLLED HEALTH ORGANISATION LIMITED,document,{'content': 'NATIONAL ABORIGINAL COMMUNITY CONTROLLED HEALTH ORGANISATION LIMITED (ABN 89 078 949 710) filed a single modern slavery statement with the Australian Modern Slavery Register for the reporting period 2024-07-01 to 2025-06-30. The reporting entity is headquartered in Australia. The reporting entity has an annual revenue band of 150-200M. The reporting entity operates in the industry sectors: Health Care and Social Assistance. Register entry: https://modernslaveryregister.gov.au/statements/25548/.'}
Modern slavery statement 2025-907: AZELIS AUSTRALIA PTY LIMITED,document,"{'content': 'AZELIS AUSTRALIA PTY LIMITED (ABN 54 091 997 027) filed a single modern slavery statement with the Australian Modern Slavery Register for the reporting period 2024-01-01 to 2024-12-31. The reporting entity is headquartered in Australia. The reporting entity has an annual revenue band of 150-200M. The reporting entity operates in the industry sectors: Other. The statement also covers the included entities: AGSPEC AUSTRALIA PTY LTD (40 109 573 953), CHEMCOLOUR INDUSTRIES AUSTRALIA PTY LIMITED (70 125 602 271), CHEMIPLAS AUSTRALIA PTY LTD (29 003 056 808), CW PACIFIC PTY LTD (51 079 844 152), CW Pacific Specialties Pty Limited (74 140 680 002), EB1 PTY LIMITED (65 158 510 135), ELLE BEE EXPORTS PTY LTD (72 094 529 530), TIMTECHCHEM AUSTRALIA PTY LTD (90 164 411 081). Register entry: https://modernslaveryregister.gov.au/statements/23017/.'}"
Modern slavery statement 2022-240: SIEMENS HEALTHCARE PTY LTD,document,{'content': 'SIEMENS HEALTHCARE PTY LTD (ABN 83 604 853 938) filed a single modern slavery statement with the Australian Modern Slavery Register for the reporting period 2020-10-01 to 2021-09-30. The reporting entity is headquartered in Germany. The reporting entity has an annual revenue band of 450-500M. The reporting entity operates in the industry sectors: Healthcare and pharmaceuticals. Register entry: https://modernslaveryregister.gov.au/statements/8054/.'}
Modern slavery statement 2021-848: Regional Power Corporation,document,"{'content': 'Regional Power Corporation (ABN 57 955 011 697) filed a single modern slavery statement with the Australian Modern Slavery Register for the reporting period 2019-07-01 to 2020-06-30. The reporting entity is headquartered in Australia. The reporting entity has an annual revenue band of 500-600M. The reporting entity operates in the industry sectors: Utilities: gas, water and electricity. Register entry: https://modernslaveryregister.gov.au/statements/2599/.'}"
Modern slavery statement 2023-3376: True Alliance Pty Ltd,document,"{'content': 'True Alliance Pty Ltd filed a joint modern slavery statement with the Australian Modern Slavery Register for the reporting period 2022-07-01 to 2023-06-30. The reporting entity is headquartered in Australia. The reporting entity has an annual revenue band of 250-300M. The reporting entity operates in the industry sectors: Fashion, textiles, apparel and luxury goods. The statement also covers the included entities: SPEEDO AUSTRALIA PTY. LIMITED, TRUE ALLIANCE BRANDS PTY LIMITED, TRUE ALLIANCE CORPORATE SERVICES PTY. LTD., TRUE ALLIANCE RETAIL PTY. LTD., TRUE ALLIANCE TRADING PTY LTD. Register entry: https://modernslaveryregister.gov.au/statements/16668/.'}"
Modern slavery statement 2022-58: BGC (AUSTRALIA) PTY LTD & BGC CONSTRUCTION PTY LTD & BGC RESIDENTIAL PTY LTD et al.,document,"{'content': 'BGC (AUSTRALIA) PTY LTD (ABN 62 005 736 005), BGC CONSTRUCTION PTY LTD (ABN 48 008 783 248), BGC RESIDENTIAL PTY LTD (ABN 54 052 543 450), ESTHER INVESTMENT PROPRIETARY LIMITED (ABN 68 004 459 536), J-CORP. PTY LTD (ABN 54 009 063 076) and VENTURA HOME GROUP PTY LTD (ABN 70 093 870 618) filed a joint modern slavery statement with the Australian Modern Slavery Register for the reporting period 2020-07-01 to 2021-06-30. The reporting entities are headquartered in Australia. The reporting entities have an annual revenue band of 1BN+. The reporting entities operate in the industry sectors: Construction, civil engineering and building products. Register entry: https://modernslaveryregister.gov.au/statements/7777/.'}"
Modern slavery statement 2021-785: THE LAW SOCIETY OF NEW SOUTH WALES,document,"{'content': 'THE LAW SOCIETY OF NEW SOUTH WALES (ABN 98 696 304 966) filed a single modern slavery statement with the Australian Modern Slavery Register for the reporting period 2019-07-01 to 2020-06-30. The reporting entity is headquartered in Australia. The reporting entity has an annual revenue band of 100-150M. The reporting entity operates in the industry sectors: Financial, insurance and real estate activities Professional and administrative services and supplies, including legal, consulting and accounting services. Register entry: https://modernslaveryregister.gov.au/statements/2421/.'}"
"Modern slavery statement 2025-1860: MUFG Bank, Ltd",document,"{'content': 'MUFG Bank, Ltd filed a single modern slavery statement with the Australian Modern Slavery Register for the reporting period 2024-04-01 to 2025-03-31. The reporting entity is headquartered in Japan. The reporting entity has an annual revenue band of 1BN+. The reporting entity operates in the industry sectors: Financial, insurance and real estate activities. Register entry: https://modernslaveryregister.gov.au/statements/24177/.'}"
Modern slavery statement 2025-3182: The Ripeway Unit Trust & The T Trust & The Trustee for The G Trust & THE STEPHEN MORAITIS FAMILY TRUST & The Trustee for The Paul Moraitis Family Trust,document,{'content': 'The Ripeway Unit Trust & The T Trust & The Trustee for The G Trust (ABN 13 476 101 301) and THE STEPHEN MORAITIS FAMILY TRUST & The Trustee for The Paul Moraitis Family Trust (ABN 84 648 757 315) filed a joint modern slavery statement with the Australian Modern Slavery Register for the reporting period 2024-07-01 to 2025-06-30. The reporting entities are headquartered in Australia. The reporting entities have an annual revenue band of 100-150M. The reporting entities operate in the industry sectors: Accommodation and Food Services Manufacturing. Register entry: https://modernslaveryregister.gov.au/statements/26150/.'}
"Modern slavery statement 2025-999: iNova Pharmaceutical LLC, INOVA PHARMACEUTICALS (AUSTRALIA) PTY LIMITED, iNova Pharmaceuticals FZ-LLC, iNova Pharmaceuticals (Hong Kong) Ltd, iNova Pharmaceuticals (Ireland) Limited, iNova Pharmaceuticals Japan K.K., iNova Pharmaceuticals Pty Ltd, iNova Pharmaceuticals (Singapore) Pte. Limited, iNova Pharmaceuticals (Switzerland) AG, iNova Pharma Philippines Inc, iNova Pharma (Thailand) Co Ltd, PT iNova Pharmaceuticals Indonesia, Radiant Health Limited",document,"{'content': 'iNova Pharmaceutical LLC, INOVA PHARMACEUTICALS (AUSTRALIA) PTY LIMITED, iNova Pharmaceuticals FZ-LLC, iNova Pharmaceuticals (Hong Kong) Ltd, iNova Pharmaceuticals (Ireland) Limited, iNova Pharmaceuticals Japan K.K., iNova Pharmaceuticals Pty Ltd, iNova Pharmaceuticals (Singapore) Pte. Limited, iNova Pharmaceuticals (Switzerland) AG, iNova Pharma Philippines Inc, iNova Pharma (Thailand) Co Ltd, PT iNova Pharmaceuticals Indonesia, Radiant Health Limited filed a joint modern slavery statement with the Australian Modern Slavery Register for the reporting period 2024-01-01 to 2024-12-31. The reporting entity is headquartered in Singapore. The reporting entity has an annual revenue band of 400-450M. The reporting entity operates in the industry sectors: Healthcare and pharmaceuticals. Register entry: https://modernslaveryregister.gov.au/statements/23135/.'}"
Modern slavery statement 2024-1428: CLOUDSTAFF HOLDINGS PTY LIMITED,document,"{'content': 'CLOUDSTAFF HOLDINGS PTY LIMITED filed a single modern slavery statement with the Australian Modern Slavery Register for the reporting period 2023-01-01 to 2023-12-31. The reporting entity is headquartered in Australia. The reporting entity has an annual revenue band of 100-150M. The reporting entity operates in the industry sectors: Professional and administrative services and supplies, including legal, consulting and accounting services Other. The statement also covers the included entities: AUSPHIL OUTSOURCING SERVICES PTY LTD, CLOUDSTAFF PTY LTD, Mace & McBrien Group Pty Limited, OCEANIA ASSET PTY LTD, OPTIBPO PTY LTD, THE FOAM DART COMPANY PTY LTD. Register entry: https://modernslaveryregister.gov.au/statements/18729/.'}"
Modern slavery statement 2024-3334: Global Contractor Management Solutions Pty Ltd,document,"{'content': 'Global Contractor Management Solutions Pty Ltd (ABN 96 158 179 054) filed a single modern slavery statement with the Australian Modern Slavery Register for the reporting period 2023-07-01 to 2024-06-30. The reporting entity is headquartered in Australia. The reporting entity has an annual revenue band of 500-600M. The reporting entity operates in the industry sectors: Professional and administrative services and supplies, including legal, consulting and accounting services. The statement also covers the included entities: Contractor Workforce Solutions Pty Ltd (85 145 542 114), CXC Corporate Services Pty Ltd (58 150 274 007), CXC HEALTH PTY LTD (73 150 274 954), SAASPEOPLE PTY LTD (52 620 188 276). Register entry: https://modernslaveryregister.gov.au/statements/21297/.'}"
Modern slavery statement 2021-1589: LA TROBE UNIVERSITY,document,{'content': 'LA TROBE UNIVERSITY (ABN 64 804 735 113) filed a single modern slavery statement with the Australian Modern Slavery Register for the reporting period 2020-01-01 to 2020-12-31. The reporting entity is headquartered in Australia. The reporting entity has an annual revenue band of 700-800M. The reporting entity operates in the industry sectors: Education and research. Register entry: https://modernslaveryregister.gov.au/statements/3685/.'}
Modern slavery statement 2023-2937: CAVPOWER PTY LTD,document,"{'content': 'CAVPOWER PTY LTD (ABN 22 007 735 300) filed a single modern slavery statement with the Australian Modern Slavery Register for the reporting period 2022-07-01 to 2023-06-30. The reporting entity is headquartered in Australia. The reporting entity has an annual revenue band of 300-350M. The reporting entity operates in the industry sectors: Mining, metals, chemicals and resources (including oil and gas) Automotive, machinery and heavy electrical equipment Construction, civil engineering and building products. Register entry: https://modernslaveryregister.gov.au/statements/16174/.'}"
Modern slavery statement 2023-1529: SCHRODER AUSTRALIA HOLDINGS PTY LIMITED & SCHRODER INVESTMENT MANAGEMENT AUSTRALIA LIMITED,document,"{'content': 'SCHRODER AUSTRALIA HOLDINGS PTY LIMITED (ABN 83 008 423 738) and SCHRODER INVESTMENT MANAGEMENT AUSTRALIA LIMITED (ABN 22 000 443 274) filed a joint modern slavery statement with the Australian Modern Slavery Register for the reporting period 2022-01-01 to 2022-12-31. The reporting entities are headquartered in United Kingdom. The reporting entities have an annual revenue band of 1BN+. The reporting entities operate in the industry sectors: Financial, insurance and real estate activities. Register entry: https://modernslaveryregister.gov.au/statements/14206/.'}"
Modern slavery statement 2022-1097: Norwegian Cruise Line Holdings Ltd.,document,"{'content': 'Norwegian Cruise Line Holdings Ltd. filed a joint modern slavery statement with the Australian Modern Slavery Register for the reporting period 2021-01-01 to 2021-12-31. The reporting entity is headquartered in United States of America. The reporting entity has an annual revenue band of 1BN+. The reporting entity operates in the industry sectors: Consumer services, including accommodation, hospitality, tourism and leisure. Register entry: https://modernslaveryregister.gov.au/statements/9366/.'}"
Modern slavery statement 2021-419: R.C. & L.C. Holdings Pty Limited & RICHARD CROOKES CONSTRUCTIONS PTY. LIMITED,document,"{'content': 'R.C. & L.C. Holdings Pty Limited (ABN 41 105 030 117) and RICHARD CROOKES CONSTRUCTIONS PTY. LIMITED (ABN 33 001 375 266) filed a joint modern slavery statement with the Australian Modern Slavery Register for the reporting period 2020-01-01 to 2020-12-31. The reporting entities are headquartered in Australia. The reporting entities have an annual revenue band of 1BN+. The reporting entities operate in the industry sectors: Construction, civil engineering and building products. Register entry: https://modernslaveryregister.gov.au/statements/1850/.'}"
Modern slavery statement 2026-330: WELLCOM GROUP PTY LTD,document,{'content': 'WELLCOM GROUP PTY LTD (ABN 85 114 312 542) filed a single modern slavery statement with the Australian Modern Slavery Register for the reporting period 2025-01-01 to 2025-12-31. The reporting entity is headquartered in Australia. The reporting entity has an annual revenue band of 100-150M. The reporting entity operates in the industry sectors: Other Services. Register entry: https://modernslaveryregister.gov.au/statements/27559/.'}
Modern slavery statement 2024-78: DISCOUNT TYRE AND WHEEL PTY LTD,document,"{'content': 'DISCOUNT TYRE AND WHEEL PTY LTD (ABN 31 169 153 468) filed a single modern slavery statement with the Australian Modern Slavery Register for the reporting period 2022-07-01 to 2023-06-30. The reporting entity is headquartered in Australia. The reporting entity has an annual revenue band of 100-150M. The reporting entity operates in the industry sectors: Automotive, machinery and heavy electrical equipment. Register entry: https://modernslaveryregister.gov.au/statements/16829/.'}"
Modern slavery statement 2024-2571: ASG Education Funding Solutions & ASG Education Programmes (NZ) Ltd & Futurity Custodians Pty Ltd et al.,document,"{'content': 'ASG Education Funding Solutions (ABN 21 087 648 879), ASG Education Programmes (NZ) Ltd (ABN 21 087 648 879), Futurity Custodians Pty Ltd (ABN 21 087 648 879), Futurity Education Funding Pty Ltd (ABN 21 087 648 879), FUTURITY INVESTMENT GROUP LIMITED (ABN 21 087 648 879), NEITA FOUNDATION TRUST (ABN 95 196 764 032) and The Trustee for Futurity Education Foundation (ABN 71 990 561 840) filed a joint modern slavery statement with the Australian Modern Slavery Register for the reporting period 2023-07-01 to 2024-06-30. The reporting entities are headquartered in Australia. The reporting entities have an annual revenue band of 0-99M. The reporting entities operate in the industry sectors: Financial, insurance and real estate activities. The statement also covers the included entities: FUTURITY INVESTMENT GROUP LIMITED (21 087 648 879). Register entry: https://modernslaveryregister.gov.au/statements/20307/.'}"
"Modern slavery statement 2025-2925: AP GLOBAL HOLDINGS PTY LTD, AP International Holdings Pty Ltd, AUSTRALIAN POSTAL CORPORATION & AUSTRALIA POST GLOBAL ECOMMERCE SOLUTIONS (AUST) PTY LTD, Australia Post Transaction Services Pty Ltd, AUX Investments Pty Ltd, Star Track Express Holdings Pty Limited, STAR TRACK EXPRESS INVESTMENTS PTY LIMITED, STAR TRACK EXPRESS PTY LIMITED",document,"{'content': 'AP GLOBAL HOLDINGS PTY LTD, AP International Holdings Pty Ltd, AUSTRALIAN POSTAL CORPORATION (ABN 28 864 970 579) and AUSTRALIA POST GLOBAL ECOMMERCE SOLUTIONS (AUST) PTY LTD, Australia Post Transaction Services Pty Ltd, AUX Investments Pty Ltd, Star Track Express Holdings Pty Limited, STAR TRACK EXPRESS INVESTMENTS PTY LIMITED, STAR TRACK EXPRESS PTY LIMITED filed a joint modern slavery statement with the Australian Modern Slavery Register for the reporting period 2024-07-01 to 2025-06-30. The reporting entities are headquartered in Australia. The reporting entities have an annual revenue band of 1BN+. The reporting entities operate in the industry sectors: Transport, Postal and Warehousing. Register entry: https://modernslaveryregister.gov.au/statements/25786/.'}"
Modern slavery statement 2025-3567: SLATER & GORDON LTD,document,"{'content': 'SLATER & GORDON LTD (ABN 93 097 297 400) filed a single modern slavery statement with the Australian Modern Slavery Register for the reporting period 2024-07-01 to 2025-06-30. The reporting entity is headquartered in Australia. The reporting entity has an annual revenue band of 250-300M. The reporting entity operates in the industry sectors: Professional, Scientific and Technical Services. Register entry: https://modernslaveryregister.gov.au/statements/26635/.'}"
"Modern slavery statement 2025-2658: SEVEN NETWORK (OPERATIONS) LIMITED, SEVEN WEST MEDIA LIMITED & WEST AUSTRALIAN NEWSPAPERS LIMITED",document,"{'content': 'SEVEN NETWORK (OPERATIONS) LIMITED, SEVEN WEST MEDIA LIMITED (ABN 91 053 480 845) and WEST AUSTRALIAN NEWSPAPERS LIMITED filed a joint modern slavery statement with the Australian Modern Slavery Register for the reporting period 2024-07-01 to 2025-06-30. The reporting entities are headquartered in Australia. The reporting entities have an annual revenue band of 1BN+. The reporting entities operate in the industry sectors: Information Media and Telecommunications Other Services. The statement also covers the included entities: PRIME TELEVISION (SOUTHERN) PTY. LIMITED. Register entry: https://modernslaveryregister.gov.au/statements/25398/.'}"
Modern slavery statement 2021-3406: MAINBRACE CONSTRUCTIONS PTY LIMITED & MAINBRACE CONSTRUCTIONS (QLD) PTY LIMITED,document,"{'content': 'MAINBRACE CONSTRUCTIONS PTY LIMITED (ABN 45 002 970 658) and MAINBRACE CONSTRUCTIONS (QLD) PTY LIMITED (ABN 47 131 334 159) filed a joint modern slavery statement with the Australian Modern Slavery Register for the reporting period 2020-07-01 to 2021-06-30. The reporting entities are headquartered in Australia. The reporting entities have an annual revenue band of 350-400M. The reporting entities operate in the industry sectors: Construction, civil engineering and building products. Register entry: https://modernslaveryregister.gov.au/statements/6614/.'}"
Modern slavery statement 2023-118: AZELIS AUSTRALIA PTY LIMITED & CHEMCOLOUR INDUSTRIES AUSTRALIA PTY LIMITED & CW PACIFIC PTY LTD et al.,document,"{'content': 'AZELIS AUSTRALIA PTY LIMITED (ABN 54 091 997 027), CHEMCOLOUR INDUSTRIES AUSTRALIA PTY LIMITED (ABN 70 125 602 271), CW PACIFIC PTY LTD (ABN 51 079 844 152), CW Pacific Specialties Pty Limited (ABN 74 140 680 002), EB1 PTY LIMITED (ABN 65 158 510 135), ELLE BEE EXPORTS PTY LTD (ABN 72 094 529 530) and TIMTECHCHEM AUSTRALIA PTY LTD (ABN 90 164 411 081) filed a joint modern slavery statement with the Australian Modern Slavery Register for the reporting period 2022-01-01 to 2022-12-31. The reporting entities are headquartered in Belgium. The reporting entities have an annual revenue band of 700-800M. The reporting entities operate in the industry sectors: Other. Register entry: https://modernslaveryregister.gov.au/statements/12242/.'}"
Modern slavery statement 2024-739: MESH & BAR PTY. LIMITED,document,"{'content': 'MESH & BAR PTY. LIMITED (ABN 35 084 464 746) filed a single modern slavery statement with the Australian Modern Slavery Register for the reporting period 2023-01-01 to 2023-12-31. The reporting entity is headquartered in Australia. The reporting entity has an annual revenue band of 450-500M. The reporting entity operates in the industry sectors: Construction, civil engineering and building products. Register entry: https://modernslaveryregister.gov.au/statements/17835/.'}"
Modern slavery statement 2025-2620: RESIMAC GROUP LTD & RESIMAC LIMITED,document,{'content': 'RESIMAC GROUP LTD (ABN 55 095 034 003) and RESIMAC LIMITED (ABN 67 002 997 935) filed a joint modern slavery statement with the Australian Modern Slavery Register for the reporting period 2024-07-01 to 2025-06-30. The reporting entities are headquartered in Australia. The reporting entities have an annual revenue band of 1BN+. The reporting entities operate in the industry sectors: Financial and Insurance Services. Register entry: https://modernslaveryregister.gov.au/statements/25346/.'}
Modern slavery statement 2025-1642: ARDEX AUSTRALIA PTY. LIMITED,document,"{'content': 'ARDEX AUSTRALIA PTY. LIMITED (ABN 82 000 550 005) filed a single modern slavery statement with the Australian Modern Slavery Register for the reporting period 2024-01-01 to 2024-12-31. The reporting entity is headquartered in Australia, Germany. The reporting entity has an annual revenue band of 150-200M. The reporting entity operates in the industry sectors: Construction, civil engineering and building products. Register entry: https://modernslaveryregister.gov.au/statements/23903/.'}"
Modern slavery statement 2021-55: DEXPLAN PTY LTD & JEEBROPILLY COLLIERIES PTY. LTD. & NEW ACLAND COAL PTY. LTD. et al.,document,"{'content': 'DEXPLAN PTY LTD (ABN 48 607 185 339), JEEBROPILLY COLLIERIES PTY. LTD. (ABN 88 010 319 954), NEW ACLAND COAL PTY. LTD. (ABN 90 081 022 380), NEW HOPE BENGALLA PTY LTD (ABN 33 607 197 811), NEW HOPE COAL MARKETING PTY LTD (ABN 13 136 073 722) and NEW HOPE CORPORATION LIMITED (ABN 38 010 653 844) filed a joint modern slavery statement with the Australian Modern Slavery Register for the reporting period 2019-08-01 to 2020-07-31. The reporting entities are headquartered in Australia. The reporting entities have an annual revenue band of 1BN+. The reporting entities operate in the industry sectors: Mining, metals, chemicals and resources (including oil and gas). Register entry: https://modernslaveryregister.gov.au/statements/1124/.'}"
Modern slavery statement 2021-3668: GOODSTONE INTERNATIONAL PTY LTD & INTEGRATED PACKAGING GROUP PTY LTD & PRO-PAC GROUP PTY LIMITED et al.,document,"{'content': 'GOODSTONE INTERNATIONAL PTY LTD (ABN 36 070 661 460), INTEGRATED PACKAGING GROUP PTY LTD (ABN 89 132 697 664), PRO-PAC GROUP PTY LIMITED (ABN 50 095 393 776), PRO-PAC INDUSTRIAL GROUP PTY LIMITED (ABN 32 104 805 361), PRO-PAC PACKAGING (AUST) PTY. LIMITED (ABN 12 059 499 660) and PRO-PAC PACKAGING LIMITED (ABN 36 112 971 874) filed a joint modern slavery statement with the Australian Modern Slavery Register for the reporting period 2020-07-01 to 2021-06-30. The reporting entities are headquartered in Australia. The reporting entities have an annual revenue band of 500-600M. The reporting entities operate in the industry sectors: Forestry, timber products, paper and containers and packaging Other. Register entry: https://modernslaveryregister.gov.au/statements/7012/.'}"
Modern slavery statement 2022-1779: PM CAPITAL GLOBAL OPPORTUNITIES FUND LIMITED,document,"{'content': 'PM CAPITAL GLOBAL OPPORTUNITIES FUND LIMITED (ABN 17 166 064 875) filed a single modern slavery statement with the Australian Modern Slavery Register for the reporting period 2020-07-01 to 2021-06-30. The reporting entity is headquartered in Australia. The reporting entity has an annual revenue band of 200-250M. The reporting entity operates in the industry sectors: Financial, insurance and real estate activities. Register entry: https://modernslaveryregister.gov.au/statements/10303/.'}"
Modern slavery statement 2022-1291: DAHUA GROUP MELBOURNE NUMBER 2 PTY LTD,document,"{'content': 'DAHUA GROUP MELBOURNE NUMBER 2 PTY LTD (ABN 28 606 768 558) filed a single modern slavery statement with the Australian Modern Slavery Register for the reporting period 2021-01-01 to 2021-12-31. The reporting entity is headquartered in Australia. The reporting entity has an annual revenue band of 150-200M. The reporting entity operates in the industry sectors: Financial, insurance and real estate activities. Register entry: https://modernslaveryregister.gov.au/statements/9128/.'}"
Modern slavery statement 2022-49: TAKEDA PHARMACEUTICALS AUSTRALIA PTY. LTD.,document,{'content': 'TAKEDA PHARMACEUTICALS AUSTRALIA PTY. LTD. (ABN 71 095 610 870) filed a single modern slavery statement with the Australian Modern Slavery Register for the reporting period 2020-04-01 to 2021-03-30. The reporting entity is headquartered in Japan. The reporting entity has an annual revenue band of 150-200M. The reporting entity operates in the industry sectors: Healthcare and pharmaceuticals. Register entry: https://modernslaveryregister.gov.au/statements/7766/.'}
Modern slavery statement 2025-592: BANK OF TAIWAN,document,"{'content': 'BANK OF TAIWAN (ABN 71 608 940 718) filed a single modern slavery statement with the Australian Modern Slavery Register for the reporting period 2024-01-01 to 2024-12-31. The reporting entity is headquartered in Taiwan. The reporting entity has an annual revenue band of 1BN+. The reporting entity operates in the industry sectors: Financial, insurance and real estate activities. Register entry: https://modernslaveryregister.gov.au/statements/22537/.'}"
Modern slavery statement 2021-1996: MERCEDES-BENZ AUSTRALIA/PACIFIC PTY LTD,document,"{'content': 'MERCEDES-BENZ AUSTRALIA/PACIFIC PTY LTD (ABN 23 004 411 410) filed a single modern slavery statement with the Australian Modern Slavery Register for the reporting period 2020-04-01 to 2021-03-30. The reporting entity is headquartered in Australia. The reporting entity has an annual revenue band of 1BN+. The reporting entity operates in the industry sectors: Automotive, machinery and heavy electrical equipment. Register entry: https://modernslaveryregister.gov.au/statements/4502/.'}"
Modern slavery statement 2024-1722: STEALTH GROUP HOLDINGS LTD,document,"{'content': 'STEALTH GROUP HOLDINGS LTD (ABN 25 615 518 020) filed a single modern slavery statement with the Australian Modern Slavery Register for the reporting period 2023-01-01 to 2023-12-31. The reporting entity is headquartered in Australia. The reporting entity has an annual revenue band of 100-150M. The reporting entity operates in the industry sectors: Automotive, machinery and heavy electrical equipment Construction, civil engineering and building products. The statement also covers the included entities: C & L TOOL CENTRE PTY LTD (71 104 125 546), HEATLEY SALES PTY LTD (78 009 260 824), STEALTH GLOBAL INDUSTRIES (AUSTRALIA) PTY LTD (66 167 577 371). Register entry: https://modernslaveryregister.gov.au/statements/19125/.'}"
Modern slavery statement 2024-3571: Vantage Fuels Pty Ltd,document,"{'content': 'Vantage Fuels Pty Ltd (ABN 24 151 023 040) filed a single modern slavery statement with the Australian Modern Slavery Register for the reporting period 2023-07-01 to 2024-06-30. The reporting entity is headquartered in Australia. The reporting entity has an annual revenue band of 250-300M. The reporting entity operates in the industry sectors: Food and beverages, agriculture and fishing Consumer services, including accommodation, hospitality, tourism and leisure. Register entry: https://modernslaveryregister.gov.au/statements/21534/.'}"
Modern slavery statement 2021-4159: CBHS CORPORATE HEALTH PTY LTD & CBHS HEALTH FUND LIMITED,document,"{'content': 'CBHS CORPORATE HEALTH PTY LTD (ABN 85 609 980 896) and CBHS HEALTH FUND LIMITED (ABN 87 087 648 717) filed a joint modern slavery statement with the Australian Modern Slavery Register for the reporting period 2020-07-01 to 2021-06-30. The reporting entities are headquartered in Australia. The reporting entities have an annual revenue band of 300-350M. The reporting entities operate in the industry sectors: Financial, insurance and real estate activities. Register entry: https://modernslaveryregister.gov.au/statements/7644/.'}"
Modern slavery statement 2023-1458: GOOGLE AUSTRALIA PTY LTD,document,"{'content': 'GOOGLE AUSTRALIA PTY LTD (ABN 33 102 417 032) filed a joint modern slavery statement with the Australian Modern Slavery Register for the reporting period 2022-01-01 to 2022-12-31. The reporting entity is headquartered in Australia, United States of America. The reporting entity has an annual revenue band of 1BN+. The reporting entity operates in the industry sectors: Information technology and telecommunication. Register entry: https://modernslaveryregister.gov.au/statements/14097/.'}"
Modern slavery statement 2024-2221: Atlassian Corporation,document,"{'content': 'Atlassian Corporation filed a single modern slavery statement with the Australian Modern Slavery Register for the reporting period 2023-01-07 to 2024-06-30. The reporting entity is headquartered in United States of America. The reporting entity has an annual revenue band of 1BN+. The reporting entity operates in the industry sectors: Information technology and telecommunication. The statement also covers the included entities: AIRTRACK SOFTWARE PTY LTD (83 163 622 115), ATLASSIAN AUSTRALIA 1 PTY LTD (98 166 799 542), ATLASSIAN AUSTRALIA 2 PTY LTD (49 166 799 711), ATLASSIAN CAPITAL PTY. LTD. (69 122 325 811), ATLASSIAN CORPORATION PTY. LTD. (46 122 325 777), ATLASSIAN PTY LTD (53 102 443 916), CODE BARREL PTY LTD (46 610 708 819), GOOD SOFTWARE CO. PTY LTD (42 614 237 982), LEAD GREEN PTY LTD, MITT Australia PTY LTD (80 108 926 932), The Trustee for Lead Green Trust (28 354 409 197), The trustee for Mitt Unit Trust (86 616 985 225), The Trustee for Vertical First Trust (47 915 597 236), THINKTILT PTY LTD (28 615 127 672). Register entry: https://modernslaveryregister.gov.au/statements/19810/.'}"
Modern slavery statement 2024-647: BRP AUSTRALIA PTY LTD & TELWATER PTY LTD,document,"{'content': 'BRP AUSTRALIA PTY LTD (ABN 64 097 370 100) and TELWATER PTY LTD (ABN 15 010 795 507) filed a joint modern slavery statement with the Australian Modern Slavery Register for the reporting period 2023-02-01 to 2024-01-31. The reporting entities are headquartered in Australia. The reporting entities have an annual revenue band of 1BN+. The reporting entities operate in the industry sectors: Automotive, machinery and heavy electrical equipment. Register entry: https://modernslaveryregister.gov.au/statements/17706/.'}"
Modern slavery statement 2021-722: SILVER CHAIN GROUP LIMITED,document,{'content': 'SILVER CHAIN GROUP LIMITED (ABN 77 119 417 018) filed a single modern slavery statement with the Australian Modern Slavery Register for the reporting period 2019-07-01 to 2020-12-31. The reporting entity is headquartered in Australia. The reporting entity has an annual revenue band of 350-400M. The reporting entity operates in the industry sectors: Charitable / not-for-profit activities. Register entry: https://modernslaveryregister.gov.au/statements/2390/.'}
Modern slavery statement 2025-1341: KAJIMA ICON HOLDINGS PTY LTD,document,"{'content': 'KAJIMA ICON HOLDINGS PTY LTD filed a single modern slavery statement with the Australian Modern Slavery Register for the reporting period 2024-01-01 to 2024-12-31. The reporting entity is headquartered in Australia. The reporting entity has an annual revenue band of 1BN+. The reporting entity operates in the industry sectors: Construction, civil engineering and building products. The statement also covers the included entities: BARPA PTY. LTD. (63 600 276 015), Cockram Construction New Zealand Limited, ICON CO (AUST) PTY LTD (54 604 790 132), ICON CO HOLDINGS PTY LTD (32 617 583 632), ICON CO (NSW) PTY LTD (16 604 790 409), ICON CO PTY (NZ) LIMITED, ICON CO (QLD) PTY LTD (33 169 394 058), ICON CORPORATE SERVICES PTY LTD (95 604 136 683), ICON SI (AUST) PTY LTD (66 617 747 458), INTERFACE CLADDING AND FACADE PTY LTD (78 617 741 394), KIANGA GROUP PTY LTD (86 627 297 885), Leighs Cockram JV, MINICON CONSTRUCTION (AUST) PTY LTD (69 615 595 296), MINICON CONSTRUCTION (QLD) PTY LTD (36 617 752 119). Register entry: https://modernslaveryregister.gov.au/statements/23602/.'}"
Modern slavery statement 2025-3457: ERILYAN GROUP PTY LTD & ERILYAN PROJECTS PTY LTD & Erilyan Pty Ltd,document,"{'content': 'ERILYAN GROUP PTY LTD (ABN 16 664 334 767), ERILYAN PROJECTS PTY LTD (ABN 91 605 502 261) and Erilyan Pty Ltd (ABN 28 152 249 548) filed a joint modern slavery statement with the Australian Modern Slavery Register for the reporting period 2024-07-01 to 2025-06-30. The reporting entities are headquartered in Australia. The reporting entities have an annual revenue band of 250-300M. The reporting entities operate in the industry sectors: Construction. The statement also covers the included entities: ERILYAN NORTH PTY LTD (89 668 285 023), ERILYAN SOUTH PTY LTD (38 622 828 835). Register entry: https://modernslaveryregister.gov.au/statements/26524/.'}"
Modern slavery statement 2023-1153: TRANSALTA ENERGY (AUSTRALIA) PTY LTD,document,"{'content': 'TRANSALTA ENERGY (AUSTRALIA) PTY LTD (ABN 40 062 135 844) filed a single modern slavery statement with the Australian Modern Slavery Register for the reporting period 2022-01-01 to 2022-12-31. The reporting entity is headquartered in Australia. The reporting entity has an annual revenue band of 150-200M. The reporting entity operates in the industry sectors: Utilities: gas, water and electricity. Register entry: https://modernslaveryregister.gov.au/statements/13769/.'}"
Modern slavery statement 2021-3043: BROWN BROTHERS MILAWA VINEYARD PTY. LIMITED,document,"{'content': 'BROWN BROTHERS MILAWA VINEYARD PTY. LIMITED (ABN 56 005 349 235) filed a single modern slavery statement with the Australian Modern Slavery Register for the reporting period 2020-07-01 to 2021-06-30. The reporting entity is headquartered in Australia. The reporting entity has an annual revenue band of 100-150M. The reporting entity operates in the industry sectors: Food and beverages, agriculture and fishing. Register entry: https://modernslaveryregister.gov.au/statements/6033/.'}"
Modern slavery statement 2023-1008: DUET EDL PTY LIMITED & EDL HOLDINGS (AUSTRALIA) PTY LTD & ENERGY DEVELOPMENTS PTY LIMITED,document,"{'content': 'DUET EDL PTY LIMITED (ABN 91 607 005 685), EDL HOLDINGS (AUSTRALIA) PTY LTD (ABN 67 058 224 481) and ENERGY DEVELOPMENTS PTY LIMITED (ABN 84 053 410 263) filed a joint modern slavery statement with the Australian Modern Slavery Register for the reporting period 2022-01-01 to 2022-12-31. The reporting entities are headquartered in Australia. The reporting entities have an annual revenue band of 700-800M. The reporting entities operate in the industry sectors: Mining, metals, chemicals and resources (including oil and gas) Utilities: gas, water and electricity. Register entry: https://modernslaveryregister.gov.au/statements/13571/.'}"
Modern slavery statement 2022-2009: NSW PORTS PTY LIMITED & THE TRUSTEE FOR NSW PORTS BOTANY PROPERTY TRUST & The Trustee for the Port Botany Unit Trust,document,"{'content': 'NSW PORTS PTY LIMITED (ABN 38 161 943 620), THE TRUSTEE FOR NSW PORTS BOTANY PROPERTY TRUST (ABN 95 391 227 497) and The Trustee for the Port Botany Unit Trust (ABN 25 855 834 182) filed a joint modern slavery statement with the Australian Modern Slavery Register for the reporting period 2021-07-01 to 2022-06-30. The reporting entities are headquartered in Australia. The reporting entities have an annual revenue band of 1BN+. The reporting entities operate in the industry sectors: Transportation, logistics, and storage. Register entry: https://modernslaveryregister.gov.au/statements/10645/.'}"
"Modern slavery statement 2025-1606: Bloomberg Australia Pty Ltd, Bloomberg SEF LLC, Bloomberg Trading Facility BV, Bloomberg Trading Facility Limited",document,"{'content': 'Bloomberg Australia Pty Ltd, Bloomberg SEF LLC, Bloomberg Trading Facility BV, Bloomberg Trading Facility Limited filed a joint modern slavery statement with the Australian Modern Slavery Register for the reporting period 2024-01-01 to 2024-12-31. The reporting entity is headquartered in Australia, Netherlands, United Kingdom, United States of America. The reporting entity has an annual revenue band of 900M-1BN. The reporting entity operates in the industry sectors: Financial, insurance and real estate activities. Register entry: https://modernslaveryregister.gov.au/statements/23676/.'}"
Modern slavery statement 2021-125: AUSTRALIAN FOUNDATION INVESTMENT COMPANY LIMITED,document,"{'content': 'AUSTRALIAN FOUNDATION INVESTMENT COMPANY LIMITED (ABN 56 004 147 120) filed a single modern slavery statement with the Australian Modern Slavery Register for the reporting period 2020-01-01 to 2020-12-31. The reporting entity is headquartered in Australia. The reporting entity has an annual revenue band of 250-300M. The reporting entity operates in the industry sectors: Financial, insurance and real estate activities. Register entry: https://modernslaveryregister.gov.au/statements/1273/.'}"
Modern slavery statement 2022-407: The Trustee for BELGRAVIA LEISURE UNIT TRUST,document,"{'content': 'The Trustee for BELGRAVIA LEISURE UNIT TRUST (ABN 18 118 940 063) filed a joint modern slavery statement with the Australian Modern Slavery Register for the reporting period 2020-07-01 to 2021-06-30. The reporting entity is headquartered in Australia. The reporting entity has an annual revenue band of 150-200M. The reporting entity operates in the industry sectors: Fashion, textiles, apparel and luxury goods Consumer services, including accommodation, hospitality, tourism and leisure. Register entry: https://modernslaveryregister.gov.au/statements/8290/.'}"
Modern slavery statement 2024-324: JENNMAR AUSTRALIA PTY LTD,document,"{'content': 'JENNMAR AUSTRALIA PTY LTD (ABN 34 078 584 531) filed a single modern slavery statement with the Australian Modern Slavery Register for the reporting period 2023-01-01 to 2023-12-31. The reporting entity is headquartered in United States of America. The reporting entity has an annual revenue band of 200-250M. The reporting entity operates in the industry sectors: Mining, metals, chemicals and resources (including oil and gas) Construction, civil engineering and building products. The statement also covers the included entities: Jennchem Australia Pty Ltd (25 150 926 373). Register entry: https://modernslaveryregister.gov.au/statements/17230/.'}"
Modern slavery statement 2024-3433: Commonwealth,document,{'content': 'Commonwealth filed a commonwealth modern slavery statement with the Australian Modern Slavery Register for the reporting period 2023-07-01 to 2024-06-30. The reporting entity is headquartered in Australia. The reporting entity has an annual revenue band of 1BN+. The reporting entity operates in the industry sectors: Other. Register entry: https://modernslaveryregister.gov.au/statements/21396/.'}
Modern slavery statement 2021-4126: PLATINUM ASSET MANAGEMENT LTD & PLATINUM ASSET PTY LIMITED & PLATINUM INVESTMENT MANAGEMENT LIMITED,document,"{'content': 'PLATINUM ASSET MANAGEMENT LTD (ABN 13 050 064 287), PLATINUM ASSET PTY LIMITED (ABN 29 062 954 796) and PLATINUM INVESTMENT MANAGEMENT LIMITED (ABN 25 063 565 006) filed a joint modern slavery statement with the Australian Modern Slavery Register for the reporting period 2020-07-01 to 2021-06-30. The reporting entities are headquartered in Australia. The reporting entities have an annual revenue band of 300-350M. The reporting entities operate in the industry sectors: Financial, insurance and real estate activities. Register entry: https://modernslaveryregister.gov.au/statements/7594/.'}"
Modern slavery statement 2020-325: Albury Wodonga Health,document,{'content': 'Albury Wodonga Health (ABN 31 569 743 618) filed a single modern slavery statement with the Australian Modern Slavery Register for the reporting period 2019-07-01 to 2020-06-30. The reporting entity is headquartered in Australia. The reporting entity has an annual revenue band of 250-300M. The reporting entity operates in the industry sectors: Healthcare and pharmaceuticals. Register entry: https://modernslaveryregister.gov.au/statements/802/.'}
Modern slavery statement 2023-3235: The Trustee for the Willis Towers Watson Australia - Global Equity Focus Fund,document,"{'content': 'The Trustee for the Willis Towers Watson Australia - Global Equity Focus Fund (ABN 97 374 906 309) filed a single modern slavery statement with the Australian Modern Slavery Register for the reporting period 2022-07-01 to 2023-06-30. The reporting entity is headquartered in Australia. The reporting entity has an annual revenue band of 250-300M. The reporting entity operates in the industry sectors: Financial, insurance and real estate activities. Register entry: https://modernslaveryregister.gov.au/statements/16382/.'}"
Modern slavery statement 2024-3193: ACU-TECH PTY LTD,document,{'content': 'ACU-TECH PTY LTD (ABN 68 626 756 223) filed a single modern slavery statement with the Australian Modern Slavery Register for the reporting period 2023-07-01 to 2024-06-30. The reporting entity is headquartered in Australia. The reporting entity has an annual revenue band of 100-150M. The reporting entity operates in the industry sectors: Other. Register entry: https://modernslaveryregister.gov.au/statements/21131/.'}
Modern slavery statement 2023-1286: SMEC AUSTRALIA PTY. LIMITED & SMEC HOLDINGS PTY. LTD. & SMEC INTERNATIONAL PTY. LIMITED et al.,document,"{'content': 'SMEC AUSTRALIA PTY. LIMITED (ABN 47 065 475 149), SMEC HOLDINGS PTY. LTD. (ABN 84 057 274 049), SMEC INTERNATIONAL PTY. LIMITED (ABN 32 065 440 619) and SURBANA JURONG HOLDINGS (AUSTRALIA) PTY LTD (ABN 49 612 229 197) filed a joint modern slavery statement with the Australian Modern Slavery Register for the reporting period 2022-01-01 to 2022-12-31. The reporting entities are headquartered in Australia. The reporting entities have an annual revenue band of 1BN+. The reporting entities operate in the industry sectors: Construction, civil engineering and building products Professional and administrative services and supplies, including legal, consulting and accounting services. Register entry: https://modernslaveryregister.gov.au/statements/13906/.'}"
Modern slavery statement 2025-3176: PROJEX BUILDING GROUP PTY LTD & PROJEX BUILDING RESIDENTIAL PTY LTD,document,"{'content': 'PROJEX BUILDING GROUP PTY LTD (ABN 77 109 570 863) and PROJEX BUILDING RESIDENTIAL PTY LTD (ABN 82 645 356 305) filed a joint modern slavery statement with the Australian Modern Slavery Register for the reporting period 2024-07-01 to 2025-06-30. The reporting entities are headquartered in Australia. The reporting entities have an annual revenue band of 100-150M. The reporting entities operate in the industry sectors: Construction. The statement also covers the included entities: EP Kingston Pty Ltd, RAGNAR PROJEX PTY LTD. Register entry: https://modernslaveryregister.gov.au/statements/26141/.'}"
Modern slavery statement 2024-2671: ALTIUS HOLDCO PTY LTD,document,"{'content': 'ALTIUS HOLDCO PTY LTD (ABN 22 646 640 280) filed a single modern slavery statement with the Australian Modern Slavery Register for the reporting period 2023-07-01 to 2024-06-30. The reporting entity is headquartered in Australia. The reporting entity has an annual revenue band of 100-150M. The reporting entity operates in the industry sectors: Healthcare and pharmaceuticals. The statement also covers the included entities: ALTIUS BIDCO PTY LTD (28 646 640 744), ALTIUS GROUP HOLDINGS PTY LTD (99 603 911 020), ALTIUS GROUP PTY LIMITED (87 123 631 676), Altius Group Services Pty Limited (66 123 922 761), ALTIUS MIDCO PTY LTD (92 646 640 637), AYRES MANAGEMENT SERVICES PTY. LTD. (45 087 711 644), CAREER SHIFT PTY LTD (84 161 037 841), CIM GROUP HOLDINGS PTY LTD (13 607 671 198), EXECUTIVE HEALTH SOLUTIONS PTY LTD (99 099 055 553), FOREAN HOLDINGS PTY LTD (68 098 191 970), INNOVATIVE PHYSIOTHERAPY SERVICES PTY. LTD. (29 103 180 034), NABENET HOLDING PTY LTD (38 137 597 589), OCCHEALTH NETWORK PTY LTD (64 123 632 388), ONTIME DIVERSIFIED PTY LTD (79 610 339 154), ONTIME HEALTH AGENCY PTY LTD (81 612 474 398), ONTIME MEDICAL REPORTS PTY LTD (31 612 807 851), PEOPLESENSE PTY LTD (88 103 691 916), REHABILITATION SERVICES PTY LTD (99 124 265 523), RISK CONSULTING BY ALTIUS PTY LTD (84 092 603 382). Register entry: https://modernslaveryregister.gov.au/statements/19143/.'}"
"Modern slavery statement 2025-3076: AMATEK HOLDINGS PTY LIMITED, AMATEK INDUSTRIES PTY LIMITED, AMATEK INVESTMENTS PTY LIMITED, BANDELLE PTY. LIMITED, BARON INSULATION PTY LTD, CRANE ENFIELD METALS PTY. LIMITED, CRANE GROUP PTY LIMITED, CREVET PIPELINES PTY LTD, CREVET PTY LTD, CTCI PTY LIMITED, EE-FIT PTY LIMITED, FBHS (AUST) PTY LTD, FBSOL PTY LIMITED, FLETCHER BUILDING (AUSTRALIA) PTY LTD, FLETCHER BUILDING PRODUCTS AUSTRALIA PTY LTD, FLETCHER INDUSTRIES AUSTRALIA PTY LIMITED, FLETCHER INSULATION PTY LIMITED, GATIC PTY LIMITED, GERALDTON INDEPENDENT BUILDING SUPPLIES PTY LTD, IPLEX PIPELINES AUSTRALIA PTY LIMITED, IPLEX PROPERTIES PTY. LIMITED, KEY PLASTICS PTY. LTD., KINGSTON BRIDGE ENGINEERING PTY LTD, LAMINEX GROUP PTY LIMITED, MILNES HOLDINGS PTY LTD, MORINDA AUSTRALIA PTY LTD, NORTHERN IRON AND BRASS FOUNDRY PTY. LTD., OLIVERI SOLUTIONS PTY LIMITED, POLYMER FUSION EDUCATION PTY LTD, S CUBED PTY LIMITED, SONATA ACOUSTIC PANELS PTY LIMITED, STRAMIT CORPORATION PTY LIMITED, TASMAN AUSTRALIA PTY LIMITED, TASMAN BUILDING PRODUCTS PTY LIMITED, TBP GROUP PTY LTD, WATER FILTERS AUSTRALIA PTY LIMITED",document,"{'content': 'AMATEK HOLDINGS PTY LIMITED, AMATEK INDUSTRIES PTY LIMITED, AMATEK INVESTMENTS PTY LIMITED, BANDELLE PTY. LIMITED, BARON INSULATION PTY LTD, CRANE ENFIELD METALS PTY. LIMITED, CRANE GROUP PTY LIMITED, CREVET PIPELINES PTY LTD, CREVET PTY LTD, CTCI PTY LIMITED, EE-FIT PTY LIMITED, FBHS (AUST) PTY LTD, FBSOL PTY LIMITED, FLETCHER BUILDING (AUSTRALIA) PTY LTD, FLETCHER BUILDING PRODUCTS AUSTRALIA PTY LTD, FLETCHER INDUSTRIES AUSTRALIA PTY LIMITED, FLETCHER INSULATION PTY LIMITED, GATIC PTY LIMITED, GERALDTON INDEPENDENT BUILDING SUPPLIES PTY LTD, IPLEX PIPELINES AUSTRALIA PTY LIMITED, IPLEX PROPERTIES PTY. LIMITED, KEY PLASTICS PTY. LTD., KINGSTON BRIDGE ENGINEERING PTY LTD, LAMINEX GROUP PTY LIMITED, MILNES HOLDINGS PTY LTD, MORINDA AUSTRALIA PTY LTD, NORTHERN IRON AND BRASS FOUNDRY PTY. LTD., OLIVERI SOLUTIONS PTY LIMITED, POLYMER FUSION EDUCATION PTY LTD, S CUBED PTY LIMITED, SONATA ACOUSTIC PANELS PTY LIMITED, STRAMIT CORPORATION PTY LIMITED, TASMAN AUSTRALIA PTY LIMITED, TASMAN BUILDING PRODUCTS PTY LIMITED, TBP GROUP PTY LTD, WATER FILTERS AUSTRALIA PTY LIMITED filed a joint modern slavery statement with the Australian Modern Slavery Register for the reporting period 2024-07-01 to 2025-06-30. The reporting entity is headquartered in New Zealand. The reporting entity has an annual revenue band of 1BN+. The reporting entity operates in the industry sectors: Retail Trade Wholesale Trade Construction Manufacturing. Register entry: https://modernslaveryregister.gov.au/statements/25998/.'}"
Modern slavery statement 2025-2248: Infratil Limited,document,"{'content': 'Infratil Limited filed a single modern slavery statement with the Australian Modern Slavery Register for the reporting period 2024-04-01 to 2025-03-31. The reporting entity is headquartered in New Zealand. The reporting entity has an annual revenue band of 1BN+. The reporting entity operates in the industry sectors: Financial and Insurance Services Health Care and Social Assistance Electricity, Gas, Water and Waste Services Information Media and Telecommunications. Register entry: https://modernslaveryregister.gov.au/statements/24762/.'}"
Modern slavery statement 2021-3900: FITNESS AND LIFESTYLE GROUP BIDCO PTY LTD,document,"{'content': 'FITNESS AND LIFESTYLE GROUP BIDCO PTY LTD (ABN 88 613 738 408) filed a joint modern slavery statement with the Australian Modern Slavery Register for the reporting period 2020-07-01 to 2021-06-30. The reporting entity is headquartered in Australia. The reporting entity has an annual revenue band of 500-600M. The reporting entity operates in the industry sectors: Consumer services, including accommodation, hospitality, tourism and leisure. Register entry: https://modernslaveryregister.gov.au/statements/7349/.'}"
Modern slavery statement 2022-3002: WESPINE INDUSTRIES PTY LTD,document,"{'content': 'WESPINE INDUSTRIES PTY LTD (ABN 88 052 954 337) filed a single modern slavery statement with the Australian Modern Slavery Register for the reporting period 2020-07-01 to 2021-06-30. The reporting entity is headquartered in Australia. The reporting entity has an annual revenue band of 100-150M. The reporting entity operates in the industry sectors: Forestry, timber products, paper and containers and packaging. Register entry: https://modernslaveryregister.gov.au/statements/11931/.'}"
Modern slavery statement 2022-206: IRONMAN 4X4 PTY LTD,document,"{'content': 'IRONMAN 4X4 PTY LTD (ABN 75 005 327 882) filed a single modern slavery statement with the Australian Modern Slavery Register for the reporting period 2021-01-01 to 2021-12-31. The reporting entity is headquartered in Australia. The reporting entity has an annual revenue band of 100-150M. The reporting entity operates in the industry sectors: Durable consumer goods, including electronics and appliances, home furnishings and other accessories. Register entry: https://modernslaveryregister.gov.au/statements/7999/.'}"
Modern slavery statement 2022-3115: AMBROSE CONSTRUCT GROUP PTY LTD & Inserve Australia Ltd,document,"{'content': 'AMBROSE CONSTRUCT GROUP PTY LTD (ABN 35 131 176 102) and Inserve Australia Ltd (ABN 76 147 747 859) filed a joint modern slavery statement with the Australian Modern Slavery Register for the reporting period 2021-07-01 to 2022-06-30. The reporting entities are headquartered in Australia. The reporting entities have an annual revenue band of 200-250M. The reporting entities operate in the industry sectors: Construction, civil engineering and building products. Register entry: https://modernslaveryregister.gov.au/statements/12061/.'}"
Modern slavery statement 2025-1902: VERIZON AUSTRALIA PTY LIMITED,document,{'content': 'VERIZON AUSTRALIA PTY LIMITED filed a single modern slavery statement with the Australian Modern Slavery Register for the reporting period 2024-01-01 to 2024-12-31. The reporting entity is headquartered in Australia. The reporting entity has an annual revenue band of 150-200M. The reporting entity operates in the industry sectors: Information technology and telecommunication. Register entry: https://modernslaveryregister.gov.au/statements/24231/.'}
Modern slavery statement 2025-2972: NOBLEOAK LIFE LIMITED,document,"{'content': 'NOBLEOAK LIFE LIMITED filed a single modern slavery statement with the Australian Modern Slavery Register for the reporting period 2024-07-01 to 2025-06-30. The reporting entity is headquartered in Australia. The reporting entity has an annual revenue band of 450-500M. The reporting entity operates in the industry sectors: Financial and Insurance Services. The statement also covers the included entities: GENUS LIFE INSURANCE SERVICES PTY LTD, NOBLEOAK ASPIRE PTY LTD, NOBLEOAK CORPORATE BENEFICIARY PTY LTD, NOBLEOAK SERVICES LIMITED. Register entry: https://modernslaveryregister.gov.au/statements/25851/.'}"
Modern slavery statement 2024-867: SPIECAPAG AUSTRALIA PTY. LIMITED,document,"{'content': 'SPIECAPAG AUSTRALIA PTY. LIMITED (ABN 53 067 306 138) filed a single modern slavery statement with the Australian Modern Slavery Register for the reporting period 2023-01-01 to 2023-12-31. The reporting entity is headquartered in Australia. The reporting entity has an annual revenue band of 200-250M. The reporting entity operates in the industry sectors: Construction, civil engineering and building products. The statement also covers the included entities: MENARD OCEANIA PTY LTD & SPIECAPAG AUSTRALIA PTY. LIMITED (80 211 525 404), MOSA Niugini Ltd, VCTSC Niugini Ltd. Register entry: https://modernslaveryregister.gov.au/statements/17954/.'}"
Modern slavery statement 2020-110: ALS INDUSTRIAL AUSTRALIA PTY LTD & ALS LIMITED & AUSTRALIAN LABORATORY SERVICES PTY. LTD.,document,"{'content': 'ALS INDUSTRIAL AUSTRALIA PTY LTD (ABN 50 126 728 103), ALS LIMITED (ABN 92 009 657 489) and AUSTRALIAN LABORATORY SERVICES PTY. LTD. (ABN 84 009 936 029) filed a joint modern slavery statement with the Australian Modern Slavery Register for the reporting period 2019-07-01 to 2020-06-30. The reporting entities are headquartered in Australia. The reporting entities have an annual revenue band of 1BN+. The reporting entities operate in the industry sectors: Other. Register entry: https://modernslaveryregister.gov.au/statements/333/.'}"
Modern slavery statement 2021-1684: THE BETHANIE GROUP INC,document,{'content': 'THE BETHANIE GROUP INC (ABN 60 992 323 648) filed a single modern slavery statement with the Australian Modern Slavery Register for the reporting period 2019-07-01 to 2020-06-30. The reporting entity is headquartered in Australia. The reporting entity has an annual revenue band of 100-150M. The reporting entity operates in the industry sectors: Healthcare and pharmaceuticals Charitable / not-for-profit activities. Register entry: https://modernslaveryregister.gov.au/statements/3857/.'}
Modern slavery statement 2021-394: The Trustee for METRICON HOMES UNIT TRUST,document,"{'content': 'The Trustee for METRICON HOMES UNIT TRUST (ABN 55 201 276 124) filed a joint modern slavery statement with the Australian Modern Slavery Register for the reporting period 2020-01-01 to 2020-12-31. The reporting entity is headquartered in Australia. The reporting entity has an annual revenue band of 1BN+. The reporting entity operates in the industry sectors: Construction, civil engineering and building products. Register entry: https://modernslaveryregister.gov.au/statements/1778/.'}"
Modern slavery statement 2025-1977: CORONADO CURRAGH PTY LTD & Coronado Global Resources Inc,document,{'content': 'CORONADO CURRAGH PTY LTD (ABN 90 009 362 565) and Coronado Global Resources Inc filed a joint modern slavery statement with the Australian Modern Slavery Register for the reporting period 2024-01-01 to 2024-12-31. The reporting entities are headquartered in Australia. The reporting entities have an annual revenue band of 1BN+. The reporting entities operate in the industry sectors: Mining. The statement also covers the included entities: CURRAGH QUEENSLAND MINING PTY LTD (55 095 450 418). Register entry: https://modernslaveryregister.gov.au/statements/24358/.'}
Modern slavery statement 2025-3813: CASTLEREAGH AUTOMOTIVE PTY LTD & Inchurch Automotive Pty Limited & N G P INVESTMENTS (NO 1) PTY LTD et al.,document,"{'content': 'CASTLEREAGH AUTOMOTIVE PTY LTD (ABN 84 136 581 970), Inchurch Automotive Pty Limited (ABN 74 137 048 474), N G P INVESTMENTS (NO 1) PTY LTD (ABN 80 001 495 352), N G P INVESTMENTS (NO 2) PTY LTD (ABN 78 001 495 343), NST Investment Pty Ltd (ABN 26 112 693 562), PENRITH CITY AUTOMOTIVE PTY LTD (ABN 31 091 198 631), PENRITH CITY HOLDINGS PTY. LTD. (ABN 28 091 514 000), PRESTIGE CARS PTY. LTD. (ABN 59 068 818 020), SOUTH EAST AUTOMOTIVE PTY. LIMITED (ABN 16 117 048 450), TERRY SHIELDS PTY LTD (ABN 73 000 678 473) and WESTERN REGION AUTOMOTIVE PTY LIMITED (ABN 72 112 718 420) filed a joint modern slavery statement with the Australian Modern Slavery Register for the reporting period 2024-07-01 to 2025-06-30. The reporting entities are headquartered in Australia. The reporting entities have an annual revenue band of 1BN+. The reporting entities operate in the industry sectors: Retail Trade. The statement also covers the included entities: Belconnen Automotive Pty Limited (70 151 606 138), CONISTON TRUCKS PTY LTD (15 638 816 912), NDM INVESTMENTS GROUP PTY LTD (74 607 497 754), N G P CANBERRA INVESTMENTS PTY. LIMITED (45 003 484 571), N G P FINANCE PTY LTD (79 629 752 969), NGP GROUP SERVICES PTY LIMITED (25 143 438 797), N G P MELBOURNE INVESTMENTS PTY LTD (48 078 856 381), N G P MELBOURNE PTY LTD (79 004 074 819), N G P PHILLIP AUTOMOTIVE PTY LTD (12 629 047 909), N G P WOLLONGONG PTY LTD (33 632 002 781), SOUTHERN HIGHLANDS AUTOMOTIVE PTY. LTD. (12 095 216 961), SOUTHERN HIGHLANDS MOTORS PTY LTD (91 131 107 983), SOUTHSUB PTY LTD (20 637 081 077), The Trustee for MCT Property Trust (26 578 653 682), W F M MOTORS PTY LTD (31 001 632 837), WINBIRRA ESTATE PTY LIMITED (65 074 110 991). Register entry: https://modernslaveryregister.gov.au/statements/26923/.'}"
Modern slavery statement 2024-385: HOLMESGLEN INSTITUTE,document,"{'content': 'HOLMESGLEN INSTITUTE (ABN 40 096 756 729) filed a single modern slavery statement with the Australian Modern Slavery Register for the reporting period 2023-01-01 to 2023-12-31. The reporting entity is headquartered in Australia. The reporting entity has an annual revenue band of 150-200M. The reporting entity operates in the industry sectors: Education and research. The statement also covers the included entities: GLENUC PTY LTD, HOLMESGLEN INTERNATIONAL TRAINING SERVICES PTY LTD, THE TRUSTEE FOR HOLMESGLEN FOUNDATION (85 116 873 292). Register entry: https://modernslaveryregister.gov.au/statements/17273/.'}"
Modern slavery statement 2024-1525: JUST EAT (ACQUISITIONS) PTY LIMITED,document,"{'content': 'JUST EAT (ACQUISITIONS) PTY LIMITED filed a single modern slavery statement with the Australian Modern Slavery Register for the reporting period 2023-01-01 to 2023-12-31. The reporting entity is headquartered in Netherlands. The reporting entity has an annual revenue band of 100-150M. The reporting entity operates in the industry sectors: Transportation, logistics, and storage Information technology and telecommunication. The statement also covers the included entities: Menulog Group Limited, MENULOG PTY LTD. Register entry: https://modernslaveryregister.gov.au/statements/18844/.'}"
Modern slavery statement 2024-3083: BG&E GROUP LIMITED,document,"{'content': 'BG&E GROUP LIMITED filed a single modern slavery statement with the Australian Modern Slavery Register for the reporting period 2023-07-01 to 2024-06-30. The reporting entity is headquartered in Australia. The reporting entity has an annual revenue band of 150-200M. The reporting entity operates in the industry sectors: Construction, civil engineering and building products. Register entry: https://modernslaveryregister.gov.au/statements/20983/.'}"
Modern slavery statement 2021-1024: FIRST SOURCING AND LOGISTICS PTY LTD & The Trustee for The Minderoo Foundation Trust,document,{'content': 'FIRST SOURCING AND LOGISTICS PTY LTD (ABN 43 640 133 606) and The Trustee for The Minderoo Foundation Trust (ABN 24 819 440 618) filed a joint modern slavery statement with the Australian Modern Slavery Register for the reporting period 2019-07-01 to 2020-06-30. The reporting entities are headquartered in Australia. The reporting entities have an annual revenue band of 500-600M. The reporting entities operate in the industry sectors: Charitable / not-for-profit activities. Register entry: https://modernslaveryregister.gov.au/statements/2295/.'}
Modern slavery statement 2024-3116: DLA Piper Australia (National Partnership),document,"{'content': 'DLA Piper Australia (National Partnership) (ABN 83 508 451 308) filed a single modern slavery statement with the Australian Modern Slavery Register for the reporting period 2023-05-01 to 2024-04-30. The reporting entity is headquartered in Australia. The reporting entity has an annual revenue band of 200-250M. The reporting entity operates in the industry sectors: Professional and administrative services and supplies, including legal, consulting and accounting services. Register entry: https://modernslaveryregister.gov.au/statements/21028/.'}"
Modern slavery statement 2023-3283: LIBERTY INFRABUILD LTD,document,"{'content': 'LIBERTY INFRABUILD LTD filed a joint modern slavery statement with the Australian Modern Slavery Register for the reporting period 2022-07-01 to 2023-06-30. The reporting entity is headquartered in Australia. The reporting entity has an annual revenue band of 500-600M. The reporting entity operates in the industry sectors: Waste management and recycling Construction, civil engineering and building products. The statement also covers the included entities: AUSTEEL TRADING PTY LTD, AUSTUBE MILLS PTY LTD, INFRABUILD AUSTRALIA FINANCE PTY LTD, INFRABUILD AUSTRALIA PTY LTD, INFRABUILD CONSTRUCTION SOLUTIONS PTY LTD, INFRABUILD (MANUFACTURING) PTY LTD, INFRABUILD (NEWCASTLE) PTY LTD, INFRABUILD NSW PTY LTD, INFRABUILD TRADING PTY LTD, INFRABUILD WIRE PTY LIMITED, ONESTEEL RECYCLING PTY LIMITED, P & T TUBE MILLS PTY LTD, SSX SERVICES PTY LIMITED, STEELFORCE AUSTRALIA PTY LIMITED, Steelforce China Pty Ltd, Steelforce Holdings Pty Ltd, THE AUSTRALIAN STEEL COMPANY (OPERATIONS) PTY LTD, XMS HOLDINGS PTY LIMITED. Register entry: https://modernslaveryregister.gov.au/statements/16557/.'}"
Modern slavery statement 2022-1600: VITERRA AUSTRALIA HOLDINGS PTY LTD & VITERRA HOLDINGS PTY LTD,document,"{'content': 'VITERRA AUSTRALIA HOLDINGS PTY LTD (ABN 81 161 229 867) and VITERRA HOLDINGS PTY LTD (ABN 87 137 191 023) filed a joint modern slavery statement with the Australian Modern Slavery Register for the reporting period 2021-07-01 to 2022-06-30. The reporting entities are headquartered in Netherlands. The reporting entities have an annual revenue band of 1BN+. The reporting entities operate in the industry sectors: Food and beverages, agriculture and fishing Transportation, logistics, and storage. Register entry: https://modernslaveryregister.gov.au/statements/10038/.'}"
Modern slavery statement 2021-994: AURECON AUSTRALASIA PTY LTD & AURECON GROUP PTY LTD & AURECON LTD,document,"{'content': 'AURECON AUSTRALASIA PTY LTD (ABN 54 005 139 873), AURECON GROUP PTY LTD (ABN 12 133 838 187) and AURECON LTD (ABN 83 156 139 847) filed a joint modern slavery statement with the Australian Modern Slavery Register for the reporting period 2019-07-01 to 2020-06-30. The reporting entities are headquartered in Australia. The reporting entities have an annual revenue band of 1BN+. The reporting entities operate in the industry sectors: Construction, civil engineering and building products. Register entry: https://modernslaveryregister.gov.au/statements/2832/.'}"
Modern slavery statement 2025-1655: KAEFER INTEGRATED SERVICES PTY LTD,document,"{'content': 'KAEFER INTEGRATED SERVICES PTY LTD (ABN 83 009 046 191) filed a single modern slavery statement with the Australian Modern Slavery Register for the reporting period 2024-01-01 to 2024-12-31. The reporting entity is headquartered in Germany. The reporting entity has an annual revenue band of 450-500M. The reporting entity operates in the industry sectors: Mining, metals, chemicals and resources (including oil and gas) Construction, civil engineering and building products. Register entry: https://modernslaveryregister.gov.au/statements/23920/.'}"
Modern slavery statement 2023-339: UNIQLO AUSTRALIA PTY LTD,document,"{'content': 'UNIQLO AUSTRALIA PTY LTD (ABN 36 161 922 103) filed a single modern slavery statement with the Australian Modern Slavery Register for the reporting period 2021-09-01 to 2022-08-31. The reporting entity is headquartered in Australia. The reporting entity has an annual revenue band of 400-450M. The reporting entity operates in the industry sectors: Fashion, textiles, apparel and luxury goods. Register entry: https://modernslaveryregister.gov.au/statements/12569/.'}"
Modern slavery statement 2025-3560: MADE (AUST.) PTY LTD,document,"{'content': 'MADE (AUST.) PTY LTD filed a single modern slavery statement with the Australian Modern Slavery Register for the reporting period 2024-07-01 to 2025-06-30. The reporting entity is headquartered in Australia. The reporting entity has an annual revenue band of 350-400M. The reporting entity operates in the industry sectors: Manufacturing. The statement also covers the included entities: CROSSMAX RETAIL CO LTD, EPICUREAN DAIRY LIMITED, MADE BRANDS PTE LTD, MADE BRANDS PTY LTD, MADE CONNECT PTE LTD, MADE INNOVATIONS PTY LTD, MADE MANUFACTURING PTY LTD, MADE MANUFACTURING TH LTD. Register entry: https://modernslaveryregister.gov.au/statements/26613/.'}"
Modern slavery statement 2023-2664: QUBE HOLDINGS LIMITED,document,"{'content': 'QUBE HOLDINGS LIMITED (ABN 14 149 723 053) filed a joint modern slavery statement with the Australian Modern Slavery Register for the reporting period 2022-07-01 to 2023-06-30. The reporting entity is headquartered in Australia. The reporting entity has an annual revenue band of 1BN+. The reporting entity operates in the industry sectors: Transportation, logistics, and storage. The statement also covers the included entities: AUSTRALIAN AMALGAMATED TERMINALS PTY LIMITED (13 098 458 229), C&H ACQUISITION PTY LTD (48 600 205 909), CTC Terminals Pty Ltd (52 138 486 147), GIACCI BROS. PTY LTD (66 008 708 361), Harvestco Australia Pty Ltd (13 122 876 019), KALARI PROPRIETARY LIMITED (14 004 595 395), LCR GROUP PTY LTD (78 095 626 798), MARITIME CONTAINER SERVICES PTY LTD (69 001 169 240), QUBE BULK PTY LTD (13 138 868 756), QUBE ENERGY PTY LTD (33 006 430 039), QUBE FORESTRY PTY LTD (55 152 640 009), QUBE LOGISTICS (AUST) PTY LTD (18 123 003 930), QUBE LOGISTICS (GLOBAL) PTY LTD (71 123 236 260), QUBE LOGISTICS (NSW) PTY LTD (99 123 022 588), QUBE LOGISTICS (QLD) PTY LTD (21 009 677 383), QUBE LOGISTICS (QLDT1) PTY LTD (53 010 235 935), QUBE LOGISTICS (RAIL) PTY LTD (63 082 313 415), QUBE LOGISTICS (SA1) PTY LTD (21 008 263 474), QUBE LOGISTICS (SA) PTY LTD (43 087 193 299), QUBE LOGISTICS (SB) PTY LTD (83 003 307 319), QUBE LOGISTICS (SL) PTY LTD (90 004 935 915), QUBE LOGISTICS (VIC) PTY LTD (72 092 352 228), QUBE LOGISTICS (WA1) PTY LTD (65 093 981 134), QUBE LOGISTICS (WA2) PTY LTD (41 130 530 111), QUBE LOGISTICS (WA) PTY LTD (68 087 193 342), QUBE OFFSHORE SERVICES PTY LTD (24 164 301 008), QUBE PORTS (NO 1) PTY LTD (74 128 404 900), QUBE PORTS PTY LTD (46 123 021 492), THE TRUSTEE FOR CSR TRUST (26 099 459 809), The Trustee for LCR MINING GROUP TRUST (42 135 447 506), The Trustee for QUATTRO GRAIN TRUST (63 472 949 145). Register entry: https://modernslaveryregister.gov.au/statements/15801/.'}"
Modern slavery statement 2025-2833: Mildura Base Public Hospital,document,{'content': 'Mildura Base Public Hospital (ABN 73 543 496 421) filed a single modern slavery statement with the Australian Modern Slavery Register for the reporting period 2024-07-01 to 2025-06-30. The reporting entity is headquartered in Australia. The reporting entity has an annual revenue band of 150-200M. The reporting entity operates in the industry sectors: Health Care and Social Assistance. Register entry: https://modernslaveryregister.gov.au/statements/25659/.'}
Modern slavery statement 2021-1395: ERICSSON AUSTRALIA PTY LTD & Telefonaktiebolaget LM Ericsson,document,{'content': 'ERICSSON AUSTRALIA PTY LTD (ABN 56 004 071 854) and Telefonaktiebolaget LM Ericsson filed a joint modern slavery statement with the Australian Modern Slavery Register for the reporting period 2020-01-01 to 2020-12-31. The reporting entities are headquartered in Sweden. The reporting entities have an annual revenue band of 1BN+. The reporting entities operate in the industry sectors: Information technology and telecommunication. Register entry: https://modernslaveryregister.gov.au/statements/3350/.'}
Modern slavery statement 2023-2553: JUMBO INTERACTIVE LIMITED,document,"{'content': 'JUMBO INTERACTIVE LIMITED (ABN 66 009 189 128) filed a joint modern slavery statement with the Australian Modern Slavery Register for the reporting period 2022-01-01 to 2022-12-31. The reporting entity is headquartered in Australia. The reporting entity has an annual revenue band of 100-150M. The reporting entity operates in the industry sectors: Consumer services, including accommodation, hospitality, tourism and leisure. The statement also covers the included entities: BENON TECHNOLOGIES PTY LTD (56 010 961 725), DDPay Ltd, Gatherwell Limited, JUMBO INTERACTIVE ASIA PTY LTD (77 161 533 599), Jumbo Interactive North America, Inc., Jumbo Interactive UK Limited, Jumbo Interactivo de Mexico SA de CV, JUMBO LOTTERIES PTY LTD (78 125 816 659), Starvale Management & Technologies Ltd, Starvale Technical Systems Ltd, Stride Management Corporation, TMS (Fiji) On-Line Pte Limited, TMS (Fiji) Pte Limited, TMS Global Services (nsw) Pty Ltd (84 104 546 885), TMS Global Services (PNG) Limited, TMS GLOBAL SERVICES PTY LTD (22 089 771 835), TMS Global Services (Vic) Pty Ltd (82 113 337 358). Register entry: https://modernslaveryregister.gov.au/statements/15367/.'}"
Modern slavery statement 2022-2191: DAVIDSON EXECUTIVE AND BOARDS PTY LTD & DAVIDSON GROUP (AUST) PTY LTD & DAVIDSON GROUP SERVICES PTY LTD et al.,document,"{'content': 'DAVIDSON EXECUTIVE AND BOARDS PTY LTD (ABN 89 167 748 816), DAVIDSON GROUP (AUST) PTY LTD (ABN 43 167 652 155), DAVIDSON GROUP SERVICES PTY LTD (ABN 85 124 816 708), DAVIDSON HR CONSULTING PTY LTD (ABN 38 161 578 310), DAVIDSON IP PTY LTD (ABN 63 167 190 598), DAVIDSON RECRUITMENT PTY LTD (ABN 50 167 132 523), DAVIDSON TECHNOLOGY (AUST) PTY LTD (ABN 51 167 752 258), DAVIDSON TECHNOLOGY CONSULTING PTY LTD (ABN 23 163 298 379) and ITCOM AUSTRALIA PTY. LTD. (ABN 67 064 911 404) filed a joint modern slavery statement with the Australian Modern Slavery Register for the reporting period 2021-07-01 to 2022-06-30. The reporting entities are headquartered in Australia. The reporting entities have an annual revenue band of 350-400M. The reporting entities operate in the industry sectors: Information technology and telecommunication Professional and administrative services and supplies, including legal, consulting and accounting services. Register entry: https://modernslaveryregister.gov.au/statements/10748/.'}"
Modern slavery statement 2023-3061: PINNACLE INVESTMENT MANAGEMENT GROUP LIMITED,document,"{'content': 'PINNACLE INVESTMENT MANAGEMENT GROUP LIMITED (ABN 22 100 325 184) filed a joint modern slavery statement with the Australian Modern Slavery Register for the reporting period 2022-07-01 to 2023-06-30. The reporting entity is headquartered in Australia. The reporting entity has an annual revenue band of 0-99M. The reporting entity operates in the industry sectors: Financial, insurance and real estate activities Professional and administrative services and supplies, including legal, consulting and accounting services. The statement also covers the included entities: PINNACLE FUND SERVICES LIMITED (29 082 494 362), PINNACLE INVESTMENT MANAGEMENT LIMITED (66 109 659 109), PINNACLE RE SERVICES LIMITED (42 130 508 379), Pinnacle Services Administration Pty Ltd (14 126 175 148). Register entry: https://modernslaveryregister.gov.au/statements/16321/.'}"
Modern slavery statement 2024-585: MERCK HEALTHCARE PTY LTD & SIGMA-ALDRICH OCEANIA PTY LTD,document,"{'content': 'MERCK HEALTHCARE PTY LTD (ABN 72 006 900 830) and SIGMA-ALDRICH OCEANIA PTY LTD (ABN 29 112 895 708) filed a joint modern slavery statement with the Australian Modern Slavery Register for the reporting period 2023-01-01 to 2023-12-31. The reporting entities are headquartered in Germany. The reporting entities have an annual revenue band of 150-200M. The reporting entities operate in the industry sectors: Healthcare and pharmaceuticals. The statement also covers the included entities: MERCK LIFE SCIENCE PTY LTD (66 051 627 831), MERCK PTY LTD (80 001 239 818). Register entry: https://modernslaveryregister.gov.au/statements/17605/.'}"
Modern slavery statement 2022-923: DIC AUSTRALIA PTY LIMITED,document,"{'content': 'DIC AUSTRALIA PTY LIMITED (ABN 12 000 079 550) filed a single modern slavery statement with the Australian Modern Slavery Register for the reporting period 2021-07-01 to 2022-06-30. The reporting entity is headquartered in Japan. The reporting entity has an annual revenue band of 0-99M. The reporting entity operates in the industry sectors: Mining, metals, chemicals and resources (including oil and gas). Register entry: https://modernslaveryregister.gov.au/statements/9127/.'}"
Modern slavery statement 2025-1881: QSR PTY LTD & RESTAURANT BRANDS AUSTRALIA HOLDINGS PTY LTD,document,"{'content': 'QSR PTY LTD (ABN 63 089 163 682) and RESTAURANT BRANDS AUSTRALIA HOLDINGS PTY LTD (ABN 53 611 058 701) filed a joint modern slavery statement with the Australian Modern Slavery Register for the reporting period 2022-01-01 to 2022-12-31. The reporting entities are headquartered in Australia. The reporting entities have an annual revenue band of 250-300M. The reporting entities operate in the industry sectors: Food and beverages, agriculture and fishing. The statement also covers the included entities: RESTAURANT BRANDS AUSTRALIA PTY LIMITED (22 099 923 501). Register entry: https://modernslaveryregister.gov.au/statements/24207/.'}"
Modern slavery statement 2021-4148: YOURTOWN,document,{'content': 'YOURTOWN (ABN 11 102 379 386) filed a single modern slavery statement with the Australian Modern Slavery Register for the reporting period 2021-01-01 to 2021-12-31. The reporting entity is headquartered in Australia. The reporting entity has an annual revenue band of 100-150M. The reporting entity operates in the industry sectors: Charitable / not-for-profit activities. Register entry: https://modernslaveryregister.gov.au/statements/7629/.'}
"Modern slavery statement 2024-2617: HASTINGS DEERING (AUSTRALIA) LIMITED, Sime Darby Industrial Australia Pty ltd",document,"{'content': 'HASTINGS DEERING (AUSTRALIA) LIMITED, Sime Darby Industrial Australia Pty ltd filed a joint modern slavery statement with the Australian Modern Slavery Register for the reporting period 2023-07-01 to 2024-06-30. The reporting entity is headquartered in Australia. The reporting entity has an annual revenue band of 1BN+. The reporting entity operates in the industry sectors: Mining, metals, chemicals and resources (including oil and gas) Automotive, machinery and heavy electrical equipment Construction, civil engineering and building products. The statement also covers the included entities: AUSTCHROME PTY LTD, DECODA DIGITAL SERVICES PTY LTD, HAYNES MECHANICAL PTY LTD, HMG HARDCHROME PTY LTD, TFP ENGINEERING PTY LIMITED. Register entry: https://modernslaveryregister.gov.au/statements/20364/.'}"
Modern slavery statement 2021-1151: COMMONWEALTH STEEL COMPANY PTY LIMITED,document,"{'content': 'COMMONWEALTH STEEL COMPANY PTY LIMITED (ABN 58 000 007 698) filed a joint modern slavery statement with the Australian Modern Slavery Register for the reporting period 2019-07-01 to 2020-06-30. The reporting entity is headquartered in Australia. The reporting entity has an annual revenue band of 200-250M. The reporting entity operates in the industry sectors: Mining, metals, chemicals and resources (including oil and gas). Register entry: https://modernslaveryregister.gov.au/statements/3064/.'}"
"Modern slavery statement 2024-2811: MT MAGNET GOLD PTY LTD, PENNY OPERATIONS PTY LTD, Ramelius Resources Ltd, TAMPIA OPERATIONS PTY LTD",document,"{'content': 'MT MAGNET GOLD PTY LTD, PENNY OPERATIONS PTY LTD, Ramelius Resources Ltd, TAMPIA OPERATIONS PTY LTD filed a joint modern slavery statement with the Australian Modern Slavery Register for the reporting period 2023-07-01 to 2024-06-30. The reporting entity is headquartered in Australia. The reporting entity has an annual revenue band of 800-900M. The reporting entity operates in the industry sectors: Mining, metals, chemicals and resources (including oil and gas). The statement also covers the included entities: MT MAGNET GOLD PTY LTD, PENNY OPERATIONS PTY LTD, TAMPIA OPERATIONS PTY LTD. Register entry: https://modernslaveryregister.gov.au/statements/20637/.'}"
Modern slavery statement 2025-3446: TAMA AUSTRALIA PTY LTD,document,"{'content': 'TAMA AUSTRALIA PTY LTD (ABN 88 617 155 361) filed a single modern slavery statement with the Australian Modern Slavery Register for the reporting period 2024-07-01 to 2025-06-30. The reporting entity is headquartered in Israel. The reporting entity has an annual revenue band of 100-150M. The reporting entity operates in the industry sectors: Agriculture, Forestry and Fishing. The statement also covers the included entities: AGRI NOVATEX AUSTRALIA PTY LTD (88 132 505 161), CROP PACK PTY LTD, SILOBAG SOLUTIONS PTY LTD (14 676 507 449). Register entry: https://modernslaveryregister.gov.au/statements/26509/.'}"
Modern slavery statement 2024-3339: ACCESS HARDWARE HOLDINGS PTY. LTD.,document,"{'content': 'ACCESS HARDWARE HOLDINGS PTY. LTD. filed a single modern slavery statement with the Australian Modern Slavery Register for the reporting period 2023-07-01 to 2024-06-30. The reporting entity is headquartered in Australia. The reporting entity has an annual revenue band of 100-150M. The reporting entity operates in the industry sectors: Construction, civil engineering and building products. The statement also covers the included entities: ACCESS COMMERCIAL SECURITY PTY LTD, ACCESS CORPORATE SERVICES PTY LTD, Access Doors (Tas) Pty Ltd, ACCESS HARDWARE (NT) PTY. LTD., ACCESS HARDWARE PTY. LTD., ACCESS HARDWARE (QLD) PTY. LTD., ACCESS HARDWARE (S.A.) PTY. LTD., ACCESS HARDWARE (TAS) PTY. LTD., ACCESS HOLDINGS (TAS) PTY LTD, ACCESS LOCKSMITHS (TAS) PTY LTD, ACCESS SPECIALTY HARDWARE PTY LTD. Register entry: https://modernslaveryregister.gov.au/statements/21298/.'}"
"Modern slavery statement 2025-3322: HCF HOLDCO PTY LIMITED, HCF MIDCO 2 PTY LIMITED",document,"{'content': 'HCF HOLDCO PTY LIMITED, HCF MIDCO 2 PTY LIMITED filed a joint modern slavery statement with the Australian Modern Slavery Register for the reporting period 2024-07-01 to 2025-06-30. The reporting entity is headquartered in Australia. The reporting entity has an annual revenue band of 450-500M. The reporting entity operates in the industry sectors: Manufacturing. Register entry: https://modernslaveryregister.gov.au/statements/26259/.'}"
Modern slavery statement 2021-2342: GS GLOBAL AUSTRALIA PTY.LTD.,document,"{'content': 'GS GLOBAL AUSTRALIA PTY.LTD. (ABN 12 003 931 548) filed a single modern slavery statement with the Australian Modern Slavery Register for the reporting period 2020-01-01 to 2020-12-31. The reporting entity is headquartered in Republic of Korea (South Korea). The reporting entity has an annual revenue band of 100-150M. The reporting entity operates in the industry sectors: Construction, civil engineering and building products. Register entry: https://modernslaveryregister.gov.au/statements/4473/.'}"
Modern slavery statement 2021-3213: PERENTI GLOBAL LIMITED,document,"{'content': 'PERENTI GLOBAL LIMITED (ABN 95 009 211 474) filed a joint modern slavery statement with the Australian Modern Slavery Register for the reporting period 2020-07-01 to 2021-06-30. The reporting entity is headquartered in Australia. The reporting entity has an annual revenue band of 1BN+. The reporting entity operates in the industry sectors: Mining, metals, chemicals and resources (including oil and gas). Register entry: https://modernslaveryregister.gov.au/statements/6303/.'}"
Modern slavery statement 2021-4207: HYPERION INVESTMENTS AUSTRALIA PTY LIMITED,document,"{'content': 'HYPERION INVESTMENTS AUSTRALIA PTY LIMITED (ABN 36 600 693 945) filed a joint modern slavery statement with the Australian Modern Slavery Register for the reporting period 2020-01-01 to 2020-12-31. The reporting entity is headquartered in Australia. The reporting entity has an annual revenue band of 100-150M. The reporting entity operates in the industry sectors: Transportation, logistics, and storage. Register entry: https://modernslaveryregister.gov.au/statements/1665/.'}"
Modern slavery statement 2021-1405: LYNCH GROUP HOLDINGS LIMITED,document,"{'content': 'LYNCH GROUP HOLDINGS LIMITED (ABN 35 608 543 219) filed a single modern slavery statement with the Australian Modern Slavery Register for the reporting period 2019-07-01 to 2020-06-30. The reporting entity is headquartered in Australia. The reporting entity has an annual revenue band of 200-250M. The reporting entity operates in the industry sectors: Forestry, timber products, paper and containers and packaging. Register entry: https://modernslaveryregister.gov.au/statements/3363/.'}"
Modern slavery statement 2020-290: JAMES HARDIE AUSTRALIA PTY LTD & RCI HOLDINGS PTY LTD,document,"{'content': 'JAMES HARDIE AUSTRALIA PTY LTD (ABN 12 084 635 558) and RCI HOLDINGS PTY LTD (ABN 55 101 671 121) filed a joint modern slavery statement with the Australian Modern Slavery Register for the reporting period 2019-04-01 to 2020-03-30. The reporting entities are headquartered in Australia. The reporting entities have an annual revenue band of 400-450M. The reporting entities operate in the industry sectors: Construction, civil engineering and building products. Register entry: https://modernslaveryregister.gov.au/statements/746/.'}"
"Modern slavery statement 2025-949: JLT RISK SOLUTIONS PTY LTD, MARSH MERCER HOLDINGS (AUSTRALIA) PTY LTD, MARSH PTY LTD, MERCER (AUSTRALIA) PTY LTD, Mercer Consulting (Australia) Pty Ltd, MERCER INVESTMENTS (AUSTRALIA) LIMITED, MERCER OUTSOURCING (AUSTRALIA) PTY LTD, MERCER SUPERANNUATION (AUSTRALIA) LIMITED, MMC HOLDINGS (AUSTRALIA) PTY LTD",document,"{'content': 'JLT RISK SOLUTIONS PTY LTD, MARSH MERCER HOLDINGS (AUSTRALIA) PTY LTD, MARSH PTY LTD, MERCER (AUSTRALIA) PTY LTD, Mercer Consulting (Australia) Pty Ltd, MERCER INVESTMENTS (AUSTRALIA) LIMITED, MERCER OUTSOURCING (AUSTRALIA) PTY LTD, MERCER SUPERANNUATION (AUSTRALIA) LIMITED, MMC HOLDINGS (AUSTRALIA) PTY LTD (ABN 41 607 891 207) filed a joint modern slavery statement with the Australian Modern Slavery Register for the reporting period 2024-01-01 to 2024-12-31. The reporting entity is headquartered in Australia. The reporting entity has an annual revenue band of 1BN+. The reporting entity operates in the industry sectors: Professional and administrative services and supplies, including legal, consulting and accounting services. The statement also covers the included entities: ADVANCE ASSET MANAGEMENT LIMITED, ARDROSSAN INSURANCE BROKERS PTY LTD, AUSTRAL INSURANCE BROKERS PTY LTD, BOVILL RISK & INSURANCE CONSULTANTS PTY. LTD., CHAMBERS INSURANCE BROKERS PTY LTD, ECHELON AUSTRALIA PTY LTD, EMPIRE INSURANCE GROUP PTY LTD, Group Promoters Pty Ltd, GUY CARPENTER & COMPANY PTY. LTD., HIG AUSTRALIA BIDCO PTY LTD, HIG AUSTRALIA HOLDCO PTY LTD, HONAN EIKON PTY LTD, Honan Financial Services Pty Ltd, HONAN INSURANCE GROUP PTY LTD, Honan Insurance Group (WA) Pty Ltd, HONAN LIFE INSURANCE GROUP PTY LTD, HONAN OPERATING CO PTY LTD, JLT GROUP SERVICES PTY LTD, JLT RE PTY LTD, LLP Holdings Pty Ltd, MARSH ADVANTAGE INSURANCE PTY LTD, MARSH & MCLENNAN AGENCY PTY LTD, MARSH RESOLUTIONS PTY LIMITED, MERCER ADMINISTRATION SERVICES (AUSTRALIA) PTY LIMITED, Mercer Financial Advice (Australia) Pty Ltd, MERCER SERVICES AUSTRALIA PTY LTD, MERCURY INSURANCE SERVICES PTY LTD, Modern Risk Solutions Pty Ltd, NERA AUSTRALIA PTY LTD, OLIVER WYMAN PTY LTD, RISKSMART CLAIMS SOLUTIONS PTY LIMITED, THE RECOVRE GROUP PTY LTD, VICTOR INSURANCE AUSTRALIA PTY LTD, VICTOR INSURANCE PTY LTD, WHS TOTAL SOLUTIONS PTY LTD. Register entry: https://modernslaveryregister.gov.au/statements/23034/.'}"
Modern slavery statement 2025-3345: D & M Lyone Holdings Pty Ltd,document,{'content': 'D & M Lyone Holdings Pty Ltd (ABN 45 102 456 851) filed a single modern slavery statement with the Australian Modern Slavery Register for the reporting period 2024-07-01 to 2025-06-30. The reporting entity is headquartered in Australia. The reporting entity has an annual revenue band of 350-400M. The reporting entity operates in the industry sectors: Other Services. Register entry: https://modernslaveryregister.gov.au/statements/26368/.'}
Modern slavery statement 2021-1000: ZIP CO LIMITED & ZIPMONEY PAYMENTS PTY LTD,document,"{'content': 'ZIP CO LIMITED (ABN 50 139 546 428) and ZIPMONEY PAYMENTS PTY LTD (ABN 58 164 440 993) filed a joint modern slavery statement with the Australian Modern Slavery Register for the reporting period 2019-07-01 to 2020-06-30. The reporting entities are headquartered in Australia. The reporting entities have an annual revenue band of 100-150M. The reporting entities operate in the industry sectors: Financial, insurance and real estate activities. Register entry: https://modernslaveryregister.gov.au/statements/2540/.'}"
Modern slavery statement 2022-1006: SMA AUSTRALIA PTY LTD,document,"{'content': 'SMA AUSTRALIA PTY LTD (ABN 44 127 198 761) filed a single modern slavery statement with the Australian Modern Slavery Register for the reporting period 2021-01-01 to 2021-12-31. The reporting entity is headquartered in Germany. The reporting entity has an annual revenue band of 200-250M. The reporting entity operates in the industry sectors: Utilities: gas, water and electricity. Register entry: https://modernslaveryregister.gov.au/statements/9229/.'}"
Modern slavery statement 2021-309: MADDOCKS,document,"{'content': 'MADDOCKS (ABN 63 478 951 337) filed a single modern slavery statement with the Australian Modern Slavery Register for the reporting period 2019-07-01 to 2020-06-30. The reporting entity is headquartered in Australia. The reporting entity has an annual revenue band of 150-200M. The reporting entity operates in the industry sectors: Professional and administrative services and supplies, including legal, consulting and accounting services. Register entry: https://modernslaveryregister.gov.au/statements/1627/.'}"
Modern slavery statement 2021-596: ENSIGN LABORATORIES PROPRIETARY LIMITED,document,{'content': 'ENSIGN LABORATORIES PROPRIETARY LIMITED (ABN 11 004 395 242) filed a single modern slavery statement with the Australian Modern Slavery Register for the reporting period 2019-07-01 to 2020-06-30. The reporting entity is headquartered in Australia. The reporting entity has an annual revenue band of 100-150M. The reporting entity operates in the industry sectors: Healthcare and pharmaceuticals. Register entry: https://modernslaveryregister.gov.au/statements/2067/.'}
Modern slavery statement 2021-480: BYERWEN COAL PTY LTD,document,"{'content': 'BYERWEN COAL PTY LTD (ABN 64 133 357 632) filed a joint modern slavery statement with the Australian Modern Slavery Register for the reporting period 2019-07-01 to 2020-06-30. The reporting entity is headquartered in Australia. The reporting entity has an annual revenue band of 600-700M. The reporting entity operates in the industry sectors: Mining, metals, chemicals and resources (including oil and gas). Register entry: https://modernslaveryregister.gov.au/statements/1964/.'}"
Modern slavery statement 2021-2107: DULUXGROUP LIMITED,document,"{'content': 'DULUXGROUP LIMITED (ABN 42 133 404 065) filed a joint modern slavery statement with the Australian Modern Slavery Register for the reporting period 2020-01-01 to 2020-12-31. The reporting entity is headquartered in Australia. The reporting entity has an annual revenue band of 1BN+. The reporting entity operates in the industry sectors: Construction, civil engineering and building products. Register entry: https://modernslaveryregister.gov.au/statements/4426/.'}"
Modern slavery statement 2022-1678: DXC TECHNOLOGY AUSTRALIA HOLDINGS PTY LTD,document,{'content': 'DXC TECHNOLOGY AUSTRALIA HOLDINGS PTY LTD (ABN 33 120 570 390) filed a joint modern slavery statement with the Australian Modern Slavery Register for the reporting period 2021-07-01 to 2022-06-30. The reporting entity is headquartered in Australia. The reporting entity has an annual revenue band of 1BN+. The reporting entity operates in the industry sectors: Information technology and telecommunication. Register entry: https://modernslaveryregister.gov.au/statements/10154/.'}
Modern slavery statement 2025-3479: Australian Red Cross Lifeblood (a division of the Australian Red Cross Society a body corporate established by Royal Charter dated 28 June1941),document,{'content': 'Australian Red Cross Lifeblood (a division of the Australian Red Cross Society a body corporate established by Royal Charter dated 28 June1941) (ABN 50 169 561 394) filed a single modern slavery statement with the Australian Modern Slavery Register for the reporting period 2024-07-01 to 2025-06-30. The reporting entity is headquartered in Australia. The reporting entity has an annual revenue band of 800-900M. The reporting entity operates in the industry sectors: Health Care and Social Assistance. Register entry: https://modernslaveryregister.gov.au/statements/26069/.'}
Modern slavery statement 2020-424: RICOH AUSTRALIA PTY LTD,document,{'content': 'RICOH AUSTRALIA PTY LTD (ABN 30 000 593 171) filed a single modern slavery statement with the Australian Modern Slavery Register for the reporting period 2019-04-01 to 2020-03-30. The reporting entity is headquartered in Australia. The reporting entity has an annual revenue band of 300-350M. The reporting entity operates in the industry sectors: Information technology and telecommunication. Register entry: https://modernslaveryregister.gov.au/statements/943/.'}
Modern slavery statement 2024-898: The Trustee for Waypoint REIT Trust & WAYPOINT REIT LIMITED,document,"{'content': 'The Trustee for Waypoint REIT Trust (ABN 96 745 747 163) and WAYPOINT REIT LIMITED (ABN 35 612 986 517) filed a joint modern slavery statement with the Australian Modern Slavery Register for the reporting period 2023-01-01 to 2023-12-31. The reporting entities are headquartered in Australia. The reporting entities have an annual revenue band of 150-200M. The reporting entities operate in the industry sectors: Financial, insurance and real estate activities. Register entry: https://modernslaveryregister.gov.au/statements/18056/.'}"
Modern slavery statement 2024-3663: ENERGY POWER SYSTEMS AUSTRALIA PTY. LIMITED.,document,"{'content': 'ENERGY POWER SYSTEMS AUSTRALIA PTY. LIMITED. (ABN 80 055 274 514) filed a single modern slavery statement with the Australian Modern Slavery Register for the reporting period 2023-07-01 to 2024-06-30. The reporting entity is headquartered in Australia. The reporting entity has an annual revenue band of 300-350M. The reporting entity operates in the industry sectors: Automotive, machinery and heavy electrical equipment Other. Register entry: https://modernslaveryregister.gov.au/statements/20665/.'}"
Modern slavery statement 2024-1490: SUBSEA 7 AUSTRALIA CONTRACTING PTY LTD,document,"{'content': 'SUBSEA 7 AUSTRALIA CONTRACTING PTY LTD (ABN 36 005 288 406) filed a single modern slavery statement with the Australian Modern Slavery Register for the reporting period 2023-07-01 to 2024-06-30. The reporting entity is headquartered in Australia. The reporting entity has an annual revenue band of 300-350M. The reporting entity operates in the industry sectors: Construction, civil engineering and building products. Register entry: https://modernslaveryregister.gov.au/statements/18586/.'}"
Modern slavery statement 2025-3919: ZIP HEATERS (AUST) PTY LTD & ZIP INDUSTRIES (AUST.) PTY LIMITED,document,"{'content': 'ZIP HEATERS (AUST) PTY LTD (ABN 46 000 578 727) and ZIP INDUSTRIES (AUST.) PTY LIMITED (ABN 15 000 072 257) filed a joint modern slavery statement with the Australian Modern Slavery Register for the reporting period 2023-07-01 to 2024-06-30. The reporting entities are headquartered in Australia. The reporting entities have an annual revenue band of 250-300M. The reporting entities operate in the industry sectors: Manufacturing. The statement also covers the included entities: Vestal Water Pty Ltd (55 136 540 460), ZIP WATER SERVICES (QLD) PTY LTD (21 634 096 610). Register entry: https://modernslaveryregister.gov.au/statements/25196/.'}"
Modern slavery statement 2023-2657: WAM LEADERS LIMITED,document,"{'content': 'WAM LEADERS LIMITED (ABN 33 611 053 751) filed a joint modern slavery statement with the Australian Modern Slavery Register for the reporting period 2022-07-01 to 2023-06-30. The reporting entity is headquartered in Australia. The reporting entity has an annual revenue band of 100-150M. The reporting entity operates in the industry sectors: Financial, insurance and real estate activities. The statement also covers the included entities: ABSOLUTE EQUITY PERFORMANCE FUND LIMITED (17 608 552 496), CENTURY AUSTRALIA INVESTMENTS PTY LIMITED (11 107 772 761). Register entry: https://modernslaveryregister.gov.au/statements/15808/.'}"
Modern slavery statement 2021-2942: EPWORTH ARTS FOUNDATION LIMITED & EPWORTH FOUNDATION & EPWORTH MEDICAL FOUNDATION LIMITED,document,"{'content': 'EPWORTH ARTS FOUNDATION LIMITED (ABN 62 606 612 220), EPWORTH FOUNDATION (ABN 97 420 694 950) and EPWORTH MEDICAL FOUNDATION LIMITED (ABN 59 135 483 055) filed a joint modern slavery statement with the Australian Modern Slavery Register for the reporting period 2020-07-01 to 2021-06-30. The reporting entities are headquartered in Australia. The reporting entities have an annual revenue band of 900M-1BN. The reporting entities operate in the industry sectors: Healthcare and pharmaceuticals. Register entry: https://modernslaveryregister.gov.au/statements/5852/.'}"
Modern slavery statement 2021-3670: AFTERPAY LIMITED,document,"{'content': 'AFTERPAY LIMITED (ABN 30 618 280 649) filed a single modern slavery statement with the Australian Modern Slavery Register for the reporting period 2020-07-01 to 2021-06-30. The reporting entity is headquartered in Australia. The reporting entity has an annual revenue band of 1BN+. The reporting entity operates in the industry sectors: Financial, insurance and real estate activities. Register entry: https://modernslaveryregister.gov.au/statements/7018/.'}"
Modern slavery statement 2023-1542: CEVA LOGISTICS (AUSTRALIA) PTY. LTD.,document,"{'content': 'CEVA LOGISTICS (AUSTRALIA) PTY. LTD. (ABN 63 008 438 239) filed a joint modern slavery statement with the Australian Modern Slavery Register for the reporting period 2022-01-01 to 2022-12-31. The reporting entity is headquartered in France. The reporting entity has an annual revenue band of 450-500M. The reporting entity operates in the industry sectors: Transportation, logistics, and storage. Register entry: https://modernslaveryregister.gov.au/statements/14224/.'}"
Modern slavery statement 2022-2019: APOLLO HEALTH LIMITED & ST JOHN AMBULANCE WESTERN AUSTRALIA LTD.,document,{'content': 'APOLLO HEALTH LIMITED (ABN 79 159 660 036) and ST JOHN AMBULANCE WESTERN AUSTRALIA LTD. (ABN 55 028 468 715) filed a joint modern slavery statement with the Australian Modern Slavery Register for the reporting period 2021-07-01 to 2022-06-30. The reporting entities are headquartered in Australia. The reporting entities have an annual revenue band of 300-350M. The reporting entities operate in the industry sectors: Healthcare and pharmaceuticals Charitable / not-for-profit activities. Register entry: https://modernslaveryregister.gov.au/statements/10656/.'}
Modern slavery statement 2021-3843: DENTONS AUSTRALIA LIMITED,document,"{'content': 'DENTONS AUSTRALIA LIMITED (ABN 69 100 963 308) filed a single modern slavery statement with the Australian Modern Slavery Register for the reporting period 2020-07-01 to 2021-06-30. The reporting entity is headquartered in Australia. The reporting entity has an annual revenue band of 100-150M. The reporting entity operates in the industry sectors: Professional and administrative services and supplies, including legal, consulting and accounting services. Register entry: https://modernslaveryregister.gov.au/statements/7268/.'}"
Modern slavery statement 2021-1170: MAYNE PHARMA GROUP LIMITED,document,{'content': 'MAYNE PHARMA GROUP LIMITED (ABN 76 115 832 963) filed a single modern slavery statement with the Australian Modern Slavery Register for the reporting period 2019-07-01 to 2020-06-30. The reporting entity is headquartered in Australia. The reporting entity has an annual revenue band of 450-500M. The reporting entity operates in the industry sectors: Healthcare and pharmaceuticals. Register entry: https://modernslaveryregister.gov.au/statements/2994/.'}
Modern slavery statement 2023-3154: Resourceco Holdings Pty Ltd,document,"{'content': 'Resourceco Holdings Pty Ltd filed a joint modern slavery statement with the Australian Modern Slavery Register for the reporting period 2022-07-01 to 2023-06-30. The reporting entity is headquartered in Australia. The reporting entity has an annual revenue band of 300-350M. The reporting entity operates in the industry sectors: Waste management and recycling Transportation, logistics, and storage. The statement also covers the included entities: CLEANAWAY RESOURCECO RRF PTY LTD, Resourceco Energy Pty Limited, RESOURCECO MATERIAL SOLUTIONS PTY LTD, RESOURCECO PTY LTD, Southern Waste ResourceCo Pty Ltd, TYRECYCLE PTY LTD, VEOLIA-RESOURCECO ALTERNATIVE FUELS PTY LTD. Register entry: https://modernslaveryregister.gov.au/statements/16421/.'}"
Modern slavery statement 2025-2478: ZASHVIN PTY. LTD.,document,"{'content': 'ZASHVIN PTY. LTD. (ABN 80 010 980 015) filed a single modern slavery statement with the Australian Modern Slavery Register for the reporting period 2024-07-01 to 2025-06-30. The reporting entity is headquartered in Australia. The reporting entity has an annual revenue band of 200-250M. The reporting entity operates in the industry sectors: Rental, Hiring and Real Estate Services. Register entry: https://modernslaveryregister.gov.au/statements/25145/.'}"
"Modern slavery statement 2025-843: BOART LONGYEAR AUSTRALIA PTY LTD, BOART LONGYEAR DRILLING PRODUCTS AUSTRALIA PTY LTD",document,"{'content': 'BOART LONGYEAR AUSTRALIA PTY LTD, BOART LONGYEAR DRILLING PRODUCTS AUSTRALIA PTY LTD filed a joint modern slavery statement with the Australian Modern Slavery Register for the reporting period 2024-01-01 to 2024-12-31. The reporting entity is headquartered in Australia, Canada, United Kingdom. The reporting entity has an annual revenue band of 200-250M. The reporting entity operates in the industry sectors: Mining, metals, chemicals and resources (including oil and gas). Register entry: https://modernslaveryregister.gov.au/statements/22916/.'}"
Modern slavery statement 2022-2751: MOUNT PRITCHARD & DISTRICT COMMUNITY CLUB LTD,document,"{'content': 'MOUNT PRITCHARD & DISTRICT COMMUNITY CLUB LTD (ABN 98 000 458 622) filed a joint modern slavery statement with the Australian Modern Slavery Register for the reporting period 2021-07-01 to 2022-06-30. The reporting entity is headquartered in Australia. The reporting entity has an annual revenue band of 100-150M. The reporting entity operates in the industry sectors: Food and beverages, agriculture and fishing Consumer services, including accommodation, hospitality, tourism and leisure. Register entry: https://modernslaveryregister.gov.au/statements/11644/.'}"
Modern slavery statement 2021-523: BOWEN & POMEROY PROPRIETARY LIMITED,document,"{'content': 'BOWEN & POMEROY PROPRIETARY LIMITED (ABN 78 004 174 887) filed a single modern slavery statement with the Australian Modern Slavery Register for the reporting period 2019-07-01 to 2020-06-30. The reporting entity is headquartered in Australia. The reporting entity has an annual revenue band of 350-400M. The reporting entity operates in the industry sectors: Construction, civil engineering and building products. Register entry: https://modernslaveryregister.gov.au/statements/2038/.'}"
Modern slavery statement 2022-2320: RIVIERA HOLDINGS (AUS) PTY LTD,document,"{'content': 'RIVIERA HOLDINGS (AUS) PTY LTD (ABN 96 169 709 415) filed a joint modern slavery statement with the Australian Modern Slavery Register for the reporting period 2020-01-01 to 2020-12-31. The reporting entity is headquartered in Australia. The reporting entity has an annual revenue band of 500-600M. The reporting entity operates in the industry sectors: Food and beverages, agriculture and fishing. Register entry: https://modernslaveryregister.gov.au/statements/11083/.'}"
Modern slavery statement 2024-2249: SYDNEY WATER CORPORATION,document,"{'content': 'SYDNEY WATER CORPORATION (ABN 49 776 225 038) filed a single modern slavery statement with the Australian Modern Slavery Register for the reporting period 2023-07-01 to 2024-06-30. The reporting entity is headquartered in Australia. The reporting entity has an annual revenue band of 1BN+. The reporting entity operates in the industry sectors: Utilities: gas, water and electricity. Register entry: https://modernslaveryregister.gov.au/statements/19855/.'}"
Modern slavery statement 2023-790: NICKEL INDUSTRIES LIMITED,document,"{'content': 'NICKEL INDUSTRIES LIMITED (ABN 44 127 510 589) filed a single modern slavery statement with the Australian Modern Slavery Register for the reporting period 2022-01-01 to 2022-12-31. The reporting entity is headquartered in Australia, Indonesia, Singapore. The reporting entity has an annual revenue band of 1BN+. The reporting entity operates in the industry sectors: Mining, metals, chemicals and resources (including oil and gas). Register entry: https://modernslaveryregister.gov.au/statements/13268/.'}"
Modern slavery statement 2023-2494: YOUI PTY LTD,document,"{'content': 'YOUI PTY LTD (ABN 79 123 074 733) filed a single modern slavery statement with the Australian Modern Slavery Register for the reporting period 2022-07-01 to 2023-06-30. The reporting entity is headquartered in Australia. The reporting entity has an annual revenue band of 1BN+. The reporting entity operates in the industry sectors: Financial, insurance and real estate activities. Register entry: https://modernslaveryregister.gov.au/statements/15575/.'}"
Modern slavery statement 2024-944: AUSTRALIAN TERMINAL OPERATIONS MANAGEMENT PTY LTD,document,"{'content': 'AUSTRALIAN TERMINAL OPERATIONS MANAGEMENT PTY LTD (ABN 70 606 006 866) filed a single modern slavery statement with the Australian Modern Slavery Register for the reporting period 2023-01-01 to 2023-12-31. The reporting entity is headquartered in Australia. The reporting entity has an annual revenue band of 100-150M. The reporting entity operates in the industry sectors: Mining, metals, chemicals and resources (including oil and gas). Register entry: https://modernslaveryregister.gov.au/statements/18151/.'}"
Modern slavery statement 2024-2394: BOWEN & POMEROY PROPRIETARY LIMITED,document,"{'content': 'BOWEN & POMEROY PROPRIETARY LIMITED (ABN 78 004 174 887) filed a single modern slavery statement with the Australian Modern Slavery Register for the reporting period 2023-07-01 to 2024-06-30. The reporting entity is headquartered in Australia. The reporting entity has an annual revenue band of 500-600M. The reporting entity operates in the industry sectors: Construction, civil engineering and building products. Register entry: https://modernslaveryregister.gov.au/statements/20054/.'}"
Modern slavery statement 2023-3171: TEACHERS MUTUAL BANK LIMITED,document,"{'content': 'TEACHERS MUTUAL BANK LIMITED (ABN 30 087 650 459) filed a joint modern slavery statement with the Australian Modern Slavery Register for the reporting period 2022-07-01 to 2023-06-30. The reporting entity is headquartered in Australia. The reporting entity has an annual revenue band of 150-200M. The reporting entity operates in the industry sectors: Financial, insurance and real estate activities. The statement also covers the included entities: EdSec Funding Trust No. 1 (31 905 876 900). Register entry: https://modernslaveryregister.gov.au/statements/16277/.'}"
Modern slavery statement 2022-1624: OBAYASHI CORPORATION,document,"{'content': 'OBAYASHI CORPORATION (ABN 86 002 932 756) filed a single modern slavery statement with the Australian Modern Slavery Register for the reporting period 2021-04-01 to 2022-03-30. The reporting entity is headquartered in Japan. The reporting entity has an annual revenue band of 1BN+. The reporting entity operates in the industry sectors: Construction, civil engineering and building products. Register entry: https://modernslaveryregister.gov.au/statements/10080/.'}"
"Modern slavery statement 2022-2184: GR ENGINEERING SERVICES LTD & Hanlon Engineering & Associates, Inc., MIPAC PTY. LTD. & UPSTREAM PRODUCTION SOLUTIONS PTY LTD",document,"{'content': 'GR ENGINEERING SERVICES LTD (ABN 12 121 542 738), Hanlon Engineering & Associates, Inc., MIPAC PTY. LTD. (ABN 66 097 111 772) and UPSTREAM PRODUCTION SOLUTIONS PTY LTD (ABN 26 166 665 952) filed a joint modern slavery statement with the Australian Modern Slavery Register for the reporting period 2021-07-01 to 2022-06-30. The reporting entities are headquartered in Australia, United States of America. The reporting entities have an annual revenue band of 600-700M. The reporting entities operate in the industry sectors: Mining, metals, chemicals and resources (including oil and gas) Utilities: gas, water and electricity Construction, civil engineering and building products. Register entry: https://modernslaveryregister.gov.au/statements/10905/.'}"
Modern slavery statement 2021-1625: STH HOLDINGS PTY LIMITED & ST HILLIERS CONTRACTING PTY LIMITED & ST. HILLIERS PTY. LIMITED,document,"{'content': 'STH HOLDINGS PTY LIMITED (ABN 71 069 565 331), ST HILLIERS CONTRACTING PTY LIMITED (ABN 66 082 729 039) and ST. HILLIERS PTY. LIMITED (ABN 78 003 819 681) filed a joint modern slavery statement with the Australian Modern Slavery Register for the reporting period 2019-07-01 to 2020-06-30. The reporting entities are headquartered in Australia. The reporting entities have an annual revenue band of 300-350M. The reporting entities operate in the industry sectors: Construction, civil engineering and building products. Register entry: https://modernslaveryregister.gov.au/statements/3752/.'}"
Modern slavery statement 2022-941: GS GLOBAL AUSTRALIA PTY.LTD.,document,"{'content': 'GS GLOBAL AUSTRALIA PTY.LTD. (ABN 12 003 931 548) filed a single modern slavery statement with the Australian Modern Slavery Register for the reporting period 2021-01-01 to 2021-12-31. The reporting entity is headquartered in Republic of Korea (South Korea). The reporting entity has an annual revenue band of 100-150M. The reporting entity operates in the industry sectors: Construction, civil engineering and building products. Register entry: https://modernslaveryregister.gov.au/statements/9152/.'}"
"Modern slavery statement 2025-1074: NORTON GOLD FIELDS PTY LTD, PADDINGTON GOLD PTY LIMITED",document,"{'content': 'NORTON GOLD FIELDS PTY LTD, PADDINGTON GOLD PTY LIMITED filed a joint modern slavery statement with the Australian Modern Slavery Register for the reporting period 2023-01-01 to 2023-12-31. The reporting entity is headquartered in Australia. The reporting entity has an annual revenue band of 500-600M. The reporting entity operates in the industry sectors: Mining. Register entry: https://modernslaveryregister.gov.au/statements/23251/.'}"
Modern slavery statement 2024-317: FREEDOM FURNITURE AUSTRALIA PTY LIMITED & GREENLIT BRANDS PTY LIMITED,document,"{'content': 'FREEDOM FURNITURE AUSTRALIA PTY LIMITED (ABN 55 051 493 764) and GREENLIT BRANDS PTY LIMITED (ABN 21 612 890 874) filed a joint modern slavery statement with the Australian Modern Slavery Register for the reporting period 2022-10-03 to 2023-10-01. The reporting entities are headquartered in Australia. The reporting entities have an annual revenue band of 450-500M. The reporting entities operate in the industry sectors: Durable consumer goods, including electronics and appliances, home furnishings and other accessories Transportation, logistics, and storage. The statement also covers the included entities: FREEDOM FURNITURE AUSTRALIA PTY LIMITED (55 051 493 764). Register entry: https://modernslaveryregister.gov.au/statements/17191/.'}"
Modern slavery statement 2023-3045: BOOM LOGISTICS LTD,document,"{'content': 'BOOM LOGISTICS LTD (ABN 28 095 466 961) filed a joint modern slavery statement with the Australian Modern Slavery Register for the reporting period 2022-07-01 to 2023-06-30. The reporting entity is headquartered in Australia. The reporting entity has an annual revenue band of 200-250M. The reporting entity operates in the industry sectors: Construction, civil engineering and building products Transportation, logistics, and storage. The statement also covers the included entities: AKN PTY LTD (46 120 745 851), BOOM LOGISTICS CONSTRUCTIONS PTY LTD (45 007 741 942), BOOM LOGISTICS PROJECTS PTY LTD (15 641 155 786), BOOM LOGISTICS (VIC) PTY LTD (36 097 108 408), BOOM RENEWABLES PTY LTD (35 641 422 291), SHUTDOWN STAFFING PTY LTD (38 010 588 682). Register entry: https://modernslaveryregister.gov.au/statements/16283/.'}"
Modern slavery statement 2023-1980: ASKARA PTY LTD & CHARTER SECURITY PROTECTIVE SERVICES PTY LTD & SOUTHERN CROSS PROTECTION PTY LTD,document,"{'content': 'ASKARA PTY LTD (ABN 56 082 632 540), CHARTER SECURITY PROTECTIVE SERVICES PTY LTD (ABN 91 133 958 406) and SOUTHERN CROSS PROTECTION PTY LTD (ABN 93 094 077 255) filed a joint modern slavery statement with the Australian Modern Slavery Register for the reporting period 2022-04-01 to 2023-03-30. The reporting entities are headquartered in Australia. The reporting entities have an annual revenue band of 450-500M. The reporting entities operate in the industry sectors: Cleaning and security services. Register entry: https://modernslaveryregister.gov.au/statements/14858/.'}"
Modern slavery statement 2022-2334: HARE & FORBES PTY LTD,document,"{'content': 'HARE & FORBES PTY LTD (ABN 96 000 286 957) filed a single modern slavery statement with the Australian Modern Slavery Register for the reporting period 2021-07-01 to 2022-06-30. The reporting entity is headquartered in Australia. The reporting entity has an annual revenue band of 150-200M. The reporting entity operates in the industry sectors: Automotive, machinery and heavy electrical equipment. Register entry: https://modernslaveryregister.gov.au/statements/11104/.'}"
Modern slavery statement 2021-2675: AVC HOLDINGS PTY LTD & AVC TRADING PTY LTD & BUNNINGS GROUP LIMITED et al.,document,"{'content': 'AVC HOLDINGS PTY LTD (ABN 22 099 222 456), AVC TRADING PTY LTD (ABN 65 099 189 072), BUNNINGS GROUP LIMITED (ABN 26 008 672 179), CATCH.COM.AU PTY LTD (ABN 22 149 779 939), CATCH GROUP HOLDINGS LIMITED (ABN 89 159 074 003), CHEMICAL HOLDINGS KWINANA PTY. LTD. (ABN 34 009 187 375), COREGAS PTY LTD (ABN 32 001 255 312), CSBP LIMITED (ABN 81 008 668 371), CUMING SMITH AND COMPANY LIMITED (ABN 46 004 048 319), HOWARD SMITH LIMITED (ABN 54 004 071 845), J. BLACKWOOD & SON PTY LTD (ABN 43 000 010 300), KMART AUSTRALIA LIMITED (ABN 73 004 700 485), KMART HOLDINGS PTY LTD (ABN 57 627 042 460), MANACOL PTY LIMITED (ABN 70 114 552 251), OFFICEWORKS HOLDINGS PTY LTD (ABN 51 627 042 497), OFFICEWORKS LTD (ABN 36 004 763 526), TARGET AUSTRALIA PTY. LTD. (ABN 75 004 250 944), TARGET HOLDINGS PTY LTD (ABN 32 627 042 353), THE WORKWEAR GROUP HOLDING PTY LTD (ABN 52 154 382 386), THE WORKWEAR GROUP PTY LTD (ABN 82 004 055 387), UCONE PTY LTD (ABN 99 002 534 278), WESFARMERS BUNNINGS LIMITED (ABN 25 008 673 363), WESFARMERS CHEMICALS, ENERGY & FERTILISERS LIMITED (ABN 48 008 797 402), WESFARMERS DEPARTMENT STORES HOLDINGS PTY LTD (ABN 22 627 042 308), WESFARMERS ENERGY (GAS SALES) LIMITED (ABN 27 058 451 997), WESFARMERS FERTILIZERS PTY LTD (ABN 73 008 741 160), Wesfarmers Industrial and Safety Pty Ltd (ABN 15 137 253 528), WESFARMERS KLEENHEAT GAS PTY LTD (ABN 40 008 679 543), WESFARMERS LIMITED (ABN 28 008 984 049), WESFARMERS LPG PTY LTD (ABN 32 009 214 831), WESFARMERS ONLINE RETAIL HOLDINGS PTY LTD (ABN 66 633 981 414), WESFARMERS RETAIL HOLDINGS PTY LTD (ABN 14 126 199 022) and WESFARMERS RETAIL PTY LTD (ABN 94 097 092 085) filed a joint modern slavery statement with the Australian Modern Slavery Register for the reporting period 2020-07-01 to 2021-06-30. The reporting entities are headquartered in Australia. The reporting entities have an annual revenue band of 1BN+. The reporting entities operate in the industry sectors: Other. Register entry: https://modernslaveryregister.gov.au/statements/5471/.'}"
Modern slavery statement 2023-285: GRESHAM PARTNERS GROUP LIMITED & GRESHAM PARTNERS HOLDINGS LTD & GRESHAM PARTNERS LIMITED,document,"{'content': 'GRESHAM PARTNERS GROUP LIMITED (ABN 75 003 856 933), GRESHAM PARTNERS HOLDINGS LTD (ABN 25 002 993 259) and GRESHAM PARTNERS LIMITED (ABN 61 003 248 922) filed a joint modern slavery statement with the Australian Modern Slavery Register for the reporting period 2021-10-01 to 2022-09-30. The reporting entities are headquartered in Australia. The reporting entities have an annual revenue band of 100-150M. The reporting entities operate in the industry sectors: Financial, insurance and real estate activities. Register entry: https://modernslaveryregister.gov.au/statements/12480/.'}"
"Modern slavery statement 2025-1324: NETWORK TEN PTY LIMITED, TEN NETWORK HOLDINGS LIMITED, THE TEN GROUP PTY LIMITED",document,"{'content': 'NETWORK TEN PTY LIMITED, TEN NETWORK HOLDINGS LIMITED, THE TEN GROUP PTY LIMITED filed a joint modern slavery statement with the Australian Modern Slavery Register for the reporting period 2024-01-01 to 2024-12-31. The reporting entity is headquartered in Australia. The reporting entity has an annual revenue band of 400-450M. The reporting entity operates in the industry sectors: Media, publishing, arts and entertainment. The statement also covers the included entities: NETWORK TEN (ADELAIDE) PTY LIMITED, NETWORK TEN (BRISBANE) PTY LIMITED, NETWORK TEN (MELBOURNE) PTY LIMITED, NETWORK TEN (PERTH) PTY LIMITED, NETWORK TEN (SYDNEY) PTY LIMITED. Register entry: https://modernslaveryregister.gov.au/statements/23586/.'}"
Modern slavery statement 2025-1541: KIA AUSTRALIA PTY LTD,document,"{'content': 'KIA AUSTRALIA PTY LTD (ABN 97 110 483 353) filed a single modern slavery statement with the Australian Modern Slavery Register for the reporting period 2024-01-01 to 2024-12-31. The reporting entity is headquartered in Republic of Korea (South Korea). The reporting entity has an annual revenue band of 1BN+. The reporting entity operates in the industry sectors: Automotive, machinery and heavy electrical equipment. Register entry: https://modernslaveryregister.gov.au/statements/23808/.'}"
Modern slavery statement 2021-334: ACCOLADE WINES AUSTRALIA LIMITED,document,"{'content': 'ACCOLADE WINES AUSTRALIA LIMITED (ABN 86 008 273 907) filed a single modern slavery statement with the Australian Modern Slavery Register for the reporting period 2019-07-01 to 2020-06-30. The reporting entity is headquartered in Australia. The reporting entity has an annual revenue band of 400-450M. The reporting entity operates in the industry sectors: Food and beverages, agriculture and fishing. Register entry: https://modernslaveryregister.gov.au/statements/1653/.'}"
Modern slavery statement 2021-3253: JUDO BANK PTY LTD & JUDO CAPITAL HOLDINGS LIMITED,document,"{'content': 'JUDO BANK PTY LTD (ABN 11 615 995 581) and JUDO CAPITAL HOLDINGS LIMITED (ABN 71 612 862 727) filed a joint modern slavery statement with the Australian Modern Slavery Register for the reporting period 2020-07-01 to 2021-06-30. The reporting entities are headquartered in Australia. The reporting entities have an annual revenue band of 100-150M. The reporting entities operate in the industry sectors: Financial, insurance and real estate activities. Register entry: https://modernslaveryregister.gov.au/statements/6364/.'}"
Modern slavery statement 2021-3292: OAKDALE MEAT CO. PTY. LIMITED,document,"{'content': 'OAKDALE MEAT CO. PTY. LIMITED (ABN 24 619 477 888) filed a joint modern slavery statement with the Australian Modern Slavery Register for the reporting period 2020-07-01 to 2021-06-30. The reporting entity is headquartered in Australia. The reporting entity has an annual revenue band of 100-150M. The reporting entity operates in the industry sectors: Food and beverages, agriculture and fishing. Register entry: https://modernslaveryregister.gov.au/statements/6441/.'}"
Modern slavery statement 2024-3387: ST BARBARA LIMITED,document,"{'content': 'ST BARBARA LIMITED (ABN 36 009 165 066) filed a single modern slavery statement with the Australian Modern Slavery Register for the reporting period 2023-07-01 to 2024-06-30. The reporting entity is headquartered in Australia. The reporting entity has an annual revenue band of 200-250M. The reporting entity operates in the industry sectors: Mining, metals, chemicals and resources (including oil and gas). The statement also covers the included entities: PHOENICIAN METALS PTY LTD (86 104 855 067). Register entry: https://modernslaveryregister.gov.au/statements/21349/.'}"
Modern slavery statement 2022-3080: MOTORCYCLE HOLDINGS LIMITED,document,"{'content': 'MOTORCYCLE HOLDINGS LIMITED (ABN 29 150 386 995) filed a single modern slavery statement with the Australian Modern Slavery Register for the reporting period 2021-07-01 to 2022-06-30. The reporting entity is headquartered in Australia. The reporting entity has an annual revenue band of 450-500M. The reporting entity operates in the industry sectors: Automotive, machinery and heavy electrical equipment. Register entry: https://modernslaveryregister.gov.au/statements/12020/.'}"
Modern slavery statement 2021-3640: The Trustee for Health Employees Superannuation Trust Australia (HESTA),document,"{'content': 'The Trustee for Health Employees Superannuation Trust Australia (HESTA) (ABN 64 971 749 321) filed a single modern slavery statement with the Australian Modern Slavery Register for the reporting period 2020-07-01 to 2021-06-30. The reporting entity is headquartered in Australia. The reporting entity has an annual revenue band of 1BN+. The reporting entity operates in the industry sectors: Financial, insurance and real estate activities. Register entry: https://modernslaveryregister.gov.au/statements/6981/.'}"
"Modern slavery statement 2026-125: EROC HOLDINGS PTY LIMITED, REDPATH AUSTRALIA COAL PTY LTD, Redpath (Australia) Holdings Pty Limited, REDPATH AUSTRALIA PTY LIMITED, REDPATH CONTRACT SERVICES PTY LTD, Underaus Group Holdings Pty Ltd",document,"{'content': 'EROC HOLDINGS PTY LIMITED, REDPATH AUSTRALIA COAL PTY LTD, Redpath (Australia) Holdings Pty Limited, REDPATH AUSTRALIA PTY LIMITED, REDPATH CONTRACT SERVICES PTY LTD, Underaus Group Holdings Pty Ltd filed a joint modern slavery statement with the Australian Modern Slavery Register for the reporting period 2023-01-01 to 2023-12-31. The reporting entity is headquartered in Australia. The reporting entity has an annual revenue band of 400-450M. The reporting entity operates in the industry sectors: Mining Construction. Register entry: https://modernslaveryregister.gov.au/statements/27221/.'}"
Modern slavery statement 2023-499: Carnival PLC,document,"{'content': 'Carnival PLC (ABN 23 107 998 443) filed a single modern slavery statement with the Australian Modern Slavery Register for the reporting period 2021-12-01 to 2022-11-30. The reporting entity is headquartered in United States of America. The reporting entity has an annual revenue band of 1BN+. The reporting entity operates in the industry sectors: Consumer services, including accommodation, hospitality, tourism and leisure. Register entry: https://modernslaveryregister.gov.au/statements/12766/.'}"
Modern slavery statement 2021-4225: GUNLAKE CONCRETE NSW PTY LIMITED,document,"{'content': 'GUNLAKE CONCRETE NSW PTY LIMITED (ABN 35 606 681 850) filed a single modern slavery statement with the Australian Modern Slavery Register for the reporting period 2022-07-01 to 2023-06-30. The reporting entity is headquartered in Australia. The reporting entity has an annual revenue band of 150-200M. The reporting entity operates in the industry sectors: Construction, civil engineering and building products. Register entry: https://modernslaveryregister.gov.au/statements/3282/.'}"
Modern slavery statement 2023-3134: CONNECTSYDNEY PTY. LIMITED,document,"{'content': 'CONNECTSYDNEY PTY. LIMITED (ABN 16 646 646 808) filed a single modern slavery statement with the Australian Modern Slavery Register for the reporting period 2022-07-01 to 2023-06-30. The reporting entity is headquartered in Australia. The reporting entity has an annual revenue band of 150-200M. The reporting entity operates in the industry sectors: Construction, civil engineering and building products. Register entry: https://modernslaveryregister.gov.au/statements/16399/.'}"
Modern slavery statement 2022-2804: GREATER WESTERN WATER,document,"{'content': 'GREATER WESTERN WATER (ABN 70 066 902 467) filed a single modern slavery statement with the Australian Modern Slavery Register for the reporting period 2021-07-01 to 2022-06-30. The reporting entity is headquartered in Australia. The reporting entity has an annual revenue band of 800-900M. The reporting entity operates in the industry sectors: Utilities: gas, water and electricity. Register entry: https://modernslaveryregister.gov.au/statements/11701/.'}"
Modern slavery statement 2023-2750: Fulton Hogan Australia Pty Ltd,document,"{'content': 'Fulton Hogan Australia Pty Ltd (ABN 42 135 849 115) filed a joint modern slavery statement with the Australian Modern Slavery Register for the reporting period 2022-07-01 to 2023-06-30. The reporting entity is headquartered in Australia. The reporting entity has an annual revenue band of 1BN+. The reporting entity operates in the industry sectors: Construction, civil engineering and building products. The statement also covers the included entities: Fulton Hogan Australia (Management) Pty Ltd (66 637 368 088), Fulton Hogan Construction Pty Ltd (46 010 240 758), Fulton Hogan Industries Pty Ltd (54 000 538 689), Fulton Hogan Quarries Pty Ltd (16 004 475 076), Fulton Hogan Transport Pty Ltd (60 136 583 045), Fulton Hogan Utilities Pty Ltd (83 632 499 686). Register entry: https://modernslaveryregister.gov.au/statements/15912/.'}"
Modern slavery statement 2021-2160: Vinci Energies Australia Pty Ltd,document,"{'content': 'Vinci Energies Australia Pty Ltd (ABN 86 602 042 239) filed a joint modern slavery statement with the Australian Modern Slavery Register for the reporting period 2020-01-01 to 2020-12-31. The reporting entity is headquartered in France. The reporting entity has an annual revenue band of 150-200M. The reporting entity operates in the industry sectors: Utilities: gas, water and electricity Construction, civil engineering and building products. Register entry: https://modernslaveryregister.gov.au/statements/4750/.'}"
Modern slavery statement 2025-1735: SCHUTZ AUSTRALIA PTY LTD,document,{'content': 'SCHUTZ AUSTRALIA PTY LTD (ABN 60 090 995 958) filed a single modern slavery statement with the Australian Modern Slavery Register for the reporting period 2024-01-01 to 2024-12-31. The reporting entity is headquartered in Australia. The reporting entity has an annual revenue band of 100-150M. The reporting entity operates in the industry sectors: Other. Register entry: https://modernslaveryregister.gov.au/statements/24011/.'}
Modern slavery statement 2022-2562: INDEPENDENT LIVING SPECIALISTS PTY LIMITED,document,{'content': 'INDEPENDENT LIVING SPECIALISTS PTY LIMITED (ABN 78 106 336 958) filed a single modern slavery statement with the Australian Modern Slavery Register for the reporting period 2021-07-01 to 2022-06-30. The reporting entity is headquartered in Australia. The reporting entity has an annual revenue band of 100-150M. The reporting entity operates in the industry sectors: Healthcare and pharmaceuticals. Register entry: https://modernslaveryregister.gov.au/statements/11400/.'}
Modern slavery statement 2022-1080: WITHINGS,document,"{'content': 'WITHINGS filed a single modern slavery statement with the Australian Modern Slavery Register for the reporting period 2021-01-01 to 2021-12-31. The reporting entity is headquartered in France. The reporting entity has an annual revenue band of 100-150M. The reporting entity operates in the industry sectors: Durable consumer goods, including electronics and appliances, home furnishings and other accessories Healthcare and pharmaceuticals. Register entry: https://modernslaveryregister.gov.au/statements/7716/.'}"
Modern slavery statement 2021-2954: HARRIS COMMUNICATIONS (AUSTRALIA) PTY LTD,document,{'content': 'HARRIS COMMUNICATIONS (AUSTRALIA) PTY LTD (ABN 88 054 982 151) filed a single modern slavery statement with the Australian Modern Slavery Register for the reporting period 2020-01-01 to 2020-12-31. The reporting entity is headquartered in Australia. The reporting entity has an annual revenue band of 150-200M. The reporting entity operates in the industry sectors: Information technology and telecommunication Defence and aerospace. Register entry: https://modernslaveryregister.gov.au/statements/5876/.'}
Modern slavery statement 2024-2270: ICON METAL PTY LIMITED,document,"{'content': 'ICON METAL PTY LIMITED (ABN 71 612 906 840) filed a single modern slavery statement with the Australian Modern Slavery Register for the reporting period 2023-07-01 to 2024-06-30. The reporting entity is headquartered in Australia. The reporting entity has an annual revenue band of 0-99M. The reporting entity operates in the industry sectors: Construction, civil engineering and building products. Register entry: https://modernslaveryregister.gov.au/statements/19889/.'}"
Modern slavery statement 2022-1633: MITSUI & CO. IRON ORE EXPLORATION & MINING PTY. LTD.,document,"{'content': 'MITSUI & CO. IRON ORE EXPLORATION & MINING PTY. LTD. (ABN 15 164 171 448) filed a single modern slavery statement with the Australian Modern Slavery Register for the reporting period 2021-07-01 to 2022-06-30. The reporting entity is headquartered in Australia. The reporting entity has an annual revenue band of 300-350M. The reporting entity operates in the industry sectors: Mining, metals, chemicals and resources (including oil and gas). Register entry: https://modernslaveryregister.gov.au/statements/10090/.'}"
Modern slavery statement 2021-572: SOUTH EAST WATER CORPORATION,document,"{'content': 'SOUTH EAST WATER CORPORATION (ABN 89 066 902 547) filed a single modern slavery statement with the Australian Modern Slavery Register for the reporting period 2019-07-01 to 2020-06-30. The reporting entity is headquartered in Australia. The reporting entity has an annual revenue band of 1BN+. The reporting entity operates in the industry sectors: Utilities: gas, water and electricity. Register entry: https://modernslaveryregister.gov.au/statements/2128/.'}"
Modern slavery statement 2023-1235: MULTI MARKET SERVICES AUSTRALIA HOLDINGS PTY LTD & PUBLICIS COMMUNICATIONS AUSTRALIA PTY LTD & PUBLICIS MEDIA AUSTRALIA PTY LTD,document,"{'content': 'MULTI MARKET SERVICES AUSTRALIA HOLDINGS PTY LTD (ABN 50 000 026 228), PUBLICIS COMMUNICATIONS AUSTRALIA PTY LTD (ABN 86 001 720 921) and PUBLICIS MEDIA AUSTRALIA PTY LTD (ABN 40 001 786 858) filed a joint modern slavery statement with the Australian Modern Slavery Register for the reporting period 2022-01-01 to 2022-12-31. The reporting entities are headquartered in Australia, France. The reporting entities have an annual revenue band of 900M-1BN. The reporting entities operate in the industry sectors: Media, publishing, arts and entertainment Information technology and telecommunication. Register entry: https://modernslaveryregister.gov.au/statements/13786/.'}"
Modern slavery statement 2025-1333: PORSCHE CARS AUSTRALIA PTY. LTD. & PORSCHE RETAIL GROUP AUSTRALIA PTY LTD,document,{'content': 'PORSCHE CARS AUSTRALIA PTY. LTD. (ABN 67 004 327 048) and PORSCHE RETAIL GROUP AUSTRALIA PTY LTD (ABN 76 006 359 459) filed a joint modern slavery statement with the Australian Modern Slavery Register for the reporting period 2024-01-01 to 2024-12-31. The reporting entities are headquartered in Australia. The reporting entities have an annual revenue band of 1BN+. The reporting entities operate in the industry sectors: Retail Trade Wholesale Trade. The statement also covers the included entities: PORSCHE FINANCIAL SERVICES AUSTRALIA PTY LTD (75 004 327 084). Register entry: https://modernslaveryregister.gov.au/statements/23597/.'}
Modern slavery statement 2022-2851: JOYCE CORPORATION LTD,document,"{'content': 'JOYCE CORPORATION LTD (ABN 80 009 116 269) filed a joint modern slavery statement with the Australian Modern Slavery Register for the reporting period 2021-07-01 to 2022-06-30. The reporting entity is headquartered in Australia. The reporting entity has an annual revenue band of 100-150M. The reporting entity operates in the industry sectors: Durable consumer goods, including electronics and appliances, home furnishings and other accessories Construction, civil engineering and building products Other. Register entry: https://modernslaveryregister.gov.au/statements/11745/.'}"
Modern slavery statement 2023-1496: P20 ESG ACQUISITION PTY LTD,document,"{'content': 'P20 ESG ACQUISITION PTY LTD (ABN 93 638 769 963) filed a joint modern slavery statement with the Australian Modern Slavery Register for the reporting period 2022-01-01 to 2022-12-31. The reporting entity is headquartered in Australia. The reporting entity has an annual revenue band of 700-800M. The reporting entity operates in the industry sectors: Professional and administrative services and supplies, including legal, consulting and accounting services. Register entry: https://modernslaveryregister.gov.au/statements/14152/.'}"
Modern slavery statement 2025-2515: MIDDLEMOUNT COAL PTY LTD,document,{'content': 'MIDDLEMOUNT COAL PTY LTD (ABN 49 122 348 412) filed a single modern slavery statement with the Australian Modern Slavery Register for the reporting period 2024-01-01 to 2024-12-31. The reporting entity is headquartered in Australia. The reporting entity has an annual revenue band of 600-700M. The reporting entity operates in the industry sectors: Mining. Register entry: https://modernslaveryregister.gov.au/statements/25186/.'}
Modern slavery statement 2021-2928: EUROZ LIMITED,document,"{'content': 'EUROZ LIMITED (ABN 53 000 364 465) filed a single modern slavery statement with the Australian Modern Slavery Register for the reporting period 2020-07-01 to 2021-06-30. The reporting entity is headquartered in Australia. The reporting entity has an annual revenue band of 100-150M. The reporting entity operates in the industry sectors: Financial, insurance and real estate activities. Register entry: https://modernslaveryregister.gov.au/statements/5828/.'}"
Modern slavery statement 2023-780: INDUSTRIAL AND COMMERCIAL BANK OF CHINA LIMITED,document,"{'content': 'INDUSTRIAL AND COMMERCIAL BANK OF CHINA LIMITED (ABN 57 086 866 506) filed a single modern slavery statement with the Australian Modern Slavery Register for the reporting period 2022-01-01 to 2022-12-31. The reporting entity is headquartered in China. The reporting entity has an annual revenue band of 100-150M. The reporting entity operates in the industry sectors: Financial, insurance and real estate activities. Register entry: https://modernslaveryregister.gov.au/statements/13251/.'}"
Modern slavery statement 2021-2883: Avant Mutual Group Limited,document,"{'content': 'Avant Mutual Group Limited (ABN 58 123 154 898) filed a single modern slavery statement with the Australian Modern Slavery Register for the reporting period 2020-07-01 to 2021-06-30. The reporting entity is headquartered in Australia. The reporting entity has an annual revenue band of 600-700M. The reporting entity operates in the industry sectors: Financial, insurance and real estate activities. Register entry: https://modernslaveryregister.gov.au/statements/5765/.'}"
Modern slavery statement 2021-3314: Cardno Limited,document,"{'content': 'Cardno Limited (ABN 70 108 112 303) filed a single modern slavery statement with the Australian Modern Slavery Register for the reporting period 2020-07-01 to 2021-06-30. The reporting entity is headquartered in Australia. The reporting entity has an annual revenue band of 900M-1BN. The reporting entity operates in the industry sectors: Mining, metals, chemicals and resources (including oil and gas) Utilities: gas, water and electricity Construction, civil engineering and building products Transportation, logistics, and storage Professional and administrative services and supplies, including legal, consulting and accounting services Defence and aerospace Other. Register entry: https://modernslaveryregister.gov.au/statements/6472/.'}"
Modern slavery statement 2023-2717: KANE CONSTRUCTIONS PTY LTD,document,"{'content': 'KANE CONSTRUCTIONS PTY LTD (ABN 49 007 354 396) filed a joint modern slavery statement with the Australian Modern Slavery Register for the reporting period 2022-07-01 to 2023-06-30. The reporting entity is headquartered in Australia. The reporting entity has an annual revenue band of 1BN+. The reporting entity operates in the industry sectors: Construction, civil engineering and building products. The statement also covers the included entities: KANE CONSTRUCTIONS (QLD) PTY LTD (84 625 262 633). Register entry: https://modernslaveryregister.gov.au/statements/15913/.'}"
Modern slavery statement 2025-918: ACEN AUSTRALIA PTY LTD,document,"{'content': 'ACEN AUSTRALIA PTY LTD (ABN 27 616 856 672) filed a single modern slavery statement with the Australian Modern Slavery Register for the reporting period 2024-01-01 to 2024-12-31. The reporting entity is headquartered in Australia. The reporting entity has an annual revenue band of 0-99M. The reporting entity operates in the industry sectors: Utilities: gas, water and electricity Construction, civil engineering and building products. The statement also covers the included entities: ACEN GIPPSLAND OFFSHORE WIND PTY LTD, ACEN NESF HOLDCO PTY LTD, ACEN NORTH EAST TASMANIA PTY LTD, ACEN PHOENIX PTY LTD, ACEN ROBBINS ISLAND PTY LTD, ACEN SOUTH AUSTRALIA PTY LTD, ACEN STUBBO SOLAR FARM PTY LTD, ACEN VALLEY OF THE WINDS PTY LTD, BIRRIWA BESS PTY LTD, BIRRIWA SOLAR PTY LTD. Register entry: https://modernslaveryregister.gov.au/statements/23008/.'}"
Modern slavery statement 2023-912: Frazer-Nash Consultancy Limited,document,"{'content': 'Frazer-Nash Consultancy Limited (ABN 20 578 377 332) filed a joint modern slavery statement with the Australian Modern Slavery Register for the reporting period 2022-01-01 to 2022-12-31. The reporting entity is headquartered in Australia. The reporting entity has an annual revenue band of 100-150M. The reporting entity operates in the industry sectors: Professional and administrative services and supplies, including legal, consulting and accounting services Defence and aerospace. Register entry: https://modernslaveryregister.gov.au/statements/13444/.'}"
Modern slavery statement 2024-819: CK WILLIAM AUSTRALIA BIDCO PTY LTD & CK WILLIAM AUSTRALIA HOLDINGS PTY LTD & DUET COMPANY PTY LIMITED et al.,document,"{'content': 'CK WILLIAM AUSTRALIA BIDCO PTY LTD (ABN 30 613 693 182), CK WILLIAM AUSTRALIA HOLDINGS PTY LTD (ABN 14 613 690 243), DUET COMPANY PTY LIMITED (ABN 93 163 100 061) and The Trustee for DIVERSIFIED UTILITY AND ENERGY TRUST 1 (ABN 83 495 791 796) filed a joint modern slavery statement with the Australian Modern Slavery Register for the reporting period 2023-01-01 to 2023-12-31. The reporting entities are headquartered in Australia, Hong Kong. The reporting entities have an annual revenue band of 1BN+. The reporting entities operate in the industry sectors: Utilities: gas, water and electricity. The statement also covers the included entities: AUSTRALIAN GAS INFRASTRUCTURE HOLDINGS PTY LIMITED (22 120 456 573), DBNGP (WA) TRANSMISSION PTY LIMITED (69 081 609 190), DUET EDL PTY LIMITED (91 607 005 685), EDL HOLDINGS (AUSTRALIA) PTY LTD (67 058 224 481), ENERGY DEVELOPMENTS PTY LIMITED (84 053 410 263), MULTINET GAS (DB NO 1) PTY LTD & MULTINET GAS (DB NO 2) PTY LTD (53 634 214 009), POWER PARTNERSHIP PTY LIMITED (48 070 061 282), UNITED ENERGY DISTRIBUTION HOLDINGS PTY LIMITED (15 104 381 660), UNITED ENERGY DISTRIBUTION PTY LIMITED (70 064 651 029), UNITED ENERGY SERVICES PTY LTD (55 630 720 213). Register entry: https://modernslaveryregister.gov.au/statements/17843/.'}"
Modern slavery statement 2023-1809: ALCEON CAPITAL PTY LTD,document,"{'content': 'ALCEON CAPITAL PTY LTD (ABN 41 163 867 016) filed a single modern slavery statement with the Australian Modern Slavery Register for the reporting period 2021-07-01 to 2022-06-30. The reporting entity is headquartered in Australia. The reporting entity has an annual revenue band of 100-150M. The reporting entity operates in the industry sectors: Financial, insurance and real estate activities. Register entry: https://modernslaveryregister.gov.au/statements/14639/.'}"
Modern slavery statement 2025-1320: The Trustee for CHP Holdings Unit Trust & The Trustee for CHP Unit Trust,document,{'content': 'The Trustee for CHP Holdings Unit Trust (ABN 64 144 220 710) and The Trustee for CHP Unit Trust (ABN 39 144 988 542) filed a joint modern slavery statement with the Australian Modern Slavery Register for the reporting period 2024-01-01 to 2024-12-31. The reporting entities are headquartered in Australia. The reporting entities have an annual revenue band of 100-150M. The reporting entities operate in the industry sectors: Healthcare and pharmaceuticals. Register entry: https://modernslaveryregister.gov.au/statements/23561/.'}
Modern slavery statement 2025-3435: SALTER BROTHERS HOTEL COMPANY LTD,document,"{'content': 'SALTER BROTHERS HOTEL COMPANY LTD filed a single modern slavery statement with the Australian Modern Slavery Register for the reporting period 2024-07-01 to 2025-06-30. The reporting entity is headquartered in Australia. The reporting entity has an annual revenue band of 150-200M. The reporting entity operates in the industry sectors: Accommodation and Food Services Financial and Insurance Services Rental, Hiring and Real Estate Services. The statement also covers the included entities: SALTER BROTHERS HOTEL COMPANY NO.2 PTY LTD, SALTER BROTHERS HOTEL COMPANY NO.3 PTY LTD, SALTER BROTHERS (POTTS POINT) LAND PTY LTD. Register entry: https://modernslaveryregister.gov.au/statements/26485/.'}"
Modern slavery statement 2025-2991: PENFOLDS WINES AUSTRALIA PTY LTD & PENFOLDS WINES INTERNATIONAL LIMITED & TREASURY WINE ESTATES AUSTRALIA LIMITED et al.,document,"{'content': 'PENFOLDS WINES AUSTRALIA PTY LTD (ABN 61 160 602 773), PENFOLDS WINES INTERNATIONAL LIMITED (ABN 65 006 849 476), TREASURY WINE ESTATES AUSTRALIA LIMITED (ABN 78 145 321 320), Treasury Wine Estates EMEA Limited (UK) (TWE EMEA), TREASURY WINE ESTATES LIMITED (ABN 24 004 373 862), Treasury Wine Estates (UK) Holding Co Pty Ltd (ABN 58 149 520 356) and TREASURY WINE ESTATES VINTNERS LIMITED (ABN 55 004 094 599) filed a joint modern slavery statement with the Australian Modern Slavery Register for the reporting period 2024-07-01 to 2025-06-30. The reporting entities are headquartered in Australia, United Kingdom. The reporting entities have an annual revenue band of 1BN+. The reporting entities operate in the industry sectors: Manufacturing Retail Trade Agriculture, Forestry and Fishing Other Services. Register entry: https://modernslaveryregister.gov.au/statements/25882/.'}"
Modern slavery statement 2023-3014: TREASURY WINE ESTATES LIMITED,document,"{'content': 'TREASURY WINE ESTATES LIMITED (ABN 24 004 373 862) filed a joint modern slavery statement with the Australian Modern Slavery Register for the reporting period 2022-07-01 to 2023-06-30. The reporting entity is headquartered in Australia. The reporting entity has an annual revenue band of 1BN+. The reporting entity operates in the industry sectors: Food and beverages, agriculture and fishing. The statement also covers the included entities: Aldershot Nominees Pty Ltd, Bilyara Vineyards Pty Ltd, Penfolds Wines Australia Pty Ltd, Penfolds Wines International Ltd, Treasury Wine Estates Australia Ltd, Treasury Wine Estates (NZ) Holding Co Pty Ltd., Treasury Wine Estates (UK) Holding Co Pty Ltd, Treasury Wine Estates Vintners Ltd, Wolf Blass Wines Pty Ltd. Register entry: https://modernslaveryregister.gov.au/statements/16272/.'}"
Modern slavery statement 2022-1666: ALLIED PINNACLE PTY LIMITED,document,"{'content': 'ALLIED PINNACLE PTY LIMITED (ABN 85 161 203 005) filed a single modern slavery statement with the Australian Modern Slavery Register for the reporting period 2021-04-01 to 2022-03-30. The reporting entity is headquartered in Australia. The reporting entity has an annual revenue band of 700-800M. The reporting entity operates in the industry sectors: Food and beverages, agriculture and fishing. Register entry: https://modernslaveryregister.gov.au/statements/10136/.'}"
"Modern slavery statement 2021-2186: TESLA MOTORS AUSTRALIA, PTY LTD",document,"{'content': 'TESLA MOTORS AUSTRALIA, PTY LTD (ABN 68 142 889 816) filed a single modern slavery statement with the Australian Modern Slavery Register for the reporting period 2020-01-01 to 2020-12-31. The reporting entity is headquartered in United States of America. The reporting entity has an annual revenue band of 500-600M. The reporting entity operates in the industry sectors: Automotive, machinery and heavy electrical equipment. Register entry: https://modernslaveryregister.gov.au/statements/4798/.'}"
Modern slavery statement 2021-2287: HANSON AUSTRALIA (HOLDINGS) PROPRIETARY LIMITED & HANSON HOLDINGS AUSTRALIA PTY LTD,document,"{'content': 'HANSON AUSTRALIA (HOLDINGS) PROPRIETARY LIMITED (ABN 48 090 994 657) and HANSON HOLDINGS AUSTRALIA PTY LTD (ABN 98 611 565 649) filed a joint modern slavery statement with the Australian Modern Slavery Register for the reporting period 2020-01-01 to 2020-12-31. The reporting entities are headquartered in Germany. The reporting entities have an annual revenue band of 1BN+. The reporting entities operate in the industry sectors: Construction, civil engineering and building products. Register entry: https://modernslaveryregister.gov.au/statements/4925/.'}"
Modern slavery statement 2023-2864: AMART FURNITURE PTY LTD,document,"{'content': 'AMART FURNITURE PTY LTD (ABN 65 009 810 324) filed a single modern slavery statement with the Australian Modern Slavery Register for the reporting period 2022-07-01 to 2023-06-30. The reporting entity is headquartered in Australia. The reporting entity has an annual revenue band of 600-700M. The reporting entity operates in the industry sectors: Durable consumer goods, including electronics and appliances, home furnishings and other accessories. Register entry: https://modernslaveryregister.gov.au/statements/16074/.'}"
Modern slavery statement 2024-54: ROYAL FOODS AUST PTY LTD,document,"{'content': 'ROYAL FOODS AUST PTY LTD (ABN 19 130 110 048) filed a single modern slavery statement with the Australian Modern Slavery Register for the reporting period 2022-07-01 to 2023-06-30. The reporting entity is headquartered in Australia. The reporting entity has an annual revenue band of 100-150M. The reporting entity operates in the industry sectors: Food and beverages, agriculture and fishing Transportation, logistics, and storage. The statement also covers the included entities: DEVINGS FINE FOODS PTY LTD (93 169 301 955). Register entry: https://modernslaveryregister.gov.au/statements/16788/.'}"
Modern slavery statement 2025-3394: UNITING (NSW.ACT),document,{'content': 'UNITING (NSW.ACT) (ABN 78 722 539 923) filed a single modern slavery statement with the Australian Modern Slavery Register for the reporting period 2024-07-01 to 2025-06-30. The reporting entity is headquartered in Australia. The reporting entity has an annual revenue band of 1BN+. The reporting entity operates in the industry sectors: Health Care and Social Assistance. Register entry: https://modernslaveryregister.gov.au/statements/26441/.'}
Modern slavery statement 2022-1760: AUSSIE FLUID POWER PTY. LTD. & BABASINE PTY LIMITED & BERENDSEN FLUID POWER PTY LIMITED et al.,document,"{'content': 'AUSSIE FLUID POWER PTY. LTD. (ABN 37 141 897 869), BABASINE PTY LIMITED (ABN 12 010 221 922), BERENDSEN FLUID POWER PTY LIMITED (ABN 29 058 390 382), CCA HARDCHROME PTY LIMITED (ABN 12 617 405 704), Cord Nominees Pty Ltd, ENGINEERED PRODUCTS GROUP PTY LTD (ABN 85 116 067 077), HARDCHROME PLATING POINTS UNIT TRUST (ABN 30 692 103 823), Lansdowne Coatings Pty Ltd (ABN 22 155 426 789), Lorosu Pty Limited, Lovovo Pty Ltd, MALCOLM THOMPSON PUMPS PTY. LTD. (ABN 28 009 095 818), MEADOW INDUSTRIES PTY LTD (ABN 11 103 628 342), NORDON CYLINDERS PTY LTD (ABN 82 010 682 381), NORDON HYDRAULICS PTY. LTD. (ABN 43 010 243 553), PACIFIC HYDRAULICS PTY. LTD. (ABN 79 011 053 704), Pointrange Pty Ltd, Questas Corporate Pty Limited (ABN 80 119 243 891), QUESTAS GROUP PTY LTD (ABN 50 633 740 388), SOUTHERN CROSS DARWIN PTY LIMITED (ABN 75 079 416 121), SWANSON INDUSTRIES AUSTRALIA PTY LTD (ABN 69 167 515 808), SWANSON INDUSTRIES (ENGINEERING) PTY LTD (ABN 43 646 465 036), THE HYDRAULIC WAREHOUSE PTY LIMITED (ABN 28 150 310 759), The Trustee for Rathmann Unit Trust (ABN 24 899 569 744), WARATAH ENGINEERING PTY LTD (ABN 81 614 565 829), WATER DYNAMICS (NT) PTY LIMITED (ABN 44 150 791 183) and WATER DYNAMICS PTY LIMITED (ABN 11 168 026 604) filed a joint modern slavery statement with the Australian Modern Slavery Register for the reporting period 2021-07-01 to 2022-06-30. The reporting entities are headquartered in Australia. The reporting entities have an annual revenue band of 250-300M. The reporting entities operate in the industry sectors: Other. Register entry: https://modernslaveryregister.gov.au/statements/10262/.'}"
Modern slavery statement 2022-2764: CIRRUS NETWORKS HOLDINGS LIMITED,document,{'content': 'CIRRUS NETWORKS HOLDINGS LIMITED (ABN 98 103 348 947) filed a single modern slavery statement with the Australian Modern Slavery Register for the reporting period 2021-07-01 to 2022-06-30. The reporting entity is headquartered in Australia. The reporting entity has an annual revenue band of 100-150M. The reporting entity operates in the industry sectors: Information technology and telecommunication. Register entry: https://modernslaveryregister.gov.au/statements/11350/.'}
Modern slavery statement 2024-210: MULTIPLEX AUSTRALASIA PTY LTD & MULTIPLEX CONSTRUCTIONS PTY LTD & MULTIPLEX CONSTRUCTIONS QLD PTY LTD et al.,document,"{'content': 'MULTIPLEX AUSTRALASIA PTY LTD (ABN 33 146 787 395), MULTIPLEX CONSTRUCTIONS PTY LTD (ABN 70 107 007 527), MULTIPLEX CONSTRUCTIONS QLD PTY LTD (ABN 74 109 220 028) and MULTIPLEX PTY LTD (ABN 66 147 631 472) filed a joint modern slavery statement with the Australian Modern Slavery Register for the reporting period 2023-01-01 to 2023-12-31. The reporting entities are headquartered in Australia. The reporting entities have an annual revenue band of 1BN+. The reporting entities operate in the industry sectors: Construction, civil engineering and building products. The statement also covers the included entities: MULTIPLEX AUSTRALASIA PTY LTD (33 146 787 395). Register entry: https://modernslaveryregister.gov.au/statements/17051/.'}"
"Modern slavery statement 2022-488: CHINA MERCHANTS BANK CO., LTD., SYDNEY BRANCH",document,"{'content': 'CHINA MERCHANTS BANK CO., LTD., SYDNEY BRANCH (ABN 96 609 857 383) filed a single modern slavery statement with the Australian Modern Slavery Register for the reporting period 2021-01-01 to 2021-12-31. The reporting entity is headquartered in China. The reporting entity has an annual revenue band of 100-150M. The reporting entity operates in the industry sectors: Financial, insurance and real estate activities. Register entry: https://modernslaveryregister.gov.au/statements/8438/.'}"
Modern slavery statement 2021-1986: ASICS OCEANIA PTY LTD,document,"{'content': 'ASICS OCEANIA PTY LTD (ABN 59 003 091 389) filed a single modern slavery statement with the Australian Modern Slavery Register for the reporting period 2020-01-01 to 2020-12-31. The reporting entity is headquartered in Japan. The reporting entity has an annual revenue band of 250-300M. The reporting entity operates in the industry sectors: Fashion, textiles, apparel and luxury goods. Register entry: https://modernslaveryregister.gov.au/statements/4482/.'}"
Modern slavery statement 2025-3877: LIFESTYLE COMMUNITIES LTD,document,"{'content': 'LIFESTYLE COMMUNITIES LTD filed a single modern slavery statement with the Australian Modern Slavery Register for the reporting period 2024-07-01 to 2025-06-30. The reporting entity is headquartered in Australia. The reporting entity has an annual revenue band of 150-200M. The reporting entity operates in the industry sectors: Health Care and Social Assistance. The statement also covers the included entities: BROOKFIELD VILLAGE DEVELOPMENT PTY. LTD., BROOKFIELD VILLAGE MANAGEMENT PTY. LTD., Lifestyle Communities Investments Cranbourne Pty Ltd, LIFESTYLE DEVELOPMENTS 1 PTY LTD, Lifestyle Developments 2 Pty Ltd, LIFESTYLE INVESTMENTS 1 PTY LTD, Lifestyle Investments 2 Pty Ltd, LIFESTYLE MANAGEMENT 1 PTY LTD, Lifestyle Management 2 Pty Ltd. Register entry: https://modernslaveryregister.gov.au/statements/26998/.'}"
Modern slavery statement 2021-3270: WESLEY COMMUNITY SERVICES LIMITED,document,{'content': 'WESLEY COMMUNITY SERVICES LIMITED (ABN 42 164 655 145) filed a single modern slavery statement with the Australian Modern Slavery Register for the reporting period 2020-07-01 to 2021-06-30. The reporting entity is headquartered in Australia. The reporting entity has an annual revenue band of 250-300M. The reporting entity operates in the industry sectors: Charitable / not-for-profit activities. Register entry: https://modernslaveryregister.gov.au/statements/6169/.'}
Modern slavery statement 2024-1084: NORSKE SKOG (AUSTRALASIA) PTY LIMITED & NORSKE SKOG INDUSTRIES AUSTRALIA LIMITED & NORSKE SKOG PAPER MILLS (AUSTRALIA) LIMITED,document,"{'content': 'NORSKE SKOG (AUSTRALASIA) PTY LIMITED (ABN 21 003 274 673), NORSKE SKOG INDUSTRIES AUSTRALIA LIMITED (ABN 50 003 902 985) and NORSKE SKOG PAPER MILLS (AUSTRALIA) LIMITED (ABN 84 009 477 132) filed a joint modern slavery statement with the Australian Modern Slavery Register for the reporting period 2023-01-01 to 2023-12-31. The reporting entities are headquartered in Australia. The reporting entities have an annual revenue band of 250-300M. The reporting entities operate in the industry sectors: Forestry, timber products, paper and containers and packaging. Register entry: https://modernslaveryregister.gov.au/statements/18190/.'}"
Modern slavery statement 2021-1077: WAM RESEARCH LIMITED,document,"{'content': 'WAM RESEARCH LIMITED (ABN 15 100 504 541) filed a single modern slavery statement with the Australian Modern Slavery Register for the reporting period 2019-07-01 to 2020-06-30. The reporting entity is headquartered in Australia. The reporting entity has an annual revenue band of 0-99M. The reporting entity operates in the industry sectors: Financial, insurance and real estate activities. Register entry: https://modernslaveryregister.gov.au/statements/2976/.'}"
Modern slavery statement 2025-1314: ZIMMER AUSTRALIA HOLDING PTY LIMITED,document,{'content': 'ZIMMER AUSTRALIA HOLDING PTY LIMITED filed a single modern slavery statement with the Australian Modern Slavery Register for the reporting period 2024-01-01 to 2024-12-31. The reporting entity is headquartered in Australia. The reporting entity has an annual revenue band of 300-350M. The reporting entity operates in the industry sectors: Healthcare and pharmaceuticals. The statement also covers the included entities: ZIMMER BIOMET PTY LTD. Register entry: https://modernslaveryregister.gov.au/statements/23571/.'}
Modern slavery statement 2023-3211: UNITING COMMUNITIES INCORPORATED,document,"{'content': 'UNITING COMMUNITIES INCORPORATED (ABN 33 174 490 373) filed a joint modern slavery statement with the Australian Modern Slavery Register for the reporting period 2022-07-01 to 2023-06-30. The reporting entity is headquartered in Australia. The reporting entity has an annual revenue band of 100-150M. The reporting entity operates in the industry sectors: Charitable / not-for-profit activities. The statement also covers the included entities: CENTRAL MISSION HOMES FOR CHILDREN INCORPORATED (57 740 575 294), CENTRAL MISSION HOMES FOR THE AGED INCORPORATED (51 162 501 093), ERWIN VOGT FOUNDATION INCORPORATED (67 393 960 361), FORSYTH FOUNDATION INCORPORATED (36 604 828 795), GOODWILL INDUSTRIES OF SOUTH AUSTRALIA INCORPORATED (93 771 363 027), GOODWILL STORES OF SOUTH AUSTRALIA INCORPORATED (16 069 289 133), KATE COCKS MEMORIAL FAMILY SERVICES INCORPORATED (39 014 494 593), KUITPO COLONY INCORPORATED (73 049 181 344), LIFELINE & YOUTHLINE INCORPORATED (12 147 464 698), THE KATE COCKS MEMORIAL GIRLS HOME INCORPORATED (72 142 300 937), The Trustee for ERWIN VOGT FOUNDATION (13 310 092 237). Register entry: https://modernslaveryregister.gov.au/statements/16440/.'}"
Modern slavery statement 2025-1488: WEIR GROUP (AUSTRALIAN HOLDINGS) PTY LIMITED & WEIR MINERALS AUSTRALIA LTD,document,{'content': 'WEIR GROUP (AUSTRALIAN HOLDINGS) PTY LIMITED (ABN 57 090 873 117) and WEIR MINERALS AUSTRALIA LTD (ABN 69 009 701 802) filed a joint modern slavery statement with the Australian Modern Slavery Register for the reporting period 2024-01-01 to 2024-12-31. The reporting entities are headquartered in Australia. The reporting entities have an annual revenue band of 1BN+. The reporting entities operate in the industry sectors: Mining. Register entry: https://modernslaveryregister.gov.au/statements/23763/.'}
Modern slavery statement 2021-1253: AMP LIFE LIMITED & RESOLUTION LIFE SERVICES AUSTRALIA PTY LTD,document,"{'content': 'AMP LIFE LIMITED (ABN 84 079 300 379) and RESOLUTION LIFE SERVICES AUSTRALIA PTY LTD (ABN 49 631 346 391) filed a joint modern slavery statement with the Australian Modern Slavery Register for the reporting period 2019-07-01 to 2020-06-30. The reporting entities are headquartered in Australia. The reporting entities have an annual revenue band of 1BN+. The reporting entities operate in the industry sectors: Financial, insurance and real estate activities. Register entry: https://modernslaveryregister.gov.au/statements/3126/.'}"
"Modern slavery statement 2023-926: Acadian Asset Management (Australia) Limited, ACADIAN ASSET MANAGEMENT LLC, Acadian Asset Management (Singapore) Pte td, Acadian Asset Management (UK) Limited",document,"{'content': 'Acadian Asset Management (Australia) Limited, ACADIAN ASSET MANAGEMENT LLC, Acadian Asset Management (Singapore) Pte td, Acadian Asset Management (UK) Limited filed a joint modern slavery statement with the Australian Modern Slavery Register for the reporting period 2022-01-01 to 2022-12-31. The reporting entity is headquartered in United States of America. The reporting entity has an annual revenue band of 600-700M. The reporting entity operates in the industry sectors: Financial, insurance and real estate activities. Register entry: https://modernslaveryregister.gov.au/statements/13453/.'}"
Modern slavery statement 2023-2596: HUNTER WATER CORPORATION,document,"{'content': 'HUNTER WATER CORPORATION (ABN 46 228 513 446) filed a single modern slavery statement with the Australian Modern Slavery Register for the reporting period 2022-07-01 to 2023-06-30. The reporting entity is headquartered in Australia. The reporting entity has an annual revenue band of 350-400M. The reporting entity operates in the industry sectors: Utilities: gas, water and electricity. Register entry: https://modernslaveryregister.gov.au/statements/15744/.'}"
Modern slavery statement 2023-3272: PILBARA PORTS AUTHORITY,document,"{'content': 'PILBARA PORTS AUTHORITY (ABN 94 987 448 870) filed a joint modern slavery statement with the Australian Modern Slavery Register for the reporting period 2022-07-01 to 2023-06-30. The reporting entity is headquartered in Australia. The reporting entity has an annual revenue band of 600-700M. The reporting entity operates in the industry sectors: Transportation, logistics, and storage Government Sector. The statement also covers the included entities: HEDLAND MARITIME INITIATIVE PTY LTD (70 645 630 468). Register entry: https://modernslaveryregister.gov.au/statements/16547/.'}"
Modern slavery statement 2022-1914: RICHLAND EXPRESS PTY LIMITED,document,{'content': 'RICHLAND EXPRESS PTY LIMITED (ABN 52 127 488 340) filed a single modern slavery statement with the Australian Modern Slavery Register for the reporting period 2021-07-01 to 2022-06-30. The reporting entity is headquartered in Australia. The reporting entity has an annual revenue band of 100-150M. The reporting entity operates in the industry sectors: Other. Register entry: https://modernslaveryregister.gov.au/statements/10494/.'}
Modern slavery statement 2025-2233: JOY GLOBAL AUSTRALIA HOLDING COMPANY PTY LTD & JOY GLOBAL AUSTRALIA PTY LTD,document,{'content': 'JOY GLOBAL AUSTRALIA HOLDING COMPANY PTY LTD (ABN 70 059 870 058) and JOY GLOBAL AUSTRALIA PTY LTD (ABN 58 000 049 392) filed a joint modern slavery statement with the Australian Modern Slavery Register for the reporting period 2024-04-01 to 2025-03-31. The reporting entities are headquartered in Australia. The reporting entities have an annual revenue band of 600-700M. The reporting entities operate in the industry sectors: Other Services Mining Manufacturing. Register entry: https://modernslaveryregister.gov.au/statements/24657/.'}
Modern slavery statement 2025-1349: DAIMLER TRUCK AUSTRALIA PACIFIC PTY LTD,document,"{'content': 'DAIMLER TRUCK AUSTRALIA PACIFIC PTY LTD (ABN 86 618 413 282) filed a single modern slavery statement with the Australian Modern Slavery Register for the reporting period 2024-01-01 to 2024-12-31. The reporting entity is headquartered in Australia. The reporting entity has an annual revenue band of 1BN+. The reporting entity operates in the industry sectors: Automotive, machinery and heavy electrical equipment Transportation, logistics, and storage. Register entry: https://modernslaveryregister.gov.au/statements/23607/.'}"
Modern slavery statement 2025-912: SVITZER AUSTRALIA PTY LTD & SVITZER TERMINALS AUSTRALIA PTY LIMITED,document,"{'content': 'SVITZER AUSTRALIA PTY LTD (ABN 86 000 045 009) and SVITZER TERMINALS AUSTRALIA PTY LIMITED (ABN 43 077 751 065) filed a joint modern slavery statement with the Australian Modern Slavery Register for the reporting period 2024-01-01 to 2024-12-31. The reporting entities are headquartered in Australia. The reporting entities have an annual revenue band of 450-500M. The reporting entities operate in the industry sectors: Transportation, logistics, and storage. Register entry: https://modernslaveryregister.gov.au/statements/23027/.'}"
"Modern slavery statement 2022-3074: LOVISA AUSTRALIA PTY LTD, LOVISA HOLDINGS LIMITED & LOVISA PTY LIMITED",document,"{'content': 'LOVISA AUSTRALIA PTY LTD, LOVISA HOLDINGS LIMITED (ABN 34 602 304 503) and LOVISA PTY LIMITED (ABN 62 120 675 890) filed a joint modern slavery statement with the Australian Modern Slavery Register for the reporting period 2021-07-01 to 2022-06-30. The reporting entities are headquartered in Australia. The reporting entities have an annual revenue band of 1BN+. The reporting entities operate in the industry sectors: Fashion, textiles, apparel and luxury goods. Register entry: https://modernslaveryregister.gov.au/statements/12013/.'}"
Modern slavery statement 2021-1507: NOVARTIS AUSTRALIA PTY LIMITED & NOVARTIS PHARMACEUTICALS AUSTRALIA PTY LIMITED & SANDOZ PTY LTD,document,"{'content': 'NOVARTIS AUSTRALIA PTY LIMITED (ABN 81 004 371 224), NOVARTIS PHARMACEUTICALS AUSTRALIA PTY LIMITED (ABN 18 004 244 160) and SANDOZ PTY LTD (ABN 60 075 449 553) filed a joint modern slavery statement with the Australian Modern Slavery Register for the reporting period 2020-01-01 to 2020-12-31. The reporting entities are headquartered in Switzerland. The reporting entities have an annual revenue band of 900M-1BN. The reporting entities operate in the industry sectors: Healthcare and pharmaceuticals. Register entry: https://modernslaveryregister.gov.au/statements/3529/.'}"
Modern slavery statement 2022-1489: A.C.N. 085 239 998 PTY LTD & KENTUCKY FRIED CHICKEN PTY LTD & KFC ADCO LIMITED,document,"{'content': 'A.C.N. 085 239 998 PTY LTD (ABN 39 085 239 998), KENTUCKY FRIED CHICKEN PTY LTD (ABN 79 000 587 780) and KFC ADCO LIMITED (ABN 22 083 047 992) filed a joint modern slavery statement with the Australian Modern Slavery Register for the reporting period 2021-07-01 to 2021-12-31. The reporting entities are headquartered in Australia. The reporting entities have an annual revenue band of 450-500M. The reporting entities operate in the industry sectors: Food and beverages, agriculture and fishing. Register entry: https://modernslaveryregister.gov.au/statements/9856/.'}"
Modern slavery statement 2021-456: INDUSTRY SUPER HOLDINGS PTY. LTD.,document,"{'content': 'INDUSTRY SUPER HOLDINGS PTY. LTD. (ABN 71 119 748 060) filed a single modern slavery statement with the Australian Modern Slavery Register for the reporting period 2019-07-01 to 2020-06-30. The reporting entity is headquartered in Australia. The reporting entity has an annual revenue band of 600-700M. The reporting entity operates in the industry sectors: Financial, insurance and real estate activities. Register entry: https://modernslaveryregister.gov.au/statements/1922/.'}"
Modern slavery statement 2024-3443: SELL & PARKER (INTERNATIONAL) PTY LTD & SELL & PARKER PTY LTD,document,"{'content': 'SELL & PARKER (INTERNATIONAL) PTY LTD (ABN 24 090 604 416) and SELL & PARKER PTY LTD (ABN 98 000 101 315) filed a joint modern slavery statement with the Australian Modern Slavery Register for the reporting period 2023-07-01 to 2024-06-30. The reporting entities are headquartered in Australia. The reporting entities have an annual revenue band of 350-400M. The reporting entities operate in the industry sectors: Waste management and recycling. The statement also covers the included entities: ALLTHREAD INDUSTRIES PTY LIMITED (76 629 723 726), BATTERY RECYCLERS PTY LTD (12 669 683 649), FIRST FORGE AUSTRALIA PTY LIMITED (36 629 723 557), OXYCUT OPERATIONS PTY LTD (27 085 011 310), SELL & PARKER METAL RECYCLING SERVICES (NT) PTY LTD (14 165 602 282), SELL & PARKER METAL RECYCLING SERVICES (WA) PTY LTD (64 165 602 933), SELL & PARKER SECURE DESTRUCTION PTY LTD (63 146 827 134). Register entry: https://modernslaveryregister.gov.au/statements/21409/.'}"
Modern slavery statement 2024-3482: K CARE HOLDINGS PTY LTD,document,"{'content': 'K CARE HOLDINGS PTY LTD (ABN 80 626 058 035) filed a single modern slavery statement with the Australian Modern Slavery Register for the reporting period 2023-07-01 to 2024-06-30. The reporting entity is headquartered in Australia. The reporting entity has an annual revenue band of 150-200M. The reporting entity operates in the industry sectors: Durable consumer goods, including electronics and appliances, home furnishings and other accessories. The statement also covers the included entities: 24 HOUR POSITIONING PTY LTD (96 629 646 493), COUNTRY CARE GROUP HOME MODIFICATIONS PTY LTD (81 619 350 435), COUNTRY CARE MANAGEMENT SERVICES PTY LTD (23 606 437 101), K CARE HEALTHCARE SOLUTIONS PTY LTD (47 159 431 099), MT HOGAN ENTERPRISES PTY LTD, RIH HOLDINGS PTY LTD (22 628 783 031), SPECIALISED MOBILITY PTY LTD (59 159 633 664), SPECIALISED WHEELCHAIR COMPANY PTY LTD (98 001 326 558), THE COUNTRY CARE GROUP PTY LTD (26 088 222 226), UCCELLO MARKETING PTY LTD (50 602 569 595), WILLAID PTY LTD (98 616 282 663). Register entry: https://modernslaveryregister.gov.au/statements/21417/.'}"
Modern slavery statement 2025-1730: SPLUNK SERVICES AUSTRALIA PTY. LTD.,document,{'content': 'SPLUNK SERVICES AUSTRALIA PTY. LTD. (ABN 51 609 939 817) filed a single modern slavery statement with the Australian Modern Slavery Register for the reporting period 2024-02-01 to 2025-01-31. The reporting entity is headquartered in Australia. The reporting entity has an annual revenue band of 100-150M. The reporting entity operates in the industry sectors: Information technology and telecommunication. Register entry: https://modernslaveryregister.gov.au/statements/23999/.'}
Modern slavery statement 2022-22: KINGS CONSOLIDATED GROUP PTY LTD,document,"{'content': 'KINGS CONSOLIDATED GROUP PTY LTD (ABN 98 109 784 803) filed a single modern slavery statement with the Australian Modern Slavery Register for the reporting period 2020-07-01 to 2021-06-30. The reporting entity is headquartered in Australia. The reporting entity has an annual revenue band of 150-200M. The reporting entity operates in the industry sectors: Transportation, logistics, and storage. Register entry: https://modernslaveryregister.gov.au/statements/7724/.'}"
Modern slavery statement 2022-2228: PERKINS (WA) PTY LTD,document,"{'content': 'PERKINS (WA) PTY LTD (ABN 60 008 844 862) filed a single modern slavery statement with the Australian Modern Slavery Register for the reporting period 2021-07-01 to 2022-06-30. The reporting entity is headquartered in Australia. The reporting entity has an annual revenue band of 100-150M. The reporting entity operates in the industry sectors: Construction, civil engineering and building products. Register entry: https://modernslaveryregister.gov.au/statements/10964/.'}"
Modern slavery statement 2021-2149: ACELIGHT PTY. LIMITED & ANOTERO PTY LIMITED & AZSA HOLDINGS PTY LIMITED et al.,document,"{'content': 'ACELIGHT PTY. LIMITED (ABN 28 084 303 444), ANOTERO PTY LIMITED (ABN 96 618 503 674), AZSA HOLDINGS PTY LIMITED (ABN 51 082 714 770), CADELAN PTY LTD, COPPER REFINERIES PTY. LTD. (ABN 12 009 676 975), CUMNOCK COAL PTY LTD (ABN 32 051 493 602), CUMNOCK NO. 1 COLLIERY PTY LIMITED (ABN 18 051 932 122), ENEX FOYDELL PTY LIMITED (ABN 42 008 035 569), ENEX LIDDELL PTY LIMITED (ABN 36 003 383 275), ENEX OAKBRIDGE PTY LIMITED (ABN 45 097 590 479), ENEX ULAN PTY LIMITED (ABN 47 000 956 570), ERNEST HENRY MINING PTY LTD (ABN 18 008 495 574), GABUME PTY. LIMITED (ABN 80 003 920 492), GLENCORE AUSTRALIA OIL PTY LIMITED (ABN 35 605 939 080), GLENCORE COAL ASSETS QUEENSLAND PTY LIMITED (ABN 69 106 690 019), GLENCORE COAL HOLDINGS PTY LIMITED (ABN 89 101 355 864), GLENCORE COAL INVESTMENTS AUSTRALIA PTY LIMITED (ABN 14 082 271 912), GLENCORE COAL (NSW) PTY LIMITED (ABN 18 097 523 058), GLENCORE COAL PTY LIMITED (ABN 18 082 271 930), GLENCORE COAL SALES PTY LIMITED (ABN 45 097 132 306), GLENCORE HOLDINGS PTY LIMITED (ABN 41 104 160 689), Glencore Investment Pty Limited (ABN 67 154 042 636), GLENCORE OPERATIONS AUSTRALIA PTY LIMITED (ABN 40 128 115 140), GLENMURRIN PTY LIMITED (ABN 50 076 684 396), GLIDECO PTY LIMITED, GS COAL HOLDINGS PTY LTD (ABN 56 166 342 427), GS COAL PTY LTD (ABN 62 166 342 454), HAIL CREEK COAL HOLDINGS PTY LIMITED (ABN 71 625 050 722), HELIOS AUSTRALIA PTY LIMITED (ABN 30 094 995 755), HELIOS HAWK PTY LTD (ABN 13 616 249 471), HV COKING COAL PTY LIMITED (ABN 45 605 492 804), HVO COAL SALES PTY LTD (ABN 33 606 478 531), ISOKIND PTY. LIMITED (ABN 99 081 732 498), JONSHA PTY LIMITED (ABN 75 085 433 935), MANGOOLA COAL OPERATIONS PTY LIMITED (ABN 54 127 535 755), MCARTHUR RIVER MINING PTY. LTD. (ABN 90 008 167 815), MIDAS HAWK PTY LTD (ABN 39 614 114 395), MINARA RESOURCES PTY LTD (ABN 23 060 370 783), MOUNT ISA MINES LIMITED (ABN 87 009 661 447), MT OWEN PTY LIMITED (ABN 83 003 827 361), NC COAL COMPANY PTY LIMITED (ABN 71 079 862 936), NICIAS INVESTMENTS PTY LTD (ABN 45 166 342 383), NORANDA PACIFIC NO 2 PTY LIMITED, NORANDA PACIFIC PTY LIMITED (ABN 65 006 864 802), OAKBRIDGE PTY LIMITED (ABN 67 000 230 419), OAKY CREEK HOLDINGS PTY LIMITED (ABN 31 128 109 062), ROLLESTON COAL HOLDINGS PTY LIMITED (ABN 69 098 156 702), SAXONVALE COAL PTY. LIMITED (ABN 83 003 526 467) and THE NEWCASTLE WALLSEND COAL CO PTY LTD (ABN 85 000 245 901) filed a joint modern slavery statement with the Australian Modern Slavery Register for the reporting period 2020-01-01 to 2020-12-31. The reporting entities are headquartered in Australia. The reporting entities have an annual revenue band of 1BN+. The reporting entities operate in the industry sectors: Mining, metals, chemicals and resources (including oil and gas). Register entry: https://modernslaveryregister.gov.au/statements/4605/.'}"
"Modern slavery statement 2024-1000: NEP AUSTRALIA PTY LTD, NEP-GTV HOLDCO PTY LTD",document,"{'content': 'NEP AUSTRALIA PTY LTD, NEP-GTV HOLDCO PTY LTD filed a joint modern slavery statement with the Australian Modern Slavery Register for the reporting period 2023-01-01 to 2023-12-31. The reporting entity is headquartered in Australia, United States of America. The reporting entity has an annual revenue band of 300-350M. The reporting entity operates in the industry sectors: Media, publishing, arts and entertainment. Register entry: https://modernslaveryregister.gov.au/statements/18234/.'}"
Modern slavery statement 2022-2030: METAGENICS (AUST) PTY LTD & Metagenics Australia Pty Ltd,document,{'content': 'METAGENICS (AUST) PTY LTD (ABN 73 010 636 165) and Metagenics Australia Pty Ltd (ABN 78 113 937 572) filed a joint modern slavery statement with the Australian Modern Slavery Register for the reporting period 2021-01-01 to 2021-12-31. The reporting entities are headquartered in Australia. The reporting entities have an annual revenue band of 100-150M. The reporting entities operate in the industry sectors: Healthcare and pharmaceuticals. Register entry: https://modernslaveryregister.gov.au/statements/10677/.'}
Modern slavery statement 2023-1415: The Trustee for HENLEY ARCH UNIT TRUST,document,"{'content': 'The Trustee for HENLEY ARCH UNIT TRUST (ABN 61 415 474 786) filed a joint modern slavery statement with the Australian Modern Slavery Register for the reporting period 2022-01-01 to 2022-12-31. The reporting entity is headquartered in Australia. The reporting entity has an annual revenue band of 600-700M. The reporting entity operates in the industry sectors: Construction, civil engineering and building products. Register entry: https://modernslaveryregister.gov.au/statements/14050/.'}"
"Modern slavery statement 2024-1152: PORT OF NEWCASTLE INVESTMENTS PTY LIMITED, The Port of Newcastle Investments (Holdings) Trust & The Trustee for the Port of Newcastle Unit Trust",document,"{'content': 'PORT OF NEWCASTLE INVESTMENTS PTY LIMITED, The Port of Newcastle Investments (Holdings) Trust (ABN 84 685 817 245) and The Trustee for the Port of Newcastle Unit Trust (ABN 97 539 122 070) filed a joint modern slavery statement with the Australian Modern Slavery Register for the reporting period 2023-01-01 to 2023-12-31. The reporting entities are headquartered in Australia. The reporting entities have an annual revenue band of 150-200M. The reporting entities operate in the industry sectors: Transportation, logistics, and storage. The statement also covers the included entities: PORT OF NEWCASTLE OPERATIONS PTY LIMITED (13 165 332 990). Register entry: https://modernslaveryregister.gov.au/statements/18462/.'}"
Modern slavery statement 2023-797: CK WILLIAM AUSTRALIA BIDCO PTY LTD & CK WILLIAM AUSTRALIA HOLDINGS PTY LTD & DUET COMPANY PTY LIMITED et al.,document,"{'content': 'CK WILLIAM AUSTRALIA BIDCO PTY LTD (ABN 30 613 693 182), CK WILLIAM AUSTRALIA HOLDINGS PTY LTD (ABN 14 613 690 243), DUET COMPANY PTY LIMITED (ABN 93 163 100 061) and The Trustee for DIVERSIFIED UTILITY AND ENERGY TRUST 1 (ABN 83 495 791 796) filed a joint modern slavery statement with the Australian Modern Slavery Register for the reporting period 2022-01-01 to 2022-12-31. The reporting entities are headquartered in Australia, Hong Kong. The reporting entities have an annual revenue band of 1BN+. The reporting entities operate in the industry sectors: Utilities: gas, water and electricity. Register entry: https://modernslaveryregister.gov.au/statements/12801/.'}"
Modern slavery statement 2024-3684: FINISAR AUSTRALIA PTY LIMITED,document,{'content': 'FINISAR AUSTRALIA PTY LIMITED (ABN 45 098 184 582) filed a single modern slavery statement with the Australian Modern Slavery Register for the reporting period 2024-01-01 to 2024-12-04. The reporting entity is headquartered in Australia. The reporting entity has an annual revenue band of 100-150M. The reporting entity operates in the industry sectors: Information Media and Telecommunications. Register entry: https://modernslaveryregister.gov.au/statements/20369/.'}
ifm holdings pty ltd,entity,{}
67 107 247 727,entity,{}
ifm investors pty ltd,entity,{}
2022 07 01 to 2023 06 30,entity,{}
australia,entity,{}
1bn,entity,{}
financial  insurance and real estate activities,entity,{}
ifm asia pac debt fund gp s   r l,entity,{}
ifm fiduciary no  2 pty ltd,entity,{}
ifm fiduciary pty ltd,entity,{}
ifm global infrastructure  canada  gp inc,entity,{}
ifm global infrastructure debt gp s   r l,entity,{}
ifm global infrastructure  uk  gp ltd,entity,{}
ifm global infrastructure  us 2  gp  llc,entity,{}
ifm global infrastructure  us  gp  llc,entity,{}
ifm growth partners gp pty ltd,entity,{}
ifm growth partners services a pty ltd,entity,{}
ifm growth partners services b pty ltd,entity,{}
ifm infrastructure  uk  general partner  llp,entity,{}
ifm investors  hk  ltd,entity,{}
ifm investors  japan   llc,entity,{}
ifm investors  japan  pty ltd,entity,{}
ifm investors  korea  pty ltd,entity,{}
ifm investors  netherlands  b v,entity,{}
ifm investors  nominees  limited,entity,{}
ifm investors poland sp  z o o,entity,{}
ifm investors  switzerland  gmbh,entity,{}
ifm investors  uk  ltd,entity,{}
ifm investors  us  advisor  llc,entity,{}
ifm investors  us   llc,entity,{}
ifm net zero infrastructure gp s   r l,entity,{}
ifm private equity  us  gp  llc,entity,{}
ifm  us  securities  llc,entity,{}
iveco group n v,entity,{}
86 004 065 061,entity,{}
iveco trucks australia pty ltd,entity,{}
2024 01 01 to 2024 12 31,entity,{}
350 400m,entity,{}
manufacturing,entity,{}
https   modernslaveryregister gov au statements 24053,entity,{}
followmont transport pty ltd,entity,{}
australian modern slavery register,entity,{}
2023 07 01 to 2024 06 30,entity,{}
250 300m,entity,{}
transportation  logistics  and storage,entity,{}
https   modernslaveryregister gov au statements 22493,entity,{}
austral gold limited,entity,{}
30 075 860 472,entity,{}
2020 01 01 to 2020 12 31,entity,{}
100 150m,entity,{}
mining  metals  chemicals and resources  including oil and gas,entity,{}
https   modernslaveryregister gov au statements 5404,entity,{}
bitumen importers australia pty ltd,entity,{}
2024 07 01 to 2025 06 30,entity,{}
construction,entity,{}
https   modernslaveryregister gov au statements 25336,entity,{}
aig australia limited,entity,{}
93 004 727 753,entity,{}
2023 01 01 to 2023 12 31,entity,{}
https   modernslaveryregister gov au statements 18130,entity,{}
crunchyroll llc,entity,{}
sbme holdings  australia  pty limited,entity,{}
sony australia limited,entity,{}
sony interactive entertainment australia pty limited,entity,{}
sony interactive network europe limited,entity,{}
sony music entertainment australia pty ltd,entity,{}
sony music publishing  australia  pty limited,entity,{}
2024 04 01 to 2025 03 31,entity,{}
japan,entity,{}
europe,entity,{}
other services retail trade arts and recreation services,entity,{}
https   modernslaveryregister gov au statements 24568,entity,{}
mandalay resources australia pty limited,entity,{}
38 005 482 815,entity,{}
mandalay resources costerfield operations pty limited,entity,{}
34 006 711 119,entity,{}
https   modernslaveryregister gov au statements 19004,entity,{}
australian defence apparel pty ltd,entity,{}
67 006 898 906,entity,{}
2021 06 01 to 2022 05 31,entity,{}
150 200m,entity,{}
fashion  textiles  apparel and luxury goods,entity,{}
https   modernslaveryregister gov au statements 10712,entity,{}
rio tinto limited,entity,{}
96 004 458 404,entity,{}
united kingdom,entity,{}
https   modernslaveryregister gov au statements 4254,entity,{}
bendigo and adelaide bank limited,entity,{}
11 068 049 178,entity,{}
450 500m,entity,{}
https   modernslaveryregister gov au statements 15353,entity,{}
keystart loans ltd,entity,{}
27 009 427 034,entity,{}
2019 07 01 to 2020 06 30,entity,{}
https   modernslaveryregister gov au statements 3188,entity,{}
australian couriers pty ltd,entity,{}
38 057 389 769,entity,{}
2022 01 01 to 2022 12 31,entity,{}
https   modernslaveryregister gov au statements 14155,entity,{}
snap on tools  australia  pty  ltd,entity,{}
55 010 793 683,entity,{}
snap on tools  australia  pty  ltd   55 010 793 683,entity,{}
https   modernslaveryregister gov au statements 18628,entity,{}
jwland holdings pty  ltd,entity,{}
176,entity,{}
shl development pty ltd,entity,{}
0 99m,entity,{}
construction  civil engineering and building products,entity,{}
altair investments pty ltd,entity,{}
altair no 1 pty ltd,entity,{}
altair no 2 pty ltd,entity,{}
alumuna property pty ltd,entity,{}
artemis no 1 pty ltd,entity,{}
celestial development no 2 pty ltd,entity,{}
celestial development no 3 pty ltd,entity,{}
celestial development no 4 pty ltd,entity,{}
celestial development no 5 pty ltd,entity,{}
circle 121 pty ltd,entity,{}
de burgh development pty ltd,entity,{}
front architects pty ltd,entity,{}
jwland building group pty ltd,entity,{}
jwland construction pty  ltd,entity,{}
jwland development pty  ltd,entity,{}
jwland group pty ltd,entity,{}
mp development no 1 pty ltd,entity,{}
mp development no  2 pty ltd,entity,{}
rigel property pty ltd,entity,{}
totem residences pty ltd,entity,{}
xchange property pty ltd,entity,{}
tyro payments limited,entity,{}
49 103 575 042,entity,{}
tyro health pty ltd,entity,{}
21 615 345 536,entity,{}
tyro payments  ben alliance  pty ltd,entity,{}
91 649 412 895,entity,{}
400 450m,entity,{}
https   modernslaveryregister gov au statements 16180,entity,{}
farmland dairy pty  ltd,entity,{}
95 143 965 100,entity,{}
noisy beast pty ltd,entity,{}
23 157 868 534,entity,{}
swisse wellness pty ltd,entity,{}
62 004 926 005,entity,{}
sw translink packaging pty ltd,entity,{}
86 611 928 486,entity,{}
australia  hong kong,entity,{}
cosmetics and toiletries  healthcare and pharmaceuticals  other,entity,{}
https   modernslaveryregister gov au statements 1422,entity,{}
assetlink services pty limited,entity,{}
89 061 914 556,entity,{}
assetfuture technology pty limited,entity,{}
79 102 556 623,entity,{}
assetlink indigenous services pty ltd,entity,{}
29 639 605 904,entity,{}
assetlink village services pty limited,entity,{}
43 159 230 574,entity,{}
assetprojects   services pty ltd,entity,{}
47 159 230 592,entity,{}
200 250m,entity,{}
construction  civil engineering and building products consumer services  including accommodation  hospitality  tourism and leisure information technology and telecommunication cleaning and security services,entity,{}
https   modernslaveryregister gov au statements 17085,entity,{}
aveo group limited,entity,{}
28 010 729 950,entity,{}
2020 04 01 to 2021 03 30,entity,{}
financial  insurance and real estate activities other,entity,{}
https   modernslaveryregister gov au statements 4724,entity,{}
readytech holdings limited,entity,{}
25 632 137 216,entity,{}
information technology and telecommunication,entity,{}
avaxa pty ltd,entity,{}
capital software limited,entity,{}
elearning australia pty ltd,entity,{}
esher house pty ltd,entity,{}
it vision australia pty ltd,entity,{}
it vision software pty ltd,entity,{}
lirac bidco pty ltd,entity,{}
lirac holdco pty ltd,entity,{}
mcgirr holdings pty ltd,entity,{}
mcgirr information technology pty limited,entity,{}
mcgirr technologies  inc,entity,{}
pentagon bidco pty ltd,entity,{}
pentagon holdco pty ltd,entity,{}
phoenixats australia pty ltd,entity,{}
ready payroll pty ltd,entity,{}
ready pay services pty ltd,entity,{}
readytech gov solutions pty ltd,entity,{}
readytech holdco pty ltd,entity,{}
readytech limited,entity,{}
readytech procurement solutions pty ltd,entity,{}
readytech pty ltd,entity,{}
readytech workforce solutions pty ltd,entity,{}
the trustee for i t vision unit trust,entity,{}
vettrak pty ltd,entity,{}
wagelink australia pty ltd,entity,{}
zambion pty ltd,entity,{}
https   modernslaveryregister gov au statements 21161,entity,{}
superloop limited,entity,{}
96 169 263 094,entity,{}
https   modernslaveryregister gov au statements 3525,entity,{}
australian independent rural retailers pty ltd,entity,{}
36 112 308 835,entity,{}
b    w  rural pty limited,entity,{}
33 068 943 528,entity,{}
elders limited,entity,{}
34 004 336 636,entity,{}
elders rural services australia limited,entity,{}
72 004 045 121,entity,{}
killara feedlot pty ltd,entity,{}
18 081 072 746,entity,{}
titan ag pty ltd,entity,{}
57 122 081 574,entity,{}
2023 10 01 to 2024 09 30,entity,{}
food and beverages  agriculture and fishing financial  insurance and real estate activities,entity,{}
https   modernslaveryregister gov au statements 22024,entity,{}
hanson australia  holdings  pty limited,entity,{}
48 090 994 657,entity,{}
hanson holdings australia pty limited,entity,{}
96 611 565 649,entity,{}
germany,entity,{}
alex  fraser proprietary limited,entity,{}
hanson construction materials pty ltd,entity,{}
hanson landfill services pty ltd,entity,{}
hymix australia pty limited,entity,{}
pioneer north queensland pty ltd,entity,{}
recycling industries pty ltd,entity,{}
suncoast asphalt pty ltd,entity,{}
https   modernslaveryregister gov au statements 18468,entity,{}
ghd pty ltd,entity,{}
39 008 488 373,entity,{}
professional and administrative services and supplies  including legal  consulting and accounting services,entity,{}
https   modernslaveryregister gov au statements 142,entity,{}
the mix australia pty ltd,entity,{}
88 069 944 930,entity,{}
durable consumer goods  including electronics and appliances  home furnishings and other accessories,entity,{}
https   modernslaveryregister gov au statements 16014,entity,{}
lgt crestone holdings limited,entity,{}
41 606 011 974,entity,{}
https   modernslaveryregister gov au statements 15135,entity,{}
hansen corporation pty  ltd,entity,{}
30 006 605 876,entity,{}
hansen technologies limited,entity,{}
90 090 996 455,entity,{}
professional  scientific and technical services information media and telecommunications,entity,{}
https   modernslaveryregister gov au statements 26955,entity,{}
exchange house services australia pty ltd,entity,{}
75 091 861 835,entity,{}
herbert smith freehills kramer,entity,{}
98 773 882 646,entity,{}
2024 05 01 to 2025 04 30,entity,{}
700 800m,entity,{}
other services,entity,{}
https   modernslaveryregister gov au statements 25034,entity,{}
legal aid queensland,entity,{}
69 062 423 924,entity,{}
https   modernslaveryregister gov au statements 25566,entity,{}
beyond bank australia limited,entity,{}
15 087 651 143,entity,{}
financial and insurance services,entity,{}
awa mutual limited,entity,{}
beyond bank australia foundation limited,entity,{}
beyond employee benevolent fund pty ltd,entity,{}
community cps services pty ltd,entity,{}
eastwoods group limited,entity,{}
eastwoods wealth management pty ltd,entity,{}
the trustee for beyond bank australia foundation master dgr fund,entity,{}
the trustee for beyond bank australia foundation master support fund,entity,{}
the trustee for the barton a warehouse trust,entity,{}
the trustee for the barton series 2013 1r trust,entity,{}
the trustee for the barton series 2017 1 trust,entity,{}
the trustee for the barton series 2019 1 trust,entity,{}
the trustee for the barton series 2023 1 trust,entity,{}
the trustee for the barton w warehouse trust,entity,{}
mondelez australia holdings pty limited,entity,{}
86 004 880 817,entity,{}
food and beverages  agriculture and fishing,entity,{}
https   modernslaveryregister gov au statements 4908,entity,{}
liberty oil convenience pty ltd,entity,{}
98 629 547 682,entity,{}
loc global pty ltd,entity,{}
53 637 527 541,entity,{}
2021 01 01 to 2021 12 31,entity,{}
other,entity,{}
https   modernslaveryregister gov au statements 9466,entity,{}
rockwell automation australia ltd,entity,{}
80 005 549 477,entity,{}
australia  canada  united kingdom  united states of america,entity,{}
food and beverages  agriculture and fishing mining  metals  chemicals and resources  including oil and gas  automotive  machinery and heavy electrical equipment durable consumer goods  including electronics and appliances  home furnishings and other accessories utilities  gas  water and electricity fashion  textiles  apparel and luxury goods media  publishing  arts and entertainment construction  civil engineering and building products information technology and telecommunication defence and aerospace education and research healthcare and pharmaceuticals government sector,entity,{}
https   modernslaveryregister gov au statements 22170,entity,{}
pace holdco pty ltd,entity,{}
agriculture  forestry and fishing,entity,{}
alimfresh pty ltd,entity,{}
pace farm pty limited,entity,{}
https   modernslaveryregister gov au statements 26276,entity,{}
australia personnel global pty ltd,entity,{}
https   modernslaveryregister gov au statements 26958,entity,{}
a c n  085 239 998 pty ltd,entity,{}
39 085 239 998,entity,{}
kentucky fried chicken pty ltd,entity,{}
79 000 587 780,entity,{}
kfc adco limited,entity,{}
22 083 047 992,entity,{}
2020 07 01 to 2021 06 30,entity,{}
https   modernslaveryregister gov au statements 7165,entity,{}
heat and control pty  ltd,entity,{}
82 009 742 803,entity,{}
australia  united states of america,entity,{}
automotive  machinery and heavy electrical equipment,entity,{}
flavorite technologies pvt ltd,entity,{}
heat and control bv,entity,{}
heat and control co ltd,entity,{}
heat and control llc,entity,{}
heat and control ltd,entity,{}
heat and control pte ltd,entity,{}
heat and control pty ltd,entity,{}
heat and control pvt ltd,entity,{}
heat and control sa pty ltd,entity,{}
heat and control sdn bhd ltd,entity,{}
https   modernslaveryregister gov au statements 23043,entity,{}
guardian alphabet holdco pty ltd,entity,{}
54 628 455 103,entity,{}
guardian alphabet midco pty ltd,entity,{}
25 628 464 773,entity,{}
guardian alphabet pty ltd,entity,{}
44 628 465 663,entity,{}
zenitas healthcare pty ltd,entity,{}
78 009 074 588,entity,{}
healthcare and pharmaceuticals,entity,{}
https   modernslaveryregister gov au statements 20984,entity,{}
mossop group pty  ltd,entity,{}
52 008 018 540,entity,{}
https   modernslaveryregister gov au statements 2121,entity,{}
alloys computer unit trust,entity,{}
71 534 566 842,entity,{}
2021 07 01 to 2022 06 30,entity,{}
https   modernslaveryregister gov au statements 11450,entity,{}
my muscle chef pty  ltd,entity,{}
92 162 190 070,entity,{}
https   modernslaveryregister gov au statements 11635,entity,{}
the trustee for apg australian investments holding trust,entity,{}
84 830 441 017,entity,{}
the trustee for apg australian student accommodations i trust,entity,{}
56 565 306 043,entity,{}
https   modernslaveryregister gov au statements 24538,entity,{}
awp australia pty ltd,entity,{}
52 097 227 177,entity,{}
600 700m,entity,{}
https   modernslaveryregister gov au statements 18812,entity,{}
rangers valley cattle station pty ltd,entity,{}
17 001 060 402,entity,{}
2022 04 01 to 2023 03 30,entity,{}
300 350m,entity,{}
https   modernslaveryregister gov au statements 12941,entity,{}
rolls royce plc,entity,{}
rolls royce power systems ag,entity,{}
rolls royce solutions america inc,entity,{}
rolls royce solutions asia pte ltd,entity,{}
united states of america,entity,{}
singapore,entity,{}
defence and aerospace,entity,{}
https   modernslaveryregister gov au statements 23644,entity,{}
beca consultants pty ltd,entity,{}
45 003 431 089,entity,{}
beca pty  ltd,entity,{}
85 004 974 341,entity,{}
https   modernslaveryregister gov au statements 5690,entity,{}
peter maccallum cancer institute,entity,{}
42 100 504 883,entity,{}
900m 1bn,entity,{}
https   modernslaveryregister gov au statements 12594,entity,{}
the council of the king s school,entity,{}
24 481 364 152,entity,{}
education and research,entity,{}
https   modernslaveryregister gov au statements 23005,entity,{}
box hill institute,entity,{}
76 268 630 462,entity,{}
https   modernslaveryregister gov au statements 4833,entity,{}
berkshire hathaway specialty insurance company,entity,{}
84 600 643 034,entity,{}
https   modernslaveryregister gov au statements 23485,entity,{}
kogan com ltd,entity,{}
96 612 447 293,entity,{}
https   modernslaveryregister gov au statements 11913,entity,{}
central gippsland region water corporation,entity,{}
75 830 750 413,entity,{}
utilities  gas  water and electricity,entity,{}
https   modernslaveryregister gov au statements 1591,entity,{}
novotech  australia  pty ltd,entity,{}
novotech smo pty ltd,entity,{}
https   modernslaveryregister gov au statements 23007,entity,{}
raytheon australia pty ltd,entity,{}
35 063 709 295,entity,{}
https   modernslaveryregister gov au statements 17463,entity,{}
grange resources limited,entity,{}
80 009 132 405,entity,{}
500 600m,entity,{}
bamine pty  ltd,entity,{}
barrack mines pty ltd,entity,{}
beviron pty limited,entity,{}
bml holdings pty ltd,entity,{}
ever green resources co   limited,entity,{}
grange administrative services pty ltd,entity,{}
grange capital pty ltd,entity,{}
grange resources investments pty ltd,entity,{}
grange resources  southdown  pty ltd,entity,{}
grange resources  tasmania  pty ltd,entity,{}
grange tasmania holdings pty ltd,entity,{}
horseshoe gold mine pty ltd,entity,{}
southdown project management pty ltd,entity,{}
https   modernslaveryregister gov au statements 24043,entity,{}
grand ridge plantations pty ltd,entity,{}
hancock victorian plantations pty limited,entity,{}
https   modernslaveryregister gov au statements 25571,entity,{}
cuscal limited,entity,{}
95 087 822 455,entity,{}
unknown,entity,{}
https   modernslaveryregister gov au statements 556,entity,{}
civeo pty ltd,entity,{}
53 003 657 510,entity,{}
action industrial catering pty ltd,entity,{}
16 071 228 807,entity,{}
consumer services  including accommodation  hospitality  tourism and leisure,entity,{}
https   modernslaveryregister gov au statements 18643,entity,{}
cargill australia limited,entity,{}
24 103 594 823,entity,{}
cargill japan llc,entity,{}
35 081 890 502,entity,{}
62 088 928 858,entity,{}
awb  australia  limited,entity,{}
awb grainflow pty ltd,entity,{}
cargill australia financial services pty limited,entity,{}
2023 06 01 to 2024 05 31,entity,{}
https   modernslaveryregister gov au statements 20071,entity,{}
tronox limited,entity,{}
91 153 348 111,entity,{}
tronox management pty ltd,entity,{}
59 009 343 364,entity,{}
tronox mining australia limited,entity,{}
60 009 247 858,entity,{}
tronox pigment bunbury ltd,entity,{}
50 008 683 627,entity,{}
https   modernslaveryregister gov au statements 9647,entity,{}
the trustee for 1851 emerging companies fund,entity,{}
88 262 648 719,entity,{}
https   modernslaveryregister gov au statements 26258,entity,{}
ubs ag,entity,{}
47 088 129 613,entity,{}
switzerland,entity,{}
800 900m,entity,{}
https   modernslaveryregister gov au statements 4909,entity,{}
shinhan bank co   ltd,entity,{}
95 607 620 440,entity,{}
republic of korea  south korea,entity,{}
https   modernslaveryregister gov au statements 17713,entity,{}
dual australia pty limited,entity,{}
16 107 553 257,entity,{}
2021 10 01 to 2022 09 30,entity,{}
https   modernslaveryregister gov au statements 12489,entity,{}
esri australia pty ltd,entity,{}
16 008 852 775,entity,{}
https   modernslaveryregister gov au statements 14368,entity,{}
accent group limited,entity,{}
85 108 096 251,entity,{}
retail trade,entity,{}
https   modernslaveryregister gov au statements 25747,entity,{}
42 004 684 173,entity,{}
not provided in the text,entity,{}
2024 06 01 to 2025 05 31,entity,{}
https   modernslaveryregister gov au statements 25289,entity,{}
objective corporation limited,entity,{}
16 050 539 350,entity,{}
objective regtech pty limited,entity,{}
82 072 883 124,entity,{}
objective corporation north america inc,entity,{}
objective corporation singapore pte limited,entity,{}
objective corporation solutions nz limited,entity,{}
objective corporation uk limited,entity,{}
objective corporation usa inc,entity,{}
the objective corporation limited employee share trust,entity,{}
https   modernslaveryregister gov au statements 26927,entity,{}
hobson engineering co pty ltd,entity,{}
38 000 289 958,entity,{}
https   modernslaveryregister gov au statements 14952,entity,{}
hologic  australia   new zealand  pty limited,entity,{}
95 079 821 275,entity,{}
https   modernslaveryregister gov au statements 21909,entity,{}
beacon lighting corporation pty ltd,entity,{}
56 083 125 446,entity,{}
beacon lighting group limited,entity,{}
90 164 122 785,entity,{}
the trustee for brightlite unit trust,entity,{}
13 322 464 749,entity,{}
melbourne health trading as royal melbourne hospital,entity,{}
73 802 406 972,entity,{}
https   modernslaveryregister gov au statements 3180,entity,{}
modern slavery statement 2021 1260,entity,{}
royal melbourne hospital,entity,{}
built construction holdings pty limited,entity,{}
69 615 899 057,entity,{}
built construction operations pty limited,entity,{}
95 155 340 793,entity,{}
built group holdings pty limited,entity,{}
88 163 462 637,entity,{}
built holdings pty limited,entity,{}
47 108 928 409,entity,{}
built pty limited,entity,{}
24 083 928 045,entity,{}
built qld pty limited,entity,{}
43 108 064 099,entity,{}
https   modernslaveryregister gov au statements 20997,entity,{}
vgi partners global investments limited,entity,{}
https   modernslaveryregister gov au statements 16861,entity,{}
mort   co finance pty ltd,entity,{}
23 104 446 933,entity,{}
mort   co holdings ltd,entity,{}
54 606 165 128,entity,{}
mort   co livestock pty ltd,entity,{}
80 089 441 583,entity,{}
mort   co lot feeders pty ltd,entity,{}
60 096 338 206,entity,{}
mort   co ltd,entity,{}
43 096 318 759,entity,{}
mort   co meat pty ltd,entity,{}
19 116 445 893,entity,{}
tipalea partners rural pty ltd,entity,{}
54 105 444 102,entity,{}
https   modernslaveryregister gov au statements 7448,entity,{}
hubspot australia pty ltd,entity,{}
2024 839,entity,{}
https   modernslaveryregister gov au statements 17908,entity,{}
mitsui matsushima australia pty  limited,entity,{}
62 050 054 398,entity,{}
mitsui matsushima international pty  limited,entity,{}
72 100 874 600,entity,{}
https   modernslaveryregister gov au statements 14046,entity,{}
olex australia pty limited,entity,{}
61 087 542 863,entity,{}
https   modernslaveryregister gov au statements 4810,entity,{}
marine power international llc,entity,{}
25 003 100 007,entity,{}
https   modernslaveryregister gov au statements 8338,entity,{}
wam microcap limited,entity,{}
34 617 838 418,entity,{}
https   modernslaveryregister gov au statements 2987,entity,{}
insurance building australia operations pty ltd,entity,{}
80 661 826 026,entity,{}
construction  civil engineering and building products cleaning and security services,entity,{}
ambrose construct group pty ltd,entity,{}
fen australia pty ltd,entity,{}
inserve australia pty ltd,entity,{}
marshall restorations pty ltd,entity,{}
scope it services pty ltd,entity,{}
xtreme clean sanitisation   restoration pty ltd,entity,{}
https   modernslaveryregister gov au statements 16551,entity,{}
auswide australia ltd,entity,{}
40 087 652 060,entity,{}
mysate bank limited,entity,{}
89 067 729 195,entity,{}
mystate limited,entity,{}
26 133 623 962,entity,{}
auswide austrialia ltd,entity,{}
tpt wealth ltd,entity,{}
https   modernslaveryregister gov au statements 26379,entity,{}
posco yamato vina steel joint stock company,entity,{}
1135,entity,{}
vietnam,entity,{}
https   modernslaveryregister gov au statements 17817,entity,{}
serco australia pty limited,entity,{}
44 003 677 352,entity,{}
government sector,entity,{}
https   modernslaveryregister gov au statements 12617,entity,{}
expressway spares pty ltd,entity,{}
55 000 483 107,entity,{}
https   modernslaveryregister gov au statements 14302,entity,{}
resthaven incorporated,entity,{}
79 976 580 833,entity,{}
https   modernslaveryregister gov au statements 11519,entity,{}
aggreko generator rentals pty  limited,entity,{}
66 001 991 457,entity,{}
https   modernslaveryregister gov au statements 23948,entity,{}
australian plastic profiles pty ltd,entity,{}
77 001 414 759,entity,{}
https   modernslaveryregister gov au statements 14521,entity,{}
bt australasia pty limited,entity,{}
93 003 050 146,entity,{}
australia  united kingdom,entity,{}
https   modernslaveryregister gov au statements 13479,entity,{}
bothar group pty ltd,entity,{}
83 137 166 780,entity,{}
https   modernslaveryregister gov au statements 4911,entity,{}
the trustee for the grassroots renewable energy trust,entity,{}
94 551 204 275,entity,{}
https   modernslaveryregister gov au statements 9394,entity,{}
retail employees superannuation pty  limited,entity,{}
39 001 987 739,entity,{}
https   modernslaveryregister gov au statements 11065,entity,{}
petsure  australia  pty ltd,entity,{}
2199,entity,{}
petsure holdings pty ltd,entity,{}
https   modernslaveryregister gov au statements 15178,entity,{}
n h p  electrical engineering products proprietary limited,entity,{}
84 004 304 812,entity,{}
https   modernslaveryregister gov au statements 5892,entity,{}
gs global australia pty  ltd,entity,{}
12 003 931 548,entity,{}
https   modernslaveryregister gov au statements 18600,entity,{}
bridgewater associates  lp,entity,{}
2024 1604,entity,{}
https   modernslaveryregister gov au statements 23861,entity,{}
yara pilbara fertilisers pty ltd,entity,{}
74 095 441 151,entity,{}
yara pilbara nitrates pty ltd,entity,{}
33 127 391 422,entity,{}
norway,entity,{}
https   modernslaveryregister gov au statements 20199,entity,{}
sunpork fresh foods pty ltd,entity,{}
24 135 230 545,entity,{}
sunpork pty ltd,entity,{}
11 059 168 786,entity,{}
swicker s kingaroy bacon factory pty  ltd,entity,{}
35 009 678 693,entity,{}
https   modernslaveryregister gov au statements 10986,entity,{}
aurizon holdings limited,entity,{}
14 146 335 622,entity,{}
aurizon network pty ltd,entity,{}
78 132 181 116,entity,{}
aurizon operations limited,entity,{}
47 564 947 264,entity,{}
australia eastern railroad pty ltd,entity,{}
84 118 274 776,entity,{}
australia western railroad pty ltd,entity,{}
39 094 792 275,entity,{}
https   modernslaveryregister gov au statements 10843,entity,{}
sth holdings pty limited,entity,{}
71 069 565 331,entity,{}
st hilliers contracting pty limited,entity,{}
66 082 729 039,entity,{}
st  hilliers pty  limited,entity,{}
78 003 819 681,entity,{}
https   modernslaveryregister gov au statements 7854,entity,{}
skf australia pty  ltd,entity,{}
87 004 236 855,entity,{}
sweden,entity,{}
https   modernslaveryregister gov au statements 5753,entity,{}
cleanco queensland limited,entity,{}
85 628 008 159,entity,{}
https   modernslaveryregister gov au statements 16581,entity,{}
adairs limited,entity,{}
50 147 375 451,entity,{}
adairs retail group pty ltd,entity,{}
29 128 287 776,entity,{}
focus on furniture pty ltd,entity,{}
14 089 394 712,entity,{}
mocka products pty ltd,entity,{}
27 152 476 349,entity,{}
ppg industries australia pty limited,entity,{}
82 055 500 939,entity,{}
https   modernslaveryregister gov au statements 9678,entity,{}
berry street victoria incorporated,entity,{}
24 719 196 762,entity,{}
charitable   not for profit activities,entity,{}
https   modernslaveryregister gov au statements 21567,entity,{}
dr jones   partners group holdings pty ltd,entity,{}
90 096 196 655,entity,{}
jones holding co pty limited,entity,{}
https   modernslaveryregister gov au statements 22669,entity,{}
vermilion oil   gas australia pty ltd,entity,{}
29 113 023 591,entity,{}
canada,entity,{}
https   modernslaveryregister gov au statements 24985,entity,{}
city holdings  aus  pty ltd,entity,{}
33 135 098 636,entity,{}
https   modernslaveryregister gov au statements 4340,entity,{}
symal infrastructure pty ltd,entity,{}
87 130 808 276,entity,{}
symal structures pty ltd,entity,{}
54 626 335 322,entity,{}
https   modernslaveryregister gov au statements 6780,entity,{}
mitsui sumitomo insurance company  limited,entity,{}
49 000 525 637,entity,{}
https   modernslaveryregister gov au statements 14771,entity,{}
baiada holdings pty limited,entity,{}
19 003 013 321,entity,{}
baiada poultry pty limited,entity,{}
96 002 925 948,entity,{}
baiada pty ltd,entity,{}
47 000 426 808,entity,{}
bartter enterprises pty  limited,entity,{}
bartter holdings pty  limited,entity,{}
bpl adelaide pty limited,entity,{}
bpl foods pty limited,entity,{}
steggles foods mt kuring gai pty limited,entity,{}
steggles foods products pty limited,entity,{}
tangaratta stockfeeds pty  limited,entity,{}
wholesale trade agriculture  forestry and fishing,entity,{}
https   modernslaveryregister gov au statements 26477,entity,{}
latitude finance australia,entity,{}
42 008 583 588,entity,{}
latitude group holdings limited,entity,{}
83 604 747 391,entity,{}
latitude personal finance pty ltd,entity,{}
54 008 443 810,entity,{}
the trustee for australian personal loans trust,entity,{}
31 684 228 845,entity,{}
the trustee for latitude australia credit card master trust,entity,{}
50 549 133 761,entity,{}
https   modernslaveryregister gov au statements 8778,entity,{}
tully sugar limited,entity,{}
92 011 030 256,entity,{}
https   modernslaveryregister gov au statements 5391,entity,{}
mitsui iron ore corporation pty  ltd,entity,{}
16 050 157 456,entity,{}
mining,entity,{}
https   modernslaveryregister gov au statements 24724,entity,{}
smith   nephew pty limited,entity,{}
68 000 087 507,entity,{}
https   modernslaveryregister gov au statements 9111,entity,{}
american airlines,entity,{}
https   modernslaveryregister gov au statements 9066,entity,{}
koppers carbon materials   chemicals pty ltd,entity,{}
71 003 947 699,entity,{}
https   modernslaveryregister gov au statements 23324,entity,{}
tuas limited,entity,{}
70 639 685 975,entity,{}
2024 08 01 to 2025 07 31,entity,{}
information media and telecommunications,entity,{}
https   modernslaveryregister gov au statements 26403,entity,{}
hastings deering  australia  limited,entity,{}
49 054 094 647,entity,{}
sime darby industrial australia pty ltd,entity,{}
56 153 652 594,entity,{}
https   modernslaveryregister gov au statements 7010,entity,{}
simon george and sons pty ltd,entity,{}
55 104 866 284,entity,{}
https   modernslaveryregister gov au statements 1594,entity,{}
brightwater care group limited,entity,{}
23 445 460 050,entity,{}
https   modernslaveryregister gov au statements 14407,entity,{}
the trustee for vestito unit trust,entity,{}
69 032 764 154,entity,{}
https   modernslaveryregister gov au statements 7668,entity,{}
vestas   australian wind technology pty  limited,entity,{}
denmark,entity,{}
automotive  machinery and heavy electrical equipment utilities  gas  water and electricity,entity,{}
https   modernslaveryregister gov au statements 13848,entity,{}
churches of christ in queensland,entity,{}
28 953 930 342,entity,{}
https   modernslaveryregister gov au statements 7272,entity,{}
myob australia pty ltd,entity,{}
13 086 760 198,entity,{}
myob group co pty ltd,entity,{}
23 630 725 825,entity,{}
https   modernslaveryregister gov au statements 8658,entity,{}
australian registry holdings pty ltd,entity,{}
44 617 925 943,entity,{}
https   modernslaveryregister gov au statements 2733,entity,{}
reliance worldwide corporation  aust   pty  ltd,entity,{}
71 004 784 301,entity,{}
reliance worldwide corporation limited,entity,{}
46 610 855 877,entity,{}
https   modernslaveryregister gov au statements 1252,entity,{}
asx limited,entity,{}
98 008 624 691,entity,{}
asx operations pty  ltd,entity,{}
42 004 523 782,entity,{}
https   modernslaveryregister gov au statements 10853,entity,{}
walker family no 1 pty limited as trustee for walker family trust  walker group holdings pty limited,entity,{}
walker family trust,entity,{}
25775,entity,{}
https   modernslaveryregister gov au statements 25775,entity,{}
scott park group pty ltd,entity,{}
42 118 798 253,entity,{}
https   modernslaveryregister gov au statements 4033,entity,{}
pental limited,entity,{}
29 091 035 353,entity,{}
food and beverages  agriculture and fishing cosmetics and toiletries,entity,{}
https   modernslaveryregister gov au statements 11313,entity,{}
demolition environmental civil contractors pty  ltd,entity,{}
93 118 380 484,entity,{}
decc environmental pty ltd,entity,{}
76 169 336 725,entity,{}
decc pty ltd,entity,{}
16 128 598 710,entity,{}
decc shoring pty ltd,entity,{}
55 155 445 935,entity,{}
https   modernslaveryregister gov au statements 17498,entity,{}
myer holdings limited,entity,{}
14 119 085 602,entity,{}
marcs david lawrence pty limited,entity,{}
71 168 166 247,entity,{}
myer pty ltd,entity,{}
83 004 143 239,entity,{}
sass   bide pty ltd,entity,{}
56 094 549 783,entity,{}
2022 07 31 to 2023 07 29,entity,{}
durable consumer goods  including electronics and appliances  home furnishings and other accessories cosmetics and toiletries fashion  textiles  apparel and luxury goods,entity,{}
https   modernslaveryregister gov au statements 16900,entity,{}
freyssinet australia pty ltd,entity,{}
15 002 617 736,entity,{}
france,entity,{}
https   modernslaveryregister gov au statements 14960,entity,{}
mpa holdings  aust   pty limited,entity,{}
20 609 473 421,entity,{}
https   modernslaveryregister gov au statements 20213,entity,{}
associated retailers limited,entity,{}
42 004 520 030,entity,{}
https   modernslaveryregister gov au statements 11069,entity,{}
canva pty ltd,entity,{}
2611,entity,{}
beijing canva information technology co,entity,{}
canva hk limited,entity,{}
canva new zealand limited,entity,{}
canva singapore operations,entity,{}
canva solutions inc,entity,{}
pexels gmbh,entity,{}
pixabay gmbh,entity,{}
https   modernslaveryregister gov au statements 15720,entity,{}
nextdc limited,entity,{}
35 143 582 521,entity,{}
https   modernslaveryregister gov au statements 26837,entity,{}
adyen australia pty ltd,entity,{}
55 162 682 411,entity,{}
https   modernslaveryregister gov au statements 17991,entity,{}
prixcar services pty  ltd,entity,{}
42 007 063 505,entity,{}
https   modernslaveryregister gov au statements 6068,entity,{}
blue prism pty ltd,entity,{}
eze software group pty limited,entity,{}
intralinks pty limited,entity,{}
ss c administration services  australia  pty limited,entity,{}
ss c bluedoor pty limited,entity,{}
ss c gids transfer agency  australia  pty ltd,entity,{}
ss c process solutions  australia  pty limited,entity,{}
ss c solutions pty limited,entity,{}
ss c technologies australia pty ltd,entity,{}
https   modernslaveryregister gov au statements 22854,entity,{}
plenti group limited,entity,{}
11 643 435 492,entity,{}
plenti pty limited,entity,{}
29 161 376 638,entity,{}
https   modernslaveryregister gov au statements 14824,entity,{}
mizuho securities asia limited,entity,{}
hong kong,entity,{}
https   modernslaveryregister gov au statements 24572,entity,{}
mitsui   co   australia  ltd,entity,{}
64 004 349 795,entity,{}
2021 04 01 to 2022 03 30,entity,{}
food and beverages  agriculture and fishing forestry  timber products  paper and containers and packaging mining  metals  chemicals and resources  including oil and gas  automotive  machinery and heavy electrical equipment waste management and recycling construction  civil engineering and building products transportation  logistics  and storage,entity,{}
https   modernslaveryregister gov au statements 10113,entity,{}
silver chain group limited,entity,{}
77 119 417 018,entity,{}
healthcare and pharmaceuticals charitable   not for profit activities,entity,{}
https   modernslaveryregister gov au statements 6500,entity,{}
healius limited,entity,{}
24 064 530 516,entity,{}
hls healthcare holdings pty ltd,entity,{}
hls imaging holdings pty ltd,entity,{}
hls pathology holdings pty ltd,entity,{}
idameneo  no 789  ltd,entity,{}
https   modernslaveryregister gov au statements 17374,entity,{}
https   modernslaveryregister gov au statements 4270,entity,{}
foghorn holdings pty ltd,entity,{}
87 122 558 874,entity,{}
macpac group holdings pty limited,entity,{}
22 609 407 436,entity,{}
macpac holdings pty ltd,entity,{}
macpac retail pty  ltd,entity,{}
98 129 716 025,entity,{}
mp finco pty limited,entity,{}
97 634 448 598,entity,{}
rebel group limited,entity,{}
97 110 006 678,entity,{}
rebel sport limited,entity,{}
78 003 283 823,entity,{}
srg leisure retail pty ltd,entity,{}
51 110 667 411,entity,{}
super cheap auto pty ltd,entity,{}
64 085 395 124,entity,{}
super retail group limited,entity,{}
81 108 676 204,entity,{}
2024 06 30 to 2025 06 28,entity,{}
a mart all sports pty  ltd,entity,{}
auto trade direct  nz  limited,entity,{}
auto trade direct pty ltd,entity,{}
bcf new zealand limited,entity,{}
coyote retail pty limited,entity,{}
goldcross cycles pty  ltd,entity,{}
infinite retail pty ltd,entity,{}
macpac enterprises limited,entity,{}
macpac limited,entity,{}
macpac new zealand limited,entity,{}
mouton noir ip limited,entity,{}
mouton noir management pty  ltd,entity,{}
oceania bicycles limited,entity,{}
oceania bicycles pty ltd,entity,{}
ray s outdoors new zealand limited,entity,{}
ray s outdoors pty ltd,entity,{}
rebel management services pty limited,entity,{}
rebel pty ltd,entity,{}
rebelsport com pty limited,entity,{}
rebel wholesale pty limited,entity,{}
srg equity plan pty ltd,entity,{}
srgs  new zealand  limited,entity,{}
srgs pty ltd,entity,{}
super cheap auto  new zealand  pty limited,entity,{}
super retail commercial pty ltd,entity,{}
super retail group services  new zealand  limited,entity,{}
super retail group services pty ltd,entity,{}
super retail group trading  shanghai  ltd,entity,{}
workout world pty ltd,entity,{}
fujitsu australia ltd,entity,{}
19 001 011 427,entity,{}
https   modernslaveryregister gov au statements 14676,entity,{}
coliban region water corporation,entity,{}
96 549 082 360,entity,{}
https   modernslaveryregister gov au statements 7101,entity,{}
fairbrother pty ltd,entity,{}
51 009 510 561,entity,{}
https   modernslaveryregister gov au statements 7551,entity,{}
micro focus australia pty limited,entity,{}
https   modernslaveryregister gov au statements 27086,entity,{}
lsh auto  melbourne  pty ltd,entity,{}
77 618 554 635,entity,{}
lsh auto  brisbane  pty ltd,entity,{}
66 606 816 497,entity,{}
lsh auto  sydney  pty ltd,entity,{}
25 604 103 915,entity,{}
the trustee for cppib dota trust,entity,{}
13 582 454 856,entity,{}
the trustee for cppib real estate trust,entity,{}
42 536 236 084,entity,{}
https   modernslaveryregister gov au statements 16521,entity,{}
job futures ltd,entity,{}
13 080 037 538,entity,{}
https   modernslaveryregister gov au statements 15305,entity,{}
mighty ape limited,entity,{}
92 163 144 250,entity,{}
virbac  australia  pty ltd,entity,{}
77 003 268 871,entity,{}
wholesale trade agriculture  forestry and fishing manufacturing,entity,{}
https   modernslaveryregister gov au statements 24312,entity,{}
nioa nominees pty ltd,entity,{}
bill nioa family trust,entity,{}
11 646 964 149,entity,{}
https   modernslaveryregister gov au statements 19934,entity,{}
ive group limited,entity,{}
62 606 252 644,entity,{}
manufacturing other services,entity,{}
https   modernslaveryregister gov au statements 25467,entity,{}
multicap limited,entity,{}
40 120 240 686,entity,{}
health care and social assistance,entity,{}
allinto australia limited,entity,{}
arbourwell limited,entity,{}
open minds australia limited,entity,{}
https   modernslaveryregister gov au statements 27382,entity,{}
bytedance pte  ltd,entity,{}
https   modernslaveryregister gov au statements 24347,entity,{}
itc infotech india limited,entity,{}
42 144 614 924,entity,{}
india,entity,{}
https   modernslaveryregister gov au statements 15399,entity,{}
lite n  easy  new south wales  pty ltd,entity,{}
51 165 076 380,entity,{}
lite n  easy pty ltd,entity,{}
33 010 655 820,entity,{}
lite n  easy  queensland  pty ltd,entity,{}
62 066 985 073,entity,{}
lite n  easy  victoria  pty ltd,entity,{}
56 153 499 579,entity,{}
https   modernslaveryregister gov au statements 1777,entity,{}
ozland group services pty ltd,entity,{}
40 643 551 884,entity,{}
cleaning and security services,entity,{}
ozland commercial cleaning pty ltd,entity,{}
ozland retail cleaning pty ltd,entity,{}
59 648 371 411,entity,{}
79 648 370 307,entity,{}
https   modernslaveryregister gov au statements 20556,entity,{}
nutting investments pty  ltd,entity,{}
architectural window installations pty ltd,entity,{}
bretts pty limited,entity,{}
https   modernslaveryregister gov au statements 15628,entity,{}
university of canberra,entity,{}
81 633 873 422,entity,{}
https   modernslaveryregister gov au statements 5097,entity,{}
stryker australia pty ltd,entity,{}
48 002 873 850,entity,{}
https   modernslaveryregister gov au statements 4318,entity,{}
ralph lauren australia pty ltd,entity,{}
61 118 847 359,entity,{}
2022 04 01 to 2023 03 31,entity,{}
https   modernslaveryregister gov au statements 17222,entity,{}
volgren australia pty  limited,entity,{}
36 006 772 774,entity,{}
https   modernslaveryregister gov au statements 5004,entity,{}
tasmanian networks pty ltd,entity,{}
24 167 357 299,entity,{}
https   modernslaveryregister gov au statements 7364,entity,{}
elonara pty ltd,entity,{}
75 630 632 450,entity,{}
stowe australia pty limited,entity,{}
27 002 556 603,entity,{}
utilities  gas  water and electricity construction  civil engineering and building products information technology and telecommunication,entity,{}
https   modernslaveryregister gov au statements 21788,entity,{}
bbc studios australia holdings pty ltd,entity,{}
85 127 624 104,entity,{}
media  publishing  arts and entertainment,entity,{}
https   modernslaveryregister gov au statements 5599,entity,{}
shayher alliance pty limited,entity,{}
2023 3634,entity,{}
shayher developments pty ltd,entity,{}
shayher leisure holdings pty ltd,entity,{}
shayher partners pty ltd,entity,{}
shayher properties pty ltd,entity,{}
the one apartments management pty ltd,entity,{}
wynnum residential and commercial management pty ltd,entity,{}
wynnum retail management pty ltd,entity,{}
construction  civil engineering and building products other,entity,{}
https   modernslaveryregister gov au statements 21596,entity,{}
philip morris  australia  limited,entity,{}
68 004 316 901,entity,{}
https   modernslaveryregister gov au statements 9383,entity,{}
https   modernslaveryregister gov au statements 20850,entity,{}
ice endex markets b v,entity,{}
ice futures europe,entity,{}
ice futures u s   inc,entity,{}
netherlands,entity,{}
creditex brokerage llp,entity,{}
https   modernslaveryregister gov au statements 24578,entity,{}
trafigura asia trading pte  ltd,entity,{}
34 819 252 694,entity,{}
trafigura pte ltd,entity,{}
44 221 744 224,entity,{}
2022 10 01 to 2023 09 30,entity,{}
https   modernslaveryregister gov au statements 17219,entity,{}
stockland corporation ltd,entity,{}
43 000 181 733,entity,{}
https   modernslaveryregister gov au statements 5367,entity,{}
2021 1188,entity,{}
modern slavery statement,entity,{}
dennis family holdings pty ltd,entity,{}
39 097 641 855,entity,{}
https   modernslaveryregister gov au statements 3050,entity,{}
bx bunka australia pty ltd,entity,{}
74 124 163 793,entity,{}
2020 05 01 to 2021 06 30,entity,{}
https   modernslaveryregister gov au statements 3921,entity,{}
besix watpac  corporate services  pty ltd,entity,{}
82 128 658 104,entity,{}
https   modernslaveryregister gov au statements 5660,entity,{}
https   modernslaveryregister gov au statements 4961,entity,{}
ibisworld pty ltd,entity,{}
76 006 819 987,entity,{}
https   modernslaveryregister gov au statements 14428,entity,{}
compass group  australia  pty ltd,entity,{}
41 000 683 125,entity,{}
compass group b i hospitality services pty ltd,entity,{}
82 089 388 143,entity,{}
compass group defence hospitality services pty ltd,entity,{}
80 089 388 134,entity,{}
compass group healthcare hospitality services pty ltd,entity,{}
79 114 320 615,entity,{}
compass group remote hospitality services pty ltd,entity,{}
98 113 561 363,entity,{}
delta facilities management pty ltd,entity,{}
98 075 305 010,entity,{}
2019 10 01 to 2020 09 30,entity,{}
https   modernslaveryregister gov au statements 2608,entity,{}
harvest road group pty ltd,entity,{}
31 169 138 014,entity,{}
harvey industries group pty ltd,entity,{}
64 117 597 985,entity,{}
https   modernslaveryregister gov au statements 11940,entity,{}
queensland nitrates pty ltd,entity,{}
63 079 889 268,entity,{}
https   modernslaveryregister gov au statements 10384,entity,{}
new agriculture pty limited,entity,{}
54 653 160 966,entity,{}
tlp3 australian holdings pty limited,entity,{}
tlp3 australian holding pty limited,entity,{}
https   modernslaveryregister gov au statements 23625,entity,{}
anglican aged care services group,entity,{}
60 082 451 992,entity,{}
https   modernslaveryregister gov au statements 14773,entity,{}
michell wool pty limited,entity,{}
11 165 515 604,entity,{}
https   modernslaveryregister gov au statements 10845,entity,{}
marnco pty ltd,entity,{}
86 628 184 323,entity,{}
https   modernslaveryregister gov au statements 13948,entity,{}
aurec group pty ltd,entity,{}
73 147 561 028,entity,{}
aurec pty ltd,entity,{}
finxl professional services pty ltd,entity,{}
74 104 804 793,entity,{}
randstad holdings pty limited,entity,{}
33 098 899 855,entity,{}
randstad digital holdings pty ltd,entity,{}
29 104 800 482,entity,{}
randstad digital pty ltd,entity,{}
43 085 406 300,entity,{}
randstad pty ltd,entity,{}
28 080 278 378,entity,{}
chalfont consulting pty ltd,entity,{}
hrexl group pty ltd,entity,{}
hr partners pty ltd,entity,{}
transatlantic reinsurance company,entity,{}
96 096 053 226,entity,{}
https   modernslaveryregister gov au statements 5275,entity,{}
fx bidco pty limited,entity,{}
31 609 955 053,entity,{}
fx holdco pty limited,entity,{}
33 609 955 062,entity,{}
fx midco pty limited,entity,{}
14 610 799 865,entity,{}
pepperstone group limited,entity,{}
12 147 055 703,entity,{}
information technology and telecommunication financial  insurance and real estate activities,entity,{}
plenary group holdings pty ltd,entity,{}
20 607 311 946,entity,{}
https   modernslaveryregister gov au statements 4820,entity,{}
philip usher constructions pty  ltd,entity,{}
38 011 008 101,entity,{}
https   modernslaveryregister gov au statements 10272,entity,{}
mitsubishi australia limited,entity,{}
81 004 354 278,entity,{}
australia  japan,entity,{}
https   modernslaveryregister gov au statements 5649,entity,{}
wh smith australia pty limited,entity,{}
70 146 430 622,entity,{}
wild retail group pty ltd,entity,{}
40 099 349 345,entity,{}
2022 09 30 to 2023 08 31,entity,{}
https   modernslaveryregister gov au statements 17060,entity,{}
unilever australia group pty ltd,entity,{}
13 614 413 179,entity,{}
https   modernslaveryregister gov au statements 6683,entity,{}
atr brands australia pty ltd,entity,{}
47 650 358 713,entity,{}
strandbags group pty limited,entity,{}
52 002 696 915,entity,{}
strandbags holdings pty ltd,entity,{}
99 128 842 482,entity,{}
strandbags pty ltd,entity,{}
2023 03 01 to 2024 02 29,entity,{}
https   modernslaveryregister gov au statements 19650,entity,{}
australian red cross lifeblood,entity,{}
50 169 561 394  50 169 561 394,entity,{}
australian red cross society,entity,{}
royal charter dated 28 june 1941,entity,{}
https   modernslaveryregister gov au statements 16002,entity,{}
bairnsdale regional health service,entity,{}
99 640 620 478,entity,{}
https   modernslaveryregister gov au statements 7492,entity,{}
acco brands australia holding pty ltd,entity,{}
58 130 787 923,entity,{}
acco brands australia pty limited,entity,{}
16 000 265 047,entity,{}
pkart pty ltd,entity,{}
51 084 958 556,entity,{}
forestry  timber products  paper and containers and packaging durable consumer goods  including electronics and appliances  home furnishings and other accessories,entity,{}
https   modernslaveryregister gov au statements 23853,entity,{}
kellogg australia holdings pty ltd,entity,{}
2023 1262,entity,{}
kellogg  aust   pty  ltd,entity,{}
https   modernslaveryregister gov au statements 18590,entity,{}
walz group pty ltd,entity,{}
37 610 347 076,entity,{}
manufacturing construction,entity,{}
https   modernslaveryregister gov au statements 25444,entity,{}
altara group pty ltd,entity,{}
54 115 502 746,entity,{}
https   modernslaveryregister gov au statements 17745,entity,{}
negu pty ltd,entity,{}
22 637 047 066,entity,{}
tattarang capital pty ltd  the trustee for the peepingee trust,entity,{}
44 994 119 389,entity,{}
https   modernslaveryregister gov au statements 20739,entity,{}
australian wholefoods pty ltd,entity,{}
not provided,entity,{}
patties foods pty limited,entity,{}
piranha holdco pty ltd,entity,{}
vesco foods pty ltd,entity,{}
alaska foods pty ltd,entity,{}
australasian chilled foods bidco pty limited,entity,{}
australasian chilled foods finco pty limited,entity,{}
australasian foods bidco pty limited,entity,{}
australasian foods finco pty limited,entity,{}
australasian foods holdco pty limited,entity,{}
awf  asset services  pty ltd,entity,{}
awf  direct  pty ltd,entity,{}
boscastle pastries and foods pty  ltd,entity,{}
cook freeze pty  ltd,entity,{}
heat to eat holdings pty ltd,entity,{}
heat to eat pty ltd,entity,{}
herbert adams pty ltd,entity,{}
louis   marie pty ltd,entity,{}
patties foods australasia pty ltd,entity,{}
piranha bidco pty ltd,entity,{}
piranha midco pty ltd,entity,{}
reerac   lliks pty ltd,entity,{}
vesco foods holdings pty ltd,entity,{}
https   modernslaveryregister gov au statements 15929,entity,{}
tattarang capital pty ltd,entity,{}
the trustee for the peepingee trust,entity,{}
https   modernslaveryregister gov au statements 26022,entity,{}
hazell bros group pty ltd,entity,{}
27 088 345 804,entity,{}
clarke s sands pty ltd,entity,{}
crossroads civil contracting pty  ltd,entity,{}
crossroads concrete pty ltd,entity,{}
hazell bros civil contracting pty  ltd,entity,{}
hazell bros concrete pty ltd,entity,{}
hazell bros plant hire  qld  pty ltd,entity,{}
hazell bros  qld  pty ltd,entity,{}
hazell bros raeburn quarry pty ltd,entity,{}
h b m i  pty  ltd,entity,{}
kerbline pty ltd,entity,{}
qualtech  tas  pty ltd,entity,{}
https   modernslaveryregister gov au statements 17128,entity,{}
paccar australia pty  ltd,entity,{}
43 004 669 667,entity,{}
https   modernslaveryregister gov au statements 13699,entity,{}
youi pty ltd,entity,{}
79 123 074 733,entity,{}
https   modernslaveryregister gov au statements 6835,entity,{}
h j  langdon   co  proprietary limited,entity,{}
89 006 641 701,entity,{}
https   modernslaveryregister gov au statements 7244,entity,{}
fleetpartners group limited,entity,{}
fleet holding  australia  pty limited,entity,{}
fleet partners pty limited,entity,{}
leasing finance  australia  pty limited,entity,{}
pacific leasing solutions  australia  pty limited,entity,{}
https   modernslaveryregister gov au statements 17193,entity,{}
scor global life australia pty limited,entity,{}
83 148 897 670,entity,{}
scor reinsurance asia pacific pte  ltd,entity,{}
85 071 103 092,entity,{}
https   modernslaveryregister gov au statements 4084,entity,{}
live nation australasia pty ltd,entity,{}
2022 1218,entity,{}
live nation holdings australasia pty ltd,entity,{}
https   modernslaveryregister gov au statements 13856,entity,{}
m a services group pty ltd,entity,{}
73 151 498 001,entity,{}
https   modernslaveryregister gov au statements 25132,entity,{}
henkel australia pty ltd,entity,{}
82 001 302 996,entity,{}
henkel finance australia,entity,{}
15 740 196 765,entity,{}
https   modernslaveryregister gov au statements 25179,entity,{}
new horizons enterprises limited,entity,{}
https   modernslaveryregister gov au statements 19801,entity,{}
danone murray goulburn pty limited,entity,{}
32 143 172 258,entity,{}
https   modernslaveryregister gov au statements 3070,entity,{}
grains research   development corporation,entity,{}
55 611 223 291,entity,{}
https   modernslaveryregister gov au statements 16109,entity,{}
c res  qld  pty ltd,entity,{}
61 158 250 992,entity,{}
greater whitsunday alliance limited,entity,{}
84 087 816 368,entity,{}
https   modernslaveryregister gov au statements 20524,entity,{}
d   m lyone holdings pty ltd,entity,{}
45 102 456 851,entity,{}
https   modernslaveryregister gov au statements 21320,entity,{}
mega international commercial bank co   ltd,entity,{}
27 079 372 688,entity,{}
taiwan,entity,{}
https   modernslaveryregister gov au statements 17632,entity,{}
vision super pty ltd,entity,{}
50 082 924 561,entity,{}
https   modernslaveryregister gov au statements 15916,entity,{}
daracon contractors pty ltd,entity,{}
82 002 344 667,entity,{}
https   modernslaveryregister gov au statements 10836,entity,{}
cegelec oil   gas australia pty ltd,entity,{}
82 616 228 758,entity,{}
electrix pty  ltd,entity,{}
44 067 232 393,entity,{}
j   p richardson industries pty ltd,entity,{}
23 001 952 325,entity,{}
overhead distribution services pty ltd,entity,{}
69 650 519 181,entity,{}
techtest services pty ltd,entity,{}
22 139 837 924,entity,{}
vinci energies australia pty ltd,entity,{}
86 602 042 339,entity,{}
utilities  gas  water and electricity construction  civil engineering and building products,entity,{}
https   modernslaveryregister gov au statements 18109,entity,{}
roberts co australia pty ltd,entity,{}
83 616 561 678,entity,{}
roberts co  nsw  pty ltd,entity,{}
roberts co  vic  pty ltd,entity,{}
61 620 108 483,entity,{}
68 627 689 418,entity,{}
https   modernslaveryregister gov au statements 16338,entity,{}
c p  merchandising company limited,entity,{}
90 152 033 460,entity,{}
thailand,entity,{}
https   modernslaveryregister gov au statements 8951,entity,{}
australian meat group pty ltd,entity,{}
75 168 396 316,entity,{}
https   modernslaveryregister gov au statements 8412,entity,{}
comit trading trust,entity,{}
61 076 302 925,entity,{}
https   modernslaveryregister gov au statements 12185,entity,{}
doval constructions  qld   ltd,entity,{}
75 010 007 155,entity,{}
https   modernslaveryregister gov au statements 22400,entity,{}
bouygues construction australia pty ltd,entity,{}
37 144 013 801,entity,{}
https   modernslaveryregister gov au statements 4969,entity,{}
durable consumer goods  including electronics and appliances  home furnishings and other accessories fashion  textiles  apparel and luxury goods,entity,{}
https   modernslaveryregister gov au statements 11772,entity,{}
anzon energy ltd,entity,{}
43 097 972 364,entity,{}
roc oil australia holdings pty ltd,entity,{}
90 089 999 815,entity,{}
roc oil  canning  pty limited,entity,{}
12 626 049 278,entity,{}
roc oil company pty limited,entity,{}
32 075 965 856,entity,{}
roc oil  finance  pty limited,entity,{}
78 109 435 592,entity,{}
roc oil international holdings pty ltd,entity,{}
96 089 999 842,entity,{}
roc oil  malaysia  pty limited,entity,{}
84 149 274 233,entity,{}
roc oil  vic  pty limited,entity,{}
46 107 406 771,entity,{}
https   modernslaveryregister gov au statements 13089,entity,{}
the trustee for metrics master income trust,entity,{}
28 163 969 714,entity,{}
https   modernslaveryregister gov au statements 26315,entity,{}
deutsche post global mail  australia  pty ltd,entity,{}
34 632 360 822,entity,{}
dhl express  australia  pty ltd,entity,{}
dhl global forwarding  australia  pty ltd,entity,{}
dhl supply chain  australia  pty limited,entity,{}
dhl res  australia  pty limited,entity,{}
register entry,entity,{}
https   modernslaveryregister gov au statements 19336,entity,{}
beyond blue limited,entity,{}
87 093 865 840,entity,{}
https   modernslaveryregister gov au statements 7771,entity,{}
total construction pty  limited,entity,{}
32 067 732 941,entity,{}
https   modernslaveryregister gov au statements 19991,entity,{}
nokia solutions and networks australia pty ltd,entity,{}
74 122 172 365,entity,{}
finland,entity,{}
https   modernslaveryregister gov au statements 9541,entity,{}
knight frank australia holdings pty ltd,entity,{}
28 114 923 938,entity,{}
knight frank australia pty ltd,entity,{}
17 004 973 684,entity,{}
professional  scientific and technical services,entity,{}
https   modernslaveryregister gov au statements 26862,entity,{}
rite bite group pty ltd,entity,{}
61 623 450 117,entity,{}
https   modernslaveryregister gov au statements 26820,entity,{}
snacking investments holdco pty limited,entity,{}
2023 08 01 to 2024 07 28,entity,{}
arnott s bidco pty ltd,entity,{}
arnott s biscuits ltd,entity,{}
arnott s group holdco pty ltd,entity,{}
arnott s holdco pty ltd,entity,{}
arnotts pty ltd,entity,{}
campbell australasia pty ltd,entity,{}
good food partners holdco pty ltd,entity,{}
good food partners pty ltd,entity,{}
snacking investments bidco pty limited,entity,{}
snacking investments mezzco pty ltd,entity,{}
snacking investments midco pty ltd,entity,{}
https   modernslaveryregister gov au statements 20127,entity,{}
ff holdco pty ltd,entity,{}
31 085 825 912,entity,{}
2024 10 01 to 2025 09 30,entity,{}
manufacturing retail trade,entity,{}
fantastic furniture pty limited,entity,{}
fantastic manufacturing pty ltd,entity,{}
ff brands pty ltd,entity,{}
fhl distribution centre pty ltd,entity,{}
https   modernslaveryregister gov au statements 27671,entity,{}
leaks road rockbank pty ltd,entity,{}
93 122 773 924,entity,{}
https   modernslaveryregister gov au statements 20944,entity,{}
mitchell services limited,entity,{}
31 149 206 333,entity,{}
https   modernslaveryregister gov au statements 1312,entity,{}
doneilyn pty ltd,entity,{}
69 007 544 836,entity,{}
https   modernslaveryregister gov au statements 6781,entity,{}
acfs port logistics pty limited,entity,{}
95 603 120 047,entity,{}
transport  postal and warehousing,entity,{}
https   modernslaveryregister gov au statements 27585,entity,{}
qantas airways limited,entity,{}
16 009 661 901,entity,{}
https   modernslaveryregister gov au statements 11504,entity,{}
ralmana pty  ltd,entity,{}
93 009 149 106,entity,{}
https   modernslaveryregister gov au statements 4128,entity,{}
tomkins commercial   industrial builders pty ltd,entity,{}
98 061 732 778,entity,{}
https   modernslaveryregister gov au statements 15082,entity,{}
the trustee for the minderoo foundation trust,entity,{}
24 819 440 618,entity,{}
first sourcing and logistics pty ltd,entity,{}
43 640 133 606,entity,{}
the trustee for the minderoo foundation trust as the operator of a pbi,entity,{}
47 204 978 079,entity,{}
https   modernslaveryregister gov au statements 16325,entity,{}
cdm australia pty  ltd,entity,{}
68 009 592 965,entity,{}
https   modernslaveryregister gov au statements 27220,entity,{}
taishin international bank co   ltd,entity,{}
30 165 085 638,entity,{}
https   modernslaveryregister gov au statements 23076,entity,{}
sdp finco pty ltd,entity,{}
27 158 077 073,entity,{}
sdp holdco pty ltd,entity,{}
60 158 076 843,entity,{}
sydney desalination plant pty limited,entity,{}
50 125 935 177,entity,{}
the trustee for sdp assets hold trust,entity,{}
24 771 467 876,entity,{}
the trustee for sdp assets trust,entity,{}
43 885 660 358,entity,{}
the trustee for sdp pipeline hold trust,entity,{}
78 624 985 316,entity,{}
the trustee for sdp pipeline trust,entity,{}
70 739 015 449,entity,{}
https   modernslaveryregister gov au statements 16245,entity,{}
prime super pty ltd,entity,{}
81 067 241 016,entity,{}
https   modernslaveryregister gov au statements 16189,entity,{}
the trustee for spdr s p asx 200 fund,entity,{}
75 242 912 860,entity,{}
the trustee for spdr s   p asx 50 fund,entity,{}
88 486 016 005,entity,{}
the trustee for state street australian equities index trust,entity,{}
13 604 071 602,entity,{}
the trustee for state street international equities index trust,entity,{}
29 930 490 857,entity,{}
state street australian equities index trust,entity,{}
state street international equities index trust,entity,{}
https   modernslaveryregister gov au statements 15995,entity,{}
maxiparts limited,entity,{}
58 006 797 173,entity,{}
forch australia pty ltd,entity,{}
20 151 607 555,entity,{}
independant parts pty ltd,entity,{}
87 649 685 432,entity,{}
maxiparts operations pty ltd,entity,{}
76 110 786 215,entity,{}
https   modernslaveryregister gov au statements 25024,entity,{}
marubeni resources development pty ltd,entity,{}
57 009 932 236,entity,{}
https   modernslaveryregister gov au statements 18099,entity,{}
mgm bulk pty ltd,entity,{}
34 165 448 920,entity,{}
https   modernslaveryregister gov au statements 20269,entity,{}
ringcentral australia pty ltd,entity,{}
32 611 310 948,entity,{}
https   modernslaveryregister gov au statements 12598,entity,{}
force fire holdings pty ltd,entity,{}
85 158 865 091,entity,{}
heyday5 pty limited,entity,{}
scee electrical pty ltd,entity,{}
92 009 307 046,entity,{}
southern cross electrical engineering limited,entity,{}
trivantage holdings pty ltd,entity,{}
https   modernslaveryregister gov au statements 25133,entity,{}
flick anticimex pty ltd,entity,{}
85 000 059 665,entity,{}
https   modernslaveryregister gov au statements 27449,entity,{}
imperial tobacco australia limited,entity,{}
46 088 148 681,entity,{}
https   modernslaveryregister gov au statements 8307,entity,{}
the quantium group pty limited,entity,{}
45 102 444 253,entity,{}
https   modernslaveryregister gov au statements 8144,entity,{}
isuzu ute australia pty ltd,entity,{}
80 129 563 739,entity,{}
wholesale trade,entity,{}
https   modernslaveryregister gov au statements 24716,entity,{}
hyundai rotem company,entity,{}
81 615 545 492,entity,{}
https   modernslaveryregister gov au statements 22610,entity,{}
pfd food services pty ltd,entity,{}
29 006 972 381,entity,{}
transport  postal and warehousing manufacturing,entity,{}
https   modernslaveryregister gov au statements 25265,entity,{}
harvest freshcuts pty ltd,entity,{}
52 067 682 875,entity,{}
inguz harvest pty ltd,entity,{}
95 107 376 643,entity,{}
tivoli investments pty ltd,entity,{}
90 165 718 070,entity,{}
vegco pty ltd,entity,{}
48 058 693 413,entity,{}
https   modernslaveryregister gov au statements 16416,entity,{}
ivfa sub holdings pty ltd,entity,{}
47 129 884 751,entity,{}
ivf australia pty ltd,entity,{}
54 098 082 109,entity,{}
ivf finance pty limited,entity,{}
16 129 644 846,entity,{}
viney bidco pty ltd,entity,{}
58 658 293 166,entity,{}
viney holdco pty ltd,entity,{}
81 658 290 898,entity,{}
viney midco pty ltd,entity,{}
30 658 291 868,entity,{}
virtus health pty ltd,entity,{}
80 129 643 492,entity,{}
https   modernslaveryregister gov au statements 26678,entity,{}
protech group  aust  pty ltd,entity,{}
38 163 904 694,entity,{}
mining  metals  chemicals and resources  including oil and gas  utilities  gas  water and electricity waste management and recycling construction  civil engineering and building products transportation  logistics  and storage other,entity,{}
https   modernslaveryregister gov au statements 6591,entity,{}
fyfe holdco pty ltd,entity,{}
3522,entity,{}
https   modernslaveryregister gov au statements 26589,entity,{}
bank of america  national association,entity,{}
72 075 923 894,entity,{}
merrill lynch  australasia  pty  ltd,entity,{}
merrill lynch  australia  futures limited,entity,{}
merrill lynch  australia  pty ltd,entity,{}
merrill lynch equities  australia  limited,entity,{}
merrill lynch international,entity,{}
merrill lynch markets  australia  pty  limited,entity,{}
australia  united kingdom  united states of america,entity,{}
merrill lynch  australia  nominees pty  limited,entity,{}
https   modernslaveryregister gov au statements 23619,entity,{}
state street australia ltd,entity,{}
21 002 965 200,entity,{}
state street bank and trust company,entity,{}
70 062 819 630,entity,{}
state street global advisors trust copmany,entity,{}
abn 38 151 402 247,entity,{}
state street global markets  llc,entity,{}
state street services australia pty limited,entity,{}
38 151 402 247,entity,{}
https   modernslaveryregister gov au statements 9256,entity,{}
galderma australia pty ltd,entity,{}
12 003 976 930,entity,{}
cosmetics and toiletries,entity,{}
https   modernslaveryregister gov au statements 23805,entity,{}
ig power  callide  ltd,entity,{}
53 082 413 885,entity,{}
ozgen holdings australia pty ltd,entity,{}
34 128 655 096,entity,{}
queensland power company pty ltd,entity,{}
94 087 295 583,entity,{}
warner bros  entertainment australia pty limited,entity,{}
70 003 773 411,entity,{}
warner bros  feature productions pty limited,entity,{}
33 059 495 251,entity,{}
https   modernslaveryregister gov au statements 24014,entity,{}
esr real estate  australia  pty ltd,entity,{}
64 625 761 962,entity,{}
https   modernslaveryregister gov au statements 17928,entity,{}
acquire bpo pty ltd,entity,{}
91 115 574 635,entity,{}
https   modernslaveryregister gov au statements 15798,entity,{}
persistent systems limited,entity,{}
72 161 144 270,entity,{}
https   modernslaveryregister gov au statements 3331,entity,{}
riviera holdings  aus  pty ltd,entity,{}
96 169 709 415,entity,{}
https   modernslaveryregister gov au statements 12874,entity,{}
acrow formwork and construction services limited,entity,{}
36 124 893 465,entity,{}
https   modernslaveryregister gov au statements 7291,entity,{}
enaex australia pty ltd,entity,{}
97 009 687 487,entity,{}
chile,entity,{}
https   modernslaveryregister gov au statements 24338,entity,{}
td securities  usa  llc,entity,{}
423,entity,{}
toronto dominion  south east asia  limited,entity,{}
2022 11 01 to 2023 10 31,entity,{}
https   modernslaveryregister gov au statements 17386,entity,{}
michell 1870 pty ltd,entity,{}
michell 1870 yarns pty ltd,entity,{}
michell direct wool pty ltd,entity,{}
michell greasy export pty ltd,entity,{}
michell international pty ltd,entity,{}
project 9 pty ltd,entity,{}
rokelay wools proprietary limited,entity,{}
tops supplies pty ltd,entity,{}
https   modernslaveryregister gov au statements 16772,entity,{}
montu group pty ltd,entity,{}
35 634 198 360,entity,{}
health care and social assistance professional  scientific and technical services,entity,{}
https   modernslaveryregister gov au statements 27021,entity,{}
coil steels pty ltd,entity,{}
63 605 323 573,entity,{}
united steel pty ltd,entity,{}
67 605 323 591,entity,{}
https   modernslaveryregister gov au statements 5736,entity,{}
insight australia holdings pty ltd,entity,{}
24 073 091 406,entity,{}
insight enterprises australia pty ltd,entity,{}
47 058 645 677,entity,{}
https   modernslaveryregister gov au statements 17685,entity,{}
https   modernslaveryregister gov au statements 4634,entity,{}
allied pinnacle pty limited,entity,{}
85 161 203 005,entity,{}
https   modernslaveryregister gov au statements 5489,entity,{}
safran helicopter engines australia pty ltd,entity,{}
49 063 102 198,entity,{}
australia  france,entity,{}
https   modernslaveryregister gov au statements 9108,entity,{}
vantage fuels pty ltd,entity,{}
24 151 023 040,entity,{}
https   modernslaveryregister gov au statements 12024,entity,{}
meiji dairy australasia pty ltd,entity,{}
34 064 273 418,entity,{}
2023 04 01 to 2024 03 31,entity,{}
https   modernslaveryregister gov au statements 19213,entity,{}
ooh media limited,entity,{}
69 602 195 380,entity,{}
https   modernslaveryregister gov au statements 9185,entity,{}
imb ltd,entity,{}
92 087 651 974,entity,{}
https   modernslaveryregister gov au statements 26003,entity,{}
the douglas group ltd,entity,{}
50 002 624 357,entity,{}
douglas partners pty ltd,entity,{}
75 053 980 117,entity,{}
ground test pty ltd,entity,{}
62 000 940 858,entity,{}
construction  civil engineering and building products professional and administrative services and supplies  including legal  consulting and accounting services,entity,{}
https   modernslaveryregister gov au statements 20089,entity,{}
james frizelle s automotive group pty  ltd,entity,{}
47 010 210 723,entity,{}
penfold motors burwood pty  ltd,entity,{}
28 005 667 461,entity,{}
peter warren automotive holdings limited,entity,{}
67 000 293 621,entity,{}
peter warren automotive pty ltd,entity,{}
000 293 621,entity,{}
warwick farm automotive pty limited,entity,{}
75 665 769 111,entity,{}
https   modernslaveryregister gov au statements 26767,entity,{}
heartland bank australia limited,entity,{}
heartland bank limited,entity,{}
heartland group holdings limited,entity,{}
australian seniors finance pty limited,entity,{}
heartland australia group pty limited,entity,{}
heartland australia holdings pty limited,entity,{}
heartland australia investments holdings pty ltd,entity,{}
stockco agricapital pty limited,entity,{}
stockco australia management pty limited,entity,{}
stockco feedlot capital pty ltd,entity,{}
stockco feedlot holdings pty ltd,entity,{}
stockco holdings 2 pty limited,entity,{}
stockco holdings pty limited,entity,{}
https   modernslaveryregister gov au statements 21549,entity,{}
astellas pharma australia pty ltd,entity,{}
81 147 915 482,entity,{}
https   modernslaveryregister gov au statements 19411,entity,{}
datadog  inc,entity,{}
31 625 368 596,entity,{}
datadog ireland limited,entity,{}
https   modernslaveryregister gov au statements 8419,entity,{}
sydney water corporation,entity,{}
49 776 225 038,entity,{}
https   modernslaveryregister gov au statements 2274,entity,{}
j l beaumont   others,entity,{}
27 975 255 196,entity,{}
https   modernslaveryregister gov au statements 6183,entity,{}
national disability insurance agency,entity,{}
25 617 475 104,entity,{}
https   modernslaveryregister gov au statements 10436,entity,{}
australian foundation investment company limited,entity,{}
56 004 147 120,entity,{}
australian investment company services limited,entity,{}
https   modernslaveryregister gov au statements 20280,entity,{}
https   modernslaveryregister gov au statements 7685,entity,{}
https   modernslaveryregister gov au statements 20973,entity,{}
ofx group limited,entity,{}
12 165 602 273,entity,{}
https   modernslaveryregister gov au statements 24537,entity,{}
contract resources group pty ltd,entity,{}
contract resources pty  ltd,entity,{}
https   modernslaveryregister gov au statements 19362,entity,{}
country garden australia pty ltd,entity,{}
45 165 045 125,entity,{}
china,entity,{}
risland australia pty ltd,entity,{}
https   modernslaveryregister gov au statements 20111,entity,{}
mitsubishi electric australia pty ltd,entity,{}
58 001 215 792,entity,{}
https   modernslaveryregister gov au statements 5762,entity,{}
hs fresh food holding pty ltd,entity,{}
78 638 495 673,entity,{}
hs fresh farms pty ltd,entity,{}
hs fresh food pty ltd,entity,{}
hs salads pty ltd,entity,{}
https   modernslaveryregister gov au statements 17686,entity,{}
brisbane airport corporation pty limited,entity,{}
54 076 870 650,entity,{}
https   modernslaveryregister gov au statements 6113,entity,{}
r c  sadleir pty limited,entity,{}
65 008 667 052,entity,{}
https   modernslaveryregister gov au statements 7121,entity,{}
securecorp pty ltd,entity,{}
40 128 998 649,entity,{}
https   modernslaveryregister gov au statements 13881,entity,{}
modern slavery statement 2023 1251,entity,{}
nintex pty ltd,entity,{}
67 129 119 731,entity,{}
https   modernslaveryregister gov au statements 5236,entity,{}
idp education limited,entity,{}
59 117 676 463,entity,{}
https   modernslaveryregister gov au statements 5409,entity,{}
grosvenor engineering group pty ltd,entity,{}
12 003 608 795,entity,{}
https   modernslaveryregister gov au statements 24385,entity,{}
huon contractors pty ltd,entity,{}
33 094 145 409,entity,{}
https   modernslaveryregister gov au statements 11118,entity,{}
wa plantation resources pty ltd,entity,{}
98 094 151 792,entity,{}
forestry  timber products  paper and containers and packaging,entity,{}
https   modernslaveryregister gov au statements 9146,entity,{}
jfc australia co pty ltd,entity,{}
36 003 080 260,entity,{}
https   modernslaveryregister gov au statements 19395,entity,{}
https   modernslaveryregister gov au statements 8519,entity,{}
2022 537,entity,{}
multi color corporation australia pty ltd,entity,{}
68 007 514 856,entity,{}
https   modernslaveryregister gov au statements 5533,entity,{}
rural press pty limited,entity,{}
acm   community newspapers pty ltd,entity,{}
acm news investments pty ltd,entity,{}
acm print company pty ltd,entity,{}
acm   regional media  tasmania  pty ltd,entity,{}
acm   regional printers pty ltd,entity,{}
agricultural publishers pty  limited,entity,{}
agri growth investments pty ltd,entity,{}
agri marketplaces pty ltd,entity,{}
countrycars com au pty ltd,entity,{}
creative house publications pty ltd,entity,{}
farmbuy pty ltd,entity,{}
harris   co  pty  limited,entity,{}
illawarra newspapers holdings pty ltd,entity,{}
mountain press pty ltd,entity,{}
newcastle newspapers pty ltd,entity,{}
newsagents direct distribution pty ltd,entity,{}
northern newspapers pty  ltd,entity,{}
port lincoln times pty  ltd,entity,{}
port stephens publishers pty ltd,entity,{}
queensland community newspapers pty  ltd,entity,{}
regional printers pty limited,entity,{}
regional publishers pty ltd,entity,{}
regional publishers  victoria  pty  limited,entity,{}
regional publishers  western victoria  pty  limited,entity,{}
rural press printing pty  limited,entity,{}
rural press printing  victoria  pty limited,entity,{}
rural press queensland pty  ltd,entity,{}
rural press regional media  w a   pty limited,entity,{}
s a  regional media pty  limited,entity,{}
stock journal publishers pty  ltd,entity,{}
the barossa news pty  limited,entity,{}
the federal capital press of australia pty  limited,entity,{}
the trustee for port stephens publishers trust,entity,{}
west australian rural media pty ltd,entity,{}
western australian primary industry press pty ltd,entity,{}
https   modernslaveryregister gov au statements 22050,entity,{}
spark new zealand limited,entity,{}
2025 1931,entity,{}
new zealand,entity,{}
https   modernslaveryregister gov au statements 24276,entity,{}
https   modernslaveryregister gov au statements 5834,entity,{}
anglo american metallurgical coal pty ltd,entity,{}
93 076 059 679,entity,{}
https   modernslaveryregister gov au statements 9444,entity,{}
national integrated services pty ltd,entity,{}
70 669 473 661,entity,{}
https   modernslaveryregister gov au statements 22296,entity,{}
prime super pty limited,entity,{}
https   modernslaveryregister gov au statements 11136,entity,{}
woodworx joinery holdings pty ltd,entity,{}
98 619 223 773,entity,{}
https   modernslaveryregister gov au statements 9188,entity,{}
viterra australia holdings pty ltd,entity,{}
81 161 229 867,entity,{}
viterra holdings pty ltd,entity,{}
87 137 191 023,entity,{}
food and beverages  agriculture and fishing transportation  logistics  and storage,entity,{}
https   modernslaveryregister gov au statements 5002,entity,{}
hwg holdings pty limited,entity,{}
65 115 398 322,entity,{}
https   modernslaveryregister gov au statements 5369,entity,{}
the trustee for the carmichael rail network trust,entity,{}
78 466 438 945,entity,{}
https   modernslaveryregister gov au statements 14734,entity,{}
infotrust ltd,entity,{}
3879,entity,{}
anttel communications group pty ltd,entity,{}
beachhead group pty  ltd,entity,{}
bigscreensound pty ltd,entity,{}
business telecom australia pty ltd,entity,{}
forensic it solutions pty ltd,entity,{}
infosurety holdings pty ltd,entity,{}
infosurety pty ltd,entity,{}
intalock  spirit  cyber security pty ltd,entity,{}
nexgen capital pty ltd,entity,{}
nexgen investment group pty ltd,entity,{}
now it solutions pty ltd,entity,{}
phone name marketing australia pty ltd,entity,{}
reliance technology pty  ltd,entity,{}
spirit business centre pty ltd,entity,{}
spirit capital pty ltd,entity,{}
spirit technology services pty ltd,entity,{}
st1 corporate pty ltd,entity,{}
st1 people pty ltd,entity,{}
trident computer services pty  ltd,entity,{}
voice print   data australia pty ltd,entity,{}
vpda group holdings pty ltd,entity,{}
world without wires pty ltd,entity,{}
https   modernslaveryregister gov au statements 26999,entity,{}
burbank trading pty ltd,entity,{}
37 011 066 934,entity,{}
carpet call  holdings  pty  ltd,entity,{}
78 010 037 144,entity,{}
carpet call  vic   pty  ltd,entity,{}
34 005 702 232,entity,{}
carpet call  qld  pty  ltd,entity,{}
79 009 946 990,entity,{}
carpet call  wa  pty ltd,entity,{}
59 009 172 454,entity,{}
eddie s carpetland  qld  pty  ltd,entity,{}
33 010 545 276,entity,{}
floor stores franchising pty ltd,entity,{}
24 007 406 939,entity,{}
modular seating pty ltd,entity,{}
79 680 635 410,entity,{}
csf proteins proprietary limited,entity,{}
77 000 499 918,entity,{}
ridley agriproducts pty ltd,entity,{}
94 006 544 145,entity,{}
ridley corporation limited,entity,{}
33 006 708 765,entity,{}
https   modernslaveryregister gov au statements 1951,entity,{}
likewize australia pty ltd,entity,{}
58 111 399 752,entity,{}
australia  india,entity,{}
https   modernslaveryregister gov au statements 21827,entity,{}
nsw ports finance co pty limited,entity,{}
83 161 943 497,entity,{}
the trustee for nsw ports property hold trust,entity,{}
25 674 171 329,entity,{}
the trustee for the port botany unit trust,entity,{}
25 855 834 182,entity,{}
https   modernslaveryregister gov au statements 804,entity,{}
volkswagen group australia pty ltd,entity,{}
14 093 117 876,entity,{}
australia  czech republic  germany  spain,entity,{}
audi australia retail operations pty ltd,entity,{}
https   modernslaveryregister gov au statements 16715,entity,{}
total ams pty ltd,entity,{}
81 091 839 619,entity,{}
tams group queensland pty ltd,entity,{}
31 108 258 019,entity,{}
transportation  logistics  and storage other,entity,{}
https   modernslaveryregister gov au statements 16963,entity,{}
zenviron pty ltd,entity,{}
87 612 344 313,entity,{}
https   modernslaveryregister gov au statements 6699,entity,{}
jade king holdings pty ltd,entity,{}
86 611 994 917,entity,{}
https   modernslaveryregister gov au statements 3233,entity,{}
vgi partners limited,entity,{}
33 129 188 450,entity,{}
https   modernslaveryregister gov au statements 8008,entity,{}
vision eye institute limited,entity,{}
21 098 890 816,entity,{}
icon laser  aust  pty ltd,entity,{}
lee lenton medical pty  ltd,entity,{}
macquarie eye centre pty ltd,entity,{}
p h hughes pty ltd,entity,{}
swordfish nominees pty ltd,entity,{}
the eye centre pty limited,entity,{}
the eye institute pty  limited,entity,{}
vei properties pty limited,entity,{}
vei services pty limited,entity,{}
vei wholesale pty  ltd,entity,{}
vision group gold coast pty limited,entity,{}
vision group north qld pty limited,entity,{}
https   modernslaveryregister gov au statements 23940,entity,{}
7 eleven australia pty  limited,entity,{}
7 eleven stores pty ltd,entity,{}
7 holdings pty  ltd,entity,{}
ar bidco pty ltd,entity,{}
ar holdco pty ltd,entity,{}
convenience group holdings pty ltd,entity,{}
convenience holdings pty ltd,entity,{}
sea plant   equipment pty  ltd,entity,{}
2023 07 01 to 2024 12 31,entity,{}
https   modernslaveryregister gov au statements 22943,entity,{}
pe wheatstone pty ltd,entity,{}
2024 1317,entity,{}
https   modernslaveryregister gov au statements 23580,entity,{}
siemens mobility pty  ltd,entity,{}
39 625 304 556,entity,{}
australia  germany,entity,{}
https   modernslaveryregister gov au statements 12451,entity,{}
henley arch unit trust,entity,{}
61 415 474 786,entity,{}
edgewater homes pty ltd,entity,{}
henley properties  qld  pty  ltd,entity,{}
https   modernslaveryregister gov au statements 18605,entity,{}
johnson controls holding australia pty  ltd,entity,{}
86 102 631 158,entity,{}
https   modernslaveryregister gov au statements 3022,entity,{}
fis australasia pty ltd,entity,{}
45 093 114 759,entity,{}
https   modernslaveryregister gov au statements 18258,entity,{}
envirolab,entity,{}
2020 483,entity,{}
envirolab group,entity,{}
https   modernslaveryregister gov au statements 496,entity,{}
legend corporation pty ltd,entity,{}
69 102 631 087,entity,{}
durable consumer goods  including electronics and appliances  home furnishings and other accessories information technology and telecommunication,entity,{}
https   modernslaveryregister gov au statements 7975,entity,{}
the trustee for apostle dundas global equity fund,entity,{}
43 266 864 238,entity,{}
https   modernslaveryregister gov au statements 15501,entity,{}
the trustee for fiducian superannuation service,entity,{}
57 929 339 093,entity,{}
https   modernslaveryregister gov au statements 11244,entity,{}
gibson s limited,entity,{}
23 009 476 064,entity,{}
https   modernslaveryregister gov au statements 14037,entity,{}
yfg shopping centres pty ltd as trustee for the fu family trust,entity,{}
2692,entity,{}
https   modernslaveryregister gov au statements 5394,entity,{}
estee lauder pty  limited,entity,{}
63 008 444 719,entity,{}
wholesale trade retail trade,entity,{}
https   modernslaveryregister gov au statements 26782,entity,{}
general reinsurance australia ltd,entity,{}
16 008 427 450,entity,{}
general reinsurance life australia ltd,entity,{}
73 002 166 869,entity,{}
https   modernslaveryregister gov au statements 8860,entity,{}
cti logistics limited,entity,{}
69 008 778 925,entity,{}
action logistics  wa  pty ltd,entity,{}
bring transport industries pty ltd,entity,{}
cti couriers pty ltd,entity,{}
cti freightlines pty ltd,entity,{}
cti freight management pty ltd,entity,{}
cti freight systems pty ltd,entity,{}
cti logistics  nsw  pty ltd,entity,{}
cti logistics  vic  pty ltd,entity,{}
cti nationwide logistics pty ltd,entity,{}
cti records management pty ltd,entity,{}
cti security services pty ltd,entity,{}
cti security systems pty ltd,entity,{}
cti taxi trucks pty ltd,entity,{}
cti transport services pty ltd,entity,{}
cti transport systems pty ltd,entity,{}
cti xpress systems pty ltd,entity,{}
foxline logistics pty ltd,entity,{}
g m  kane   sons pty ltd,entity,{}
mercury messengers pty ltd,entity,{}
https   modernslaveryregister gov au statements 26324,entity,{}
debortoli wines,entity,{}
00 077 146 672,entity,{}
https   modernslaveryregister gov au statements 21069,entity,{}
hisense australia pty ltd,entity,{}
55 105 022 080,entity,{}
https   modernslaveryregister gov au statements 20680,entity,{}
agl energy limited,entity,{}
74 115 061 375,entity,{}
energy 360 pty ltd,entity,{}
21 143 440 260,entity,{}
ovo energy pty ltd,entity,{}
99 623 475 089,entity,{}
utilities  gas  water and electricity information technology and telecommunication,entity,{}
https   modernslaveryregister gov au statements 16119,entity,{}
afgri australia pty ltd,entity,{}
14 103 619 067,entity,{}
https   modernslaveryregister gov au statements 15172,entity,{}
yamaha music australia,entity,{}
84 004 259 527,entity,{}
https   modernslaveryregister gov au statements 10181,entity,{}
adamantem capital holdings pty ltd,entity,{}
63 606 371 724,entity,{}
adamantem capital pty ltd,entity,{}
91 614 857 037,entity,{}
melior investment management pty ltd,entity,{}
16 629 013 896,entity,{}
https   modernslaveryregister gov au statements 16235,entity,{}
australian registry finance pty ltd,entity,{}
38 617 925 916,entity,{}
australian registry investments pty ltd,entity,{}
79 617 926 020,entity,{}
rental  hiring and real estate services,entity,{}
australian registry services pty ltd,entity,{}
the trustee for australian registry holdings trust,entity,{}
the trustee for australian registry investments trust,entity,{}
the trustee for australian registry services trust,entity,{}
https   modernslaveryregister gov au statements 25374,entity,{}
citic australia coal pty ltd,entity,{}
citic australia coppabella pty ltd,entity,{}
citic australia  portland  pty  limited,entity,{}
citic resources australia pty ltd,entity,{}
crh trading pty ltd,entity,{}
https   modernslaveryregister gov au statements 19587,entity,{}
emerald grain pty ltd,entity,{}
82 109 203 054,entity,{}
2021 04 01 to 2022 03 31,entity,{}
https   modernslaveryregister gov au statements 12619,entity,{}
cfg finance pty limited,entity,{}
collins foods group pty ltd,entity,{}
collins foods holding pty limited,entity,{}
collins foods limited,entity,{}
collins restaurants queensland pty ltd,entity,{}
collins restaurants south pty ltd,entity,{}
collins restaurants west pty ltd,entity,{}
accommodation and food services,entity,{}
https   modernslaveryregister gov au statements 24950,entity,{}
arena reit limited,entity,{}
89 602 365 186,entity,{}
https   modernslaveryregister gov au statements 14714,entity,{}
burbank group,entity,{}
construction  civil engineering and building products financial  insurance and real estate activities,entity,{}
https   modernslaveryregister gov au statements 2136,entity,{}
mitolo group pty ltd,entity,{}
manufacturing agriculture  forestry and fishing,entity,{}
https   modernslaveryregister gov au statements 26360,entity,{}
charles sturt university,entity,{}
83 878 708 551,entity,{}
charles sturt campus services limited,entity,{}
the trustee for charles sturt university foundation trust,entity,{}
37 063 446 864,entity,{}
31 158 135 157,entity,{}
https   modernslaveryregister gov au statements 23087,entity,{}
energy infrastructure trust,entity,{}
23 779 151 748,entity,{}
https   modernslaveryregister gov au statements 3484,entity,{}
monde nissin  australia  pty ltd,entity,{}
25 169 518 325,entity,{}
https   modernslaveryregister gov au statements 18299,entity,{}
the university of newcastle,entity,{}
15 736 576 735,entity,{}
newcastle university sport,entity,{}
67 096 090 372,entity,{}
nuservices pty ltd,entity,{}
59 641 266 506,entity,{}
the university of newcastle research associates limited,entity,{}
97 000 710 074,entity,{}
https   modernslaveryregister gov au statements 17916,entity,{}
royal frieslandcampina n v,entity,{}
2022 685,entity,{}
https   modernslaveryregister gov au statements 8641,entity,{}
viridian glass pty ltd,entity,{}
68 006 904 052,entity,{}
https   modernslaveryregister gov au statements 24778,entity,{}
brp australia pty ltd,entity,{}
64 097 370 100,entity,{}
2020 02 01 to 2021 01 31,entity,{}
https   modernslaveryregister gov au statements 5190,entity,{}
st barbara limited,entity,{}
36 009 165 066,entity,{}
https   modernslaveryregister gov au statements 6514,entity,{}
the hospitals contribution fund of australia ltd,entity,{}
68 000 026 746,entity,{}
https   modernslaveryregister gov au statements 7019,entity,{}
csr building products limited,entity,{}
55 008 631 356,entity,{}
csr investments pty  limited,entity,{}
84 008 535 091,entity,{}
csr limited,entity,{}
90 000 001 276,entity,{}
csr martini pty limited,entity,{}
29 144 714 938,entity,{}
csr structural systems pty limited,entity,{}
41 168 770 394,entity,{}
pgh bricks   pavers pty limited,entity,{}
68 168 794 821,entity,{}
https   modernslaveryregister gov au statements 9975,entity,{}
agryl holdings limited,entity,{}
61 005 968 178,entity,{}
medisup securities limited,entity,{}
13 090 761 523,entity,{}
nufarm australia limited,entity,{}
80 004 377 780,entity,{}
nufarm limited,entity,{}
37 091 323 312,entity,{}
nuseed global holdings pty ltd,entity,{}
36 623 104 950,entity,{}
nuseed international holdings pty ltd,entity,{}
30 623 104 987,entity,{}
https   modernslaveryregister gov au statements 27631,entity,{}
dra apac holdings pty ltd,entity,{}
77 625 157 744,entity,{}
dra global limited,entity,{}
75 622 581 935,entity,{}
dra operations  apac  pty ltd,entity,{}
dra pacific  pty  ltd,entity,{}
https   modernslaveryregister gov au statements 18727,entity,{}
https   modernslaveryregister gov au statements 10629,entity,{}
huhtamaki tailored packaging pty ltd,entity,{}
98 625 661 216,entity,{}
australia  finland,entity,{}
https   modernslaveryregister gov au statements 18792,entity,{}
lg electronics australia pty limited,entity,{}
98 064 531 264,entity,{}
https   modernslaveryregister gov au statements 13922,entity,{}
fmc australasia pty ltd,entity,{}
45 095 326 891,entity,{}
https   modernslaveryregister gov au statements 23779,entity,{}
medical staff pty ltd,entity,{}
81 118 334 633,entity,{}
https   modernslaveryregister gov au statements 13191,entity,{}
modern slavery statement 2023 779,entity,{}
49 151 677 351,entity,{}
collins foods finance pty limited,entity,{}
65 113 833 391,entity,{}
52 009 937 900,entity,{}
31 113 801 648,entity,{}
13 151 420 781,entity,{}
97 009 988 381,entity,{}
99 612 129 781,entity,{}
11 009 701 179,entity,{}
fiscal nominees company pty ltd,entity,{}
65 166 936 278,entity,{}
2022 05 02 to 2023 04 30,entity,{}
https   modernslaveryregister gov au statements 14959,entity,{}
westfund limited,entity,{}
55 002 080 864,entity,{}
https   modernslaveryregister gov au statements 27121,entity,{}
k sleep holdings pty ltd,entity,{}
48 619 538 671,entity,{}
https   modernslaveryregister gov au statements 15181,entity,{}
michael hill international limited,entity,{}
25 610 937 598,entity,{}
https   modernslaveryregister gov au statements 11814,entity,{}
loscam australia pty ltd,entity,{}
26 006 440 991,entity,{}
https   modernslaveryregister gov au statements 10133,entity,{}
tasco carriers pty ltd,entity,{}
39 162 327 175,entity,{}
the trustee for tasco inland australia trust,entity,{}
64 676 389 090,entity,{}
https   modernslaveryregister gov au statements 1663,entity,{}
clear marketing solutions pty ltd,entity,{}
67 169 004 504,entity,{}
2023 05 01 to 2024 04 30,entity,{}
https   modernslaveryregister gov au statements 13746,entity,{}
https   modernslaveryregister gov au statements 26990,entity,{}
rentokil initial pty ltd,entity,{}
98 000 034 597,entity,{}
https   modernslaveryregister gov au statements 4836,entity,{}
northern seq distributor   retailer authority,entity,{}
89 791 717 472,entity,{}
https   modernslaveryregister gov au statements 453,entity,{}
peet limited,entity,{}
56 008 665 834,entity,{}
https   modernslaveryregister gov au statements 1747,entity,{}
the young men s christian association of victoria incorporated,entity,{}
81 174 456 784,entity,{}
victorian ymca community programming pty ltd,entity,{}
75 092 818 445,entity,{}
health care and social assistance  arts and recreation services  other services,entity,{}
https   modernslaveryregister gov au statements 27289,entity,{}
echuca regional health,entity,{}
30 490 690 530,entity,{}
https   modernslaveryregister gov au statements 15588,entity,{}
australian ethical investment ltd,entity,{}
47 003 188 930,entity,{}
australian ethical foundation limited,entity,{}
14 607 166 503,entity,{}
australian ethical superannuation pty ltd,entity,{}
43 079 259 733,entity,{}
https   modernslaveryregister gov au statements 20965,entity,{}
4cyte pathology pty ltd,entity,{}
12 619 244 852,entity,{}
https   modernslaveryregister gov au statements 25918,entity,{}
australian turf club limited,entity,{}
81 148 157 288,entity,{}
2022 08 01 to 2023 07 31,entity,{}
https   modernslaveryregister gov au statements 22431,entity,{}
https   modernslaveryregister gov au statements 9056,entity,{}
emeis cosmetics pty  ltd,entity,{}
56 007 409 001,entity,{}
emeis holdings pty ltd,entity,{}
81 097 023 544,entity,{}
https   modernslaveryregister gov au statements 4588,entity,{}
deloitte consulting pty limited,entity,{}
86 611 750 648,entity,{}
deloitte financial advisory pty limited,entity,{}
83 611 749 841,entity,{}
deloitte risk advisory pty limited,entity,{}
76 611 748 184,entity,{}
deloitte services pty ltd,entity,{}
60 087 279 678,entity,{}
deloitte tax services pty ltd,entity,{}
41 092 223 240,entity,{}
deloitte touche tohmatsu,entity,{}
74 490 121 060,entity,{}
https   modernslaveryregister gov au statements 10507,entity,{}
stella mmts finance pty limited,entity,{}
85 612 094 078,entity,{}
https   modernslaveryregister gov au statements 7907,entity,{}
mercy super pty ltd,entity,{}
98 056 047 324,entity,{}
https   modernslaveryregister gov au statements 7411,entity,{}
friendly society medical association limited,entity,{}
69 088 347 602,entity,{}
https   modernslaveryregister gov au statements 11138,entity,{}
metagene pty ltd,entity,{}
12 158 471 044,entity,{}
https   modernslaveryregister gov au statements 13024,entity,{}
samsung c t corporation,entity,{}
49 160 079 470,entity,{}
https   modernslaveryregister gov au statements 4578,entity,{}
modern slavery statement 2022 448,entity,{}
benestar group pty ltd  cover more insurance services pty  ltd   travel insurance partners pty limited  world travel protection pty ltd,entity,{}
benestar group pty ltd,entity,{}
61 003 536 472,entity,{}
cover more insurance services pty  ltd,entity,{}
95 003 114 145,entity,{}
travel insurance partners pty limited,entity,{}
73 144 049 230,entity,{}
world travel protection pty ltd,entity,{}
80 079 071 579,entity,{}
cover more insurance services pty  ltd   travel insurance partners pty limited  world travel protection pty ltd,entity,{}
benestar group pty ltd  travel insurance partners pty limited  world travel protection pty ltd,entity,{}
benestar group pty ltd  cover more insurance services pty  ltd   world travel protection pty ltd,entity,{}
benestar group pty ltd  cover more insurance services pty  ltd   travel insurance partners pty limited,entity,{}
financial  insurance and real estate activities healthcare and pharmaceuticals,entity,{}
https   modernslaveryregister gov au statements 8339,entity,{}
ikon collectables pty ltd,entity,{}
25 108 071 692,entity,{}
https   modernslaveryregister gov au statements 6075,entity,{}
tri star e p pty ltd,entity,{}
79 629 728 605,entity,{}
gladstone lng pty ltd,entity,{}
lng queensland pty ltd,entity,{}
sapex pty limited,entity,{}
tri star admin pty ltd,entity,{}
tri star australia holding company,entity,{}
tri star drilling llc,entity,{}
tri star energy company,entity,{}
tri star exploration pty ltd,entity,{}
tri star fairfields pty ltd,entity,{}
tri star gilbert pty ltd,entity,{}
tri star gold pty ltd,entity,{}
tri star group investments pty ltd,entity,{}
tri star minerals pty ltd,entity,{}
tri star nightingale pty ltd,entity,{}
tri star opco pty ltd,entity,{}
tri star petroleum company,entity,{}
tri star plowden pty ltd,entity,{}
tri star royalty company pty ltd,entity,{}
tri star saxony ore pty ltd,entity,{}
tri star simpson pty ltd,entity,{}
tri star stonecroft pty ltd,entity,{}
tri star strata company,entity,{}
west texas oil   gas corporation,entity,{}
https   modernslaveryregister gov au statements 22992,entity,{}
lgss pty limited,entity,{}
68 078 003 497,entity,{}
lif pty ltd,entity,{}
https   modernslaveryregister gov au statements 15843,entity,{}
credit agricole and investment bank,entity,{}
https   modernslaveryregister gov au statements 23614,entity,{}
meat   livestock australia limited,entity,{}
39 081 678 364,entity,{}
integrity systems company limited,entity,{}
34 134 745 038,entity,{}
mla donor company limited,entity,{}
49 083 304 867,entity,{}
education and training other services  agriculture  forestry and fishing  professional  scientific and technical services,entity,{}
https   modernslaveryregister gov au statements 25537,entity,{}
carlisle homes pty ltd,entity,{}
86 106 263 209,entity,{}
https   modernslaveryregister gov au statements 21463,entity,{}
electricity  gas  water and waste services,entity,{}
https   modernslaveryregister gov au statements 25431,entity,{}
ensign laboratories proprietary limited,entity,{}
11 004 395 242,entity,{}
https   modernslaveryregister gov au statements 6667,entity,{}
schutz australia pty ltd,entity,{}
60 090 995 958,entity,{}
https   modernslaveryregister gov au statements 4935,entity,{}
ovato limited,entity,{}
39 050 148 644,entity,{}
australia  new zealand,entity,{}
https   modernslaveryregister gov au statements 5589,entity,{}
millell pty ltd,entity,{}
17 148 151 213,entity,{}
https   modernslaveryregister gov au statements 16905,entity,{}
datacom australia holdings pty limited,entity,{}
45 094 235 373,entity,{}
datacom connect pty ltd,entity,{}
16 103 112 303,entity,{}
datacom data centres pty ltd,entity,{}
58 110 978 179,entity,{}
datacom solutions  au  pty ltd,entity,{}
16 168 988 636,entity,{}
datacom systems  au  pty ltd,entity,{}
39 135 427 075,entity,{}
information technology and telecommunication  professional and administrative services and supplies  including legal  consulting and accounting services,entity,{}
https   modernslaveryregister gov au statements 9726,entity,{}
tama australia pty ltd,entity,{}
88 617 155 361,entity,{}
agri novatex australia pty ltd,entity,{}
67 640 398 670,entity,{}
plastag pty ltd,entity,{}
88 132 505 161,entity,{}
australia  israel,entity,{}
https   modernslaveryregister gov au statements 21248,entity,{}
infosys bpm limited,entity,{}
1742,entity,{}
infosys technologies ltd,entity,{}
portland group pty ltd,entity,{}
simplus anz pty ltd,entity,{}
simplus australia ltd,entity,{}
https   modernslaveryregister gov au statements 10139,entity,{}
automotive  machinery and heavy electrical equipment other,entity,{}
https   modernslaveryregister gov au statements 5798,entity,{}
specsavers pty  ltd,entity,{}
82 097 147 932,entity,{}
2022 03 01 to 2023 02 28,entity,{}
https   modernslaveryregister gov au statements 14547,entity,{}
pharsalus investments pty limited,entity,{}
https   modernslaveryregister gov au statements 6750,entity,{}
deakin bidco pty ltd,entity,{}
deakin holdco pty ltd,entity,{}
deakin midco pty ltd,entity,{}
deakin topco pty ltd,entity,{}
levande pty ltd,entity,{}
https   modernslaveryregister gov au statements 16779,entity,{}
https   modernslaveryregister gov au statements 13500,entity,{}
houma holdings pty ltd,entity,{}
44 002 590 758,entity,{}
https   modernslaveryregister gov au statements 10288,entity,{}
singtel optus pty limited,entity,{}
90 052 833 208,entity,{}
https   modernslaveryregister gov au statements 14947,entity,{}
ama group limited,entity,{}
50 113 883 560,entity,{}
ama group solutions pty ltd,entity,{}
capital smart group holdings pty ltd,entity,{}
capital s m a r t  repairs australia pty ltd,entity,{}
https   modernslaveryregister gov au statements 24263,entity,{}
2024 04 01 to 2025 09 01,entity,{}
https   modernslaveryregister gov au statements 22002,entity,{}
opteon group holdings limited,entity,{}
20 616 574 755,entity,{}
opeton property group pty ltd,entity,{}
78 144 732 589,entity,{}
opeton group holdings limited,entity,{}
ascent software group llc,entity,{}
cubetec pty ltd,entity,{}
opeton amc inc,entity,{}
opeton appraisal inc,entity,{}
opteon franchising pty  ltd,entity,{}
opteon international holdings pty ltd,entity,{}
opeton nz limited,entity,{}
opeton nz holdings limited,entity,{}
opteon share holdings pty ltd,entity,{}
opeton us holdings inc,entity,{}
the trustee for opteon share trust,entity,{}
https   modernslaveryregister gov au statements 25381,entity,{}
polestar automotive australia pty ltd,entity,{}
https   modernslaveryregister gov au statements 18744,entity,{}
https   modernslaveryregister gov au statements 1429,entity,{}
electricity generation and retail corporation,entity,{}
58 673 830 106,entity,{}
south west solar development holdings pty ltd,entity,{}
synergy renewable energy developments pty ltd,entity,{}
https   modernslaveryregister gov au statements 20020,entity,{}
meridian energy limited,entity,{}
58 355 917 919,entity,{}
powershop australia pty limited,entity,{}
41 154 914 075,entity,{}
https   modernslaveryregister gov au statements 6754,entity,{}
betashares capital ltd,entity,{}
78 139 566 868,entity,{}
betashares financial group pty ltd,entity,{}
58 646 305 517,entity,{}
betashares holdings pty ltd,entity,{}
93 136 545 107,entity,{}
https   modernslaveryregister gov au statements 13672,entity,{}
wingate group holdings pty  ltd,entity,{}
82 128 511 035,entity,{}
https   modernslaveryregister gov au statements 2670,entity,{}
https   modernslaveryregister gov au statements 20891,entity,{}
ddt holdings pty ltd,entity,{}
20 137 675 140,entity,{}
https   modernslaveryregister gov au statements 20416,entity,{}
metrics credit partners diversified australian senior loan fund,entity,{}
72 575 264 654,entity,{}
https   modernslaveryregister gov au statements 3000,entity,{}
federation university australia,entity,{}
51 818 692 256,entity,{}
https   modernslaveryregister gov au statements 12953,entity,{}
chanel  australia  pty ltd,entity,{}
83 000 012 153,entity,{}
cosmetics and toiletries fashion  textiles  apparel and luxury goods,entity,{}
https   modernslaveryregister gov au statements 22589,entity,{}
sirva pty ltd,entity,{}
53 115 936 993,entity,{}
https   modernslaveryregister gov au statements 14531,entity,{}
mpc group pty ltd,entity,{}
68 626 678 911,entity,{}
mpc kinetic holdings limited,entity,{}
grizzly energy services pty ltd,entity,{}
kinetic chemicals pty ltd,entity,{}
kinetic consolidated pty ltd,entity,{}
kinetic fluid management and production services pty ltd,entity,{}
kinetic services group pty ltd,entity,{}
kinetic well intervention services pty ltd,entity,{}
matz pty ltd,entity,{}
mpc gas pty ltd,entity,{}
mpc group holdings  2  pty ltd,entity,{}
mpc group holdings  3  pty ltd,entity,{}
mpc group holdings pty ltd,entity,{}
mpc group labour pty ltd,entity,{}
mpc group plant pty ltd,entity,{}
mpc kinetic holdings  2  pty ltd,entity,{}
mpc operations pty ltd,entity,{}
nortrus pty ltd,entity,{}
well equipment solutions holdings pty ltd,entity,{}
best friends pets holdings pty limited,entity,{}
54 159 280 412,entity,{}
https   modernslaveryregister gov au statements 6436,entity,{}
new zealand post australia holdings pty limited,entity,{}
97 086 383 904,entity,{}
https   modernslaveryregister gov au statements 11314,entity,{}
vivid property services pty limited,entity,{}
42 118 426 814,entity,{}
https   modernslaveryregister gov au statements 7403,entity,{}
https   modernslaveryregister gov au statements 8496,entity,{}
shadforth s civil pty ltd,entity,{}
68 162 606 377,entity,{}
dirt wise pty ltd,entity,{}
33 123 070 039,entity,{}
shadforth s plant hire pty ltd,entity,{}
21 116 979 714,entity,{}
https   modernslaveryregister gov au statements 20458,entity,{}
state street global advisor trust company,entity,{}
https   modernslaveryregister gov au statements 23124,entity,{}
https   modernslaveryregister gov au statements 489,entity,{}
paypal australia pty limited,entity,{}
93 111 195 389,entity,{}
https   modernslaveryregister gov au statements 18422,entity,{}
sunwater limited,entity,{}
17 020 276 523,entity,{}
https   modernslaveryregister gov au statements 10911,entity,{}
logicalis australia holdings pty ltd,entity,{}
67 089 914 581,entity,{}
logicalis australia pty ltd,entity,{}
95 091 623 326,entity,{}
https   modernslaveryregister gov au statements 19273,entity,{}
northwest healthcare australian property limited,entity,{}
47 083 065 034,entity,{}
northwest healthcare australia re limited,entity,{}
56 612 310 148,entity,{}
https   modernslaveryregister gov au statements 10603,entity,{}
the trustee for hesta,entity,{}
64 971 749 321,entity,{}
bcp hesta co investment trust,entity,{}
the trustee for blackbird purple trust,entity,{}
the trustee for eureka property fund 5 sub trust a,entity,{}
the trustee for hesta healthcare property trust,entity,{}
the trustee for hesta investment partner trust,entity,{}
the trustee for hesta  palisade  infrastructure trust,entity,{}
the trustee for hesta  palisade  sustainable infrastructure trust,entity,{}
the trustee for hesta qp trust,entity,{}
the trustee for hesta sustainable capital investment trust,entity,{}
the trustee for housing fund 1,entity,{}
the trustee for social impact investment trust,entity,{}
westbourne yield fund no  7,entity,{}
https   modernslaveryregister gov au statements 21857,entity,{}
rsl lifecare limited,entity,{}
https   modernslaveryregister gov au statements 25864,entity,{}
jani king australia unit trust,entity,{}
19 424 723 998,entity,{}
construction  civil engineering and building products consumer services  including accommodation  hospitality  tourism and leisure cleaning and security services,entity,{}
https   modernslaveryregister gov au statements 7823,entity,{}
metro trains sydney pty ltd,entity,{}
54 600 820 737,entity,{}
2024 07 01 to 2025 06 29,entity,{}
https   modernslaveryregister gov au statements 23463,entity,{}
https   modernslaveryregister gov au statements 9080,entity,{}
kufpec australia  julimar  pty ltd,entity,{}
38 139 500 502,entity,{}
kufpec australia pty ltd,entity,{}
42 001 800 924,entity,{}
kufpec australia  wheatstone iago  pty ltd,entity,{}
53 167 058 022,entity,{}
https   modernslaveryregister gov au statements 3472,entity,{}
the trustee for jones day,entity,{}
59 206 613 356,entity,{}
https   modernslaveryregister gov au statements 18209,entity,{}
amcor flexibles  australia  pty ltd,entity,{}
46 113 833 748,entity,{}
amcor flexibles group pty ltd,entity,{}
33 113 833 695,entity,{}
amcor plc,entity,{}
62 000 017 372,entity,{}
amcor pty ltd,entity,{}
https   modernslaveryregister gov au statements 15836,entity,{}
stockyard group pty ltd,entity,{}
stockyard beef pty ltd,entity,{}
stockyard lot feeders pty ltd,entity,{}
stockyard pastoral pty ltd,entity,{}
stockyard personnel pty ltd,entity,{}
17 080 801 770,entity,{}
58 009 900 645,entity,{}
15 639 966 377,entity,{}
65 640 840 473,entity,{}
https   modernslaveryregister gov au statements 21387,entity,{}
wisdom properties group pty ltd,entity,{}
82 089 425 829,entity,{}
inspire group pty limited,entity,{}
wisdom constructions pty ltd,entity,{}
wisdom landscapes pty ltd,entity,{}
wisdom real estate sales pty ltd,entity,{}
https   modernslaveryregister gov au statements 23423,entity,{}
grant thornton australia limited,entity,{}
41 127 556 389,entity,{}
https   modernslaveryregister gov au statements 11539,entity,{}
air new zealand limited,entity,{}
70 000 312 685,entity,{}
transportation  logistics  and storage consumer services  including accommodation  hospitality  tourism and leisure,entity,{}
air nelson,entity,{}
air new zealand associated companies limited,entity,{}
air new zealand regional maintenance limited,entity,{}
mount cook airline limited,entity,{}
teal insurance limited,entity,{}
https   modernslaveryregister gov au statements 16082,entity,{}
b s stillwell motor group pty ltd,entity,{}
12 004 472 628,entity,{}
https   modernslaveryregister gov au statements 6579,entity,{}
regal funds management pty limited,entity,{}
30 107 576 821,entity,{}
the trustee for regal atlantic absolute return fund,entity,{}
32 858 984 881,entity,{}
the trustee for regal australian small companies fund,entity,{}
36 910 012 302,entity,{}
the trustee for regal emerging companies opportunities fund,entity,{}
28 549 287 599,entity,{}
the trustee for regal emerging companies fund,entity,{}
63 857 330 531,entity,{}
https   modernslaveryregister gov au statements 6592,entity,{}
abbvie pty ltd,entity,{}
48 156 384 262,entity,{}
abbvie holdings pty ltd,entity,{}
allergan australia pty limited,entity,{}
https   modernslaveryregister gov au statements 23739,entity,{}
atwork australia pty ltd,entity,{}
29 009 452 153,entity,{}
ew pacific pty ltd,entity,{}
61 141 218 215,entity,{}
medhealth holdings pty limited,entity,{}
medhealth pty limited,entity,{}
32 141 219 785,entity,{}
the workfocus group pty ltd,entity,{}
36 166 308 765,entity,{}
work health group pty ltd,entity,{}
91 606 846 137,entity,{}
work health investments pty ltd,entity,{}
70 606 853 338,entity,{}
ew pacific pty ltd  medhealth holdings pty limited  medhealth pty limited  the workfocus group pty ltd  work health group pty ltd  work health investments pty ltd,entity,{}
atwork australia pty ltd  ew pacific pty ltd  medhealth holdings pty limited  medhealth pty limited  the workfocus group pty ltd  work health group pty ltd  work health investments pty ltd,entity,{}
information technology and telecommunication healthcare and pharmaceuticals other,entity,{}
https   modernslaveryregister gov au statements 4233,entity,{}
liftronic pty ltd,entity,{}
99 002 886 213,entity,{}
https   modernslaveryregister gov au statements 13498,entity,{}
https   modernslaveryregister gov au statements 16457,entity,{}
wam active limited,entity,{}
49 126 420 719,entity,{}
https   modernslaveryregister gov au statements 6710,entity,{}
rheem australia pty limited,entity,{}
21 098 823 511,entity,{}
accent air pty limited,entity,{}
28 062 383 224,entity,{}
aquamax australia pty limited,entity,{}
37 138 189 689,entity,{}
raypak australia pty ltd,entity,{}
65 078 743 414,entity,{}
solahart industries pty  ltd,entity,{}
45 064 945 848,entity,{}
https   modernslaveryregister gov au statements 18370,entity,{}
state bank of india,entity,{}
95 082 610 008,entity,{}
https   modernslaveryregister gov au statements 5504,entity,{}
purwey unit trust,entity,{}
99 040 012 336,entity,{}
https   modernslaveryregister gov au statements 7186,entity,{}
https   modernslaveryregister gov au statements 9044,entity,{}
marquis marketing pty ltd,entity,{}
76 147 689 987,entity,{}
https   modernslaveryregister gov au statements 16817,entity,{}
ricegrowers limited,entity,{}
55 007 481 156,entity,{}
riviana foods pty  ltd,entity,{}
97 061 388 092,entity,{}
aqaba processing company ltd,entity,{}
australian grain storage pty ltd,entity,{}
kj   co brands pty limited,entity,{}
pryde s easifeed nz limited,entity,{}
pryde s easifeed pty ltd,entity,{}
pryde s tucker bag pty  limited,entity,{}
ricegrowers limited japan,entity,{}
ricegrowers middle east dmcc,entity,{}
ricegrowers new zealand ltd,entity,{}
ricegrowers singapore pte ltd,entity,{}
ricegrowers vietnam company limited,entity,{}
rice industries limited,entity,{}
rice research australia pty  ltd,entity,{}
roza s gourmet pty ltd,entity,{}
solomons rice company limited,entity,{}
sunfoods llc,entity,{}
sunrice australia pty ltd,entity,{}
sunrice fund limited,entity,{}
sunrice trading pty ltd,entity,{}
sunrice trading  shanghai  co ltd,entity,{}
sunshine rice  inc,entity,{}
trukai industries limited,entity,{}
trukai  wholesale  limited,entity,{}
western district health service,entity,{}
47 616 976 917,entity,{}
https   modernslaveryregister gov au statements 12768,entity,{}
genworth financial mortgage insurance pty limited,entity,{}
60 106 974 305,entity,{}
genworth mortgage insurance australia limited,entity,{}
72 154 890 730,entity,{}
https   modernslaveryregister gov au statements 3720,entity,{}
ra  holdings  2014 pty limited,entity,{}
26 151 586 597,entity,{}
ra 2014 pty limited,entity,{}
retire australia management pty ltd,entity,{}
https   modernslaveryregister gov au statements 19535,entity,{}
https   modernslaveryregister gov au statements 15334,entity,{}
ma financial group limited,entity,{}
68 142 008 428,entity,{}
finsure finance   insurance pty ltd,entity,{}
maam re ltd,entity,{}
ma asset management ltd,entity,{}
mafg operations pty ltd,entity,{}
ma moelis australia advisory pty ltd,entity,{}
ma moelis australia securities pty ltd,entity,{}
ma money financial services pty ltd,entity,{}
ma real estate services pty ltd,entity,{}
middle technology australia pty ltd,entity,{}
redcape hospitality pty ltd,entity,{}
https   modernslaveryregister gov au statements 22910,entity,{}
qbe insurance group limited,entity,{}
28 008 485 014,entity,{}
https   modernslaveryregister gov au statements 4744,entity,{}
australian finance group ltd,entity,{}
26 153 255 559,entity,{}
australian finance group securities pty ltd,entity,{}
90 119 343 118,entity,{}
afg home loans pty ltd,entity,{}
afg securities pty ltd,entity,{}
australian finance group  commercial  pty ltd,entity,{}
52 081 643 512,entity,{}
broli finance pty ltd,entity,{}
71 617 588 726,entity,{}
credit concierge pty ltd,entity,{}
78 625 017 165,entity,{}
fintelligence pty ltd,entity,{}
80 625 017 174,entity,{}
mortgage brokers software pty ltd,entity,{}
75 608 306 047,entity,{}
mortgage processing services pty ltd,entity,{}
64 608 519 044,entity,{}
national finance alliance pty ltd,entity,{}
84 625 017 192,entity,{}
zebrafi pty ltd,entity,{}
61 618 854 274,entity,{}
dell australia pty limited,entity,{}
46 003 855 561,entity,{}
emc global holdings company,entity,{}
86 699 010 685,entity,{}
2021 01 01 to 2022 01 31,entity,{}
https   modernslaveryregister gov au statements 9659,entity,{}
mott macdonald australia pty limited,entity,{}
13 134 120 353,entity,{}
https   modernslaveryregister gov au statements 18836,entity,{}
salter brothers hotel company ltd,entity,{}
salter brothers hotel company no 2 pty ltd,entity,{}
salter brothers hotel company no 3 pty ltd,entity,{}
salter brothers  potts point  land pty ltd,entity,{}
https   modernslaveryregister gov au statements 20835,entity,{}
https   modernslaveryregister gov au statements 15371,entity,{}
cedar pacific investment management pty ltd,entity,{}
89 608 750 438,entity,{}
https   modernslaveryregister gov au statements 13928,entity,{}
b i c  services pty  limited,entity,{}
40 003 700 301,entity,{}
https   modernslaveryregister gov au statements 11841,entity,{}
hsbc australia holdings pty limited,entity,{}
22 006 513 873,entity,{}
hsbc bank australia limited,entity,{}
48 006 434 162,entity,{}
the hongkong and shanghai banking corporation limited,entity,{}
65 117 925 970,entity,{}
https   modernslaveryregister gov au statements 27254,entity,{}
panasonic avionics corporation,entity,{}
https   modernslaveryregister gov au statements 6412,entity,{}
modern slavery statement 2021 3291,entity,{}
panasonic avionics corporation s modern slavery statement,entity,{}
universal music australia pty limited,entity,{}
21 000 158 592,entity,{}
https   modernslaveryregister gov au statements 13280,entity,{}
coopers brewery limited,entity,{}
13 007 871 409,entity,{}
coopers brewery foundation incorporated,entity,{}
40 687 033 748,entity,{}
morgan s brewing company pty  ltd,entity,{}
19 010 960 317,entity,{}
premium beverages pty ltd,entity,{}
71 100 818 700,entity,{}
https   modernslaveryregister gov au statements 16603,entity,{}
austral fisheries pty ltd,entity,{}
71 008 989 982,entity,{}
https   modernslaveryregister gov au statements 13995,entity,{}
new aim pty  ltd,entity,{}
https   modernslaveryregister gov au statements 16116,entity,{}
savanna energy services pty ltd,entity,{}
16 140 172 756,entity,{}
https   modernslaveryregister gov au statements 5062,entity,{}
sun metals corporation pty ltd,entity,{}
97 074 241 982,entity,{}
https   modernslaveryregister gov au statements 3742,entity,{}
eg fuelco  australia  limited,entity,{}
39 627 348 645,entity,{}
eg group australia pty ltd,entity,{}
39 629 792 810,entity,{}
https   modernslaveryregister gov au statements 8789,entity,{}
aaw global logistics pty ltd,entity,{}
14 007 257 865,entity,{}
aaw bulk liquid logistics pty ltd,entity,{}
77 668 554 710,entity,{}
coastalbridge pty ltd,entity,{}
50 668 259 818,entity,{}
hoyer logistics australia pty ltd,entity,{}
70 625 946 232,entity,{}
regional shipping services pty ltd,entity,{}
69 087 872 580,entity,{}
https   modernslaveryregister gov au statements 16466,entity,{}
2019 03 01 to 2020 02 29,entity,{}
https   modernslaveryregister gov au statements 2265,entity,{}
pacific energy trading pty  ltd,entity,{}
63 642 539 482,entity,{}
https   modernslaveryregister gov au statements 17797,entity,{}
the trustee for mackay s banana marketing co   the trustee for the john b mackay family trust no 3   the trustee for the robert s mackay family trust no 3,entity,{}
36 841 089 158,entity,{}
https   modernslaveryregister gov au statements 10708,entity,{}
western steel processors pty ltd,entity,{}
industrial progress corporation pty  ltd,entity,{}
https   modernslaveryregister gov au statements 18712,entity,{}
eljo pty ltd,entity,{}
83 493 775 096,entity,{}
rico engineering trust,entity,{}
29 738 709 771,entity,{}
solo water pty ltd,entity,{}
11 160 013 614,entity,{}
the trustee for rico family trust,entity,{}
62 398 515 816,entity,{}
waste management and recycling,entity,{}
https   modernslaveryregister gov au statements 19684,entity,{}
imb community foundation pty ltd,entity,{}
imb securitisation services pty limited,entity,{}
https   modernslaveryregister gov au statements 20523,entity,{}
nzme limited,entity,{}
1137,entity,{}
https   modernslaveryregister gov au statements 18444,entity,{}
china everbright bank co  ltd,entity,{}
69 322 403 457,entity,{}
https   modernslaveryregister gov au statements 22497,entity,{}
https   modernslaveryregister gov au statements 4432,entity,{}
aqua terra oil and mineral service and supply company pty  ltd,entity,{}
gis holdco pty ltd,entity,{}
hillcock industrial pty ltd,entity,{}
integrated industrial pty ltd,entity,{}
43 670 417 535,entity,{}
atom group bidco pty ltd,entity,{}
atom group holdco pty ltd,entity,{}
77 670 417 240,entity,{}
atom group holdings pty ltd,entity,{}
86 670 416 529,entity,{}
atom group midco pty ltd,entity,{}
96 670 417 320,entity,{}
atom supply group pty limited,entity,{}
69 118 879 806,entity,{}
feel j investments pty ltd,entity,{}
76 159 018 998,entity,{}
mota investments pty ltd,entity,{}
98 158 946 144,entity,{}
83 124 508 014,entity,{}
25 658 553 854,entity,{}
123 456 789 012,entity,{}
the trustee for the barton series 2014 1 trust,entity,{}
https   modernslaveryregister gov au statements 15743,entity,{}
adecco australia pty ltd,entity,{}
91 006 253 336,entity,{}
adecco holdings pty ltd,entity,{}
11 003 652 088,entity,{}
adecco industrial pty ltd,entity,{}
39 004 366 634,entity,{}
lee hecht harrison pty limited,entity,{}
18 001 292 584,entity,{}
modis consulting pty ltd,entity,{}
25 076 517 354,entity,{}
modis staffing pty ltd,entity,{}
14 007 145 637,entity,{}
pontoon australia pty ltd,entity,{}
11 003 526 538,entity,{}
spring group australia pty limited,entity,{}
16 065 183 351,entity,{}
tad pty ltd,entity,{}
47 006 250 719,entity,{}
https   modernslaveryregister gov au statements 8534,entity,{}
clicksoftware australia pty ltd,entity,{}
datorama australia pty ltd,entity,{}
exacttarget pty ltd,entity,{}
sfdc australia pty limited,entity,{}
2022 02 01 to 2023 01 31,entity,{}
https   modernslaveryregister gov au statements 14264,entity,{}
koolan iron ore pty ltd,entity,{}
mount gibson iron limited,entity,{}
mount gibson mining limited,entity,{}
aztec resources limited,entity,{}
brockman minerals pty ltd,entity,{}
gibson minerals limited,entity,{}
kio spv pty ltd,entity,{}
koolan shipping pty ltd,entity,{}
https   modernslaveryregister gov au statements 20372,entity,{}
hyundai motor company australia pty limited,entity,{}
58 008 995 588,entity,{}
https   modernslaveryregister gov au statements 19599,entity,{}
avjennings limited,entity,{}
44 004 327 771,entity,{}
https   modernslaveryregister gov au statements 21499,entity,{}
aia australia limited,entity,{}
79 004 837 861,entity,{}
aia financial services limited,entity,{}
aia health insurance pty ltd,entity,{}
aiav pty ltd,entity,{}
cmla services pty ltd,entity,{}
jacques martin administration and consulting pty ltd,entity,{}
jacques martin pty  ltd,entity,{}
mo support pty ltd,entity,{}
https   modernslaveryregister gov au statements 17522,entity,{}
organon pharma pty ltd,entity,{}
54 637 107 512,entity,{}
https   modernslaveryregister gov au statements 9264,entity,{}
patten pavement services pty ltd,entity,{}
75 163 199 782,entity,{}
https   modernslaveryregister gov au statements 17170,entity,{}
national tiles co pty ltd,entity,{}
57 007 381 599,entity,{}
bargain tiles pty ltd,entity,{}
13 005 535 731,entity,{}
https   modernslaveryregister gov au statements 16256,entity,{}
the trustee for spark north east link trust,entity,{}
45 472 853 727,entity,{}
https   modernslaveryregister gov au statements 20469,entity,{}
wellington management australia pty ltd,entity,{}
19 167 091 090,entity,{}
https   modernslaveryregister gov au statements 23508,entity,{}
quality logistic services australia pty ltd,entity,{}
52 107 976 250,entity,{}
catalyst chemicals pty ltd,entity,{}
quality logistic services  asia  pte ltd,entity,{}
https   modernslaveryregister gov au statements 26969,entity,{}
mitsui itochu iron pty ltd,entity,{}
84 008 702 761,entity,{}
https   modernslaveryregister gov au statements 19556,entity,{}
alphen pty  limited,entity,{}
31 052 136 348,entity,{}
bondi junction trust,entity,{}
fountain gate trust,entity,{}
scentre capital assets pty limited,entity,{}
36 003 146 307,entity,{}
scentre design and construction pty limited,entity,{}
53 000 267 265,entity,{}
scentre finance  aust  limited,entity,{}
37 093 642 865,entity,{}
scentre group limited,entity,{}
66 001 671 496,entity,{}
scentre group trust 1,entity,{}
scentre group trust 2,entity,{}
scentre sub trust h,entity,{}
westart trust,entity,{}
bondi junction trust  fountain gate trust  scentre capital assets pty limited  scentre design and construction pty limited  scentre finance  aust  limited  scentre group limited  scentre group trust 1  scentre group trust 2  scentre limited  scentre sub trust h  westart trust,entity,{}
alphen pty  limited  fountain gate trust  scentre capital assets pty limited  scentre design and construction pty limited  scentre finance  aust  limited  scentre group limited  scentre group trust 1  scentre group trust 2  scentre limited  scentre sub trust h  westart trust,entity,{}
alphen pty  limited  bondi junction trust  scentre capital assets pty limited  scentre design and construction pty limited  scentre finance  aust  limited  scentre group limited  scentre group trust 1  scentre group trust 2  scentre limited  scentre sub trust h  westart trust,entity,{}
alphen pty  limited  bondi junction trust  fountain gate trust  scentre design and construction pty limited  scentre finance  aust  limited  scentre group limited  scentre group trust 1  scentre group trust 2  scentre limited  scentre sub trust h  westart trust,entity,{}
alphen pty  limited  bondi junction trust  fountain gate trust  scentre capital assets pty limited  scentre finance  aust  limited  scentre group limited  scentre group trust 1  scentre group trust 2  scentre limited  scentre sub trust h  westart trust,entity,{}
alphen pty  limited  bondi junction trust  fountain gate trust  scentre capital assets pty limited  scentre design and construction pty limited  scentre group limited  scentre group trust 1  scentre group trust 2  scentre limited  scentre sub trust h  westart trust,entity,{}
alphen pty  limited  bondi junction trust  fountain gate trust  scentre capital assets pty limited  scentre design and construction pty limited  scentre finance  aust  limited  scentre group trust 1  scentre group trust 2  scentre limited  scentre sub trust h  westart trust,entity,{}
alphen pty  limited  bondi junction trust  fountain gate trust  scentre capital assets pty limited  scentre design and construction pty limited  scentre finance  aust  limited  scentre group limited  scentre group trust 2  scentre limited  scentre sub trust h  westart trust,entity,{}
alphen pty  limited  bondi junction trust  fountain gate trust  scentre capital assets pty limited  scentre design and construction pty limited  scentre finance  aust  limited  scentre group limited  scentre group trust 1  scentre limited  scentre sub trust h  westart trust,entity,{}
alphen pty  limited  bondi junction trust  fountain gate trust  scentre capital assets pty limited  scentre design and construction pty limited  scentre finance  aust  limited  scentre group limited  scentre group trust 1  scentre group trust 2  westart trust,entity,{}
alphen pty  limited  bondi junction trust  fountain gate trust  scentre capital assets pty limited  scentre design and construction pty limited  scentre finance  aust  limited  scentre group limited  scentre group trust 1  scentre group trust 2  scentre sub trust h,entity,{}
https   modernslaveryregister gov au statements 8026,entity,{}
edwards u pty limited   others,entity,{}
39 232 846 628,entity,{}
the trustee for edwards a trust   others,entity,{}
30 586 412 717,entity,{}
the trustee for edwards o trust   others,entity,{}
11 247 365 823,entity,{}
https   modernslaveryregister gov au statements 27151,entity,{}
siemens ltd,entity,{}
98 004 347 880,entity,{}
2020 10 01 to 2021 09 30,entity,{}
https   modernslaveryregister gov au statements 8076,entity,{}
hitachi vantara asia pacific pty limited,entity,{}
92 004 855 734,entity,{}
hitachi vantara australia pty limited,entity,{}
65 005 610 079,entity,{}
2019 04 01 to 2020 03 31,entity,{}
https   modernslaveryregister gov au statements 1132,entity,{}
drake australia pty ltd,entity,{}
42 004 939 771,entity,{}
administrative and support services,entity,{}
https   modernslaveryregister gov au statements 27670,entity,{}
sunshot derivatives pty ltd,entity,{}
61 635 219 055,entity,{}
sunshot developments pty ltd,entity,{}
69 634 921 896,entity,{}
sunshot energy pty ltd,entity,{}
61 633 808 483,entity,{}
sunshot energy trading pty ltd,entity,{}
27 633 808 778,entity,{}
zen energy retail pty ltd,entity,{}
54 615 751 052,entity,{}
zen power holdings pty ltd,entity,{}
42 639 972 973,entity,{}
zph investments pty ltd,entity,{}
13 644 924 729,entity,{}
https   modernslaveryregister gov au statements 6838,entity,{}
centurion transport co  pty ltd,entity,{}
42 008 746 334,entity,{}
c f c  holdings pty ltd,entity,{}
81 008 777 348,entity,{}
leone family holdings pty ltd,entity,{}
69 618 356 586,entity,{}
cape crushing and earthmoving contractors pty ltd,entity,{}
cea air and power pty ltd,entity,{}
cea specialty equipment pty ltd,entity,{}
orez solutions pty ltd,entity,{}
hitachi construction machinery  australia  pty ltd,entity,{}
62 000 080 179,entity,{}
hitachi construction machinery oceania holdings pty ltd,entity,{}
94 632 744 275,entity,{}
https   modernslaveryregister gov au statements 24597,entity,{}
avg technologies au pty ltd,entity,{}
79 159 743 978,entity,{}
czech republic,entity,{}
https   modernslaveryregister gov au statements 9799,entity,{}
health   co pty ltd,entity,{}
limestone bidco pty limited,entity,{}
limestone holdco pty limited,entity,{}
limestone mezzco pty ltd,entity,{}
limestone midco pty limited,entity,{}
occupational health holdings pty ltd,entity,{}
bourke street clinic pty ltd,entity,{}
brindabella medical practice services pty ltd,entity,{}
cooper street clinic pty limited,entity,{}
healthyu corporation pty ltd,entity,{}
hls medical centre holdings pty ltd,entity,{}
hls medical centre holding pty ltd,entity,{}
idameneo  no 125  pty ltd,entity,{}
limestone finco pty limited,entity,{}
logic enterprises  wa  pty ltd,entity,{}
medical centre services pty ltd,entity,{}
pacific medical centres pty ltd,entity,{}
park family practice services pty  ltd,entity,{}
sidameneo  no  456  pty ltd,entity,{}
https   modernslaveryregister gov au statements 19842,entity,{}
altrac light rail 1 pty limited,entity,{}
37 399 764 913,entity,{}
altrac light rail 2 pty limited,entity,{}
altrac light rail 3 pty limited,entity,{}
https   modernslaveryregister gov au statements 7139,entity,{}
gpt management holdings limited,entity,{}
67 113 510 188,entity,{}
gpt wholesale office fund no1,entity,{}
17 049 857 761,entity,{}
gpt wholesale shopping centre fund no 1,entity,{}
54 681 099 751,entity,{}
the trustee for general property trust,entity,{}
58 071 755 609,entity,{}
the trustee for gpt wholesale office fund no 2,entity,{}
27 587 898 427,entity,{}
the trustee for gpt wholesale shopping centre fund no 2,entity,{}
25 612 081 006,entity,{}
https   modernslaveryregister gov au statements 6793,entity,{}
2023 1541,entity,{}
moet hennessy australia pty limited,entity,{}
https   modernslaveryregister gov au statements 14223,entity,{}
the trustee for exemplar health  frankston  trust,entity,{}
57 118 894 818,entity,{}
https   modernslaveryregister gov au statements 16017,entity,{}
structural challenge pty  ltd,entity,{}
38 094 640 347,entity,{}
2023 08 22 to 2024 06 22,entity,{}
https   modernslaveryregister gov au statements 13363,entity,{}
davidson group  aust  pty ltd,entity,{}
43 167 652 155,entity,{}
davidson executive and boards pty ltd,entity,{}
davidson group services pty ltd,entity,{}
davidson hr consulting pty ltd,entity,{}
davidson recruitment pty ltd,entity,{}
davidson technology  aust  pty ltd,entity,{}
davidson technology consulting pty ltd,entity,{}
inspired apps pty  ltd,entity,{}
https   modernslaveryregister gov au statements 15919,entity,{}
lendlease  melbourne quarter r1  pty limited,entity,{}
72 609 191 817,entity,{}
https   modernslaveryregister gov au statements 3052,entity,{}
gilbarco australia pty ltd,entity,{}
93 000 020 799,entity,{}
australia  new zealand  united states of america,entity,{}
gilbarco queensland pty ltd,entity,{}
navman wireless australia pty limited,entity,{}
27 668 047 489,entity,{}
50 123 981 457,entity,{}
https   modernslaveryregister gov au statements 23456,entity,{}
colchester global investors limited,entity,{}
19646,entity,{}
https   modernslaveryregister gov au statements 19646,entity,{}
north queensland export terminal holdings pty ltd,entity,{}
17 154 644 685,entity,{}
nqxt port pty ltd,entity,{}
61 150 498 098,entity,{}
https   modernslaveryregister gov au statements 5730,entity,{}
cleanaway waste management limited,entity,{}
74 101 155 220,entity,{}
utilities  gas  water and electricity waste management and recycling,entity,{}
cleanaway co pty ltd,entity,{}
cleanaway daniels services pty ltd,entity,{}
cleanaway industrial solutions pty ltd,entity,{}
cleanaway operations pty ltd,entity,{}
cleanaway solid waste pty ltd,entity,{}
landfill operations pty ltd,entity,{}
https   modernslaveryregister gov au statements 19675,entity,{}
tetra tech coffey pty ltd,entity,{}
55 139 460 521,entity,{}
2023 03 31 to 2023 03 31,entity,{}
https   modernslaveryregister gov au statements 12522,entity,{}
a j  grant building pty ltd,entity,{}
13 080 764 567,entity,{}
https   modernslaveryregister gov au statements 15654,entity,{}
bdo australia limited,entity,{}
77 133 657 833,entity,{}
https   modernslaveryregister gov au statements 21240,entity,{}
sks technologies group limited,entity,{}
24 004 554 929,entity,{}
sks technologies pty ltd,entity,{}
51 168 906 956,entity,{}
other services construction,entity,{}
sks indigenous technologies pty ltd,entity,{}
https   modernslaveryregister gov au statements 24476,entity,{}
https   modernslaveryregister gov au statements 18561,entity,{}
toyo tyre australia pty ltd,entity,{}
93 000 767 279,entity,{}
https   modernslaveryregister gov au statements 18133,entity,{}
articore group limited,entity,{}
11 119 200 592,entity,{}
https   modernslaveryregister gov au statements 15956,entity,{}
the trustee for care super,entity,{}
98 172 275 725,entity,{}
https   modernslaveryregister gov au statements 6879,entity,{}
trility group pty ltd,entity,{}
39 144 522 565,entity,{}
https   modernslaveryregister gov au statements 13344,entity,{}
https   modernslaveryregister gov au statements 5035,entity,{}
aceway nominees pty ltd,entity,{}
13 077 576 802,entity,{}
auto corner pty ltd,entity,{}
45 009 905 079,entity,{}
ducala pty  ltd,entity,{}
38 008 031 874,entity,{}
kaizen motors pty ltd,entity,{}
67 603 805 278,entity,{}
scifleet group of companies pty ltd,entity,{}
23 010 079 044,entity,{}
sci fleet motors pty ltd,entity,{}
25 057 783 749,entity,{}
taipan corporation pty  ltd,entity,{}
97 010 410 698,entity,{}
the trustee for the tsunami trust,entity,{}
15 149 393 182,entity,{}
el nino pty ltd,entity,{}
el viejo pty ltd,entity,{}
la nina international pty ltd,entity,{}
maz fleet pty ltd,entity,{}
northern trading pty  ltd,entity,{}
northpoint fleurieu pty ltd,entity,{}
northpoint murraylands pty ltd,entity,{}
south city automotive group pty ltd,entity,{}
south coast corporation pty ltd,entity,{}
https   modernslaveryregister gov au statements 15472,entity,{}
l p aiken   d j beer   t d boyce   g k brennan   d j campbell williams   p n de haan   m douglas   d g gaszner   m d george   p r grinter   j howard   p l le guay   k a luke   s j lyons   others,entity,{}
21 442 367 363,entity,{}
tg legal   technology pty ltd,entity,{}
34 657 374 902,entity,{}
https   modernslaveryregister gov au statements 21079,entity,{}
fronius australia pty ltd,entity,{}
65 144 615 896,entity,{}
austria,entity,{}
https   modernslaveryregister gov au statements 12346,entity,{}
brother international  aust  pty ltd,entity,{}
17 001 393 835,entity,{}
other services information media and telecommunications,entity,{}
https   modernslaveryregister gov au statements 24598,entity,{}
the trustee for carmichael rail operations trust,entity,{}
24 943 622 415,entity,{}
https   modernslaveryregister gov au statements 19501,entity,{}
the trustee for cpec 8 trust b,entity,{}
27 397 689 469,entity,{}
2020 06 30 to 2021 06 30,entity,{}
https   modernslaveryregister gov au statements 9385,entity,{}
actron controls pty limited,entity,{}
59 103 034 859,entity,{}
actron engineering pty ltd,entity,{}
34 002 767 240,entity,{}
https   modernslaveryregister gov au statements 8101,entity,{}
cromwell corporation limited,entity,{}
44 001 056 980,entity,{}
the trustee for cromwell diversified property trust,entity,{}
30 074 537 051,entity,{}
https   modernslaveryregister gov au statements 678,entity,{}
gusherd pty ltd,entity,{}
16 093 033 197,entity,{}
john mcgrath holden pty ltd,entity,{}
47 628 781 582,entity,{}
j   v mcgrath holdings pty limited,entity,{}
81 122 411 778,entity,{}
mcgrath canberra pty ltd,entity,{}
78 093 024 107,entity,{}
the trustee for brighter super,entity,{}
23 053 121 564,entity,{}
brighter investment services pty ltd,entity,{}
brighter super trustee,entity,{}
esi financial services pty ltd,entity,{}
globe hold co pty ltd,entity,{}
lgia ce foods pty ltd,entity,{}
lgiasuper corporate services pty ltd,entity,{}
spsl limited,entity,{}
spsl services pty ltd,entity,{}
the trustee for spsl pooled superannuation trust,entity,{}
https   modernslaveryregister gov au statements 21308,entity,{}
hendercare foundation,entity,{}
80 139 328 662,entity,{}
the trustee for the hendercare trust,entity,{}
19 087 520 254,entity,{}
https   modernslaveryregister gov au statements 7420,entity,{}
873,entity,{}
https   modernslaveryregister gov au statements 13389,entity,{}
keypath education international  inc,entity,{}
2021 3886,entity,{}
information technology and telecommunication  education and research,entity,{}
https   modernslaveryregister gov au statements 7332,entity,{}
bgis pty ltd,entity,{}
83 064 638 197,entity,{}
https   modernslaveryregister gov au statements 4471,entity,{}
allianz australia general insurance limited,entity,{}
99 003 719 319,entity,{}
allianz australia insurance limited,entity,{}
15 000 122 850,entity,{}
allianz australia limited,entity,{}
21 000 006 226,entity,{}
allianz australia services pty limited,entity,{}
66 002 947 257,entity,{}
https   modernslaveryregister gov au statements 9326,entity,{}
colin joss   co  pty  limited,entity,{}
73 003 538 583,entity,{}
construction  civil engineering and building products cleaning and security services other,entity,{}
https   modernslaveryregister gov au statements 16397,entity,{}
kennedy watches   jewellery pty ltd,entity,{}
82 165 266 491,entity,{}
https   modernslaveryregister gov au statements 16515,entity,{}
appen limited,entity,{}
60 138 878 298,entity,{}
52 088 829 556,entity,{}
75 622 857 783,entity,{}
appen ai europe limited,entity,{}
appen ai  inc,entity,{}
appen ai india pvt ltd,entity,{}
appen ai pty ltd,entity,{}
appen canada limited,entity,{}
appen data technology  shanghai  co ltd,entity,{}
appen japan kk,entity,{}
appen korea co ltd,entity,{}
appen technology  wuxi  co ltd,entity,{}
appen  uk  limited,entity,{}
beijing appen technology limited,entity,{}
figure eight federal llc,entity,{}
figure eight technologies inc,entity,{}
mendip media group limited,entity,{}
quadrant global pte ltd,entity,{}
https   modernslaveryregister gov au statements 21964,entity,{}
https   modernslaveryregister gov au statements 19352,entity,{}
hub24 custodial services ltd,entity,{}
87 124 891 685,entity,{}
hub24 limited,entity,{}
https   modernslaveryregister gov au statements 25419,entity,{}
adt group holdings pty ltd,entity,{}
35 144 849 436,entity,{}
forever new clothing pty ltd,entity,{}
11 118 100 100,entity,{}
https   modernslaveryregister gov au statements 11879,entity,{}
a w nicholson pty ltd,entity,{}
14 118 404 381,entity,{}
https   modernslaveryregister gov au statements 5815,entity,{}
greater western water,entity,{}
70 066 902 467,entity,{}
https   modernslaveryregister gov au statements 20729,entity,{}
kpmg,entity,{}
51 194 660 183,entity,{}
kpmg australia technology solutions pty limited,entity,{}
29 606 612 962,entity,{}
kpmg financial advisory services  australia  pty ltd,entity,{}
43 007 363 215,entity,{}
kpmg holdings  australia  pty ltd,entity,{}
34 064 067 241,entity,{}
kpmg investments  holdings  pty limited,entity,{}
38 008 524 365,entity,{}
the trustee for kpmg australian service trust,entity,{}
87 160 010 116,entity,{}
financial  insurance and real estate activities professional and administrative services and supplies  including legal  consulting and accounting services,entity,{}
https   modernslaveryregister gov au statements 9863,entity,{}
https   modernslaveryregister gov au statements 9926,entity,{}
eden brae holdings pty limited,entity,{}
42 083 807 489,entity,{}
https   modernslaveryregister gov au statements 22418,entity,{}
deakin university,entity,{}
56 721 584 203,entity,{}
deakin residential services pty  ltd,entity,{}
22 145 979 344,entity,{}
institute for regional security ltd,entity,{}
48 110 456 856,entity,{}
unilink limited,entity,{}
72 005 382 954,entity,{}
universal motion simulator pty ltd,entity,{}
58 622 763 240,entity,{}
https   modernslaveryregister gov au statements 23925,entity,{}
frazer nash consultancy limited,entity,{}
20 578 377 332,entity,{}
https   modernslaveryregister gov au statements 9595,entity,{}
wacker chemie ag,entity,{}
11 607 113 062,entity,{}
https   modernslaveryregister gov au statements 14113,entity,{}
hmc digital infrastructure ltd,entity,{}
2024 11 01 to 2025 06 30,entity,{}
https   modernslaveryregister gov au statements 26569,entity,{}
queensland capacity network pty ltd,entity,{}
75 633 081 517,entity,{}
queensland electricity transmission corporation limited,entity,{}
82 078 849 233,entity,{}
https   modernslaveryregister gov au statements 940,entity,{}
kansai electric power australia pty ltd,entity,{}
32 126 720 732,entity,{}
kansai electric power holdings australia pty ltd,entity,{}
57 601 296 226,entity,{}
kansai electric power ichthys e p pty ltd,entity,{}
47 601 297 876,entity,{}
kansai electric power ichthys pty ltd,entity,{}
75 601 299 110,entity,{}
https   modernslaveryregister gov au statements 13223,entity,{}
aptella pty ltd,entity,{}
56 130 367 065,entity,{}
aptella asia pte ltd,entity,{}
aptella limited,entity,{}
aptella singapore pte ltd,entity,{}
pt aptella solusi teknologi,entity,{}
https   modernslaveryregister gov au statements 20156,entity,{}
modus projects pty ltd,entity,{}
63 143 167 159,entity,{}
https   modernslaveryregister gov au statements 17249,entity,{}
3407,entity,{}
https   modernslaveryregister gov au statements 26305,entity,{}
fletcher international exports pty ltd,entity,{}
64 003 213 652,entity,{}
https   modernslaveryregister gov au statements 8165,entity,{}
nsw electricity networks assets pty ltd,entity,{}
364,entity,{}
nsw electricity networks operations pty ltd,entity,{}
https   modernslaveryregister gov au statements 1692,entity,{}
host plus pty  limited,entity,{}
79 008 634 704,entity,{}
https   modernslaveryregister gov au statements 6951,entity,{}
turner   townsend pty ltd,entity,{}
https   modernslaveryregister gov au statements 24922,entity,{}
bankstown district sports club ltd,entity,{}
88 000 243 916,entity,{}
food and beverages  agriculture and fishing consumer services  including accommodation  hospitality  tourism and leisure,entity,{}
auburn tennis club,entity,{}
bankstown golf club,entity,{}
bankstown sports bowls,entity,{}
baulkham hills sports,entity,{}
birrong sports,entity,{}
lady banks rooftop,entity,{}
the acres club,entity,{}
https   modernslaveryregister gov au statements 15445,entity,{}
bob jane corporation pty ltd,entity,{}
https   modernslaveryregister gov au statements 15455,entity,{}
ebsco international inc,entity,{}
51 002 260 602,entity,{}
ebsco canada  ltd,entity,{}
https   modernslaveryregister gov au statements 22258,entity,{}
lego australia pty ltd,entity,{}
42 001 540 914,entity,{}
lego systems a s,entity,{}
https   modernslaveryregister gov au statements 17702,entity,{}
the star entertainment group limited,entity,{}
85 149 629 023,entity,{}
https   modernslaveryregister gov au statements 1395,entity,{}
the garvan institute of medical research,entity,{}
62 330 391 937,entity,{}
https   modernslaveryregister gov au statements 3728,entity,{}
the trustee for dfp business trust,entity,{}
66 394 749 447,entity,{}
https   modernslaveryregister gov au statements 10069,entity,{}
vitaco health australia pty limited,entity,{}
https   modernslaveryregister gov au statements 20811,entity,{}
beach energy limited,entity,{}
3437,entity,{}
https   modernslaveryregister gov au statements 26480,entity,{}
angelic community services,entity,{}
39 922 848 563,entity,{}
https   modernslaveryregister gov au statements 7459,entity,{}
chu underwriting agencies pty ltd,entity,{}
18 001 580 070,entity,{}
https   modernslaveryregister gov au statements 701,entity,{}
retail food group limited,entity,{}
31 106 840 082,entity,{}
accommodation and food services agriculture  forestry and fishing,entity,{}
https   modernslaveryregister gov au statements 26713,entity,{}
ernst   young,entity,{}
75 288 172 749,entity,{}
ey business solutions pty ltd,entity,{}
35 122 885 465,entity,{}
the trustee for ernst   young services trust,entity,{}
67 457 905 811,entity,{}
bridge business consulting pty ltd,entity,{}
https   modernslaveryregister gov au statements 15948,entity,{}
https   modernslaveryregister gov au statements 25965,entity,{}
biopak pty ltd,entity,{}
48 119 998 711,entity,{}
biopak limited  new zealand,entity,{}
biopak ltd  uk,entity,{}
biopak pte ltd  singapore,entity,{}
horizons supply pty ltd,entity,{}
https   modernslaveryregister gov au statements 17129,entity,{}
kajima icon holdings pty ltd,entity,{}
barpa pty  ltd,entity,{}
cockram construction new zealand limited,entity,{}
icon co  aust  pty ltd,entity,{}
icon co holdings pty ltd,entity,{}
icon co  nsw  pty ltd,entity,{}
icon co pty  nz  limited,entity,{}
icon co  qld  pty ltd,entity,{}
icon corporate services pty ltd,entity,{}
icon si  aust  pty ltd,entity,{}
interface cladding and facade pty ltd,entity,{}
kianga group pty ltd,entity,{}
leighs cockram jv,entity,{}
minicon construction  aust  pty ltd,entity,{}
minicon construction  qld  pty ltd,entity,{}
https   modernslaveryregister gov au statements 18783,entity,{}
national disability insurance scheme launch transition agency,entity,{}
https   modernslaveryregister gov au statements 3202,entity,{}
https   modernslaveryregister gov au statements 8045,entity,{}
development victoria,entity,{}
61 868 774 623,entity,{}
https   modernslaveryregister gov au statements 1597,entity,{}
avery dennison materials pty ltd,entity,{}
92 007 706 934,entity,{}
https   modernslaveryregister gov au statements 23729,entity,{}
laing o rourke australia construction pty ltd,entity,{}
39 112 099 000,entity,{}
laing o rourke australia pty ltd,entity,{}
71 111 023 431,entity,{}
https   modernslaveryregister gov au statements 4948,entity,{}
food and beverages  agriculture and fishing consumer services  including accommodation  hospitality  tourism and leisure other,entity,{}
https   modernslaveryregister gov au statements 10481,entity,{}
ertech holdings pty ltd,entity,{}
93 008 999 353,entity,{}
https   modernslaveryregister gov au statements 10425,entity,{}
mekong lease co pty ltd,entity,{}
98 000 458 622,entity,{}
mounties care pty ltd,entity,{}
mount pritchard   district community club ltd,entity,{}
new diggers car park co pty ltd,entity,{}
new diggers land co  pty limited,entity,{}
new diggers service co  pty limited,entity,{}
ozcott pty  ltd,entity,{}
consumer services  including accommodation  hospitality  tourism and leisure other,entity,{}
https   modernslaveryregister gov au statements 15867,entity,{}
resmed asia pacific limited,entity,{}
86 070 076 470,entity,{}
resmed holdings pty ltd,entity,{}
28 003 765 133,entity,{}
resmed pty ltd,entity,{}
30 003 765 142,entity,{}
durable consumer goods  including electronics and appliances  home furnishings and other accessories healthcare and pharmaceuticals,entity,{}
https   modernslaveryregister gov au statements 21029,entity,{}
coles group limited,entity,{}
11 004 089 936,entity,{}
coles supermarkets australia pty ltd,entity,{}
45 004 189 708,entity,{}
eureka operations pty ltd,entity,{}
78 104 811 216,entity,{}
liquorland  australia  pty  ltd,entity,{}
82 007 512 414,entity,{}
https   modernslaveryregister gov au statements 14799,entity,{}
green s foods holdings pty limited,entity,{}
green s general foods pty limited,entity,{}
kin group pty ltd,entity,{}
kinrise pty ltd,entity,{}
burst foods pty ltd,entity,{}
green s biscuits pty ltd,entity,{}
green s intellectual holdings pty limited,entity,{}
key partnerships australia pty  ltd,entity,{}
olhs pty  ltd,entity,{}
ozpack holdings pty  limited,entity,{}
propax pty ltd,entity,{}
the cake syndicate pty ltd,entity,{}
waterwheel premium foods pty ltd,entity,{}
the trustee for major motors unit trust,entity,{}
65 730 475 316,entity,{}
https   modernslaveryregister gov au statements 10812,entity,{}
https   modernslaveryregister gov au statements 26956,entity,{}
cedar woods properties limited,entity,{}
47 009 259 081,entity,{}
https   modernslaveryregister gov au statements 15380,entity,{}
coventry group limited,entity,{}
37 008 670 102,entity,{}
https   modernslaveryregister gov au statements 12318,entity,{}
freedom energy holdings pty ltd,entity,{}
24 093 243 844,entity,{}
https   modernslaveryregister gov au statements 6446,entity,{}
shape australia corporation limited,entity,{}
14 654 729 352,entity,{}
https   modernslaveryregister gov au statements 10839,entity,{}
onsite rental group limited,entity,{}
42 126 396 852,entity,{}
onsite rental group operations pty ltd,entity,{}
74 126 102 485,entity,{}
https   modernslaveryregister gov au statements 19972,entity,{}
belkin limited,entity,{}
64 095 402 663,entity,{}
https   modernslaveryregister gov au statements 3693,entity,{}
coal mining industry  long service leave funding  corporation,entity,{}
12 039 670 644,entity,{}
https   modernslaveryregister gov au statements 2253,entity,{}
wesley mission queensland,entity,{}
28 746 881 862,entity,{}
https   modernslaveryregister gov au statements 1868,entity,{}
telstra super financial planning pty ltd,entity,{}
74 097 777 725,entity,{}
telstra super pty ltd,entity,{}
86 007 422 522,entity,{}
https   modernslaveryregister gov au statements 6564,entity,{}
country road clothing pty  ltd,entity,{}
84 005 419 447,entity,{}
country road group holdings pty ltd,entity,{}
78 006 759 182,entity,{}
country road group pty ltd,entity,{}
mimco pty ltd,entity,{}
13 067 573 291,entity,{}
witchery australia holdings pty limited,entity,{}
64 120 925 368,entity,{}
witchery fashions pty  ltd,entity,{}
70 006 897 230,entity,{}
witchery holdings pty ltd,entity,{}
84 120 830 613,entity,{}
woolworths international  australia  pty limited,entity,{}
https   modernslaveryregister gov au statements 15123,entity,{}
the trustee for scorpion technology unit trust,entity,{}
79 775 620 896,entity,{}
https   modernslaveryregister gov au statements 7859,entity,{}
endeavour foundation limited,entity,{}
80 009 670 704,entity,{}
https   modernslaveryregister gov au statements 25974,entity,{}
pmy group pty  ltd,entity,{}
49 137 167 821,entity,{}
https   modernslaveryregister gov au statements 21963,entity,{}
https   modernslaveryregister gov au statements 6346,entity,{}
qscan group holdings newco pty ltd,entity,{}
68 117 100 928,entity,{}
86 129 565 386,entity,{}
91 629 217 090,entity,{}
18 803 838 614,entity,{}
21 618 758 860,entity,{}
27 087 871 867,entity,{}
35 123 068 002,entity,{}
alpenglow australia pty limited,entity,{}
envision medical imaging pty ltd,entity,{}
q scan services pty ltd,entity,{}
south east radiology pty  ltd,entity,{}
the trustee for hr clinic services unit trust,entity,{}
the trustee for north coast radiology trust,entity,{}
the trustee for umi canberra unit trust,entity,{}
https   modernslaveryregister gov au statements 24743,entity,{}
ethan global pty ltd,entity,{}
93 099 503 456,entity,{}
https   modernslaveryregister gov au statements 6222,entity,{}
toyota motor corporation australia limited,entity,{}
64 009 686 097,entity,{}
https   modernslaveryregister gov au statements 1272,entity,{}
west gippsland healthcare group,entity,{}
39 261 883 406,entity,{}
https   modernslaveryregister gov au statements 27461,entity,{}
multiquip poultry pty ltd,entity,{}
36 086 089 616,entity,{}
2024 06 30 to 2025 06 29,entity,{}
transport  postal and warehousing agriculture  forestry and fishing,entity,{}
ceal limited,entity,{}
chicken enterprises queensland pty limited,entity,{}
chick trans qld pty ltd,entity,{}
fowltrans pty ltd,entity,{}
girraween transport pty ltd,entity,{}
imq services pty ltd,entity,{}
imtreach pty ltd,entity,{}
live birds services pty ltd,entity,{}
marserv pty ltd,entity,{}
mq griffith pty ltd,entity,{}
mqt pty ltd,entity,{}
multifert pty ltd,entity,{}
multiquip aggregates pty ltd,entity,{}
multiquip pty ltd,entity,{}
multiwest pty ltd,entity,{}
poultry enterprises nsw pty limited,entity,{}
poultry management services pty ltd,entity,{}
https   modernslaveryregister gov au statements 24479,entity,{}
the trustee for tasco inland australia unit trust,entity,{}
wholesale trade transport  postal and warehousing,entity,{}
https   modernslaveryregister gov au statements 26297,entity,{}
byd australia pty ltd,entity,{}
82 166 009 687,entity,{}
https   modernslaveryregister gov au statements 14021,entity,{}
think tank group pty limited,entity,{}
75 117 819 084,entity,{}
creditpro pty ltd,entity,{}
the trustee for think tank commercial series 2021 2 trust,entity,{}
the trustee for think tank commercial series 2022 3 trust,entity,{}
the trustee for think tank commercial series 2023 2 trust,entity,{}
the trustee for think tank commercial w03 trust,entity,{}
the trustee for think tank commercial w04 trust,entity,{}
the trustee for think tank commercial w08 trust,entity,{}
the trustee for think tank commercial w09 trust,entity,{}
the trustee for think tank commercial wo trust,entity,{}
the trustee for think tank high yield trust,entity,{}
the trustee for think tank income trust,entity,{}
the trustee for think tank reps trust,entity,{}
the trustee for think tank residential series 2021 1 trust,entity,{}
the trustee for think tank residential series 2022 1 trust,entity,{}
the trustee for think tank residential series 2022 2 trust,entity,{}
the trustee for think tank residential series 2023 1 trust,entity,{}
the trustee for think tank residential series 2023 3 trust,entity,{}
the trustee for think tank residential series 2024 1 trust,entity,{}
the trustee for think tank residential w05 trust,entity,{}
the trustee for think tank residential w06 trust,entity,{}
the trustee for think tank residential w07 trust,entity,{}
think tank nominees pty ltd,entity,{}
think tank risk retention no 1 pty limited,entity,{}
think tank risk retention no 2 pty limited,entity,{}
https   modernslaveryregister gov au statements 19866,entity,{}
inchcape australia limited,entity,{}
50 050 035 277,entity,{}
https   modernslaveryregister gov au statements 13561,entity,{}
pip australia pty ltd,entity,{}
2023 02 01 to 2024 01 31,entity,{}
fashion  textiles  apparel and luxury goods other,entity,{}
https   modernslaveryregister gov au statements 17261,entity,{}
https   modernslaveryregister gov au statements 6752,entity,{}
milne agrigroup pty ltd,entity,{}
https   modernslaveryregister gov au statements 27053,entity,{}
appen ai inc,entity,{}
https   modernslaveryregister gov au statements 15350,entity,{}
media innovations holdings pty ltd,entity,{}
21 636 073 884,entity,{}
https   modernslaveryregister gov au statements 5838,entity,{}
genus infrastructure pty ltd,entity,{}
95 605 791 599,entity,{}
complete cabling   construction pty ltd,entity,{}
82 134 883 828,entity,{}
connect engineering pty limited,entity,{}
30 003 282 371,entity,{}
connect infrastructure construction pty ltd,entity,{}
50 124 700 214,entity,{}
connect infrastructure pty ltd,entity,{}
89 121 223 096,entity,{}
ecm consultancy pty ltd,entity,{}
46 638 028 958,entity,{}
genus field services pty ltd,entity,{}
93 652 208 565,entity,{}
genus fleet management pty ltd,entity,{}
33 635 995 827,entity,{}
genus infrastructure  nsw  pty ltd,entity,{}
31 637 685 851,entity,{}
genus infrastructure  qld  pty ltd,entity,{}
18 146 150 512,entity,{}
genus infrastructure  vic  pty ltd,entity,{}
15 135 701 941,entity,{}
genus pfa pty ltd,entity,{}
72 657 255 171,entity,{}
genus renewables pty ltd,entity,{}
17 642 346 058,entity,{}
genus services pty ltd,entity,{}
56 090 105 141,entity,{}
proton power pty  ltd,entity,{}
24 616 665 493,entity,{}
genusplus group ltd,entity,{}
kec power pty ltd,entity,{}
blue tongue energy pty ltd,entity,{}
https   modernslaveryregister gov au statements 21107,entity,{}
johnson controls australia pty ltd,entity,{}
johnson controls holding australia pty,entity,{}
automotive  machinery and heavy electrical equipment durable consumer goods  including electronics and appliances  home furnishings and other accessories construction  civil engineering and building products,entity,{}
adt wireless pty limited,entity,{}
gordon brothers industries pty ltd,entity,{}
jc capital australia pty limited,entity,{}
sensormatic australia pty limited,entity,{}
signature security group holdings pty limited,entity,{}
signature holding company pty limited,entity,{}
tyco projects  australia  pty limited,entity,{}
tyco international security group pty limited,entity,{}
https   modernslaveryregister gov au statements 17233,entity,{}
darling harbour live 1 pty limited,entity,{}
90 967 257 971,entity,{}
darling harbour live 2 pty limited,entity,{}
darling harbour live 3 pty limited,entity,{}
darling harbour live 4 pty limited,entity,{}
https   modernslaveryregister gov au statements 5940,entity,{}
downward spiral enterprises  tas  pty ltd,entity,{}
30 163 277 718,entity,{}
aegres art group pty ltd,entity,{}
darklab developments pty ltd,entity,{}
darklab pty  ltd,entity,{}
family art group pty ltd,entity,{}
moorilla estate pty ltd,entity,{}
the trustee for art processors unit trust,entity,{}
the trustee for moorilla unit trust,entity,{}
https   modernslaveryregister gov au statements 21986,entity,{}
honeywell holdings pty ltd,entity,{}
18 000 383 764,entity,{}
honeywell ltd,entity,{}
74 000 646 882,entity,{}
construction  civil engineering and building products defence and aerospace other,entity,{}
https   modernslaveryregister gov au statements 9373,entity,{}
australian rugby league commission limited,entity,{}
94 003 107 293,entity,{}
national rugby league limited,entity,{}
23 082 088 962,entity,{}
2020 11 01 to 2021 10 31,entity,{}
https   modernslaveryregister gov au statements 12330,entity,{}
meritor heavy vehicle systems australia ltd,entity,{}
86 004 479 430,entity,{}
https   modernslaveryregister gov au statements 8159,entity,{}
the trustee for stewart investors global emerging markets sustainability fund,entity,{}
11 724 809 610,entity,{}
https   modernslaveryregister gov au statements 6824,entity,{}
dayforce australia pty ltd,entity,{}
43 611 427 206,entity,{}
https   modernslaveryregister gov au statements 17731,entity,{}
robert bird group pty ltd,entity,{}
67 010 580 248,entity,{}
malaysia,entity,{}
https   modernslaveryregister gov au statements 9323,entity,{}
baby bunting pty ltd,entity,{}
43 128 546 154,entity,{}
https   modernslaveryregister gov au statements 19203,entity,{}
australian restoration and construction pty ltd,entity,{}
42 169 552 416,entity,{}
https   modernslaveryregister gov au statements 26420,entity,{}
allied world assurance company  ltd,entity,{}
54 163 304 907,entity,{}
bermuda  united states of america,entity,{}
https   modernslaveryregister gov au statements 9126,entity,{}
mizuho securities  singapore  pte  ltd,entity,{}
mizuho markets futures singapore pte  ltd,entity,{}
https   modernslaveryregister gov au statements 19455,entity,{}
2019 05 01 to 2020 04 30,entity,{}
https   modernslaveryregister gov au statements 651,entity,{}
senex energy limited,entity,{}
50 008 942 837,entity,{}
https   modernslaveryregister gov au statements 6226,entity,{}
community housing limited,entity,{}
11 062 802 797,entity,{}
australian affordable housing securities limited,entity,{}
community housing  cairns  limited,entity,{}
community housing  homes for regions  limited,entity,{}
community housing investment  nsw  limited,entity,{}
community housing investment  qld  limited,entity,{}
community housing investment  wa  limited,entity,{}
community housing  nt  limited,entity,{}
community housing  qld  ltd,entity,{}
community housing  subi east  limited,entity,{}
community housing  tas  ltd,entity,{}
community housing  vic  ltd,entity,{}
horizon housing realty limited,entity,{}
https   modernslaveryregister gov au statements 26340,entity,{}
open universities australia pty ltd,entity,{}
97 053 431 888,entity,{}
https   modernslaveryregister gov au statements 8833,entity,{}
https   modernslaveryregister gov au statements 6897,entity,{}
veolia environmental services  australia  pty ltd,entity,{}
20 051 316 584,entity,{}
67 450 387 919,entity,{}
veolia holdings australia pty ltd,entity,{}
82 663 593 093,entity,{}
veolia recycling   recovery anz pty limited,entity,{}
18 002 658 255,entity,{}
veolia water operations pty ltd,entity,{}
14 061 161 297,entity,{}
j j richards ti tree ptyltd,entity,{}
alternative fuel company pty limited,entity,{}
bendigo water services pty limited,entity,{}
comgen australia pty  ltd,entity,{}
eroc energy pty ltd,entity,{}
north west alliance pty ltd,entity,{}
veolia energy services australia pty ltd,entity,{}
veolia energy solutions pty ltd,entity,{}
veolia energy technical services pty ltd,entity,{}
veolia recycling   recovery  nsw  pty ltd,entity,{}
veolia recycling   recovery  perth  pty ltd,entity,{}
veolia recycling   recovery pty ltd,entity,{}
veolia recycling   recovery  regional queensland  pty ltd,entity,{}
veolia recycling   recovery  welshpool  pty ltd,entity,{}
veolia resourceco alternative fuels pty ltd,entity,{}
veolia water australia pty ltd,entity,{}
veolia water services  anz  pty ltd,entity,{}
veolia water technologies 2 pty ltd,entity,{}
veolia water utilities  aust   pty ltd,entity,{}
western resource recovery pty ltd,entity,{}
veolia recycling   recovery anz pty ltd,entity,{}
https   modernslaveryregister gov au statements 22950,entity,{}
dairyworks  au  limited,entity,{}
103,entity,{}
synlait milk limited,entity,{}
2023 08 01 to 2024 07 31,entity,{}
synlait business consulting  shanghai  co   ltd,entity,{}
synlait milk  dunsandel farms  limited,entity,{}
synlait milk finance limited,entity,{}
https   modernslaveryregister gov au statements 21714,entity,{}
sunland group limited,entity,{}
65 063 429 532,entity,{}
https   modernslaveryregister gov au statements 10901,entity,{}
illawarra retirement trust,entity,{}
52 000 726 536,entity,{}
https   modernslaveryregister gov au statements 6789,entity,{}
utilities trust of australia,entity,{}
81 104 406 256,entity,{}
https   modernslaveryregister gov au statements 16617,entity,{}
holmesglen institute,entity,{}
40 096 756 729,entity,{}
education and research government sector,entity,{}
glenuc pty ltd,entity,{}
holmesglen international training services pty ltd,entity,{}
the trustee for holmesglen foundation,entity,{}
https   modernslaveryregister gov au statements 22958,entity,{}
h m hennes   mauritz pty ltd,entity,{}
83 160 056 548,entity,{}
https   modernslaveryregister gov au statements 3769,entity,{}
manufacturing wholesale trade,entity,{}
https   modernslaveryregister gov au statements 26658,entity,{}
cpa australia ltd,entity,{}
64 008 392 452,entity,{}
https   modernslaveryregister gov au statements 13125,entity,{}
city chic collective limited,entity,{}
43 057 569 169,entity,{}
https   modernslaveryregister gov au statements 11619,entity,{}
electricity  gas  water and waste services construction,entity,{}
https   modernslaveryregister gov au statements 25514,entity,{}
stella nel finance pty limited,entity,{}
20 637 599 574,entity,{}
https   modernslaveryregister gov au statements 20117,entity,{}
chamberlain holdings limited,entity,{}
85 008 688 202,entity,{}
john deere financial limited,entity,{}
john deere limited,entity,{}
wirtgen australia pty ltd,entity,{}
john deere financial limited  john deere limited  wirtgen australia pty ltd,entity,{}
chamberlain holdings limited  john deere limited  wirtgen australia pty ltd,entity,{}
chamberlain holdings limited  john deere financial limited  wirtgen australia pty ltd,entity,{}
chamberlain holdings limited  john deere financial limited  john deere limited,entity,{}
2022 11 01 to 2023 10 29,entity,{}
https   modernslaveryregister gov au statements 17204,entity,{}
food and beverages  agriculture and fishing mining  metals  chemicals and resources  including oil and gas,entity,{}
https   modernslaveryregister gov au statements 12517,entity,{}
tag worldwide  australia  pty ltd,entity,{}
29 103 003 443,entity,{}
https   modernslaveryregister gov au statements 12887,entity,{}
simplot australia pty limited,entity,{}
98 070 579 609,entity,{}
2020 09 01 to 2021 08 31,entity,{}
https   modernslaveryregister gov au statements 8100,entity,{}
stellantis  australia and new zealand  pty ltd,entity,{}
23 125 956 505,entity,{}
https   modernslaveryregister gov au statements 23816,entity,{}
munro footwear group pty ltd,entity,{}
59 614 250 501,entity,{}
cinori shoes pty  ltd,entity,{}
colorado group sourcing pty ltd,entity,{}
diana ferrari pty ltd,entity,{}
fusion retail brands pty ltd,entity,{}
mfg shared services pty ltd,entity,{}
munro mountfords pty ltd,entity,{}
munro wanted pty ltd,entity,{}
styletread pty limited,entity,{}
styling services  nz  pty ltd,entity,{}
styling services pty ltd,entity,{}
https   modernslaveryregister gov au statements 16449,entity,{}
agora gas pty limited,entity,{}
energy matrix group pty limited,entity,{}
https   modernslaveryregister gov au statements 26844,entity,{}
accurium pty ltd,entity,{}
13 009 492 219,entity,{}
challenger investment partners limited,entity,{}
29 092 382 842,entity,{}
challenger life company limited,entity,{}
44 072 486 938,entity,{}
fidante partners limited,entity,{}
94 002 835 592,entity,{}
https   modernslaveryregister gov au statements 6375,entity,{}
world vision australia,entity,{}
28 004 778 081,entity,{}
https   modernslaveryregister gov au statements 2168,entity,{}
international flavours   fragrances  australia  pty ltd,entity,{}
77 004 269 658,entity,{}
https   modernslaveryregister gov au statements 9955,entity,{}
fredon industries pty  limited,entity,{}
12 003 361 297,entity,{}
https   modernslaveryregister gov au statements 6015,entity,{}
bnp paribas,entity,{}
23 000 000 117,entity,{}
bnp paribas securities services,entity,{}
87 149 440 291,entity,{}
https   modernslaveryregister gov au statements 3426,entity,{}
https   modernslaveryregister gov au statements 8323,entity,{}
san remo macaroni company pty ltd,entity,{}
43 000 228 713,entity,{}
https   modernslaveryregister gov au statements 12312,entity,{}
https   modernslaveryregister gov au statements 7023,entity,{}
australian college of nursing ltd,entity,{}
48 154 924 642,entity,{}
https   modernslaveryregister gov au statements 6971,entity,{}
shaw and partners limited,entity,{}
24 003 221 583,entity,{}
https   modernslaveryregister gov au statements 7109,entity,{}
staff australia payroll services pty ltd,entity,{}
84 081 960 867,entity,{}
manufacturing retail trade wholesale trade administrative and support services transport  postal and warehousing,entity,{}
https   modernslaveryregister gov au statements 25182,entity,{}
crowdstrike australia pty ltd,entity,{}
19 613 865 295,entity,{}
https   modernslaveryregister gov au statements 14278,entity,{}
apollo fabrication group pty ltd,entity,{}
34 164 179 266,entity,{}
https   modernslaveryregister gov au statements 14713,entity,{}
https   modernslaveryregister gov au statements 25464,entity,{}
pwa holdings one pty ltd,entity,{}
57 615 674 185,entity,{}
https   modernslaveryregister gov au statements 2471,entity,{}
salvation army housing   salvation army housing  victoria,entity,{}
salvos legal  humanitarian  limited et al,entity,{}
salvation army housing  abn 59 608 346 934,entity,{}
salvation army housing  victoria   abn 85 133 724 651,entity,{}
salvos legal  humanitarian  limited,entity,{}
36 147 212 940,entity,{}
salvos legal limited,entity,{}
14 147 213 214,entity,{}
the salvation army  australia  redress limited,entity,{}
94 628 594 294,entity,{}
the salvation army community housing service,entity,{}
47 152 257 728,entity,{}
the trustee for the salvation army  nsw  property trust,entity,{}
57 507 607 457,entity,{}
the trustee for the salvation army  nt  property trust,entity,{}
65 906 613 779,entity,{}
the trustee for the salvation army  qld  property trust,entity,{}
32 234 126 186,entity,{}
the trustee for the salvation army  sa  property trust,entity,{}
13 320 346 330,entity,{}
the trustee for the salvation army  tasmania  property trust,entity,{}
94 917 169 560,entity,{}
the trustee for the salvation army  victoria  property trust,entity,{}
64 472 238 844,entity,{}
the trustee for the salvation army  wa  property trust,entity,{}
25 878 329 270,entity,{}
https   modernslaveryregister gov au statements 2654,entity,{}
jamf software australia pty ltd,entity,{}
47 165 322 154,entity,{}
2019 01 01 to 2019 12 31,entity,{}
https   modernslaveryregister gov au statements 68,entity,{}
saputo dairy australia pty ltd,entity,{}
52 166 135 486,entity,{}
https   modernslaveryregister gov au statements 10102,entity,{}
comdain civil constructions pty  ltd,entity,{}
38 092 269 040,entity,{}
comdain civil constructions  qld  pty ltd,entity,{}
32 136 971 741,entity,{}
comdain corporate pty ltd,entity,{}
48 140 995 946,entity,{}
comdain gas  aust  pty ltd,entity,{}
34 099 283 271,entity,{}
comdain infrastructure pty ltd,entity,{}
50 092 035 419,entity,{}
comdain services pty ltd,entity,{}
44 160 096 079,entity,{}
service stream energy   water pty ltd,entity,{}
11 098 326 179,entity,{}
service stream fixed communications pty ltd,entity,{}
94 067 943 873,entity,{}
service stream holdings pty ltd,entity,{}
58 008 027 978,entity,{}
service stream mobile communications pty ltd,entity,{}
74 095 043 057,entity,{}
https   modernslaveryregister gov au statements 7028,entity,{}
the royal womens hospital,entity,{}
62 787 822 077,entity,{}
healthcare and pharmaceuticals government sector,entity,{}
https   modernslaveryregister gov au statements 21403,entity,{}
taihan electric australia pty ltd,entity,{}
90 120 653 250,entity,{}
https   modernslaveryregister gov au statements 9155,entity,{}
latrobe community health service limited,entity,{}
74 136 502 022,entity,{}
https   modernslaveryregister gov au statements 6185,entity,{}
the trustee for mcp wholesale investments trust,entity,{}
67 528 545 446,entity,{}
https   modernslaveryregister gov au statements 11499,entity,{}
flexicommercial pty ltd,entity,{}
flexirent capital pty ltd,entity,{}
humm group limited,entity,{}
https   modernslaveryregister gov au statements 21576,entity,{}
nva australia parent pty ltd,entity,{}
21 609 622 460,entity,{}
https   modernslaveryregister gov au statements 18822,entity,{}
nbn co limited,entity,{}
86 136 533 741,entity,{}
https   modernslaveryregister gov au statements 26250,entity,{}
mildura base public hospital,entity,{}
73 543 496 421,entity,{}
https   modernslaveryregister gov au statements 7290,entity,{}
heymix pty ltd,entity,{}
37 658 430 329,entity,{}
https   modernslaveryregister gov au statements 18680,entity,{}
australian national university,entity,{}
52 234 063 906,entity,{}
australia  china  united states of america,entity,{}
anu enterprise ltd,entity,{}
anu enterprise pty ltd,entity,{}
anu international holdings pty ltd,entity,{}
anu  uk  foundation,entity,{}
australian scientific instruments pty ltd,entity,{}
the social research centre pty ltd,entity,{}
https   modernslaveryregister gov au statements 18535,entity,{}
osaki electric co   ltd,entity,{}
596,entity,{}
https   modernslaveryregister gov au statements 8618,entity,{}
new zealand king salmon investments limited,entity,{}
2025 02 01 to 2025 09 30,entity,{}
https   modernslaveryregister gov au statements 27473,entity,{}
australian clinical labs limited,entity,{}
3077,entity,{}
healthcare and pharmaceuticals other,entity,{}
acl finco pty ltd,entity,{}
acl midco pty ltd,entity,{}
aussie skin cancer clinics pty ltd,entity,{}
bolton street cancer clinic pty ltd,entity,{}
clinical laboratories pty ltd,entity,{}
clinical laboratories  wa  pty ltd,entity,{}
dermpath ai pty ltd,entity,{}
gosford scc pty ltd,entity,{}
orange skin cancer clinic pty ltd,entity,{}
perth medical laboratories pty ltd,entity,{}
ryde skin cancer clinic pty ltd,entity,{}
skin cancer clinic paramatta pty ltd,entity,{}
southern sun clinics pty ltd,entity,{}
southern sun healthcare pty ltd,entity,{}
southern sun pathology  helix  pty ltd,entity,{}
southern sun pathology pty ltd,entity,{}
southern sun practices pty limited,entity,{}
sundocitors burleigh heads pty ltd,entity,{}
sundocitors byron bay pty ltd,entity,{}
sundocitors coffs harbour  southern cross  pty ltd,entity,{}
sundocitors kaloween pty ltd,entity,{}
sundocitors nelson bay pty ltd,entity,{}
sundocitors novocastrian pty ltd,entity,{}
sundocitors pottsville pty ltd,entity,{}
sundocitors taree pty ltd,entity,{}
wollongong scc pty ltd,entity,{}
wscc healthcare pty ltd,entity,{}
https   modernslaveryregister gov au statements 20959,entity,{}
temple     webster group ltd,entity,{}
69 608 595 660,entity,{}
https   modernslaveryregister gov au statements 16587,entity,{}
bhp group limited,entity,{}
49 004 028 077,entity,{}
https   modernslaveryregister gov au statements 5538,entity,{}
schroder australia holdings pty limited,entity,{}
83 008 423 738,entity,{}
schroder investment management australia limited,entity,{}
https   modernslaveryregister gov au statements 14234,entity,{}
dxc technology australia holdings pty ltd,entity,{}
33 120 570 390,entity,{}
https   modernslaveryregister gov au statements 5671,entity,{}
vault minerals limited,entity,{}
73 068 647 610,entity,{}
backlode pty ltd,entity,{}
brandy hill iron pty ltd,entity,{}
brandy hill iron spv pty ltd,entity,{}
bremer resources pty ltd,entity,{}
central infrastructure pty ltd,entity,{}
central infrastructure spv pty ltd,entity,{}
cue minerals pty ltd,entity,{}
darlot mining company pty ltd,entity,{}
deflector gold pty ltd,entity,{}
deflector gold spv pty ltd,entity,{}
doray gold operations pty ltd,entity,{}
egan street victoria bore pty ltd,entity,{}
estuary resources pty ltd,entity,{}
greenstone resources  wa  pty ltd,entity,{}
gullewa gold project pty ltd,entity,{}
gullewa gold project spv pty ltd,entity,{}
loded pty ltd,entity,{}
meehan minerals pty ltd,entity,{}
murchison resources pty ltd,entity,{}
myg tenement holdings pty ltd,entity,{}
myg tenement holdings spv pty ltd,entity,{}
oakborough pty ltd,entity,{}
opus resources pty ltd,entity,{}
paylode pty ltd,entity,{}
red 5 dayano pty ltd,entity,{}
red 5 mapawa pty ltd,entity,{}
red 5 phillippines pty ltd,entity,{}
roonela pty ltd,entity,{}
silver lake  deflector  pty ltd,entity,{}
silver lake  doray  pty ltd,entity,{}
silver lake  egan street  pty ltd,entity,{}
silver lake  integra  pty limited,entity,{}
silver lake resources limited,entity,{}
silver lake  rothsay  pty ltd,entity,{}
silver lake  spv  pty ltd,entity,{}
https   modernslaveryregister gov au statements 21187,entity,{}
maas group holdings limited,entity,{}
84 632 994 542,entity,{}
australia  indonesia  vietnam,entity,{}
https   modernslaveryregister gov au statements 8158,entity,{}
https   modernslaveryregister gov au statements 5745,entity,{}
panther topco pty ltd,entity,{}
79 626 390 136,entity,{}
https   modernslaveryregister gov au statements 7267,entity,{}
stantec australia pty ltd,entity,{}
17 007 820 322,entity,{}
https   modernslaveryregister gov au statements 10310,entity,{}
sunshot environmental pty ltd,entity,{}
94 655 078 416,entity,{}
sunshot industries pty ltd,entity,{}
84 646 269 632,entity,{}
https   modernslaveryregister gov au statements 11636,entity,{}
premier investments limited,entity,{}
64 006 727 966,entity,{}
dotti pty limited,entity,{}
jacqui e pty ltd,entity,{}
jay jays trademark pty ltd,entity,{}
just group limited,entity,{}
just jeans pty  ltd,entity,{}
peter alexander sleepwear pty ltd,entity,{}
portmans pty ltd,entity,{}
smiggle pty ltd,entity,{}
https   modernslaveryregister gov au statements 16872,entity,{}
lululemon athletica australia holding pty ltd,entity,{}
45 131 437 468,entity,{}
https   modernslaveryregister gov au statements 667,entity,{}
https   modernslaveryregister gov au statements 2091,entity,{}
erilyan group pty ltd,entity,{}
16 664 334 767,entity,{}
erilyan projects pty ltd,entity,{}
91 605 502 261,entity,{}
erilyan pty ltd,entity,{}
28 152 249 548,entity,{}
aime projects pty ltd,entity,{}
38 622 828 835,entity,{}
erilyan north pty ltd,entity,{}
89 668 285 023,entity,{}
https   modernslaveryregister gov au statements 21699,entity,{}
beenleigh steel fabrications pty  ltd,entity,{}
18 010 942 999,entity,{}
bsf mobile cranes pty ltd,entity,{}
31 119 342 880,entity,{}
https   modernslaveryregister gov au statements 13219,entity,{}
https   modernslaveryregister gov au statements 13882,entity,{}
curtin university,entity,{}
99 143 842 569,entity,{}
https   modernslaveryregister gov au statements 3711,entity,{}
claim central consolidated pty ltd,entity,{}
44 602 460 953,entity,{}
claim central pty limited,entity,{}
61 102 685 343,entity,{}
https   modernslaveryregister gov au statements 2928,entity,{}
persol australia holdings pty ltd,entity,{}
aegis engineering support services  aust  pty ltd,entity,{}
allied technologies australia pty limited,entity,{}
ativo services pty ltd,entity,{}
autalent solutions pty ltd,entity,{}
bti executive search pty ltd,entity,{}
catalyst recruitment systems limited,entity,{}
clincare pty ltd,entity,{}
hva technical services pty limited,entity,{}
integrated maintenance services pty ltd,entity,{}
kelly services australia pty ltd,entity,{}
peopleco  pty ltd,entity,{}
persolkelly australia pty ltd,entity,{}
pindan asset management pty ltd,entity,{}
programmed building services pty ltd,entity,{}
programmed electrical technologies ltd,entity,{}
programmed essential services pty ltd,entity,{}
programmed facility management pty  ltd,entity,{}
programmed health professionals pty ltd,entity,{}
programmed industrial maintenance mining services pty ltd,entity,{}
programmed industrial maintenance pty ltd,entity,{}
programmed industrial maintenance services pty ltd,entity,{}
programmed integrated workforce limited,entity,{}
programmed maintenance services limited,entity,{}
programmed property services pty ltd,entity,{}
programmed skilled workforce limited,entity,{}
programmed turnpoint pty ltd,entity,{}
skilled group international pty limited,entity,{}
skilled healthcare holdings pty ltd,entity,{}
skilled maritime services pty ltd,entity,{}
skilled offshore pty ltd,entity,{}
skilled rail services pty ltd,entity,{}
skilled workforce solutions  nsw  pty ltd,entity,{}
t c services pty ltd,entity,{}
tesa mining  aust  pty ltd,entity,{}
tesa mining  nsw  pty limited,entity,{}
tesa mining  u g  pty limited,entity,{}
the tesa group pty  ltd,entity,{}
thomas   coffey  qld  pty limited,entity,{}
ultum pty ltd,entity,{}
ums advantage pty ltd,entity,{}
ums group pty ltd,entity,{}
urban maintenance systems pty ltd,entity,{}
waycon services  nsw  pty ltd,entity,{}
waycon services pty limited,entity,{}
https   modernslaveryregister gov au statements 16896,entity,{}
culture amp pty ltd,entity,{}
12 138 600 987,entity,{}
https   modernslaveryregister gov au statements 21787,entity,{}
cheap as chips discount stores pty ltd,entity,{}
17 616 449 122,entity,{}
https   modernslaveryregister gov au statements 7669,entity,{}
baptistcare nsw   act,entity,{}
90 000 049 525,entity,{}
https   modernslaveryregister gov au statements 1867,entity,{}
pan macmillan australia pty ltd,entity,{}
28 001 184 014,entity,{}
https   modernslaveryregister gov au statements 19020,entity,{}
delta north companies australia pty ltd,entity,{}
92 003 435 345,entity,{}
https   modernslaveryregister gov au statements 13682,entity,{}
kyushu electric australia pty ltd,entity,{}
54 152 417 260,entity,{}
https   modernslaveryregister gov au statements 13333,entity,{}
infotrack pty limited,entity,{}
36 092 724 251,entity,{}
cncna pty  ltd,entity,{}
infotrackid pty ltd,entity,{}
infotrack international pty  limited,entity,{}
leap searching pty limited,entity,{}
scott ashwood pty ltd,entity,{}
securexchange pty ltd,entity,{}
settleit pty ltd,entity,{}
https   modernslaveryregister gov au statements 16129,entity,{}
victoria teachers limited,entity,{}
44 087 651 769,entity,{}
https   modernslaveryregister gov au statements 948,entity,{}
https   modernslaveryregister gov au statements 7005,entity,{}
tesserent limited,entity,{}
13 605 672 928,entity,{}
https   modernslaveryregister gov au statements 10077,entity,{}
national aboriginal community controlled health organisation limited,entity,{}
89 078 949 710,entity,{}
https   modernslaveryregister gov au statements 25548,entity,{}
azelis australia pty limited,entity,{}
54 091 997 027,entity,{}
agspec australia pty ltd,entity,{}
chemcolour industries australia pty limited,entity,{}
chemiplas australia pty ltd,entity,{}
cw pacific pty ltd,entity,{}
cw pacific specialties pty limited,entity,{}
eb1 pty limited,entity,{}
elle bee exports pty ltd,entity,{}
timtechchem australia pty ltd,entity,{}
https   modernslaveryregister gov au statements 23017,entity,{}
siemens healthcare pty ltd,entity,{}
83 604 853 938,entity,{}
https   modernslaveryregister gov au statements 8054,entity,{}
regional power corporation,entity,{}
57 955 011 697,entity,{}
https   modernslaveryregister gov au statements 2599,entity,{}
true alliance pty ltd,entity,{}
speedo australia pty  limited,entity,{}
true alliance brands pty limited,entity,{}
true alliance corporate services pty  ltd,entity,{}
true alliance retail pty  ltd,entity,{}
true alliance trading pty ltd,entity,{}
https   modernslaveryregister gov au statements 16668,entity,{}
bgc  australia  pty ltd,entity,{}
62 005 736 005,entity,{}
bgc construction pty ltd,entity,{}
48 008 783 248,entity,{}
bgc residential pty ltd,entity,{}
54 009 063 076,entity,{}
esther investment proprietary limited,entity,{}
68 004 459 536,entity,{}
j corp  pty ltd,entity,{}
54 052 543 450,entity,{}
ventura home group pty ltd,entity,{}
70 093 870 618,entity,{}
https   modernslaveryregister gov au statements 7777,entity,{}
the law society of new south wales,entity,{}
98 696 304 966,entity,{}
https   modernslaveryregister gov au statements 2421,entity,{}
mufg bank  ltd,entity,{}
2025 1860,entity,{}
https   modernslaveryregister gov au statements 24177,entity,{}
the ripeway unit trust   the t trust   the trustee for the g trust,entity,{}
13 476 101 301,entity,{}
the stephen moraitis family trust   the trustee for the paul moraitis family trust,entity,{}
84 648 757 315,entity,{}
accommodation and food services manufacturing,entity,{}
https   modernslaveryregister gov au statements 26150,entity,{}
inova pharmaceutical llc,entity,{}
inova pharmaceuticals  australia  pty limited,entity,{}
inova pharmaceuticals fz llc,entity,{}
inova pharmaceuticals  hong kong  ltd,entity,{}
inova pharmaceuticals  ireland  limited,entity,{}
inova pharmaceuticals japan k k,entity,{}
inova pharmaceuticals pty ltd,entity,{}
inova pharmaceuticals  singapore  pte  limited,entity,{}
inova pharmaceuticals  switzerland  ag,entity,{}
inova pharma philippines inc,entity,{}
inova pharma  thailand  co ltd,entity,{}
pt inova pharmaceuticals indonesia,entity,{}
radiant health limited,entity,{}
cloudstaff holdings pty limited,entity,{}
2024 1428,entity,{}
professional and administrative services and supplies  including legal  consulting and accounting services other,entity,{}
ausphil outsourcing services pty ltd,entity,{}
cloudstaff pty ltd,entity,{}
mace   mcbrien group pty limited,entity,{}
oceania asset pty ltd,entity,{}
optibpo pty ltd,entity,{}
the foam dart company pty ltd,entity,{}
https   modernslaveryregister gov au statements 18729,entity,{}
global contractor management solutions pty ltd,entity,{}
96 158 179 054,entity,{}
contractor workforce solutions pty ltd,entity,{}
cxc corporate services pty ltd,entity,{}
cxc health pty ltd,entity,{}
saaspeople pty ltd,entity,{}
https   modernslaveryregister gov au statements 21297,entity,{}
la trobe university,entity,{}
64 804 735 113,entity,{}
https   modernslaveryregister gov au statements 3685,entity,{}
cavpower pty ltd,entity,{}
22 007 735 300,entity,{}
https   modernslaveryregister gov au statements 16174,entity,{}
22 000 443 274,entity,{}
https   modernslaveryregister gov au statements 14206,entity,{}
norwegian cruise line holdings ltd,entity,{}
1097,entity,{}
https   modernslaveryregister gov au statements 9366,entity,{}
r c    l c  holdings pty limited,entity,{}
41 105 030 117,entity,{}
richard crookes constructions pty  limited,entity,{}
33 001 375 266,entity,{}
https   modernslaveryregister gov au statements 1850,entity,{}
wellcom group pty ltd,entity,{}
85 114 312 542,entity,{}
2025 01 01 to 2025 12 31,entity,{}
https   modernslaveryregister gov au statements 27559,entity,{}
discount tyre and wheel pty ltd,entity,{}
31 169 153 468,entity,{}
https   modernslaveryregister gov au statements 16829,entity,{}
asg education funding solutions,entity,{}
21 087 648 879,entity,{}
asg education programmes  nz  ltd,entity,{}
futurity custodians pty ltd,entity,{}
futurity education funding pty ltd,entity,{}
futurity investment group limited,entity,{}
neita foundation trust,entity,{}
95 196 764 032,entity,{}
the trustee for futurity education foundation,entity,{}
71 990 561 840,entity,{}
ap global holdings pty ltd,entity,{}
28 864 970 579,entity,{}
ap international holdings pty ltd,entity,{}
australian postal corporation,entity,{}
australia post global ecommerce solutions  aust  pty ltd,entity,{}
australia post transaction services pty ltd,entity,{}
aux investments pty ltd,entity,{}
star track express holdings pty limited,entity,{}
star track express investments pty limited,entity,{}
star track express pty limited,entity,{}
https   modernslaveryregister gov au statements 25786,entity,{}
slater   gordon ltd,entity,{}
93 097 297 400,entity,{}
https   modernslaveryregister gov au statements 26635,entity,{}
seven network  operations  limited,entity,{}
91 053 480 845,entity,{}
seven west media limited,entity,{}
west australian newspapers limited,entity,{}
information media and telecommunications other services,entity,{}
prime television  southern  pty  limited,entity,{}
https   modernslaveryregister gov au statements 25398,entity,{}
mainbrace constructions pty limited,entity,{}
45 002 970 658,entity,{}
mainbrace constructions  qld  pty limited,entity,{}
47 131 334 159,entity,{}
https   modernslaveryregister gov au statements 6614,entity,{}
12242,entity,{}
https   modernslaveryregister gov au statements 12242,entity,{}
70 125 602 271,entity,{}
51 079 844 152,entity,{}
74 140 680 002,entity,{}
65 158 510 135,entity,{}
72 094 529 530,entity,{}
90 164 411 081,entity,{}
belgium,entity,{}
mesh   bar pty  limited,entity,{}
35 084 464 746,entity,{}
https   modernslaveryregister gov au statements 17835,entity,{}
resimac group ltd,entity,{}
55 095 034 003,entity,{}
resimac limited,entity,{}
67 002 997 935,entity,{}
https   modernslaveryregister gov au statements 25346,entity,{}
ardex australia pty  limited,entity,{}
82 000 550 005,entity,{}
https   modernslaveryregister gov au statements 23903,entity,{}
dexplan pty ltd,entity,{}
48 607 185 339,entity,{}
jeebropilly collieries pty  ltd,entity,{}
88 010 319 954,entity,{}
new acland coal pty  ltd,entity,{}
90 081 022 380,entity,{}
new hope bengalla pty ltd,entity,{}
33 607 197 811,entity,{}
new hope coal marketing pty ltd,entity,{}
13 136 073 722,entity,{}
new hope corporation limited,entity,{}
38 010 653 844,entity,{}
2019 08 01 to 2020 07 31,entity,{}
new hope coal marking pty ltd,entity,{}
https   modernslaveryregister gov au statements 1124,entity,{}
goodstone international pty ltd,entity,{}
36 070 661 460,entity,{}
integrated packaging group pty ltd,entity,{}
89 132 697 664,entity,{}
pro pac group pty limited,entity,{}
50 095 393 776,entity,{}
pro pac industrial group pty limited,entity,{}
32 104 805 361,entity,{}
pro pac packaging  aust  pty  limited,entity,{}
12 059 499 660,entity,{}
pro pac packaging limited,entity,{}
36 112 971 874,entity,{}
forestry  timber products  paper and containers and packaging other,entity,{}
https   modernslaveryregister gov au statements 7012,entity,{}
pm capital global opportunities fund limited,entity,{}
17 166 064 875,entity,{}
https   modernslaveryregister gov au statements 10303,entity,{}
dahua group melbourne number 2 pty ltd,entity,{}
28 606 768 558,entity,{}
https   modernslaveryregister gov au statements 9128,entity,{}
takeda pharmaceuticals australia pty  ltd,entity,{}
71 095 610 870,entity,{}
https   modernslaveryregister gov au statements 7766,entity,{}
bank of taiwan,entity,{}
71 608 940 718,entity,{}
https   modernslaveryregister gov au statements 22537,entity,{}
mercedes benz australia pacific pty ltd,entity,{}
23 004 411 410,entity,{}
https   modernslaveryregister gov au statements 4502,entity,{}
stealth group holdings ltd,entity,{}
25 615 518 020,entity,{}
c   l tool centre pty ltd,entity,{}
heatley sales pty ltd,entity,{}
stealth global industries  australia  pty ltd,entity,{}
https   modernslaveryregister gov au statements 19125,entity,{}
https   modernslaveryregister gov au statements 21534,entity,{}
cbhs corporate health pty ltd,entity,{}
85 609 980 896,entity,{}
cbhs health fund limited,entity,{}
87 087 648 717,entity,{}
https   modernslaveryregister gov au statements 7644,entity,{}
google australia pty ltd,entity,{}
33 102 417 032,entity,{}
https   modernslaveryregister gov au statements 14097,entity,{}
atlassian corporation,entity,{}
2023 01 07 to 2024 06 30,entity,{}
airtrack software pty ltd,entity,{}
atlassian australia 1 pty ltd,entity,{}
atlassian australia 2 pty ltd,entity,{}
atlassian capital pty  ltd,entity,{}
atlassian corporation pty  ltd,entity,{}
atlassian pty ltd,entity,{}
code barrel pty ltd,entity,{}
good software co  pty ltd,entity,{}
lead green pty ltd,entity,{}
mitt australia pty ltd,entity,{}
the trustee for lead green trust,entity,{}
the trustee for mitt unit trust,entity,{}
the trustee for vertical first trust,entity,{}
thinktilt pty ltd,entity,{}
https   modernslaveryregister gov au statements 19810,entity,{}
telwater pty ltd,entity,{}
15 010 795 507,entity,{}
https   modernslaveryregister gov au statements 17706,entity,{}
2019 07 01 to 2020 12 31,entity,{}
https   modernslaveryregister gov au statements 2390,entity,{}
https   modernslaveryregister gov au statements 23602,entity,{}
erilyan south pty ltd,entity,{}
https   modernslaveryregister gov au statements 26524,entity,{}
transalta energy  australia  pty ltd,entity,{}
40 062 135 844,entity,{}
https   modernslaveryregister gov au statements 13769,entity,{}
brown brothers milawa vineyard pty  limited,entity,{}
56 005 349 235,entity,{}
https   modernslaveryregister gov au statements 6033,entity,{}
duet edl pty limited,entity,{}
91 607 005 685,entity,{}
edl holdings  australia  pty ltd,entity,{}
67 058 224 481,entity,{}
energy developments pty limited,entity,{}
84 053 410 263,entity,{}
https   modernslaveryregister gov au statements 13571,entity,{}
nsw ports pty limited,entity,{}
38 161 943 620,entity,{}
the trustee for nsw ports botany property trust,entity,{}
95 391 227 497,entity,{}
https   modernslaveryregister gov au statements 10645,entity,{}
bloomberg australia pty ltd,entity,{}
bloomberg sef llc,entity,{}
bloomberg trading facility bv,entity,{}
bloomberg trading facility limited,entity,{}
https   modernslaveryregister gov au statements 23676,entity,{}
https   modernslaveryregister gov au statements 1273,entity,{}
belgravia leisure unit trust,entity,{}
18 118 940 063,entity,{}
fashion  textiles  apparel and luxury goods consumer services  including accommodation  hospitality  tourism and leisure,entity,{}
https   modernslaveryregister gov au statements 8290,entity,{}
jennmar australia pty ltd,entity,{}
34 078 584 531,entity,{}
25 150 926 373,entity,{}
jennchem australia pty ltd,entity,{}
https   modernslaveryregister gov au statements 17230,entity,{}
commonwealth,entity,{}
https   modernslaveryregister gov au statements 21396,entity,{}
platinum asset management ltd,entity,{}
13 050 064 287,entity,{}
platinum asset pty limited,entity,{}
29 062 954 796,entity,{}
platinum investment management limited,entity,{}
25 063 565 006,entity,{}
https   modernslaveryregister gov au statements 7594,entity,{}
albury wodonga health,entity,{}
31 569 743 618,entity,{}
https   modernslaveryregister gov au statements 802,entity,{}
willis towers watson australia   global equity focus fund,entity,{}
97 374 906 309,entity,{}
https   modernslaveryregister gov au statements 16382,entity,{}
acu tech pty ltd,entity,{}
68 626 756 223,entity,{}
https   modernslaveryregister gov au statements 21131,entity,{}
smec australia pty  limited,entity,{}
47 065 475 149,entity,{}
smec holdings pty  ltd,entity,{}
84 057 274 049,entity,{}
smec international pty  limited,entity,{}
32 065 440 619,entity,{}
surbana jurong holdings  australia  pty ltd,entity,{}
49 612 229 197,entity,{}
https   modernslaveryregister gov au statements 13906,entity,{}
projex building group pty ltd,entity,{}
77 109 570 863,entity,{}
projex building residential pty ltd,entity,{}
82 645 356 305,entity,{}
ep kingston pty ltd,entity,{}
ragnar projex pty ltd,entity,{}
https   modernslaveryregister gov au statements 26141,entity,{}
altius holdco pty ltd,entity,{}
22 646 640 280,entity,{}
altius bidco pty ltd,entity,{}
altius group holdings pty ltd,entity,{}
altius group pty limited,entity,{}
altius group services pty limited,entity,{}
altius midco pty ltd,entity,{}
ayres management services pty  ltd,entity,{}
career shift pty ltd,entity,{}
cim group holdings pty ltd,entity,{}
executive health solutions pty ltd,entity,{}
forean holdings pty ltd,entity,{}
innovative physiotherapy services pty  ltd,entity,{}
nabenet holding pty ltd,entity,{}
occhealth network pty ltd,entity,{}
ontime diversified pty ltd,entity,{}
ontime health agency pty ltd,entity,{}
ontime medical reports pty ltd,entity,{}
peoplesense pty ltd,entity,{}
rehabilitation services pty ltd,entity,{}
risk consulting by altius pty ltd,entity,{}
https   modernslaveryregister gov au statements 19143,entity,{}
infratil limited,entity,{}
2248,entity,{}
https   modernslaveryregister gov au statements 24762,entity,{}
fitness and lifestyle group bidco pty ltd,entity,{}
88 613 738 408,entity,{}
https   modernslaveryregister gov au statements 7349,entity,{}
wespine industries pty ltd,entity,{}
88 052 954 337,entity,{}
https   modernslaveryregister gov au statements 11931,entity,{}
ironman 4x4 pty ltd,entity,{}
75 005 327 882,entity,{}
https   modernslaveryregister gov au statements 7999,entity,{}
35 131 176 102,entity,{}
inserve australia ltd,entity,{}
76 147 747 859,entity,{}
https   modernslaveryregister gov au statements 12061,entity,{}
verizon australia pty limited,entity,{}
https   modernslaveryregister gov au statements 24231,entity,{}
nobleoak life limited,entity,{}
genus life insurance services pty ltd,entity,{}
nobleoak aspire pty ltd,entity,{}
nobleoak corporate beneficiary pty ltd,entity,{}
nobleoak services limited,entity,{}
https   modernslaveryregister gov au statements 25851,entity,{}
spiecapag australia pty  limited,entity,{}
53 067 306 138,entity,{}
menard oceania pty ltd,entity,{}
mosa niugini ltd,entity,{}
vctsc niugini ltd,entity,{}
https   modernslaveryregister gov au statements 17954,entity,{}
the bethanie group inc,entity,{}
60 992 323 648,entity,{}
https   modernslaveryregister gov au statements 3857,entity,{}
metricon homes unit trust,entity,{}
55 201 276 124,entity,{}
https   modernslaveryregister gov au statements 1778,entity,{}
coronado curragh pty ltd,entity,{}
90 009 362 565,entity,{}
coronado global resources inc,entity,{}
55 095 450 418,entity,{}
curragh queensland mining pty ltd,entity,{}
https   modernslaveryregister gov au statements 24358,entity,{}
https   modernslaveryregister gov au statements 17273,entity,{}
just eat  acquisitions  pty limited,entity,{}
acquisitions,entity,{}
menulog pty ltd,entity,{}
menulog group limited,entity,{}
https   modernslaveryregister gov au statements 18844,entity,{}
bg e group limited,entity,{}
https   modernslaveryregister gov au statements 20983,entity,{}
https   modernslaveryregister gov au statements 2295,entity,{}
dla piper australia  national partnership,entity,{}
83 508 451 308,entity,{}
https   modernslaveryregister gov au statements 21028,entity,{}
liberty infrabuild ltd,entity,{}
2023 3283,entity,{}
waste management and recycling construction  civil engineering and building products,entity,{}
austeel trading pty ltd,entity,{}
austube mills pty ltd,entity,{}
infrabuild australia finance pty ltd,entity,{}
infrabuild australia pty ltd,entity,{}
infrabuild construction solutions pty ltd,entity,{}
infrabuild  manufacturing  pty ltd,entity,{}
infrabuild  newcastle  pty ltd,entity,{}
infrabuild nsw pty ltd,entity,{}
infrabuild trading pty ltd,entity,{}
infrabuild wire pty limited,entity,{}
onesteel recycling pty limited,entity,{}
p   t tube mills pty ltd,entity,{}
ssx services pty limited,entity,{}
steelforce australia pty limited,entity,{}
steelforce china pty ltd,entity,{}
steelforce holdings pty ltd,entity,{}
the australian steel company  operations  pty ltd,entity,{}
xms holdings pty limited,entity,{}
https   modernslaveryregister gov au statements 16557,entity,{}
https   modernslaveryregister gov au statements 10038,entity,{}
aurecon australasia pty ltd,entity,{}
54 005 139 873,entity,{}
aurecon group pty ltd,entity,{}
12 133 838 187,entity,{}
aurecon ltd,entity,{}
83 156 139 847,entity,{}
https   modernslaveryregister gov au statements 2832,entity,{}
kaefer integrated services pty ltd,entity,{}
83 009 046 191,entity,{}
https   modernslaveryregister gov au statements 23920,entity,{}
uniqlo australia pty ltd,entity,{}
36 161 922 103,entity,{}
2021 09 01 to 2022 08 31,entity,{}
https   modernslaveryregister gov au statements 12569,entity,{}
made  aust   pty ltd,entity,{}
crossmax retail co ltd,entity,{}
epicurean dairy limited,entity,{}
made brands pte ltd,entity,{}
made brands pty ltd,entity,{}
made connect pte ltd,entity,{}
made innovations pty ltd,entity,{}
made manufacturing pty ltd,entity,{}
made manufacturing th ltd,entity,{}
https   modernslaveryregister gov au statements 26613,entity,{}
qube holdings limited,entity,{}
14 149 723 053,entity,{}
australian amalgamated terminals pty limited,entity,{}
c h acquisition pty ltd,entity,{}
ctc terminals pty ltd,entity,{}
giacci bros  pty ltd,entity,{}
harvestco australia pty ltd,entity,{}
kalari proprietary limited,entity,{}
lcr group pty ltd,entity,{}
maritime container services pty ltd,entity,{}
qube bulk pty ltd,entity,{}
qube energy pty ltd,entity,{}
qube forestry pty ltd,entity,{}
qube logistics  aust  pty ltd,entity,{}
qube logistics  global  pty ltd,entity,{}
qube logistics  nsw  pty ltd,entity,{}
qube logistics  qld  pty ltd,entity,{}
qube logistics  qldt1  pty ltd,entity,{}
qube logistics  rail  pty ltd,entity,{}
qube logistics  sa1  pty ltd,entity,{}
qube logistics  sa  pty ltd,entity,{}
qube logistics  sb  pty ltd,entity,{}
qube logistics  sl  pty ltd,entity,{}
qube logistics  vic  pty ltd,entity,{}
qube logistics  wa1  pty ltd,entity,{}
qube logistics  wa2  pty ltd,entity,{}
qube logistics  wa  pty ltd,entity,{}
qube offshore services pty ltd,entity,{}
qube ports  no 1  pty ltd,entity,{}
qube ports pty ltd,entity,{}
the trustee for csr trust,entity,{}
the trustee for lcr mining group trust,entity,{}
the trustee for quattro grain trust,entity,{}
https   modernslaveryregister gov au statements 15801,entity,{}
https   modernslaveryregister gov au statements 25659,entity,{}
ericsson australia pty ltd,entity,{}
56 004 071 854,entity,{}
telefonaktiebolaget lm ericsson,entity,{}
https   modernslaveryregister gov au statements 3350,entity,{}
jumbo interactive limited,entity,{}
66 009 189 128,entity,{}
benon technologies pty ltd,entity,{}
ddpay ltd,entity,{}
gatherwell limited,entity,{}
jumbo interactive asia pty ltd,entity,{}
jumbo interactive north america  inc,entity,{}
jumbo interactive uk limited,entity,{}
jumbo interactivo de mexico sa de cv,entity,{}
jumbo lotteries pty ltd,entity,{}
starvale management   technologies ltd,entity,{}
starvale technical systems ltd,entity,{}
stride management corporation,entity,{}
tms  fiji  on line pte limited,entity,{}
tms  fiji  pte limited,entity,{}
tms global services  nsw  pty ltd,entity,{}
tms global services  png  limited,entity,{}
tms global services pty ltd,entity,{}
tms global services  vic  pty ltd,entity,{}
https   modernslaveryregister gov au statements 15367,entity,{}
89 167 748 816,entity,{}
85 124 816 708,entity,{}
38 161 578 310,entity,{}
davidson ip pty ltd,entity,{}
63 167 190 598,entity,{}
50 167 132 523,entity,{}
51 167 752 258,entity,{}
23 163 298 379,entity,{}
itcom australia pty  ltd,entity,{}
67 064 911 404,entity,{}
davidson group  aust  pty ltd   davidson group services pty ltd   davidson hr consulting pty ltd   davidson ip pty ltd   davidson recruitment pty ltd   itcom australia pty  ltd,entity,{}
information technology and telecommunication professional and administrative services and supplies  including legal  consulting and accounting services,entity,{}
https   modernslaveryregister gov au statements 10748,entity,{}
pinnacle investment management group limited,entity,{}
22 100 325 184,entity,{}
pinnacle fund services limited,entity,{}
29 082 494 362,entity,{}
pinnacle investment management limited,entity,{}
66 109 659 109,entity,{}
pinnacle re services limited,entity,{}
42 130 508 379,entity,{}
pinnacle services administration pty ltd,entity,{}
14 126 175 148,entity,{}
https   modernslaveryregister gov au statements 16321,entity,{}
merck healthcare pty ltd,entity,{}
72 006 900 830,entity,{}
sigma aldrich oceania pty ltd,entity,{}
29 112 895 708,entity,{}
merck life science pty ltd,entity,{}
merck pty ltd,entity,{}
https   modernslaveryregister gov au statements 17605,entity,{}
dic australia pty limited,entity,{}
12 000 079 550,entity,{}
https   modernslaveryregister gov au statements 9127,entity,{}
qsr pty ltd,entity,{}
63 089 163 682,entity,{}
restaurant brands australia holdings pty ltd,entity,{}
53 611 058 701,entity,{}
restaurant brands australia pty limited,entity,{}
https   modernslaveryregister gov au statements 24207,entity,{}
yourtown,entity,{}
11 102 379 386,entity,{}
https   modernslaveryregister gov au statements 7629,entity,{}
2617,entity,{}
mining  metals  chemicals and resources  including oil and gas   automotive  machinery and heavy electrical equipment  construction  civil engineering and building products,entity,{}
austchrome pty ltd,entity,{}
decoda digital services pty ltd,entity,{}
haynes mechanical pty ltd,entity,{}
hmg hardchrome pty ltd,entity,{}
tfp engineering pty limited,entity,{}
https   modernslaveryregister gov au statements 20364,entity,{}
commonwealth steel company pty limited,entity,{}
58 000 007 698,entity,{}
https   modernslaveryregister gov au statements 3064,entity,{}
mt magnet gold pty ltd,entity,{}
penny operations pty ltd,entity,{}
ramelius resources ltd,entity,{}
tampia operations pty ltd,entity,{}
https   modernslaveryregister gov au statements 20637,entity,{}
crop pack pty ltd,entity,{}
abn not provided,entity,{}
silobag solutions pty ltd,entity,{}
14 676 507 449,entity,{}
israel,entity,{}
https   modernslaveryregister gov au statements 26509,entity,{}
access hardware holdings pty  ltd,entity,{}
access commercial security pty ltd,entity,{}
access corporate services pty ltd,entity,{}
access doors  tas  pty ltd,entity,{}
access hardware  nt  pty  ltd,entity,{}
access hardware  qld  pty  ltd,entity,{}
access hardware  s a   pty ltd,entity,{}
access hardware  tas  pty ltd,entity,{}
access holdings  tas  pty ltd,entity,{}
access locksmiths  tas  pty ltd,entity,{}
access specialty hardware pty ltd,entity,{}
https   modernslaveryregister gov au statements 21298,entity,{}
hcf holdco pty limited,entity,{}
hcf midco 2 pty limited,entity,{}
https   modernslaveryregister gov au statements 26259,entity,{}
gs global australia pty ltd,entity,{}
https   modernslaveryregister gov au statements 4473,entity,{}
perenti global limited,entity,{}
95 009 211 474,entity,{}
https   modernslaveryregister gov au statements 6303,entity,{}
hyperion investments australia pty limited,entity,{}
36 600 693 945,entity,{}
https   modernslaveryregister gov au statements 1665,entity,{}
lynch group holdings limited,entity,{}
35 608 543 219,entity,{}
https   modernslaveryregister gov au statements 3363,entity,{}
james hardie australia pty ltd,entity,{}
12 084 635 558,entity,{}
rci holdings pty ltd,entity,{}
55 101 671 121,entity,{}
2019 04 01 to 2020 03 30,entity,{}
https   modernslaveryregister gov au statements 746,entity,{}
https   modernslaveryregister gov au statements 26368,entity,{}
zip co limited,entity,{}
50 139 546 428,entity,{}
zipmoney payments pty ltd,entity,{}
58 164 440 993,entity,{}
https   modernslaveryregister gov au statements 2540,entity,{}
sma australia pty ltd,entity,{}
44 127 198 761,entity,{}
https   modernslaveryregister gov au statements 9229,entity,{}
maddocks,entity,{}
63 478 951 337,entity,{}
https   modernslaveryregister gov au statements 1627,entity,{}
https   modernslaveryregister gov au statements 2067,entity,{}
byerwen coal pty ltd,entity,{}
64 133 357 632,entity,{}
https   modernslaveryregister gov au statements 1964,entity,{}
duluxgroup limited,entity,{}
42 133 404 065,entity,{}
https   modernslaveryregister gov au statements 4426,entity,{}
https   modernslaveryregister gov au statements 10154,entity,{}
50 169 561 394,entity,{}
https   modernslaveryregister gov au statements 26069,entity,{}
royal charter dated 28 june1941,entity,{}
ricoh australia pty ltd,entity,{}
30 000 593 171,entity,{}
https   modernslaveryregister gov au statements 943,entity,{}
the trustee for waypoint reit trust   waypoint reit limited,entity,{}
35 612 986 517,entity,{}
96 745 747 163,entity,{}
the trustee for waypoint reit trust,entity,{}
waypoint reit limited,entity,{}
energy power systems australia pty  limited,entity,{}
80 055 274 514,entity,{}
https   modernslaveryregister gov au statements 20665,entity,{}
subsea 7 australia contracting pty ltd,entity,{}
36 005 288 406,entity,{}
https   modernslaveryregister gov au statements 18586,entity,{}
zip heaters  aust  pty ltd,entity,{}
46 000 578 727,entity,{}
zip industries  aust   pty limited,entity,{}
15 000 072 257,entity,{}
vestal water pty ltd,entity,{}
zip water services  qld  pty ltd,entity,{}
https   modernslaveryregister gov au statements 25196,entity,{}
wam leaders limited,entity,{}
33 611 053 751,entity,{}
absolute equity performance fund limited,entity,{}
17 608 552 496,entity,{}
century australia investments pty limited,entity,{}
11 107 772 761,entity,{}
https   modernslaveryregister gov au statements 15808,entity,{}
epworth arts foundation limited,entity,{}
62 606 612 220,entity,{}
epworth foundation,entity,{}
97 420 694 950,entity,{}
epworth medical foundation limited,entity,{}
59 135 483 055,entity,{}
afterpay limited,entity,{}
30 618 280 649,entity,{}
https   modernslaveryregister gov au statements 7018,entity,{}
ceva logistics  australia  pty  ltd,entity,{}
63 008 438 239,entity,{}
https   modernslaveryregister gov au statements 14224,entity,{}
apollo health limited,entity,{}
79 159 660 036,entity,{}
st john ambulance western australia ltd,entity,{}
55 028 468 715,entity,{}
https   modernslaveryregister gov au statements 10656,entity,{}
dentons australia limited,entity,{}
69 100 963 308,entity,{}
https   modernslaveryregister gov au statements 7268,entity,{}
2021 1170,entity,{}
mayne pharma group limited,entity,{}
76 115 832 963,entity,{}
https   modernslaveryregister gov au statements 2994,entity,{}
resourceco holdings pty ltd,entity,{}
waste management and recycling transportation  logistics  and storage,entity,{}
cleanaway resourceco rrf pty ltd,entity,{}
resourceco energy pty limited,entity,{}
resourceco material solutions pty ltd,entity,{}
resourceco pty ltd,entity,{}
southern waste resourceco pty ltd,entity,{}
tyrecycle pty ltd,entity,{}
https   modernslaveryregister gov au statements 16421,entity,{}
zashvin pty  ltd,entity,{}
80 010 980 015,entity,{}
https   modernslaveryregister gov au statements 25145,entity,{}
boart longyear australia pty ltd,entity,{}
boart longyear drilling products australia pty ltd,entity,{}
https   modernslaveryregister gov au statements 22916,entity,{}
https   modernslaveryregister gov au statements 11644,entity,{}
bowen   pomeroy proprietary limited,entity,{}
78 004 174 887,entity,{}
https   modernslaveryregister gov au statements 2038,entity,{}
https   modernslaveryregister gov au statements 11083,entity,{}
https   modernslaveryregister gov au statements 19855,entity,{}
nickel industries limited,entity,{}
44 127 510 589,entity,{}
australia  indonesia  singapore,entity,{}
https   modernslaveryregister gov au statements 13268,entity,{}
https   modernslaveryregister gov au statements 15575,entity,{}
australian terminal operations management pty ltd,entity,{}
70 606 006 866,entity,{}
https   modernslaveryregister gov au statements 18151,entity,{}
https   modernslaveryregister gov au statements 20054,entity,{}
teachers mutual bank limited,entity,{}
30 087 650 459,entity,{}
edsec funding trust no  1,entity,{}
31 905 876 900,entity,{}
https   modernslaveryregister gov au statements 16277,entity,{}
obayashi corporation,entity,{}
86 002 932 756,entity,{}
https   modernslaveryregister gov au statements 10080,entity,{}
gr engineering services ltd,entity,{}
12 121 542 738,entity,{}
hanlon engineering   associates  inc,entity,{}
mipac pty  ltd,entity,{}
66 097 111 772,entity,{}
upstream production solutions pty ltd,entity,{}
26 166 665 952,entity,{}
hanlon engineering   associates  inc   mipac pty  ltd    upstream production solutions pty ltd,entity,{}
gr engineering services ltd  mipac pty  ltd    upstream production solutions pty ltd,entity,{}
gr engineering services ltd  hanlon engineering   associates  inc    upstream production solutions pty ltd,entity,{}
gr engineering services ltd  hanlon engineering   associates  inc    mipac pty  ltd,entity,{}
mining  metals  chemicals and resources  including oil and gas  utilities  gas  water and electricity construction  civil engineering and building products,entity,{}
https   modernslaveryregister gov au statements 10905,entity,{}
https   modernslaveryregister gov au statements 3752,entity,{}
https   modernslaveryregister gov au statements 9152,entity,{}
norton gold fields pty ltd,entity,{}
paddington gold pty limited,entity,{}
https   modernslaveryregister gov au statements 23251,entity,{}
freedom furniture australia pty limited,entity,{}
55 051 493 764,entity,{}
greenlit brands pty limited,entity,{}
21 612 890 874,entity,{}
2022 10 03 to 2023 10 01,entity,{}
durable consumer goods  including electronics and appliances  home furnishings and other accessories transportation  logistics  and storage,entity,{}
https   modernslaveryregister gov au statements 17191,entity,{}
boom logistics ltd,entity,{}
28 095 466 961,entity,{}
akn pty ltd,entity,{}
boom logistics constructions pty ltd,entity,{}
boom logistics projects pty ltd,entity,{}
boom logistics  vic  pty ltd,entity,{}
boom renewables pty ltd,entity,{}
shutdown staffing pty ltd,entity,{}
https   modernslaveryregister gov au statements 16283,entity,{}
askara pty ltd,entity,{}
56 082 632 540,entity,{}
charter security protective services pty ltd,entity,{}
91 133 958 406,entity,{}
southern cross protection pty ltd,entity,{}
93 094 077 255,entity,{}
https   modernslaveryregister gov au statements 14858,entity,{}
hare   forbes pty ltd,entity,{}
96 000 286 957,entity,{}
https   modernslaveryregister gov au statements 11104,entity,{}
gresham partners group limited,entity,{}
75 003 856 933,entity,{}
gresham partners holdings ltd,entity,{}
25 002 993 259,entity,{}
gresham partners limited,entity,{}
61 003 248 922,entity,{}
https   modernslaveryregister gov au statements 12480,entity,{}
kia australia pty ltd,entity,{}
97 110 483 353,entity,{}
https   modernslaveryregister gov au statements 23808,entity,{}
accolade wines australia limited,entity,{}
86 008 273 907,entity,{}
https   modernslaveryregister gov au statements 1653,entity,{}
judo bank pty ltd,entity,{}
11 615 995 581,entity,{}
judo capital holdings limited,entity,{}
71 612 862 727,entity,{}
https   modernslaveryregister gov au statements 6364,entity,{}
oakdale meat co  pty  limited,entity,{}
24 619 477 888,entity,{}
https   modernslaveryregister gov au statements 6441,entity,{}
phoenician metals pty ltd,entity,{}
86 104 855 067,entity,{}
https   modernslaveryregister gov au statements 21349,entity,{}
2022 3080,entity,{}
motorcycle holdings limited,entity,{}
29 150 386 995,entity,{}
https   modernslaveryregister gov au statements 12020,entity,{}
hesta,entity,{}
https   modernslaveryregister gov au statements 6981,entity,{}
eroc holdings pty limited,entity,{}
redpath australia coal pty ltd,entity,{}
redpath  australia  holdings pty limited,entity,{}
redpath australia pty limited,entity,{}
redpath contract services pty ltd,entity,{}
underaus group holdings pty ltd,entity,{}
mining construction,entity,{}
https   modernslaveryregister gov au statements 27221,entity,{}
carnival plc,entity,{}
23 107 998 443,entity,{}
2021 12 01 to 2022 11 30,entity,{}
https   modernslaveryregister gov au statements 12766,entity,{}
gunlake concrete nsw pty limited,entity,{}
35 606 681 850,entity,{}
2021 4225,entity,{}
https   modernslaveryregister gov au statements 3282,entity,{}
connectsydney pty  limited,entity,{}
16 646 646 808,entity,{}
https   modernslaveryregister gov au statements 16399,entity,{}
https   modernslaveryregister gov au statements 11701,entity,{}
fulton hogan australia pty ltd,entity,{}
42 135 849 115,entity,{}
fulton hogan australia  management  pty ltd,entity,{}
66 637 368 088,entity,{}
fulton hogan construction pty ltd,entity,{}
46 010 240 758,entity,{}
fulton hogan industries pty ltd,entity,{}
54 000 538 689,entity,{}
fulton hogan quarries pty ltd,entity,{}
16 004 475 076,entity,{}
fulton hogan transport pty ltd,entity,{}
60 136 583 045,entity,{}
fulton hogan utilities pty ltd,entity,{}
83 632 499 686,entity,{}
https   modernslaveryregister gov au statements 15912,entity,{}
86 602 042 239,entity,{}
https   modernslaveryregister gov au statements 4750,entity,{}
https   modernslaveryregister gov au statements 24011,entity,{}
independent living specialists pty limited,entity,{}
78 106 336 958,entity,{}
https   modernslaveryregister gov au statements 11400,entity,{}
withings,entity,{}
https   modernslaveryregister gov au statements 7716,entity,{}
harris communications  australia  pty ltd,entity,{}
88 054 982 151,entity,{}
https   modernslaveryregister gov au statements 5876,entity,{}
icon metal pty limited,entity,{}
71 612 906 840,entity,{}
https   modernslaveryregister gov au statements 19889,entity,{}
mitsui   co  iron ore exploration   mining pty  ltd,entity,{}
15 164 171 448,entity,{}
https   modernslaveryregister gov au statements 10090,entity,{}
south east water corporation,entity,{}
89 066 902 547,entity,{}
https   modernslaveryregister gov au statements 2128,entity,{}
multi market services australia holdings pty ltd,entity,{}
50 000 026 228,entity,{}
publicis communications australia pty ltd,entity,{}
86 001 720 921,entity,{}
publicis media australia pty ltd,entity,{}
40 001 786 858,entity,{}
media  publishing  arts and entertainment information technology and telecommunication,entity,{}
https   modernslaveryregister gov au statements 13786,entity,{}
porsche cars australia pty  ltd,entity,{}
67 004 327 048,entity,{}
porsche retail group australia pty ltd,entity,{}
76 006 359 459,entity,{}
porsche financial services australia pty ltd,entity,{}
75 004 327 084,entity,{}
retail trade wholesale trade,entity,{}
https   modernslaveryregister gov au statements 23597,entity,{}
joyce corporation ltd,entity,{}
80 009 116 269,entity,{}
https   modernslaveryregister gov au statements 11745,entity,{}
p20 esg acquisition pty ltd,entity,{}
93 638 769 963,entity,{}
https   modernslaveryregister gov au statements 14152,entity,{}
middlemount coal pty ltd,entity,{}
49 122 348 412,entity,{}
https   modernslaveryregister gov au statements 25186,entity,{}
euroz limited,entity,{}
53 000 364 465,entity,{}
https   modernslaveryregister gov au statements 5828,entity,{}
industrial and commercial bank of china limited,entity,{}
57 086 866 506,entity,{}
https   modernslaveryregister gov au statements 13251,entity,{}
avant mutual group limited,entity,{}
58 123 154 898,entity,{}
https   modernslaveryregister gov au statements 5765,entity,{}
cardno limited,entity,{}
70 108 112 303,entity,{}
mining  metals  chemicals and resources  including oil and gas  utilities  gas  water and electricity construction  civil engineering and building products transportation  logistics  and storage professional and administrative services and supplies  including legal  consulting and accounting services defence and aerospace other,entity,{}
https   modernslaveryregister gov au statements 6472,entity,{}
kane constructions pty ltd,entity,{}
49 007 354 396,entity,{}
kane constructions  qld  pty ltd,entity,{}
https   modernslaveryregister gov au statements 15913,entity,{}
acen australia pty ltd,entity,{}
27 616 856 672,entity,{}
acen gippsland offshore wind pty ltd,entity,{}
acen nesf holdco pty ltd,entity,{}
acen north east tasmania pty ltd,entity,{}
acen phoenix pty ltd,entity,{}
acen robbins island pty ltd,entity,{}
acen south australia pty ltd,entity,{}
acen stubbo solar farm pty ltd,entity,{}
acen valley of the winds pty ltd,entity,{}
birriwa bess pty ltd,entity,{}
birriwa solar pty ltd,entity,{}
https   modernslaveryregister gov au statements 23008,entity,{}
professional and administrative services and supplies  including legal  consulting and accounting services defence and aerospace,entity,{}
https   modernslaveryregister gov au statements 13444,entity,{}
ck william australia bidco pty ltd,entity,{}
30 613 693 182,entity,{}
ck william australia holdings pty ltd,entity,{}
14 613 690 243,entity,{}
duet company pty limited,entity,{}
93 163 100 061,entity,{}
the trustee for diversified utility and energy trust 1,entity,{}
83 495 791 796,entity,{}
australian gas infrastructure holdings pty limited,entity,{}
22 120 456 573,entity,{}
dbngp  wa  transmission pty limited,entity,{}
69 081 609 190,entity,{}
multinet gas  db no 1  pty ltd,entity,{}
53 634 214 009,entity,{}
multinet gas  db no 2  pty ltd,entity,{}
power partnership pty limited,entity,{}
48 070 061 282,entity,{}
united energy distribution holdings pty limited,entity,{}
15 104 381 660,entity,{}
united energy distribution pty limited,entity,{}
70 064 651 029,entity,{}
united energy services pty ltd,entity,{}
55 630 720 213,entity,{}
multinet gas  db no 1  pty ltd   multinet gas  db no 2  pty ltd,entity,{}
alceon capital pty ltd,entity,{}
41 163 867 016,entity,{}
https   modernslaveryregister gov au statements 14639,entity,{}
the trustee for chp holdings unit trust,entity,{}
64 144 220 710,entity,{}
the trustee for chp unit trust,entity,{}
39 144 988 542,entity,{}
https   modernslaveryregister gov au statements 23561,entity,{}
accommodation and food services financial and insurance services rental  hiring and real estate services,entity,{}
https   modernslaveryregister gov au statements 26485,entity,{}
penfolds wines australia pty ltd,entity,{}
61 160 602 773,entity,{}
penfolds wines international limited,entity,{}
65 006 849 476,entity,{}
treasury wine estates australia limited,entity,{}
78 145 321 320,entity,{}
treasury wine estates  uk  holding co pty ltd,entity,{}
58 149 520 356,entity,{}
treasury wine estates limited,entity,{}
24 004 373 862,entity,{}
treasury wine estates vintners limited,entity,{}
55 004 094 599,entity,{}
twe emea,entity,{}
manufacturing retail trade agriculture  forestry and fishing other services,entity,{}
https   modernslaveryregister gov au statements 25882,entity,{}
aldershot nominees pty ltd,entity,{}
bilyara vineyards pty ltd,entity,{}
penfolds wines international ltd,entity,{}
treasury wine estates australia ltd,entity,{}
treasury wine estates  nz  holding co pty ltd,entity,{}
treasury wine estates vintners ltd,entity,{}
wolf blass wines pty ltd,entity,{}
https   modernslaveryregister gov au statements 16272,entity,{}
https   modernslaveryregister gov au statements 10136,entity,{}
tesla motors australia  pty ltd,entity,{}
68 142 889 816,entity,{}
https   modernslaveryregister gov au statements 4798,entity,{}
hanson australia  holdings  proprietary limited,entity,{}
hanson holdings australia pty ltd,entity,{}
98 611 565 649,entity,{}
https   modernslaveryregister gov au statements 4925,entity,{}
amart furniture pty ltd,entity,{}
65 009 810 324,entity,{}
https   modernslaveryregister gov au statements 16074,entity,{}
royal foods aust pty ltd,entity,{}
19 130 110 048,entity,{}
devings fine foods pty ltd,entity,{}
https   modernslaveryregister gov au statements 16788,entity,{}
uniting  nsw act,entity,{}
78 722 539 923,entity,{}
https   modernslaveryregister gov au statements 26441,entity,{}
cirrus networks holdings limited,entity,{}
98 103 348 947,entity,{}
https   modernslaveryregister gov au statements 11350,entity,{}
multiplex australasia pty ltd,entity,{}
33 146 787 395,entity,{}
multiplex constructions pty ltd,entity,{}
70 107 007 527,entity,{}
multiplex constructions qld pty ltd,entity,{}
74 109 220 028,entity,{}
multiplex pty ltd,entity,{}
66 147 631 472,entity,{}
china merchants bank co   ltd   sydney branch,entity,{}
96 609 857 383,entity,{}
2021 01 01 to 2021 12 30,entity,{}
https   modernslaveryregister gov au statements 8438,entity,{}
asics oceania pty ltd,entity,{}
59 003 091 389,entity,{}
https   modernslaveryregister gov au statements 4482,entity,{}
lifestyle communities ltd,entity,{}
brookfield village development pty  ltd,entity,{}
brookfield village management pty  ltd,entity,{}
lifestyle communities investments cranbourne pty ltd,entity,{}
lifestyle developments 1 pty ltd,entity,{}
lifestyle investments 1 pty ltd,entity,{}
lifestyle investments 2 pty ltd,entity,{}
lifestyle management 1 pty ltd,entity,{}
lifestyle management 2 pty ltd,entity,{}
lifestyle developments 2 pty ltd,entity,{}
https   modernslaveryregister gov au statements 26998,entity,{}
wesley community services limited,entity,{}
42 164 655 145,entity,{}
https   modernslaveryregister gov au statements 6169,entity,{}
norske skog  australasia  pty limited,entity,{}
21 003 274 673,entity,{}
norske skog industries australia limited,entity,{}
50 003 902 985,entity,{}
norske skog paper mills  australia  limited,entity,{}
84 009 477 132,entity,{}
https   modernslaveryregister gov au statements 18190,entity,{}
wam research limited,entity,{}
15 100 504 541,entity,{}
https   modernslaveryregister gov au statements 2976,entity,{}
zimmer australia holding pty limited,entity,{}
zimmer biomet pty ltd,entity,{}
https   modernslaveryregister gov au statements 23571,entity,{}
uniting communities incorporated,entity,{}
33 174 490 373,entity,{}
central mission homes for children incorporated,entity,{}
central mission homes for the aged incorporated,entity,{}
erwin vogt foundation incorporated,entity,{}
forsyth foundation incorporated,entity,{}
goodwill industries of south australia incorporated,entity,{}
goodwill stores of south australia incorporated,entity,{}
kate cocks memorial family services incorporated,entity,{}
kuitpo colony incorporated,entity,{}
lifeline   youthline incorporated,entity,{}
the kate cocks memorial girls home incorporated,entity,{}
the trustee for erwin vogt foundation,entity,{}
https   modernslaveryregister gov au statements 16440,entity,{}
weir group  australian holdings  pty limited,entity,{}
57 090 873 117,entity,{}
weir minerals australia ltd,entity,{}
69 009 701 802,entity,{}
https   modernslaveryregister gov au statements 23763,entity,{}
amp life limited,entity,{}
84 079 300 379,entity,{}
resolution life services australia pty ltd,entity,{}
49 631 346 391,entity,{}
https   modernslaveryregister gov au statements 3126,entity,{}
acadian asset management  australia  limited,entity,{}
2022 926,entity,{}
acadian asset management llc,entity,{}
acadian asset management  singapore  pte td,entity,{}
acadian asset management  uk  limited,entity,{}
https   modernslaveryregister gov au statements 13453,entity,{}
hunter water corporation,entity,{}
46 228 513 446,entity,{}
https   modernslaveryregister gov au statements 15744,entity,{}
pilbara ports authority,entity,{}
94 987 448 870,entity,{}
transportation  logistics  and storage government sector,entity,{}
hedland maritime initiative pty ltd,entity,{}
https   modernslaveryregister gov au statements 16547,entity,{}
richland express pty limited,entity,{}
52 127 488 340,entity,{}
https   modernslaveryregister gov au statements 10494,entity,{}
joy global australia holding company pty ltd,entity,{}
70 059 870 058,entity,{}
joy global australia pty ltd,entity,{}
58 000 049 392,entity,{}
other services mining manufacturing,entity,{}
https   modernslaveryregister gov au statements 24657,entity,{}
daimler truck australia pacific pty ltd,entity,{}
86 618 413 282,entity,{}
https   modernslaveryregister gov au statements 23607,entity,{}
svitzer australia pty ltd,entity,{}
86 000 045 009,entity,{}
svitzer terminals australia pty limited,entity,{}
43 077 751 065,entity,{}
https   modernslaveryregister gov au statements 23027,entity,{}
lovisa australia pty ltd,entity,{}
34 602 304 503,entity,{}
lovisa holdings limited,entity,{}
62 120 675 890,entity,{}
lovisa pty limited,entity,{}
120 675 890,entity,{}
https   modernslaveryregister gov au statements 12013,entity,{}
industry super holdings pty  ltd,entity,{}
71 119 748 060,entity,{}
https   modernslaveryregister gov au statements 1922,entity,{}
sell   parker  international  pty ltd,entity,{}
24 090 604 416,entity,{}
sell   parker pty ltd,entity,{}
98 000 101 315,entity,{}
allthread industries pty limited,entity,{}
battery recyclers pty ltd,entity,{}
first forge australia pty limited,entity,{}
oxycut operations pty ltd,entity,{}
sell   parker metal recycling services  nt  pty ltd,entity,{}
sell   parker metal recycling services  wa  pty ltd,entity,{}
sell   parker secure destruction pty ltd,entity,{}
https   modernslaveryregister gov au statements 21409,entity,{}
k care holdings pty ltd,entity,{}
80 626 058 035,entity,{}
24 hour positioning pty ltd,entity,{}
country care group home modifications pty ltd,entity,{}
country care management services pty ltd,entity,{}
k care healthcare solutions pty ltd,entity,{}
mt hogan enterprises pty ltd,entity,{}
rih holdings pty ltd,entity,{}
specialised mobility pty ltd,entity,{}
specialised wheelchair company pty ltd,entity,{}
the country care group pty ltd,entity,{}
uccello marketing pty ltd,entity,{}
willaid pty ltd,entity,{}
https   modernslaveryregister gov au statements 21417,entity,{}
splunk services australia pty  ltd,entity,{}
51 609 939 817,entity,{}
2024 02 01 to 2025 01 31,entity,{}
https   modernslaveryregister gov au statements 23999,entity,{}
kings consolidated group pty ltd,entity,{}
98 109 784 803,entity,{}
https   modernslaveryregister gov au statements 7724,entity,{}
perkins  wa  pty ltd,entity,{}
60 008 844 862,entity,{}
https   modernslaveryregister gov au statements 10964,entity,{}
nep australia pty ltd,entity,{}
nep gtv holdco pty ltd,entity,{}
https   modernslaveryregister gov au statements 18234,entity,{}
metagenics  aust  pty ltd,entity,{}
73 010 636 165,entity,{}
metagenics australia pty ltd,entity,{}
78 113 937 572,entity,{}
https   modernslaveryregister gov au statements 10677,entity,{}
https   modernslaveryregister gov au statements 14050,entity,{}
port of newcastle investments pty limited,entity,{}
84 685 817 245,entity,{}
the port of newcastle investments  holdings  trust,entity,{}
the trustee for the port of newcastle unit trust,entity,{}
97 539 122 070,entity,{}
the port of newcastle investments  holdings  trust   the trustee for the port of newcastle unit trust,entity,{}
port of newcastle investments pty limited   the trustee for the port of newcastle unit trust,entity,{}
port of newcastle investments pty limited   the port of newcastle investments  holdings  trust,entity,{}
port of newcastle operations pty limited,entity,{}
https   modernslaveryregister gov au statements 12801,entity,{}
finisar australia pty limited,entity,{}
45 098 184 582,entity,{}
2024 01 01 to 2024 12 04,entity,{}
https   modernslaveryregister gov au statements 20369,entity,{}
