name,type,attributes
Modern slavery statement 2024-1848: Sumitomo Mitsui Banking Corporation,document,"{'content': 'Sumitomo Mitsui Banking Corporation filed a single modern slavery statement with the Australian Modern Slavery Register for the reporting period 2023-04-01 to 2024-03-31. The reporting entity is headquartered in Japan. The reporting entity has an annual revenue band of 1BN+. The reporting entity operates in the industry sectors: Financial, insurance and real estate activities. Register entry: https://modernslaveryregister.gov.au/statements/19282/.'}"
"Modern slavery statement 2024-3516: WEI CHIH STEEL INDUSTRIAL CO., LTD.",document,"{'content': 'WEI CHIH STEEL INDUSTRIAL CO., LTD. filed a single modern slavery statement with the Australian Modern Slavery Register for the reporting period 2023-01-01 to 2023-12-31. The reporting entity is headquartered in Taiwan. The reporting entity has an annual revenue band of 400-450M. The reporting entity operates in the industry sectors: Construction, civil engineering and building products. Register entry: https://modernslaveryregister.gov.au/statements/21482/.'}"
Modern slavery statement 2021-2422: J.L BEAUMONT & Others,document,"{'content': 'J.L BEAUMONT & Others (ABN 27 975 255 196) filed a single modern slavery statement with the Australian Modern Slavery Register for the reporting period 2019-07-01 to 2020-06-30. The reporting entity is headquartered in Australia. The reporting entity has an annual revenue band of 100-150M. The reporting entity operates in the industry sectors: Professional and administrative services and supplies, including legal, consulting and accounting services. Register entry: https://modernslaveryregister.gov.au/statements/5057/.'}"
Modern slavery statement 2025-242: QUAD SERVICES PTY LTD,document,{'content': 'QUAD SERVICES PTY LTD (ABN 58 000 308 592) filed a single modern slavery statement with the Australian Modern Slavery Register for the reporting period 2023-07-01 to 2024-06-30. The reporting entity is headquartered in Australia. The reporting entity has an annual revenue band of 100-150M. The reporting entity operates in the industry sectors: Cleaning and security services. Register entry: https://modernslaveryregister.gov.au/statements/21994/.'}
Modern slavery statement 2024-178: JOWETT MOTOR GROUP TRADING CO PTY LTD,document,"{'content': 'JOWETT MOTOR GROUP TRADING CO PTY LTD (ABN 40 639 117 507) filed a single modern slavery statement with the Australian Modern Slavery Register for the reporting period 2022-07-01 to 2023-06-30. The reporting entity is headquartered in Australia. The reporting entity has an annual revenue band of 400-450M. The reporting entity operates in the industry sectors: Automotive, machinery and heavy electrical equipment. The statement also covers the included entities: Jowett Motor Group Corporate Services Pty Ltd (21 087 911 180), The Trustee for Adelaide Dealership Trust (32 115 071 209), The Trustee for EASTERN DEALERSHIP TRUST (59 836 624 579), THE TRUSTEE FOR EPPING DEALERSHIP TRUST (74 620 604 915), THE TRUSTEE FOR SOUTH YARRA DEALERSHIP TRUST (27 477 113 037), The Trustee for the Berwick Dealership Trust (92 518 098 740), The trustee for The Brighton Honda Unit Trust (93 637 069 028), THE TRUSTEE FOR WAVERLEY DEALERSHIP TRUST (19 218 335 130). Register entry: https://modernslaveryregister.gov.au/statements/17002/.'}"
Modern slavery statement 2023-1313: FLUENCE CORPORATION LIMITED,document,"{'content': 'FLUENCE CORPORATION LIMITED (ABN 52 127 734 196) filed a single modern slavery statement with the Australian Modern Slavery Register for the reporting period 2022-01-01 to 2022-12-31. The reporting entity is headquartered in Australia, United States of America. The reporting entity has an annual revenue band of 100-150M. The reporting entity operates in the industry sectors: Other. Register entry: https://modernslaveryregister.gov.au/statements/13951/.'}"
Modern slavery statement 2025-3715: ZEN ENERGY HOLDINGS PTY LTD & ZEN ENERGY PTY LTD & ZEN ENERGY RETAIL PTY LTD,document,"{'content': 'ZEN ENERGY HOLDINGS PTY LTD (ABN 42 639 972 973), ZEN ENERGY PTY LTD (ABN 13 644 924 729) and ZEN ENERGY RETAIL PTY LTD (ABN 54 615 751 052) filed a joint modern slavery statement with the Australian Modern Slavery Register for the reporting period 2024-07-01 to 2025-06-30. The reporting entities are headquartered in Australia. The reporting entities have an annual revenue band of 300-350M. The reporting entities operate in the industry sectors: Electricity, Gas, Water and Waste Services. The statement also covers the included entities: BURRAGORANG VALLEY GREEN ENERGY PTY LTD (46 002 984 438), SUNSHOT INDUSTRIES PTY LTD (84 646 269 632), ZEBRE PTY LTD, ZEN ENERGY DERIVATIVES PTY LTD (61 635 219 055), ZEN ENERGY ENVIRONMENTAL PTY LTD (94 655 078 416), ZEN ENERGY FINANCE PTY LTD, ZEN ENERGY FUTURE PTY LTD (69 634 921 896), ZEN ENERGY MARKETS PTY LTD (27 633 808 778), ZEN ENERGY WHOLESALE PTY LTD (61 633 808 483). Register entry: https://modernslaveryregister.gov.au/statements/26813/.'}"
"Modern slavery statement 2025-2093: LANDIS & GYR HOLDINGS PTY LTD, LANDIS & GYR PTY LTD",document,"{'content': 'LANDIS & GYR HOLDINGS PTY LTD, LANDIS & GYR PTY LTD filed a joint modern slavery statement with the Australian Modern Slavery Register for the reporting period 2024-04-01 to 2025-03-31. The reporting entity is headquartered in Switzerland. The reporting entity has an annual revenue band of 100-150M. The reporting entity operates in the industry sectors: Electricity, Gas, Water and Waste Services. Register entry: https://modernslaveryregister.gov.au/statements/24541/.'}"
Modern slavery statement 2022-1366: Lucas Total Contract Solutions,document,"{'content': 'Lucas Total Contract Solutions (ABN 79 137 901 752) filed a joint modern slavery statement with the Australian Modern Slavery Register for the reporting period 2021-07-01 to 2022-06-30. The reporting entity is headquartered in Australia. The reporting entity has an annual revenue band of 150-200M. The reporting entity operates in the industry sectors: Mining, metals, chemicals and resources (including oil and gas) Construction, civil engineering and building products. Register entry: https://modernslaveryregister.gov.au/statements/9662/.'}"
Modern slavery statement 2021-365: ELECTRANET PTY LIMITED & ELECTRANET TRANSMISSION INVESTMENTS PTY LTD,document,"{'content': 'ELECTRANET PTY LIMITED (ABN 41 094 482 416) and ELECTRANET TRANSMISSION INVESTMENTS PTY LTD (ABN 12 119 027 262) filed a joint modern slavery statement with the Australian Modern Slavery Register for the reporting period 2019-07-01 to 2020-06-30. The reporting entities are headquartered in Australia. The reporting entities have an annual revenue band of 350-400M. The reporting entities operate in the industry sectors: Utilities: gas, water and electricity. Register entry: https://modernslaveryregister.gov.au/statements/1571/.'}"
Modern slavery statement 2024-1616: SCANIA AUSTRALIA PTY. LIMITED,document,{'content': 'SCANIA AUSTRALIA PTY. LIMITED (ABN 44 000 537 333) filed a single modern slavery statement with the Australian Modern Slavery Register for the reporting period 2025-01-01 to 2025-12-31. The reporting entity is headquartered in Australia. The reporting entity has an annual revenue band of 700-800M. The reporting entity operates in the industry sectors: Manufacturing. Register entry: https://modernslaveryregister.gov.au/statements/18979/.'}
Modern slavery statement 2021-2467: CSE-Global (Australia) Pty Ltd,document,{'content': 'CSE-Global (Australia) Pty Ltd (ABN 85 109 958 090) filed a single modern slavery statement with the Australian Modern Slavery Register for the reporting period 2020-01-01 to 2020-12-31. The reporting entity is headquartered in Australia. The reporting entity has an annual revenue band of 100-150M. The reporting entity operates in the industry sectors: Information technology and telecommunication. Register entry: https://modernslaveryregister.gov.au/statements/5123/.'}
Modern slavery statement 2024-2780: AKD NSW PTY LIMITED & AKD QUEENSLAND PTY LTD & ASSOCIATED KILN DRIERS PTY. LIMITED,document,"{'content': 'AKD NSW PTY LIMITED (ABN 38 091 574 060), AKD QUEENSLAND PTY LTD (ABN 18 620 713 760) and ASSOCIATED KILN DRIERS PTY. LIMITED (ABN 34 004 341 048) filed a joint modern slavery statement with the Australian Modern Slavery Register for the reporting period 2023-07-01 to 2024-06-30. The reporting entities are headquartered in Australia. The reporting entities have an annual revenue band of 500-600M. The reporting entities operate in the industry sectors: Forestry, timber products, paper and containers and packaging. The statement also covers the included entities: AKD VICTORIA PTY LTD (97 620 713 779). Register entry: https://modernslaveryregister.gov.au/statements/20594/.'}"
Modern slavery statement 2022-1629: INTREC MANAGEMENT PTY LTD,document,"{'content': 'INTREC MANAGEMENT PTY LTD (ABN 23 073 821 217) filed a single modern slavery statement with the Australian Modern Slavery Register for the reporting period 2021-07-01 to 2022-06-30. The reporting entity is headquartered in Australia. The reporting entity has an annual revenue band of 150-200M. The reporting entity operates in the industry sectors: Construction, civil engineering and building products. Register entry: https://modernslaveryregister.gov.au/statements/10086/.'}"
Modern slavery statement 2024-768: CHED SERVICES PTY LTD & CITIPOWER PTY LTD & ENERGY SOLUTIONS PTY LTD et al.,document,"{'content': 'CHED SERVICES PTY LTD (ABN 14 112 304 622), CITIPOWER PTY LTD (ABN 76 064 651 056), ENERGY SOLUTIONS PTY LTD (ABN 32 610 914 059), POWERCOR AUSTRALIA LTD (ABN 89 064 651 109), POWER NETWORK SERVICES PTY LTD (ABN 94 123 230 240), The Trustee for THE CITIPOWER TRUST (ABN 75 569 155 798), VICTORIA POWER NETWORKS (FINANCE) PTY LTD (ABN 68 101 392 161) and VICTORIA POWER NETWORKS PTY LTD (ABN 37 116 940 820) filed a joint modern slavery statement with the Australian Modern Slavery Register for the reporting period 2023-01-01 to 2023-12-31. The reporting entities are headquartered in Australia. The reporting entities have an annual revenue band of 1BN+. The reporting entities operate in the industry sectors: Utilities: gas, water and electricity. Register entry: https://modernslaveryregister.gov.au/statements/17881/.'}"
Modern slavery statement 2024-2036: MITSUI & CO. IRON ORE EXPLORATION & MINING PTY. LTD.,document,"{'content': 'MITSUI & CO. IRON ORE EXPLORATION & MINING PTY. LTD. (ABN 15 164 171 448) filed a single modern slavery statement with the Australian Modern Slavery Register for the reporting period 2023-04-01 to 2024-03-31. The reporting entity is headquartered in Australia. The reporting entity has an annual revenue band of 300-350M. The reporting entity operates in the industry sectors: Mining, metals, chemicals and resources (including oil and gas). Register entry: https://modernslaveryregister.gov.au/statements/19558/.'}"
"Modern slavery statement 2025-674: ANDREWS MEAT INDUSTRIES PTY LTD, AUSTRALIAN CONSOLIDATED FOOD HOLDINGS PTY LIMITED, BAYBRICK PTY. LTD., DIAMOND VALLEY PORK PTY LTD, HUON AQUACULTURE COMPANY PTY LTD, HUON AQUACULTURE GROUP PTY LTD, INDUSTRY PARK PTY. LTD., JBS AQUACULTURE PTY LTD, JBS AUSTRALIA FINANCE 1 PTY LTD, JBS AUSTRALIA FINANCE PTY LTD, JBS AUSTRALIA PTY LIMITED, PREMIER BEEHIVE HOLDCO PTY LTD, PRIMO FOODS PTY LTD, RIVALEA (AUSTRALIA) PTY LTD, RIVALEA HOLDINGS PTY LIMITED, S&C Australia Holdco Pty Ltd, S&C AUSTRALIA INVESTMENTS PTY LTD, SEVEN POINT PORK PTY LTD, WHITE STRIPE FOODS PTY LTD",document,"{'content': 'ANDREWS MEAT INDUSTRIES PTY LTD, AUSTRALIAN CONSOLIDATED FOOD HOLDINGS PTY LIMITED, BAYBRICK PTY. LTD., DIAMOND VALLEY PORK PTY LTD, HUON AQUACULTURE COMPANY PTY LTD, HUON AQUACULTURE GROUP PTY LTD, INDUSTRY PARK PTY. LTD., JBS AQUACULTURE PTY LTD, JBS AUSTRALIA FINANCE 1 PTY LTD, JBS AUSTRALIA FINANCE PTY LTD, JBS AUSTRALIA PTY LIMITED, PREMIER BEEHIVE HOLDCO PTY LTD, PRIMO FOODS PTY LTD, RIVALEA (AUSTRALIA) PTY LTD, RIVALEA HOLDINGS PTY LIMITED, S&C Australia Holdco Pty Ltd, S&C AUSTRALIA INVESTMENTS PTY LTD, SEVEN POINT PORK PTY LTD, WHITE STRIPE FOODS PTY LTD filed a joint modern slavery statement with the Australian Modern Slavery Register for the reporting period 2024-01-01 to 2024-12-29. The reporting entity is headquartered in Australia. The reporting entity has an annual revenue band of 1BN+. The reporting entity operates in the industry sectors: Food and beverages, agriculture and fishing. Register entry: https://modernslaveryregister.gov.au/statements/22622/.'}"
Modern slavery statement 2021-1092: CUBIC DEFENCE AUSTRALIA PTY LIMITED & CUBIC TRANSPORTATION SYSTEMS (AUSTRALIA) PTY LIMITED,document,"{'content': 'CUBIC DEFENCE AUSTRALIA PTY LIMITED (ABN 88 122 798 207) and CUBIC TRANSPORTATION SYSTEMS (AUSTRALIA) PTY LIMITED (ABN 82 003 617 561) filed a joint modern slavery statement with the Australian Modern Slavery Register for the reporting period 2019-10-01 to 2020-09-30. The reporting entities are headquartered in United States of America. The reporting entities have an annual revenue band of 300-350M. The reporting entities operate in the industry sectors: Transportation, logistics, and storage Information technology and telecommunication Defence and aerospace. Register entry: https://modernslaveryregister.gov.au/statements/2992/.'}"
Modern slavery statement 2022-712: RGA REINSURANCE COMPANY OF AUSTRALIA LIMITED,document,"{'content': 'RGA REINSURANCE COMPANY OF AUSTRALIA LIMITED (ABN 14 072 292 712) filed a joint modern slavery statement with the Australian Modern Slavery Register for the reporting period 2021-01-01 to 2021-12-31. The reporting entity is headquartered in Australia, United States of America. The reporting entity has an annual revenue band of 450-500M. The reporting entity operates in the industry sectors: Financial, insurance and real estate activities. Register entry: https://modernslaveryregister.gov.au/statements/8795/.'}"
Modern slavery statement 2021-188: Capitol South Yarra Pty Ltd,document,"{'content': 'Capitol South Yarra Pty Ltd filed a single modern slavery statement with the Australian Modern Slavery Register for the reporting period 2019-07-01 to 2020-06-30. The reporting entity is headquartered in Australia. The reporting entity has an annual revenue band of 200-250M. The reporting entity operates in the industry sectors: Construction, civil engineering and building products. Register entry: https://modernslaveryregister.gov.au/statements/1401/.'}"
Modern slavery statement 2021-3563: GREEN'S FOODS HOLDINGS PTY LIMITED & GREEN'S GENERAL FOODS PTY LIMITED & KIN GROUP PTY LTD et al.,document,"{'content': ""GREEN'S FOODS HOLDINGS PTY LIMITED (ABN 81 160 202 200), GREEN'S GENERAL FOODS PTY LIMITED (ABN 56 001 553 564), KIN GROUP PTY LTD (ABN 11 095 313 714) and KINRISE PTY LTD (ABN 43 143 389 404) filed a joint modern slavery statement with the Australian Modern Slavery Register for the reporting period 2020-07-01 to 2021-06-30. The reporting entities are headquartered in Australia. The reporting entities have an annual revenue band of 900M-1BN. The reporting entities operate in the industry sectors: Food and beverages, agriculture and fishing Financial, insurance and real estate activities. Register entry: https://modernslaveryregister.gov.au/statements/6849/.""}"
Modern slavery statement 2022-2352: United Equipment Pty Limited,document,"{'content': 'United Equipment Pty Limited (ABN 48 115 672 841) filed a single modern slavery statement with the Australian Modern Slavery Register for the reporting period 2021-07-01 to 2022-06-30. The reporting entity is headquartered in Australia. The reporting entity has an annual revenue band of 200-250M. The reporting entity operates in the industry sectors: Automotive, machinery and heavy electrical equipment. Register entry: https://modernslaveryregister.gov.au/statements/11127/.'}"
Modern slavery statement 2021-1282: ECLIPX GROUP LIMITED & Fleet Holding (Australia) Pty Limited & FLEET PARTNERS PTY LIMITED et al.,document,"{'content': 'ECLIPX GROUP LIMITED (ABN 85 131 557 901), Fleet Holding (Australia) Pty Limited (ABN 37 121 167 815), FLEET PARTNERS PTY LIMITED (ABN 63 006 706 832), Leasing Finance (Australia) Pty Limited (ABN 39 121 167 824) and Pacific Leasing Solutions (Australia) Pty Limited (ABN 84 121 168 447) filed a joint modern slavery statement with the Australian Modern Slavery Register for the reporting period 2019-10-01 to 2020-09-30. The reporting entities are headquartered in Australia. The reporting entities have an annual revenue band of 1BN+. The reporting entities operate in the industry sectors: Transportation, logistics, and storage Financial, insurance and real estate activities. Register entry: https://modernslaveryregister.gov.au/statements/3184/.'}"
Modern slavery statement 2022-2836: CLEARVIEW LIFE ASSURANCE LIMITED & CLEARVIEW WEALTH LIMITED,document,"{'content': 'CLEARVIEW LIFE ASSURANCE LIMITED (ABN 12 000 021 581) and CLEARVIEW WEALTH LIMITED (ABN 83 106 248 248) filed a joint modern slavery statement with the Australian Modern Slavery Register for the reporting period 2021-07-01 to 2022-06-30. The reporting entities are headquartered in Australia. The reporting entities have an annual revenue band of 500-600M. The reporting entities operate in the industry sectors: Financial, insurance and real estate activities. Register entry: https://modernslaveryregister.gov.au/statements/11724/.'}"
Modern slavery statement 2021-3928: The Trustee for Lovelight Unit Trust,document,"{'content': 'The Trustee for Lovelight Unit Trust (ABN 26 596 489 876) filed a single modern slavery statement with the Australian Modern Slavery Register for the reporting period 2020-07-01 to 2021-06-30. The reporting entity is headquartered in Australia. The reporting entity has an annual revenue band of 0-99M. The reporting entity operates in the industry sectors: Durable consumer goods, including electronics and appliances, home furnishings and other accessories. Register entry: https://modernslaveryregister.gov.au/statements/7377/.'}"
Modern slavery statement 2022-2396: The Trustee for Blue Asset Partner Trust & Others & The Trustee for Blue Op Partner Trust & Others,document,"{'content': 'The Trustee for Blue Asset Partner Trust & Others (ABN 48 622 605 040) and The Trustee for Blue Op Partner Trust & Others (ABN 78 508 211 731) filed a joint modern slavery statement with the Australian Modern Slavery Register for the reporting period 2021-07-01 to 2022-06-30. The reporting entities are headquartered in Australia. The reporting entities have an annual revenue band of 1BN+. The reporting entities operate in the industry sectors: Utilities: gas, water and electricity. Register entry: https://modernslaveryregister.gov.au/statements/11187/.'}"
Modern slavery statement 2022-3093: Bareage Pty. Limited & CAIRNTON HOLDINGS PTY LIMITED & CAIRNTON PTY LTD et al.,document,"{'content': 'Bareage Pty. Limited (ABN 79 060 526 865), CAIRNTON HOLDINGS PTY LIMITED (ABN 79 008 394 134), CAIRNTON PTY LTD (ABN 73 001 735 075), Conpress Securities Pty Limited (ABN 81 160 602 853), CONSOLIDATED PRESS (FINANCE) PTY LTD (ABN 22 001 557 035), CONSOLIDATED PRESS FINANCIAL SERVICES PTY LIMITED (ABN 91 008 457 869), CONSOLIDATED PRESS HOLDINGS PTY LIMITED (ABN 64 008 394 509), CPH Crown Holdings Pty Limited (ABN 25 603 295 804), CPH GAMING III PTY LIMITED (ABN 66 603 296 162), CPH GAMING II PTY LIMITED (ABN 97 603 295 923), CPH GAMING I PTY LIMITED (ABN 38 603 295 674), CPH GAMING IVA PTY LIMITED (ABN 51 603 296 537) and CPH GAMING IVB PTY LIMITED (ABN 53 603 296 546) filed a joint modern slavery statement with the Australian Modern Slavery Register for the reporting period 2020-07-01 to 2021-06-30. The reporting entities are headquartered in Australia. The reporting entities have an annual revenue band of 1BN+. The reporting entities operate in the industry sectors: Other. Register entry: https://modernslaveryregister.gov.au/statements/12035/.'}"
Modern slavery statement 2022-2952: SPC GLOBAL LTD & SPC OPERATIONS PTY LTD & THE GOOD MEAL CO PTY LTD et al.,document,"{'content': 'SPC GLOBAL LTD (ABN 73 633 389 394), SPC OPERATIONS PTY LTD (ABN 53 633 532 162), THE GOOD MEAL CO PTY LTD (ABN 44 623 746 592) and THE KUISINE COMPANY PTY LTD (ABN 59 147 334 101) filed a joint modern slavery statement with the Australian Modern Slavery Register for the reporting period 2021-07-01 to 2022-06-30. The reporting entities are headquartered in Australia. The reporting entities have an annual revenue band of 200-250M. The reporting entities operate in the industry sectors: Food and beverages, agriculture and fishing. Register entry: https://modernslaveryregister.gov.au/statements/11757/.'}"
Modern slavery statement 2021-829: NORTH QUEENSLAND EXPORT TERMINAL HOLDINGS PTY LTD & NQXT PORT PTY LTD,document,"{'content': 'NORTH QUEENSLAND EXPORT TERMINAL HOLDINGS PTY LTD (ABN 17 154 644 685) and NQXT PORT PTY LTD (ABN 61 150 498 098) filed a joint modern slavery statement with the Australian Modern Slavery Register for the reporting period 2019-04-01 to 2020-03-30. The reporting entities are headquartered in Australia. The reporting entities have an annual revenue band of 400-450M. The reporting entities operate in the industry sectors: Transportation, logistics, and storage. Register entry: https://modernslaveryregister.gov.au/statements/2590/.'}"
Modern slavery statement 2025-2805: POLICE BANK LTD,document,{'content': 'POLICE BANK LTD (ABN 95 087 650 799) filed a single modern slavery statement with the Australian Modern Slavery Register for the reporting period 2024-07-01 to 2025-06-30. The reporting entity is headquartered in Australia. The reporting entity has an annual revenue band of 100-150M. The reporting entity operates in the industry sectors: Financial and Insurance Services. Register entry: https://modernslaveryregister.gov.au/statements/25612/.'}
Modern slavery statement 2021-149: FREEDOM ENERGY HOLDINGS PTY LTD,document,{'content': 'FREEDOM ENERGY HOLDINGS PTY LTD (ABN 24 093 243 844) filed a single modern slavery statement with the Australian Modern Slavery Register for the reporting period 2020-01-01 to 2020-12-31. The reporting entity is headquartered in Australia. The reporting entity has an annual revenue band of 1BN+. The reporting entity operates in the industry sectors: Other. Register entry: https://modernslaveryregister.gov.au/statements/1313/.'}
Modern slavery statement 2022-1812: GTN LIMITED,document,"{'content': 'GTN LIMITED (ABN 38 606 841 801) filed a single modern slavery statement with the Australian Modern Slavery Register for the reporting period 2021-07-01 to 2022-06-30. The reporting entity is headquartered in Australia. The reporting entity has an annual revenue band of 150-200M. The reporting entity operates in the industry sectors: Media, publishing, arts and entertainment. Register entry: https://modernslaveryregister.gov.au/statements/10350/.'}"
Modern slavery statement 2025-1553: VESTAS - AUSTRALIAN WIND TECHNOLOGY PTY. LIMITED,document,"{'content': 'VESTAS - AUSTRALIAN WIND TECHNOLOGY PTY. LIMITED filed a single modern slavery statement with the Australian Modern Slavery Register for the reporting period 2024-01-01 to 2024-12-31. The reporting entity is headquartered in Denmark. The reporting entity has an annual revenue band of 1BN+. The reporting entity operates in the industry sectors: Automotive, machinery and heavy electrical equipment Utilities: gas, water and electricity Construction, civil engineering and building products. Register entry: https://modernslaveryregister.gov.au/statements/23822/.'}"
Modern slavery statement 2023-909: COCA-COLA SOUTH PACIFIC PTY LTD,document,"{'content': 'COCA-COLA SOUTH PACIFIC PTY LTD (ABN 50 003 029 794) filed a single modern slavery statement with the Australian Modern Slavery Register for the reporting period 2022-01-01 to 2022-12-31. The reporting entity is headquartered in Australia. The reporting entity has an annual revenue band of 100-150M. The reporting entity operates in the industry sectors: Food and beverages, agriculture and fishing. Register entry: https://modernslaveryregister.gov.au/statements/13440/.'}"
Modern slavery statement 2024-2365: The Trustee for Exemplar Health (Frankston) Trust,document,"{'content': 'The Trustee for Exemplar Health (Frankston) Trust (ABN 57 118 894 818) filed a single modern slavery statement with the Australian Modern Slavery Register for the reporting period 2023-07-01 to 2024-06-30. The reporting entity is headquartered in Australia. The reporting entity has an annual revenue band of 300-350M. The reporting entity operates in the industry sectors: Construction, civil engineering and building products. Register entry: https://modernslaveryregister.gov.au/statements/19996/.'}"
Modern slavery statement 2021-3904: COMPLETE OFFICE SUPPLIES PTY LTD,document,{'content': 'COMPLETE OFFICE SUPPLIES PTY LTD (ABN 92 001 634 715) filed a single modern slavery statement with the Australian Modern Slavery Register for the reporting period 2020-07-01 to 2021-06-30. The reporting entity is headquartered in Australia. The reporting entity has an annual revenue band of 200-250M. The reporting entity operates in the industry sectors: Other. Register entry: https://modernslaveryregister.gov.au/statements/7353/.'}
Modern slavery statement 2025-1965: SPECSAVERS PTY. LTD.,document,{'content': 'SPECSAVERS PTY. LTD. filed a single modern slavery statement with the Australian Modern Slavery Register for the reporting period 2024-03-01 to 2025-02-28. The reporting entity is headquartered in Australia. The reporting entity has an annual revenue band of 1BN+. The reporting entity operates in the industry sectors: Retail Trade Health Care and Social Assistance. Register entry: https://modernslaveryregister.gov.au/statements/24341/.'}
Modern slavery statement 2021-1570: COGNIZANT TECHNOLOGY SOLUTIONS AUSTRALIA PTY LTD,document,{'content': 'COGNIZANT TECHNOLOGY SOLUTIONS AUSTRALIA PTY LTD (ABN 74 100 749 997) filed a single modern slavery statement with the Australian Modern Slavery Register for the reporting period 2020-01-01 to 2020-12-31. The reporting entity is headquartered in Australia. The reporting entity has an annual revenue band of 200-250M. The reporting entity operates in the industry sectors: Information technology and telecommunication. Register entry: https://modernslaveryregister.gov.au/statements/3655/.'}
Modern slavery statement 2023-575: TELIX INTERNATIONAL PTY LTD & TELIX PHARMACEUTICALS LIMITED,document,{'content': 'TELIX INTERNATIONAL PTY LTD (ABN 26 616 657 839) and TELIX PHARMACEUTICALS LIMITED (ABN 85 616 620 369) filed a joint modern slavery statement with the Australian Modern Slavery Register for the reporting period 2022-01-01 to 2022-12-31. The reporting entities are headquartered in Australia. The reporting entities have an annual revenue band of 200-250M. The reporting entities operate in the industry sectors: Healthcare and pharmaceuticals. Register entry: https://modernslaveryregister.gov.au/statements/12942/.'}
Modern slavery statement 2025-522: WORKFORCE INTERNATIONAL GROUP PTY LIMITED,document,"{'content': 'WORKFORCE INTERNATIONAL GROUP PTY LIMITED (ABN 29 141 197 097) filed a single modern slavery statement with the Australian Modern Slavery Register for the reporting period 2024-01-01 to 2024-12-31. The reporting entity is headquartered in Australia. The reporting entity has an annual revenue band of 100-150M. The reporting entity operates in the industry sectors: Other. The statement also covers the included entities: TRAFFICCA ROAD SERVICES PTY LTD (47 611 369 352), TRAFFICCA ROAD SERVICES (VIC) PTY LTD (99 662 534 483), TRAFFIC GROUP AUSTRALIA PTY LIMITED (49 143 304 796), WORKFORCE INTERNATIONAL (OFFICE SERVICES) PTY LIMITED (14 104 458 675), WORKFORCE RECRUITMENT AND LABOUR SERVICES PTY LTD (33 142 782 296), WORKFORCE ROAD SERVICES PTY LIMITED (36 136 999 374), WORKFORCE ROAD SERVICES QLD PTY. LTD. (30 644 543 279). Register entry: https://modernslaveryregister.gov.au/statements/22403/.'}"
Modern slavery statement 2021-2517: GLASSONS AUSTRALIA LIMITED,document,"{'content': 'GLASSONS AUSTRALIA LIMITED (ABN 15 074 774 637) filed a single modern slavery statement with the Australian Modern Slavery Register for the reporting period 2020-07-01 to 2021-06-30. The reporting entity is headquartered in New Zealand. The reporting entity has an annual revenue band of 300-350M. The reporting entity operates in the industry sectors: Fashion, textiles, apparel and luxury goods. Register entry: https://modernslaveryregister.gov.au/statements/5217/.'}"
Modern slavery statement 2023-1785: DWS PTY LTD & HCL AUSTRALIA SERVICES PTY. LIMITED,document,{'content': 'DWS PTY LTD (ABN 83 085 656 088) and HCL AUSTRALIA SERVICES PTY. LIMITED (ABN 72 081 196 983) filed a joint modern slavery statement with the Australian Modern Slavery Register for the reporting period 2022-04-01 to 2023-03-30. The reporting entities are headquartered in Australia. The reporting entities have an annual revenue band of 700-800M. The reporting entities operate in the industry sectors: Information technology and telecommunication. Register entry: https://modernslaveryregister.gov.au/statements/14609/.'}
Modern slavery statement 2025-1034: ACCIONA ENERGY AUSTRALIA GLOBAL PTY LTD & ACCIONA ENERGY OCEANIA CONSTRUCTION PTY LTD,document,"{'content': 'ACCIONA ENERGY AUSTRALIA GLOBAL PTY LTD (ABN 54 600 910 647) and ACCIONA ENERGY OCEANIA CONSTRUCTION PTY LTD (ABN 85 164 011 723) filed a joint modern slavery statement with the Australian Modern Slavery Register for the reporting period 2024-01-01 to 2024-12-31. The reporting entities are headquartered in Australia. The reporting entities have an annual revenue band of 100-150M. The reporting entities operate in the industry sectors: Utilities: gas, water and electricity. The statement also covers the included entities: KARARA HOLDINGS PTY LTD (22 672 150 846). Register entry: https://modernslaveryregister.gov.au/statements/23195/.'}"
Modern slavery statement 2025-3763: COAL MINES INSURANCE PTY LTD & COAL SERVICES PTY LIMITED,document,{'content': 'COAL MINES INSURANCE PTY LTD (ABN 70 000 011 727) and COAL SERVICES PTY LIMITED (ABN 98 099 078 234) filed a joint modern slavery statement with the Australian Modern Slavery Register for the reporting period 2024-07-01 to 2025-06-30. The reporting entities are headquartered in Australia. The reporting entities have an annual revenue band of 350-400M. The reporting entities operate in the industry sectors: Financial and Insurance Services Health Care and Social Assistance Mining. The statement also covers the included entities: MINES RESCUE PTY LIMITED (15 099 078 261). Register entry: https://modernslaveryregister.gov.au/statements/26858/.'}
Modern slavery statement 2022-1118: The Trustee for The Core Trust,document,"{'content': 'The Trustee for The Core Trust (ABN 74 250 505 261) filed a single modern slavery statement with the Australian Modern Slavery Register for the reporting period 2021-01-01 to 2021-12-31. The reporting entity is headquartered in Australia. The reporting entity has an annual revenue band of 100-150M. The reporting entity operates in the industry sectors: Financial, insurance and real estate activities. Register entry: https://modernslaveryregister.gov.au/statements/9393/.'}"
Modern slavery statement 2021-2815: JAX COAL PTY LTD & NORTHERN HUB (DRAKE) PTY LTD & QCOAL PTY LTD,document,"{'content': 'JAX COAL PTY LTD (ABN 89 133 499 500), NORTHERN HUB (DRAKE) PTY LTD (ABN 86 609 547 033) and QCOAL PTY LTD (ABN 99 010 911 234) filed a joint modern slavery statement with the Australian Modern Slavery Register for the reporting period 2020-07-01 to 2021-06-30. The reporting entities are headquartered in Australia. The reporting entities have an annual revenue band of 250-300M. The reporting entities operate in the industry sectors: Mining, metals, chemicals and resources (including oil and gas). Register entry: https://modernslaveryregister.gov.au/statements/5675/.'}"
"Modern slavery statement 2025-3370: BINDAREE BEEF PTY. LIMITED, BINDAREE FOOD GROUP PTY LTD, MONBEEF PTY LIMITED, SANGER AUSTRALIA PTY LTD, YOLARNO PTY LTD",document,"{'content': 'BINDAREE BEEF PTY. LIMITED, BINDAREE FOOD GROUP PTY LTD, MONBEEF PTY LIMITED, SANGER AUSTRALIA PTY LTD, YOLARNO PTY LTD filed a joint modern slavery statement with the Australian Modern Slavery Register for the reporting period 2024-07-01 to 2025-06-30. The reporting entity is headquartered in Australia. The reporting entity has an annual revenue band of 700-800M. The reporting entity operates in the industry sectors: Agriculture, Forestry and Fishing. Register entry: https://modernslaveryregister.gov.au/statements/25177/.'}"
Modern slavery statement 2021-652: GBST HOLDINGS LTD,document,{'content': 'GBST HOLDINGS LTD (ABN 85 010 488 874) filed a single modern slavery statement with the Australian Modern Slavery Register for the reporting period 2019-07-01 to 2020-06-30. The reporting entity is headquartered in Australia. The reporting entity has an annual revenue band of 100-150M. The reporting entity operates in the industry sectors: Information technology and telecommunication. Register entry: https://modernslaveryregister.gov.au/statements/2284/.'}
Modern slavery statement 2022-668: BLIGH COAL LIMITED & BOGGABRI COAL PTY LIMITED & ENSHAM COAL SALES PTY. LTD. et al.,document,"{'content': 'BLIGH COAL LIMITED (ABN 20 010 186 393), BOGGABRI COAL PTY LIMITED (ABN 77 122 087 398), ENSHAM COAL SALES PTY. LTD. (ABN 13 050 411 713), IDEMITSU AUSTRALIA PTY LTD (ABN 45 010 236 272) and IDEMITSU COAL MARKETING AUSTRALIA PTY LTD (ABN 52 003 671 707) filed a joint modern slavery statement with the Australian Modern Slavery Register for the reporting period 2021-01-01 to 2021-12-31. The reporting entities are headquartered in Australia. The reporting entities have an annual revenue band of 1BN+. The reporting entities operate in the industry sectors: Mining, metals, chemicals and resources (including oil and gas). Register entry: https://modernslaveryregister.gov.au/statements/8714/.'}"
Modern slavery statement 2021-1987: CAPGEMINI AUSTRALIA PTY LIMITED,document,{'content': 'CAPGEMINI AUSTRALIA PTY LIMITED (ABN 11 092 284 314) filed a single modern slavery statement with the Australian Modern Slavery Register for the reporting period 2020-01-01 to 2020-12-31. The reporting entity is headquartered in France. The reporting entity has an annual revenue band of 400-450M. The reporting entity operates in the industry sectors: Information technology and telecommunication. Register entry: https://modernslaveryregister.gov.au/statements/4483/.'}
"Modern slavery statement 2025-929: Covetrus Australia, PROVET NZ PTY LTD & PROVET PTY LTD",document,"{'content': 'Covetrus Australia, PROVET NZ PTY LTD (ABN 60 099 854 065) and PROVET PTY LTD (ABN 46 076 468 481) filed a joint modern slavery statement with the Australian Modern Slavery Register for the reporting period 2023-01-01 to 2023-12-31. The reporting entities are headquartered in Australia. The reporting entities have an annual revenue band of 350-400M. The reporting entities operate in the industry sectors: Healthcare and pharmaceuticals. The statement also covers the included entities: PELICAN ACQUISITION COMPANY PTY LTD (94 146 841 027), PELICAN ACQUISITION COMPANY PTY LTD (94 146 841 027), PROVET HOLDINGS LIMITED (91 092 593 774), PROVET QUEENSLAND PTY LTD (52 076 437 280). Register entry: https://modernslaveryregister.gov.au/statements/23051/.'}"
Modern slavery statement 2023-1937: NEC AUSTRALIA PTY LTD & NEC IT SERVICES AUSTRALIA PTY LTD & NEC IT SOLUTIONS AUSTRALIA PTY LTD,document,"{'content': 'NEC AUSTRALIA PTY LTD (ABN 86 001 217 527), NEC IT SERVICES AUSTRALIA PTY LTD (ABN 27 096 278 198) and NEC IT SOLUTIONS AUSTRALIA PTY LTD (ABN 58 009 378 643) filed a joint modern slavery statement with the Australian Modern Slavery Register for the reporting period 2022-04-01 to 2023-03-30. The reporting entities are headquartered in Australia. The reporting entities have an annual revenue band of 350-400M. The reporting entities operate in the industry sectors: Information technology and telecommunication. Register entry: https://modernslaveryregister.gov.au/statements/14806/.'}"
Modern slavery statement 2025-806: AGCO AUSTRALIA LIMITED,document,"{'content': 'AGCO AUSTRALIA LIMITED (ABN 89 004 092 684) filed a single modern slavery statement with the Australian Modern Slavery Register for the reporting period 2024-01-01 to 2024-12-31. The reporting entity is headquartered in Australia. The reporting entity has an annual revenue band of 450-500M. The reporting entity operates in the industry sectors: Food and beverages, agriculture and fishing Automotive, machinery and heavy electrical equipment. The statement also covers the included entities: SPAREX AUSTRALIA PTY LTD (71 005 437 150). Register entry: https://modernslaveryregister.gov.au/statements/22860/.'}"
Modern slavery statement 2024-1967: TOSHIBA (AUSTRALIA) PTY LTD,document,{'content': 'TOSHIBA (AUSTRALIA) PTY LTD (ABN 19 001 320 421) filed a single modern slavery statement with the Australian Modern Slavery Register for the reporting period 2023-04-01 to 2024-03-31. The reporting entity is headquartered in Australia. The reporting entity has an annual revenue band of 100-150M. The reporting entity operates in the industry sectors: Information technology and telecommunication. Register entry: https://modernslaveryregister.gov.au/statements/19475/.'}
Modern slavery statement 2021-1739: JAMES COOK UNIVERSITY,document,{'content': 'JAMES COOK UNIVERSITY (ABN 46 253 211 955) filed a single modern slavery statement with the Australian Modern Slavery Register for the reporting period 2020-01-01 to 2020-12-31. The reporting entity is headquartered in Australia. The reporting entity has an annual revenue band of 500-600M. The reporting entity operates in the industry sectors: Education and research. Register entry: https://modernslaveryregister.gov.au/statements/3985/.'}
Modern slavery statement 2023-2732: F. MAYER (IMPORTS) PTY LTD,document,"{'content': 'F. MAYER (IMPORTS) PTY LTD (ABN 51 000 697 889) filed a single modern slavery statement with the Australian Modern Slavery Register for the reporting period 2022-07-01 to 2023-06-30. The reporting entity is headquartered in Australia. The reporting entity has an annual revenue band of 250-300M. The reporting entity operates in the industry sectors: Food and beverages, agriculture and fishing. Register entry: https://modernslaveryregister.gov.au/statements/15920/.'}"
Modern slavery statement 2022-2841: QUEENSLAND TITLES REGISTRY PTY LTD,document,{'content': 'QUEENSLAND TITLES REGISTRY PTY LTD (ABN 23 648 568 101) filed a single modern slavery statement with the Australian Modern Slavery Register for the reporting period 2021-07-01 to 2022-06-30. The reporting entity is headquartered in Australia. The reporting entity has an annual revenue band of 700-800M. The reporting entity operates in the industry sectors: Other. Register entry: https://modernslaveryregister.gov.au/statements/10702/.'}
Modern slavery statement 2025-1299: AUSNET PTY LTD & AUSTRALIAN ENERGY HOLDINGS NO 1 PTY LTD,document,"{'content': 'AUSNET PTY LTD (ABN 45 603 317 559) and AUSTRALIAN ENERGY HOLDINGS NO 1 PTY LTD (ABN 18 654 672 670) filed a joint modern slavery statement with the Australian Modern Slavery Register for the reporting period 2024-01-01 to 2024-12-31. The reporting entities are headquartered in Australia. The reporting entities have an annual revenue band of 1BN+. The reporting entities operate in the industry sectors: Utilities: gas, water and electricity. The statement also covers the included entities: AUSNET ELECTRICITY SERVICES PTY LTD (91 064 651 118), AUSNET GAS SERVICES PTY LTD (43 086 015 036), AUSNET SERVICES (DISTRIBUTION) PTY LTD (37 108 788 245), AUSNET SERVICES HOLDINGS PTY LTD (97 086 006 859), AUSNET SERVICES (TRANSMISSION) PTY LTD (48 116 124 362), AUSNET TRANSMISSION GROUP PTY LTD (78 079 798 173), AUSTRALIAN ENERGY HOLDINGS NO 2 PTY LTD (79 654 672 992), AUSTRALIAN ENERGY HOLDINGS NO 3 PTY LTD (80 654 673 300), AUSTRALIAN ENERGY HOLDINGS NO 4 PTY LTD (77 654 673 793). Register entry: https://modernslaveryregister.gov.au/statements/23551/.'}"
Modern slavery statement 2023-1080: ONEPATH GENERAL INSURANCE PTY LIMITED & ZURICH ASSURE AUSTRALIA PTY LIMITED & ZURICH AUSTRALIA LIMITED et al.,document,"{'content': 'ONEPATH GENERAL INSURANCE PTY LIMITED (ABN 56 072 892 365), ZURICH ASSURE AUSTRALIA PTY LIMITED (ABN 58 657 804 736), ZURICH AUSTRALIA LIMITED (ABN 92 000 010 195), ZURICH AUSTRALIAN INSURANCE LIMITED (ABN 13 000 296 640), ZURICH FINANCIAL SERVICES AUSTRALIA LIMITED (ABN 11 008 423 372), ZURICH INVESTMENT MANAGEMENT LIMITED (ABN 56 063 278 400) and ZURICH SERVICES (AUSTRALIA) PTY LIMITED (ABN 17 627 298 337) filed a joint modern slavery statement with the Australian Modern Slavery Register for the reporting period 2022-01-01 to 2022-12-31. The reporting entities are headquartered in Australia. The reporting entities have an annual revenue band of 1BN+. The reporting entities operate in the industry sectors: Financial, insurance and real estate activities. Register entry: https://modernslaveryregister.gov.au/statements/13603/.'}"
Modern slavery statement 2024-1436: N-ABLE AUSTRALIA PTY LTD,document,{'content': 'N-ABLE AUSTRALIA PTY LTD (ABN 78 644 615 574) filed a single modern slavery statement with the Australian Modern Slavery Register for the reporting period 2023-01-01 to 2023-12-31. The reporting entity is headquartered in United States of America. The reporting entity has an annual revenue band of 0-99M. The reporting entity operates in the industry sectors: Information technology and telecommunication. Register entry: https://modernslaveryregister.gov.au/statements/18748/.'}
Modern slavery statement 2021-790: AWARE FINANCIAL SERVICES AUSTRALIA LIMITED & AWARE SUPER PTY LTD & FSSSP FINANCIAL SERVICES PTY LIMITED,document,"{'content': 'AWARE FINANCIAL SERVICES AUSTRALIA LIMITED (ABN 86 003 742 756), AWARE SUPER PTY LTD (ABN 11 118 202 672) and FSSSP FINANCIAL SERVICES PTY LIMITED (ABN 99 612 452 598) filed a joint modern slavery statement with the Australian Modern Slavery Register for the reporting period 2019-07-01 to 2020-06-30. The reporting entities are headquartered in Australia. The reporting entities have an annual revenue band of 1BN+. The reporting entities operate in the industry sectors: Financial, insurance and real estate activities. Register entry: https://modernslaveryregister.gov.au/statements/2508/.'}"
Modern slavery statement 2022-157: BOWEN & POMEROY PROPRIETARY LIMITED,document,"{'content': 'BOWEN & POMEROY PROPRIETARY LIMITED (ABN 78 004 174 887) filed a single modern slavery statement with the Australian Modern Slavery Register for the reporting period 2020-07-01 to 2021-06-30. The reporting entity is headquartered in Australia. The reporting entity has an annual revenue band of 400-450M. The reporting entity operates in the industry sectors: Construction, civil engineering and building products. Register entry: https://modernslaveryregister.gov.au/statements/7927/.'}"
"Modern slavery statement 2025-1164: Expedia, Inc., Hotels.com, L.P., STAYZ PTY LIMITED, Trivago NV",document,"{'content': 'Expedia, Inc., Hotels.com, L.P., STAYZ PTY LIMITED, Trivago NV filed a joint modern slavery statement with the Australian Modern Slavery Register for the reporting period 2024-01-01 to 2024-12-31. The reporting entity is headquartered in United States of America. The reporting entity has an annual revenue band of 1BN+. The reporting entity operates in the industry sectors: Consumer services, including accommodation, hospitality, tourism and leisure. Register entry: https://modernslaveryregister.gov.au/statements/23384/.'}"
Modern slavery statement 2025-701: APEX BUILDING PRODUCTS PTY LTD,document,"{'content': 'APEX BUILDING PRODUCTS PTY LTD (ABN 27 078 974 115) filed a single modern slavery statement with the Australian Modern Slavery Register for the reporting period 2024-07-01 to 2025-06-30. The reporting entity is headquartered in Australia. The reporting entity has an annual revenue band of 500-600M. The reporting entity operates in the industry sectors: Manufacturing. The statement also covers the included entities: APEX BUILDING PRODUCTS (NSW) PTY LTD, APEX BUILDINGS PRODUCTS (QLD) PTY LTD, APEX STEEL PTY LTD, APEX STEEL & SHED SUPPLIES PTY LTD, APEX STEEL SUPPLIES DARWIN PTY LTD, APEX STEEL SUPPLIES PTY LTD. Register entry: https://modernslaveryregister.gov.au/statements/22701/.'}"
Modern slavery statement 2023-3093: THE TRUSTEE FOR REALINDEX GLOBAL SHARE FUND (SCREENED),document,"{'content': 'THE TRUSTEE FOR REALINDEX GLOBAL SHARE FUND (SCREENED) (ABN 15 541 594 372) filed a single modern slavery statement with the Australian Modern Slavery Register for the reporting period 2022-07-01 to 2023-06-30. The reporting entity is headquartered in Australia. The reporting entity has an annual revenue band of 200-250M. The reporting entity operates in the industry sectors: Financial, insurance and real estate activities. Register entry: https://modernslaveryregister.gov.au/statements/16362/.'}"
Modern slavery statement 2024-3544: OBJECTIVE CORPORATION LIMITED,document,"{'content': 'OBJECTIVE CORPORATION LIMITED (ABN 16 050 539 350) filed a single modern slavery statement with the Australian Modern Slavery Register for the reporting period 2023-07-01 to 2024-06-30. The reporting entity is headquartered in Australia. The reporting entity has an annual revenue band of 100-150M. The reporting entity operates in the industry sectors: Information technology and telecommunication. The statement also covers the included entities: Alpha 88 Limited, Objective Corporation North America Inc., Objective Corporation Singapore Pte Limited, Objective Corporation Solutions NZ Limited, Objective Corporation UK Limited, Objective Corporation USA Inc., Objective Regtech Pty Limited. Register entry: https://modernslaveryregister.gov.au/statements/21512/.'}"
Modern slavery statement 2021-3583: AETV PTY LTD & HYDRO-ELECTRIC CORPORATION & Momentum Energy Pty Limited,document,"{'content': 'AETV PTY LTD (ABN 29 123 391 613), HYDRO-ELECTRIC CORPORATION (ABN 48 072 377 158) and Momentum Energy Pty Limited (ABN 42 100 569 159) filed a joint modern slavery statement with the Australian Modern Slavery Register for the reporting period 2020-07-01 to 2021-06-30. The reporting entities are headquartered in Australia. The reporting entities have an annual revenue band of 1BN+. The reporting entities operate in the industry sectors: Utilities: gas, water and electricity. Register entry: https://modernslaveryregister.gov.au/statements/6871/.'}"
Modern slavery statement 2024-2200: MOBIS PARTS AUSTRALIA PTY LIMITED,document,"{'content': 'MOBIS PARTS AUSTRALIA PTY LIMITED (ABN 34 107 778 156) filed a single modern slavery statement with the Australian Modern Slavery Register for the reporting period 2023-01-01 to 2023-12-31. The reporting entity is headquartered in Republic of Korea (South Korea). The reporting entity has an annual revenue band of 200-250M. The reporting entity operates in the industry sectors: Automotive, machinery and heavy electrical equipment Other. Register entry: https://modernslaveryregister.gov.au/statements/19200/.'}"
Modern slavery statement 2021-2853: CANBERRA DATA CENTRES PROPRIETARY LIMITED,document,{'content': 'CANBERRA DATA CENTRES PROPRIETARY LIMITED (ABN 59 125 710 394) filed a single modern slavery statement with the Australian Modern Slavery Register for the reporting period 2020-04-01 to 2021-03-30. The reporting entity is headquartered in Australia. The reporting entity has an annual revenue band of 100-150M. The reporting entity operates in the industry sectors: Information technology and telecommunication. Register entry: https://modernslaveryregister.gov.au/statements/5728/.'}
Modern slavery statement 2023-29: DYNO NOBEL ASIA PACIFIC PTY LIMITED & DYNO NOBEL MORANBAH PTY LTD & DYNO NOBEL PTY LIMITED et al.,document,"{'content': 'DYNO NOBEL ASIA PACIFIC PTY LIMITED (ABN 38 003 269 010), DYNO NOBEL MORANBAH PTY LTD (ABN 63 115 650 649), DYNO NOBEL PTY LIMITED (ABN 44 117 733 463), INCITEC FERTILISERS OPERATIONS PTY LTD (ABN 56 103 709 155), INCITEC PIVOT EXPLOSIVES HOLDINGS PTY LIMITED (ABN 88 124 351 328), INCITEC PIVOT FERTILISERS LIMITED (ABN 30 004 936 850), INCITEC PIVOT INVESTMENTS 1 PTY LTD (ABN 18 130 242 090), INCITEC PIVOT INVESTMENTS 2 PTY LTD (ABN 97 130 242 045) and INCITEC PIVOT LIMITED (ABN 42 004 080 264) filed a joint modern slavery statement with the Australian Modern Slavery Register for the reporting period 2021-10-01 to 2022-09-30. The reporting entities are headquartered in Australia. The reporting entities have an annual revenue band of 1BN+. The reporting entities operate in the industry sectors: Mining, metals, chemicals and resources (including oil and gas). Register entry: https://modernslaveryregister.gov.au/statements/12106/.'}"
Modern slavery statement 2023-1696: THE TRUSTEE FOR CAY'S FAMILY TRUST,document,"{'content': ""THE TRUSTEE FOR CAY'S FAMILY TRUST (ABN 49 613 977 502) filed a single modern slavery statement with the Australian Modern Slavery Register for the reporting period 2022-07-01 to 2023-06-30. The reporting entity is headquartered in Australia. The reporting entity has an annual revenue band of 0-99M. The reporting entity operates in the industry sectors: Mining, metals, chemicals and resources (including oil and gas) Construction, civil engineering and building products. Register entry: https://modernslaveryregister.gov.au/statements/14460/.""}"
Modern slavery statement 2023-1642: IMCD AUSTRALIA PTY LTD,document,"{'content': 'IMCD AUSTRALIA PTY LTD (ABN 44 000 005 578) filed a single modern slavery statement with the Australian Modern Slavery Register for the reporting period 2022-01-01 to 2022-12-31. The reporting entity is headquartered in Netherlands. The reporting entity has an annual revenue band of 450-500M. The reporting entity operates in the industry sectors: Mining, metals, chemicals and resources (including oil and gas). Register entry: https://modernslaveryregister.gov.au/statements/14384/.'}"
Modern slavery statement 2022-1753: ENVIROLAB SERVICES PTY LTD & ENVIROLAB SERVICES (WA) PTY LTD,document,"{'content': 'ENVIROLAB SERVICES PTY LTD (ABN 37 112 535 645) and ENVIROLAB SERVICES (WA) PTY LTD (ABN 53 140 099 207) filed a joint modern slavery statement with the Australian Modern Slavery Register for the reporting period 2022-01-01 to 2022-12-31. The reporting entities are headquartered in Australia. The reporting entities have an annual revenue band of 0-99M. The reporting entities operate in the industry sectors: Professional and administrative services and supplies, including legal, consulting and accounting services. Register entry: https://modernslaveryregister.gov.au/statements/10255/.'}"
Modern slavery statement 2024-3030: DECJUBA PTY LTD,document,"{'content': 'DECJUBA PTY LTD (ABN 22 611 918 873) filed a single modern slavery statement with the Australian Modern Slavery Register for the reporting period 2023-07-01 to 2024-06-30. The reporting entity is headquartered in Australia. The reporting entity has an annual revenue band of 200-250M. The reporting entity operates in the industry sectors: Fashion, textiles, apparel and luxury goods. Register entry: https://modernslaveryregister.gov.au/statements/20910/.'}"
Modern slavery statement 2022-1138: PACCAR AUSTRALIA PTY. LTD.,document,{'content': 'PACCAR AUSTRALIA PTY. LTD. (ABN 43 004 669 667) filed a single modern slavery statement with the Australian Modern Slavery Register for the reporting period 2021-01-01 to 2021-12-31. The reporting entity is headquartered in Australia. The reporting entity has an annual revenue band of 1BN+. The reporting entity operates in the industry sectors: Other. Register entry: https://modernslaveryregister.gov.au/statements/9417/.'}
Modern slavery statement 2024-3243: E&P FINANCIAL GROUP LIMITED & EVANS AND PARTNERS PTY. LTD.,document,"{'content': 'E&P FINANCIAL GROUP LIMITED (ABN 54 609 913 457) and EVANS AND PARTNERS PTY. LTD. (ABN 85 125 338 785) filed a joint modern slavery statement with the Australian Modern Slavery Register for the reporting period 2023-07-01 to 2024-06-30. The reporting entities are headquartered in Australia. The reporting entities have an annual revenue band of 100-150M. The reporting entities operate in the industry sectors: Financial, insurance and real estate activities. The statement also covers the included entities: AUSTRALIAN FUND ACCOUNTING SERVICES PTY LIMITED (90 164 701 946), CLAREMONT FUNDS MANAGEMENT PTY LTD (38 649 280 142), DGP INC, DIXON PROJECTS LLC, E&P ASIA (HK) LIMITED, E&P CAPITAL PTY LIMITED (21 137 980 520), E&P FACILITIES PTY LIMITED (99 650 900 815), E&P FINANCIAL GROUP USA INC., E&P FUNDS GROUP PTY LIMITED (41 159 902 066), E&P FUNDS MANAGEMENT PTY LIMITED (89 159 902 708), E&P INTERNATIONAL INVESTMENTS PTY LTD (61 162 178 234), E&P INVESTMENTS LIMITED (78 152 367 649), E&P OPERATIONS PTY LIMITED (73 080 207 076), E&P PRIVATE INVESTMENTS PTY LIMITED (17 103 604 495), E&P SMSF SERVICES PTY LIMITED (55 139 490 118), NES PROJECT SERVICES LLC, NEW ENERGY SOLAR MANAGER PTY LIMITED (57 609 166 645), ORCA FUNDS MANAGEMENT PTY LIMITED (29 619 080 045), US SELECT ASSET MANAGEMENT INC, US SELECT PRIVATE OPPORTUNITIES FUND GP LLC. Register entry: https://modernslaveryregister.gov.au/statements/21164/.'}"
Modern slavery statement 2023-859: JERA AUSTRALIA PTY LTD,document,"{'content': 'JERA AUSTRALIA PTY LTD (ABN 68 140 147 048) filed a single modern slavery statement with the Australian Modern Slavery Register for the reporting period 2022-01-01 to 2022-12-31. The reporting entity is headquartered in Japan. The reporting entity has an annual revenue band of 0-99M. The reporting entity operates in the industry sectors: Mining, metals, chemicals and resources (including oil and gas). Register entry: https://modernslaveryregister.gov.au/statements/13313/.'}"
Modern slavery statement 2023-551: KIWA AUSTRALIA 1 PTY LTD,document,"{'content': 'KIWA AUSTRALIA 1 PTY LTD (ABN 22 654 686 021) filed a joint modern slavery statement with the Australian Modern Slavery Register for the reporting period 2022-07-01 to 2022-12-31. The reporting entity is headquartered in Australia. The reporting entity has an annual revenue band of 450-500M. The reporting entity operates in the industry sectors: Construction, civil engineering and building products. Register entry: https://modernslaveryregister.gov.au/statements/12899/.'}"
Modern slavery statement 2023-2591: AIRPORT DEVELOPMENT GROUP PTY LIMITED,document,"{'content': 'AIRPORT DEVELOPMENT GROUP PTY LIMITED (ABN 77 081 422 915) filed a joint modern slavery statement with the Australian Modern Slavery Register for the reporting period 2022-07-01 to 2023-06-30. The reporting entity is headquartered in Australia. The reporting entity has an annual revenue band of 150-200M. The reporting entity operates in the industry sectors: Defence and aerospace. The statement also covers the included entities: ADGI ASSET COMPANY (NO. 1) PTY LTD (54 654 120 304), ADGI HOLDING COMPANY PTY LTD (90 654 116 480), ADGI OPERATING COMPANY (NO.1) PTY LTD (47 654 118 797), ADGI PTY LTD (74 646 481 807), ALICE SPRINGS AIRPORT PTY LIMITED (19 081 258 246), DARWIN AIRPORT RESORT ASSET COMPANY PTY LTD (49 646 478 908), DARWIN AIRPORT RESORT OPERATING COMPANY PTY LTD (33 646 485 252), DARWIN INTERNATIONAL AIRPORT PTY LIMITED (87 081 258 157), NORTHERN TERRITORY AIRPORTS PTY LIMITED (83 081 258 139), TENNANT CREEK AIRPORT PTY LIMITED (42 081 258 344), The Trustee for AFP DEVELOPMENT SITE TRUST (19 509 625 602), The Trustee for DIA DEVELOPMENT HOLDING TRUST (65 658 482 937), The Trustee for RECAP IV Management No 1 Trust (24 633 919 659). Register entry: https://modernslaveryregister.gov.au/statements/15733/.'}"
Modern slavery statement 2024-1328: HUDSON GLOBAL RESOURCES (AUST) PTY LIMITED,document,"{'content': 'HUDSON GLOBAL RESOURCES (AUST) PTY LIMITED (ABN 21 002 888 762) filed a single modern slavery statement with the Australian Modern Slavery Register for the reporting period 2023-01-01 to 2023-12-31. The reporting entity is headquartered in Australia. The reporting entity has an annual revenue band of 300-350M. The reporting entity operates in the industry sectors: Professional and administrative services and supplies, including legal, consulting and accounting services. The statement also covers the included entities: UPPER GROUND (AUST) PTY LTD, UPPER GROUND HOLDINGS PTY LTD. Register entry: https://modernslaveryregister.gov.au/statements/18512/.'}"
Modern slavery statement 2022-2270: NEWS AUSTRALIA HOLDINGS PTY LIMITED & NEWS CORP AUSTRALIA PTY LIMITED & NEWS PAY TV FINANCING PTY LTD et al.,document,"{'content': 'NEWS AUSTRALIA HOLDINGS PTY LIMITED (ABN 32 105 197 028), NEWS CORP AUSTRALIA PTY LIMITED (ABN 73 163 992 774), NEWS PAY TV FINANCING PTY LTD (ABN 36 157 820 338) and NXE AUSTRALIA PTY LIMITED (ABN 85 625 190 990) filed a joint modern slavery statement with the Australian Modern Slavery Register for the reporting period 2021-07-01 to 2022-06-30. The reporting entities are headquartered in United States of America. The reporting entities have an annual revenue band of 1BN+. The reporting entities operate in the industry sectors: Media, publishing, arts and entertainment. Register entry: https://modernslaveryregister.gov.au/statements/10990/.'}"
Modern slavery statement 2021-3384: HANCOCK VICTORIAN PLANTATIONS PTY LIMITED,document,"{'content': 'HANCOCK VICTORIAN PLANTATIONS PTY LIMITED (ABN 20 084 801 132) filed a single modern slavery statement with the Australian Modern Slavery Register for the reporting period 2021-01-01 to 2021-12-31. The reporting entity is headquartered in Australia. The reporting entity has an annual revenue band of 250-300M. The reporting entity operates in the industry sectors: Forestry, timber products, paper and containers and packaging. Register entry: https://modernslaveryregister.gov.au/statements/6572/.'}"
"Modern slavery statement 2025-2156: A. A. COMPANY PTY. LTD., AUSTRALIAN AGRICULTURAL COMPANY LIMITED",document,"{'content': 'A. A. COMPANY PTY. LTD., AUSTRALIAN AGRICULTURAL COMPANY LIMITED filed a joint modern slavery statement with the Australian Modern Slavery Register for the reporting period 2024-04-01 to 2025-03-31. The reporting entity is headquartered in Australia. The reporting entity has an annual revenue band of 600-700M. The reporting entity operates in the industry sectors: Agriculture, Forestry and Fishing. Register entry: https://modernslaveryregister.gov.au/statements/24622/.'}"
Modern slavery statement 2024-3365: CUE & CO PTY LTD & CUE DESIGN PTY LTD & CUE INTERNATIONAL (NZ) PTY. LIMITED et al.,document,"{'content': 'CUE & CO PTY LTD (ABN 57 000 725 306), CUE DESIGN PTY LTD (ABN 71 000 655 336), CUE INTERNATIONAL (NZ) PTY. LIMITED (ABN 97 640 585 904) and CUE NZ PTY LIMITED (ABN 22 080 049 798) filed a joint modern slavery statement with the Australian Modern Slavery Register for the reporting period 2023-07-01 to 2024-06-30. The reporting entities are headquartered in Australia. The reporting entities have an annual revenue band of 0-99M. The reporting entities operate in the industry sectors: Fashion, textiles, apparel and luxury goods. Register entry: https://modernslaveryregister.gov.au/statements/21325/.'}"
Modern slavery statement 2023-1307: CORONADO CURRAGH PTY LTD & CURRAGH QUEENSLAND MINING PTY LTD,document,"{'content': 'CORONADO CURRAGH PTY LTD (ABN 90 009 362 565) and CURRAGH QUEENSLAND MINING PTY LTD (ABN 55 095 450 418) filed a joint modern slavery statement with the Australian Modern Slavery Register for the reporting period 2022-01-01 to 2022-12-31. The reporting entities are headquartered in Australia. The reporting entities have an annual revenue band of 0-99M. The reporting entities operate in the industry sectors: Mining, metals, chemicals and resources (including oil and gas). Register entry: https://modernslaveryregister.gov.au/statements/13949/.'}"
Modern slavery statement 2024-2872: WORMALL CIVIL PTY LTD,document,"{'content': 'WORMALL CIVIL PTY LTD (ABN 60 162 970 863) filed a single modern slavery statement with the Australian Modern Slavery Register for the reporting period 2023-07-01 to 2024-06-30. The reporting entity is headquartered in Australia. The reporting entity has an annual revenue band of 350-400M. The reporting entity operates in the industry sectors: Construction, civil engineering and building products. Register entry: https://modernslaveryregister.gov.au/statements/20710/.'}"
"Modern slavery statement 2025-3692: CORPORATE TRAVEL MANAGEMENT GROUP PTY LTD, CORPORATE TRAVEL MANAGEMENT LIMITED",document,"{'content': 'CORPORATE TRAVEL MANAGEMENT GROUP PTY LTD, CORPORATE TRAVEL MANAGEMENT LIMITED filed a joint modern slavery statement with the Australian Modern Slavery Register for the reporting period 2024-07-01 to 2025-06-30. The reporting entity is headquartered in Australia. The reporting entity has an annual revenue band of Unknown. The reporting entity operates in the industry sectors: Other Services. The statement also covers the included entities: 1000 MILE TRAVEL GROUP PTY LTD, COMMUNICO SERVICES PTY LIMITED, CTM FINANCE PTY LTD, GRANTED WORLDWIDE PTY LTD, NEXUS POINT TRAVEL PTY LIMITED, QBT PTY LIMITED, SHOW GROUP PTY LTD, TRAMADA HOLDINGS PTY LTD, TRAMADA INTERNATIONAL PTY LTD, TRAMADA SYSTEMS PTY LTD, TRAVELCORP (AUST) PTY LTD, TRAVELEDGE PTY. LIMITED. Register entry: https://modernslaveryregister.gov.au/statements/26790/.'}"
"Modern slavery statement 2022-1342: Danone Nutricia NZ Limited, NUTRICIA AUSTRALIA PTY LIMITED",document,"{'content': 'Danone Nutricia NZ Limited, NUTRICIA AUSTRALIA PTY LIMITED (ABN 99 076 246 752) filed a joint modern slavery statement with the Australian Modern Slavery Register for the reporting period 2021-01-01 to 2021-12-31. The reporting entity is headquartered in France, Netherlands. The reporting entity has an annual revenue band of 800-900M. The reporting entity operates in the industry sectors: Food and beverages, agriculture and fishing Healthcare and pharmaceuticals. Register entry: https://modernslaveryregister.gov.au/statements/9538/.'}"
Modern slavery statement 2022-68: KUBOTA AUSTRALIA PTY LTD,document,"{'content': 'KUBOTA AUSTRALIA PTY LTD (ABN 72 005 300 621) filed a single modern slavery statement with the Australian Modern Slavery Register for the reporting period 2021-01-01 to 2021-12-31. The reporting entity is headquartered in Japan. The reporting entity has an annual revenue band of 600-700M. The reporting entity operates in the industry sectors: Automotive, machinery and heavy electrical equipment Financial, insurance and real estate activities. Register entry: https://modernslaveryregister.gov.au/statements/7784/.'}"
Modern slavery statement 2023-2113: Electricity Networks Corporation,document,"{'content': 'Electricity Networks Corporation (ABN 18 540 492 861) filed a single modern slavery statement with the Australian Modern Slavery Register for the reporting period 2022-07-01 to 2023-06-30. The reporting entity is headquartered in Australia. The reporting entity has an annual revenue band of 1BN+. The reporting entity operates in the industry sectors: Utilities: gas, water and electricity. Register entry: https://modernslaveryregister.gov.au/statements/15048/.'}"
Modern slavery statement 2021-3819: ANZFOF3 NZ PTY LIMITED & The trustee for Forestry Investment Trust & The Trustee for New Forests Australia New Zealand Forest Investment Fund 2 et al.,document,"{'content': 'ANZFOF3 NZ PTY LIMITED (ABN 68 623 472 088), The trustee for Forestry Investment Trust (ABN 83 970 141 211), The Trustee for New Forests Australia New Zealand Forest Investment Fund 2 (ABN 19 113 311 307), The Trustee for New Forests Australia New Zealand Forest Investment Fund 3 (ABN 51 588 422 670), The trustee for New Forests Australia New Zealand Forest Operating Fund (ABN 18 541 900 549), The Trustee for New Forests Australia New Zealand Forest Operating Fund 2 (ABN 42 581 769 764), The Trustee for New Forests Australia New Zealand Forest Operating Fund 3 (ABN 49 619 583 992), The trustee for New Forests Australia New Zeland Forest Investment Fund (ABN 27 160 021 980), The Trustee for Tasmanian Forest Investment Trust (ABN 77 886 087 159) and The Trustee for Tasmanian Forest Operating Trust (ABN 43 827 359 657) filed a joint modern slavery statement with the Australian Modern Slavery Register for the reporting period 2020-07-01 to 2021-06-30. The reporting entities are headquartered in Australia. The reporting entities have an annual revenue band of 1BN+. The reporting entities operate in the industry sectors: Financial, insurance and real estate activities. Register entry: https://modernslaveryregister.gov.au/statements/7233/.'}"
Modern slavery statement 2023-740: 690 WPH PTY LTD,document,"{'content': '690 WPH PTY LTD (ABN 20 614 450 412) filed a single modern slavery statement with the Australian Modern Slavery Register for the reporting period 2022-01-01 to 2022-12-31. The reporting entity is headquartered in Australia. The reporting entity has an annual revenue band of 150-200M. The reporting entity operates in the industry sectors: Financial, insurance and real estate activities. Register entry: https://modernslaveryregister.gov.au/statements/13189/.'}"
Modern slavery statement 2024-2909: CHICHESTER METALS PTY LTD & FMG SOLOMON PTY LTD & FORTESCUE LTD et al.,document,"{'content': 'CHICHESTER METALS PTY LTD (ABN 83 109 264 262), FMG SOLOMON PTY LTD (ABN 95 128 959 179), FORTESCUE LTD (ABN 57 002 594 872) and THE PILBARA INFRASTRUCTURE PTY LTD (ABN 52 103 096 340) filed a joint modern slavery statement with the Australian Modern Slavery Register for the reporting period 2023-07-01 to 2024-06-30. The reporting entities are headquartered in Australia. The reporting entities have an annual revenue band of 1BN+. The reporting entities operate in the industry sectors: Mining, metals, chemicals and resources (including oil and gas). The statement also covers the included entities: Fortescue Zero Limited (UK). Register entry: https://modernslaveryregister.gov.au/statements/20642/.'}"
Modern slavery statement 2024-2728: WISETECH GLOBAL (AUSTRALIA) PTY LTD & WISETECH GLOBAL LIMITED,document,{'content': 'WISETECH GLOBAL (AUSTRALIA) PTY LTD (ABN 23 112 936 991) and WISETECH GLOBAL LIMITED (ABN 41 065 894 724) filed a joint modern slavery statement with the Australian Modern Slavery Register for the reporting period 2023-07-01 to 2024-06-30. The reporting entities are headquartered in Australia. The reporting entities have an annual revenue band of 1BN+. The reporting entities operate in the industry sectors: Information technology and telecommunication. The statement also covers the included entities: Please refer to pages 144-146 of the WiseTech Global Limited Annual Report for a complete list of the entities that comprise the WiseTech Group.. Register entry: https://modernslaveryregister.gov.au/statements/20198/.'}
Modern slavery statement 2024-2834: RONDO BUILDING SERVICES PTY LTD,document,"{'content': 'RONDO BUILDING SERVICES PTY LTD filed a single modern slavery statement with the Australian Modern Slavery Register for the reporting period 2023-07-01 to 2024-06-30. The reporting entity is headquartered in Australia. The reporting entity has an annual revenue band of 250-300M. The reporting entity operates in the industry sectors: Construction, civil engineering and building products. Register entry: https://modernslaveryregister.gov.au/statements/20659/.'}"
Modern slavery statement 2022-893: BLACQUA PTE. LTD. & HARDWICK PROCESSORS PROPRIETARY LIMITED & Kilcoy Industries Australia Pty Ltd et al.,document,"{'content': 'BLACQUA PTE. LTD. (ABN 62 169 810 011), HARDWICK PROCESSORS PROPRIETARY LIMITED (ABN 45 005 920 678), Kilcoy Industries Australia Pty Ltd (ABN 16 125 927 308), KILCOY PASTORAL COMPANY LIMITED (ABN 89 009 671 112), KYNETON FOOD SOLUTIONS PTY LTD (ABN 58 650 391 530) and The trustee for Hardwick Brothers Wholesale Unit Trust (ABN 38 384 732 025) filed a joint modern slavery statement with the Australian Modern Slavery Register for the reporting period 2021-01-01 to 2021-12-31. The reporting entities are headquartered in Australia. The reporting entities have an annual revenue band of 1BN+. The reporting entities operate in the industry sectors: Food and beverages, agriculture and fishing. Register entry: https://modernslaveryregister.gov.au/statements/8772/.'}"
Modern slavery statement 2024-127: TOURISM HOLDINGS AUSTRALIA PTY LIMITED & Tourism Holdings Limited,document,"{'content': 'TOURISM HOLDINGS AUSTRALIA PTY LIMITED (ABN 94 001 789 957) and Tourism Holdings Limited filed a joint modern slavery statement with the Australian Modern Slavery Register for the reporting period 2022-07-01 to 2023-06-30. The reporting entities are headquartered in Australia, New Zealand. The reporting entities have an annual revenue band of 500-600M. The reporting entities operate in the industry sectors: Consumer services, including accommodation, hospitality, tourism and leisure. The statement also covers the included entities: AMH PRODUCTS PTY LIMITED (53 646 775 386), APOLLO INVESTMENTS PTY LTD (31 618 096 352), APOLLO MOTORHOME HOLIDAYS PTY LTD (81 051 584 153), APOLLO MOTORHOME INDUSTRIES PTY. LTD. (69 101 079 127), APOLLO RV SERVICE & REPAIR CENTRE PTY LTD (39 648 798 789), APOLLO RV WEST PTY LTD (88 620 922 287), G R L Enterprises Pty Ltd (31 112 862 496), OUTDORIA PTY LTD (77 605 113 835), SYDNEY RV GROUP PTY LIMITED (51 112 316 560), THL GROUP (AUSTRALIA) PTY. LTD. (68 055 966 222). Register entry: https://modernslaveryregister.gov.au/statements/16901/.'}"
Modern slavery statement 2023-485: China Everbright Bank Co. Ltd,document,"{'content': 'China Everbright Bank Co. Ltd (ABN 69 322 403 457) filed a single modern slavery statement with the Australian Modern Slavery Register for the reporting period 2022-01-01 to 2022-12-31. The reporting entity is headquartered in China. The reporting entity has an annual revenue band of 1BN+. The reporting entity operates in the industry sectors: Financial, insurance and real estate activities. Register entry: https://modernslaveryregister.gov.au/statements/12798/.'}"
Modern slavery statement 2021-3842: The Trustee for Terra Australis Partners III Trust,document,"{'content': 'The Trustee for Terra Australis Partners III Trust (ABN 66 126 532 937) filed a single modern slavery statement with the Australian Modern Slavery Register for the reporting period 2020-07-01 to 2021-06-30. The reporting entity is headquartered in Australia. The reporting entity has an annual revenue band of 150-200M. The reporting entity operates in the industry sectors: Financial, insurance and real estate activities. Register entry: https://modernslaveryregister.gov.au/statements/7243/.'}"
Modern slavery statement 2024-2237: Lenovo (Australia & New Zealand) Pty Ltd & LENOVO GLOBAL TECHNOLOGY (AUSTRALIA & NEW ZEALAND) PTY LTD & MOTOROLA MOBILITY AUSTRALIA PTY. LTD.,document,"{'content': 'Lenovo (Australia & New Zealand) Pty Ltd (ABN 70 112 394 411), LENOVO GLOBAL TECHNOLOGY (AUSTRALIA & NEW ZEALAND) PTY LTD (ABN 90 614 012 985) and MOTOROLA MOBILITY AUSTRALIA PTY. LTD. (ABN 86 139 208 361) filed a joint modern slavery statement with the Australian Modern Slavery Register for the reporting period 2023-04-01 to 2024-03-31. The reporting entities are headquartered in Australia. The reporting entities have an annual revenue band of 1BN+. The reporting entities operate in the industry sectors: Information technology and telecommunication. Register entry: https://modernslaveryregister.gov.au/statements/19841/.'}"
Modern slavery statement 2024-1294: FLUIDRA HOLDINGS AUSTRALIA PTY LTD,document,"{'content': 'FLUIDRA HOLDINGS AUSTRALIA PTY LTD filed a single modern slavery statement with the Australian Modern Slavery Register for the reporting period 2023-01-01 to 2023-12-31. The reporting entity is headquartered in Australia. The reporting entity has an annual revenue band of 250-300M. The reporting entity operates in the industry sectors: Mining, metals, chemicals and resources (including oil and gas) Durable consumer goods, including electronics and appliances, home furnishings and other accessories Construction, civil engineering and building products Other. The statement also covers the included entities: FLUIDRA GROUP AUSTRALIA PTY LTD, SRS AUSTRALIA PTY. LTD., SUNBATHER PTY LTD. Register entry: https://modernslaveryregister.gov.au/statements/18607/.'}"
Modern slavery statement 2022-2337: ISELECT LIMITED,document,{'content': 'ISELECT LIMITED (ABN 48 124 302 932) filed a single modern slavery statement with the Australian Modern Slavery Register for the reporting period 2021-07-01 to 2022-06-30. The reporting entity is headquartered in Australia. The reporting entity has an annual revenue band of 0-99M. The reporting entity operates in the industry sectors: Other. Register entry: https://modernslaveryregister.gov.au/statements/11109/.'}
Modern slavery statement 2022-3018: ZIP CO LIMITED & ZIPMONEY PAYMENTS PTY LTD,document,"{'content': 'ZIP CO LIMITED (ABN 50 139 546 428) and ZIPMONEY PAYMENTS PTY LTD (ABN 58 164 440 993) filed a joint modern slavery statement with the Australian Modern Slavery Register for the reporting period 2022-01-01 to 2022-12-31. The reporting entities are headquartered in Australia. The reporting entities have an annual revenue band of 800-900M. The reporting entities operate in the industry sectors: Financial, insurance and real estate activities. Register entry: https://modernslaveryregister.gov.au/statements/11949/.'}"
"Modern slavery statement 2025-3191: HASTINGS DEERING (AUSTRALIA) LIMITED, Sime Darby Industrial Australia Pty ltd",document,"{'content': 'HASTINGS DEERING (AUSTRALIA) LIMITED, Sime Darby Industrial Australia Pty ltd filed a joint modern slavery statement with the Australian Modern Slavery Register for the reporting period 2024-07-01 to 2025-06-30. The reporting entity is headquartered in Australia. The reporting entity has an annual revenue band of 1BN+. The reporting entity operates in the industry sectors: Mining Construction Other Services. The statement also covers the included entities: AUSTCHROME PTY LTD, DECODA DIGITAL SERVICES PTY LTD (36 658 101 832), HAYNES MECHANICAL PTY LTD, HMG HARDCHROME PTY LTD, SALMON EARTHMOVING HOLDINGS PTY LTD, TFP ENGINEERING PTY LIMITED. Register entry: https://modernslaveryregister.gov.au/statements/26156/.'}"
Modern slavery statement 2025-1641: NOW FINANCE GROUP HOLDINGS LIMITED,document,"{'content': 'NOW FINANCE GROUP HOLDINGS LIMITED (ABN 54 651 802 596) filed a single modern slavery statement with the Australian Modern Slavery Register for the reporting period 2024-07-01 to 2025-06-30. The reporting entity is headquartered in Australia. The reporting entity has an annual revenue band of 100-150M. The reporting entity operates in the industry sectors: Financial and Insurance Services. The statement also covers the included entities: NF BROKER FINANCE PTY LTD, NF FINCO 11 PTY LTD (31 617 223 971), NF FINCO 2 PTY LTD (97 164 213 030), NF FINCO 7 PTY LTD (41 609 349 644), NF NIM WAREHOUSE PTY LTD (57 661 816 208), NF RRM PTY LTD, NF RRS PTY LTD, NF SECURITIES PTY LTD (97 666 731 031), NOW FINANCE GROUP PTY LTD, WCF MARKETING PTY LTD (86 614 887 875), WCF MEDICAL PTY LTD (90 609 032 242). Register entry: https://modernslaveryregister.gov.au/statements/23900/.'}"
Modern slavery statement 2024-1847: KINETIC IT PTY LTD,document,{'content': 'KINETIC IT PTY LTD (ABN 97 072 941 943) filed a single modern slavery statement with the Australian Modern Slavery Register for the reporting period 2023-07-01 to 2024-06-30. The reporting entity is headquartered in Australia. The reporting entity has an annual revenue band of 250-300M. The reporting entity operates in the industry sectors: Information technology and telecommunication. Register entry: https://modernslaveryregister.gov.au/statements/19304/.'}
Modern slavery statement 2021-2921: GEOFABRICS AUSTRALASIA PTY. LTD.,document,{'content': 'GEOFABRICS AUSTRALASIA PTY. LTD. (ABN 23 005 479 961) filed a single modern slavery statement with the Australian Modern Slavery Register for the reporting period 2020-07-01 to 2021-06-30. The reporting entity is headquartered in Australia. The reporting entity has an annual revenue band of 100-150M. The reporting entity operates in the industry sectors: Other. Register entry: https://modernslaveryregister.gov.au/statements/5818/.'}
"Modern slavery statement 2025-1853: MITSUI SUMITOMO INSURANCE COMPANY, LIMITED",document,"{'content': 'MITSUI SUMITOMO INSURANCE COMPANY, LIMITED (ABN 49 000 525 637) filed a single modern slavery statement with the Australian Modern Slavery Register for the reporting period 2024-04-01 to 2025-03-31. The reporting entity is headquartered in Japan. The reporting entity has an annual revenue band of 1BN+. The reporting entity operates in the industry sectors: Financial, insurance and real estate activities. Register entry: https://modernslaveryregister.gov.au/statements/24169/.'}"
Modern slavery statement 2024-2803: Stirlings Performance Steels Pty Ltd,document,"{'content': 'Stirlings Performance Steels Pty Ltd (ABN 79 625 765 200) filed a single modern slavery statement with the Australian Modern Slavery Register for the reporting period 2023-07-01 to 2024-06-30. The reporting entity is headquartered in Australia. The reporting entity has an annual revenue band of 100-150M. The reporting entity operates in the industry sectors: Transportation, logistics, and storage. Register entry: https://modernslaveryregister.gov.au/statements/20627/.'}"
Modern slavery statement 2024-342: WESTERN SUBURBS (N'CLE) LEAGUES CLUB LTD,document,"{'content': ""WESTERN SUBURBS (N'CLE) LEAGUES CLUB LTD (ABN 24 000 973 919) filed a single modern slavery statement with the Australian Modern Slavery Register for the reporting period 2023-02-01 to 2024-01-31. The reporting entity is headquartered in Australia. The reporting entity has an annual revenue band of 150-200M. The reporting entity operates in the industry sectors: Consumer services, including accommodation, hospitality, tourism and leisure. The statement also covers the included entities: KNIGHTS RUGBY LEAGUE PTY LTD (83 169 964 523), THE EXECUTIVE INN PTY LIMITED (82 080 880 691). Register entry: https://modernslaveryregister.gov.au/statements/17252/.""}"
"Modern slavery statement 2024-3176: 21st Century Resorts Holdings Pty Limited, BALMORAL PASTORAL INVESTMENTS PTY. LTD., BALMORAL PASTORAL PTY. LTD.",document,"{'content': '21st Century Resorts Holdings Pty Limited, BALMORAL PASTORAL INVESTMENTS PTY. LTD., BALMORAL PASTORAL PTY. LTD. filed a joint modern slavery statement with the Australian Modern Slavery Register for the reporting period 2023-07-01 to 2024-06-30. The reporting entity is headquartered in Australia. The reporting entity has an annual revenue band of 350-400M. The reporting entity operates in the industry sectors: Food and beverages, agriculture and fishing Consumer services, including accommodation, hospitality, tourism and leisure Financial, insurance and real estate activities. The statement also covers the included entities: HAMILTON ISLAND ENTERPRISES LIMITED. Register entry: https://modernslaveryregister.gov.au/statements/21106/.'}"
Modern slavery statement 2024-993: THE ENVEST GROUP PTY LTD,document,"{'content': ""THE ENVEST GROUP PTY LTD (ABN 73 645 319 820) filed a single modern slavery statement with the Australian Modern Slavery Register for the reporting period 2023-01-01 to 2023-12-31. The reporting entity is headquartered in Australia. The reporting entity has an annual revenue band of 100-150M. The reporting entity operates in the industry sectors: Financial, insurance and real estate activities. The statement also covers the included entities: A.C.N. 645 214 811 PTY LTD, ACUMEN INSURANCE PTY LTD, ALBA RISK SERVICES PTY LTD, ALL PARKS INSURANCE PTY LTD, ALLSTATE INSURANCE PTY LTD, ALLSTATE UNDERWRITING AGENCIES PTY LTD, ARDONAGH BIDCO PTY LTD, ARDONAGH FIN CO PTY LTD, ARDONAGH MIDCO 2 PTY LTD, ARDONAGH MIDCO PTY LTD, ARETE RISK & INSURANCE PARTNERS PTY LTD, ASSET RISK MANAGEMENT PTY LTD, ASSET RISK MANAGEMENT PTY LTD, ASTER UNDERWRITING PTY LTD, ATL HOLDINGS GROUP PTY LTD, ATL HOLDINGS GROUP PTY LTD, Australian Eagle Holdings Pty Ltd, AUSTRALIAN RISK APPLICATIONS PTY LTD, AVISO ALL POINTS PTY LTD, AVISO BROKING GROUP PTY LTD, AVISO BROKING PTY LTD, AVISO GROUP PTY LTD, AVISO HOLDCO PTY LTD, AVISO SELECT INVESTMENTS PTY LTD, AVISO SELECT PTY LTD, CGSC HOLDINGS (AUSTRALIA) PTY LTD, CHALLENGE INSURANCE SERVICES PTY LTD, CLUB 4X4 PTY. LTD., COASTWISE INSURANCE SOLUTIONS PTY LTD, COOKVEST PTY LTD, CORNERSTONE RISK GROUP PTY LTD, CPS GENERAL INSURANCE AGENCIES PTY. LIMITED, EAGLE INSURANCE BROKERS PTY LTD, EDA (AUST) PTY LTD, ENVEST DIRECT AGENCIES PTY LTD, ENVEST PTY LTD, EPSILON INSURANCE BROKING SERVICES PTY LTD, ERASMUS BIDCO PTY LTD, ERASMUS MIDCO PTY LTD, ETHOS PARTNER HOLDINGS PTY LTD, FASSIFERN INSURANCE SERVICES PTY LTD, FITZPATRICK & COMPANY INSURANCE BROKERS PTY. LTD., FOCUSSED ASSESSING PTY LTD, FOCUSSED CLAIMS MANAGEMENT PTY LTD, FOR TOMORROW PARTNERS PTY LTD, GILMOUR RISK ADVISORY PTY LTD, Grange Insurance Solutions Pty Ltd, HAYES INSURANCE SERVICES PTY LTD, Insurance Mentor Pty Ltd, INSURANCE MENTOR SI PTY LTD, INSURE MY 4X4 PTY LTD, INSURET PTY LIMITED, IRONGUARD INSURANCE SERVICES PTY LTD, JACVIC INVESTMENTS PTY LTD, LIFESTYLE INSURANCE GROUP PTY LTD, London Australia Underwriting Pty Ltd, MESH INSURANCE SERVICES PTY LTD, MUSCATWOOD PTY. LTD., NORTH QUEENSLAND INSURANCE BROKERS PTY. LTD., O'DONOHUE NOMINEES PTY. LTD., PI PLUS (AUST) PTY LTD, PMA GENERAL PTY LTD, PORTCLIP PTY. LIMITED, PROFESSIONAL INSURANCE AGENCIES PTY LTD, QSURE INVESTMENTS PTY LTD, RESILIUM BIDCO PTY LTD, RESILIUM INSURANCE BROKING PTY LTD, RESILIUM INVESTCO 1 PTY LTD, RESILIUM INVESTCO 2 PTY LTD, RESILIUM INVESTCO 3 PTY LTD, RESILIUM INVESTCO 4 PTY LTD, RESILIUM INVESTCO 5 PTY LTD, RESILIUM PARTNERS PTY LTD, RESILIUM PARTNERS SOUTHERN PTY LTD, RISK CONSULTING SERVICES PTY LTD, RISK CONSULTING SERVICES PTY LTD, TAC INVESTMENTS (AUST) PTY LTD, THE PROPLAB GROUP PTY LTD, THE Q-SURE UNIT TRUST (19 914 010 191), The Trustee for INSURANCE AID GENERAL BROKERS PARTNERSHIP UNIT TRUST (86 879 274 457), VIZ INSURANCE PTY LTD, WELLINGTON UNDERWRITING AGENCIES PTY LTD, WIB INVESTMENTS PTY LTD, WYMARK INSURANCE BROKERS PTY LTD, WYMARK RISK SERVICES PTY LTD, WYMARK SPECIALTY PTY LTD. Register entry: https://modernslaveryregister.gov.au/statements/18212/.""}"
Modern slavery statement 2025-528: Allianz Technology SE,document,{'content': 'Allianz Technology SE (ABN 68 344 730 676) filed a single modern slavery statement with the Australian Modern Slavery Register for the reporting period 2024-01-01 to 2024-12-31. The reporting entity is headquartered in Germany. The reporting entity has an annual revenue band of 1BN+. The reporting entity operates in the industry sectors: Information technology and telecommunication. Register entry: https://modernslaveryregister.gov.au/statements/21914/.'}
Modern slavery statement 2021-3159: 2CONSTRUCT PTY. LTD.,document,"{'content': '2CONSTRUCT PTY. LTD. (ABN 28 109 517 188) filed a single modern slavery statement with the Australian Modern Slavery Register for the reporting period 2019-07-01 to 2020-06-30. The reporting entity is headquartered in Australia. The reporting entity has an annual revenue band of 100-150M. The reporting entity operates in the industry sectors: Construction, civil engineering and building products. Register entry: https://modernslaveryregister.gov.au/statements/6229/.'}"
Modern slavery statement 2021-2825: BOND STREET CUSTODIANS LIMITED & BOSTON AUSTRALIA PTY LIMITED & Macquarie Americas Holdings Pty Ltd et al.,document,"{'content': 'BOND STREET CUSTODIANS LIMITED (ABN 57 008 607 065), BOSTON AUSTRALIA PTY LIMITED (ABN 31 004 680 004), Macquarie Americas Holdings Pty Ltd (ABN 82 124 071 414), MACQUARIE ASSET MANAGEMENT EUROPE HOLDINGS PTY LIMITED (ABN 69 637 680 767), MACQUARIE ASSET MANAGEMENT HOLDINGS PTY LIMITED (ABN 84 134 474 712), MACQUARIE ASSET MANAGEMENT UK HOLDINGS PTY LIMITED (ABN 80 637 680 374), MACQUARIE ASSET MANAGEMENT US HOLDINGS PTY LIMITED (ABN 72 637 679 102), MACQUARIE BANK LIMITED (ABN 46 008 583 542), Macquarie B.H. Pty Ltd (ABN 86 124 071 432), MACQUARIE CAPITAL (AUSTRALIA) LIMITED (ABN 79 123 199 548), MACQUARIE CORPORATE AND ASSET FINANCE LIMITED (ABN 49 006 198 910), MACQUARIE CORPORATE FINANCE HOLDINGS PTY LIMITED (ABN 96 008 606 862), MACQUARIE CORPORATE FINANCE LIMITED (ABN 71 008 595 426), MACQUARIE CORPORATE HOLDINGS PTY LIMITED (ABN 54 096 705 109), MACQUARIE CORPORATE INTERNATIONAL HOLDINGS PTY LIMITED (ABN 24 123 199 253), Macquarie Energy Holdings Pty Ltd (ABN 46 122 300 592), MACQUARIE EQUITIES (US) HOLDINGS PTY. LIMITED (ABN 98 063 906 392), Macquarie Finance Holdings Limited (ABN 89 118 817 440), MACQUARIE FINANCIAL HOLDINGS PTY LIMITED (ABN 63 124 071 398), MACQUARIE FINANCIAL HOLDINGS (USA) LLC, MACQUARIE FUNDING HOLDINGS LLC, MACQUARIE FUNDS MANAGEMENT HOLDINGS PTY LIMITED (ABN 19 093 177 407), MACQUARIE GLOBAL SERVICES PRIVATE LIMITED, MACQUARIE GROUP LIMITED (ABN 94 122 169 279), MACQUARIE GROUP SERVICES AUSTRALIA PTY LTD (ABN 53 116 467 031), MACQUARIE GROUP (US) HOLDINGS NO.1 PTY LTD (ABN 61 124 071 389), MACQUARIE INFRASTRUCTURE AND REAL ASSETS HOLDINGS PTY LIMITED (ABN 95 082 018 399), Macquarie Infrastructure Management (Asia) Pty Limited (ABN 98 112 772 871), Macquarie International Investments Pty Limited (ABN 28 108 590 996), MACQUARIE INVESTMENT HOLDINGS PTY LIMITED (ABN 18 122 939 600), MACQUARIE INVESTMENT MANAGEMENT AUSTRALIA LIMITED (ABN 55 092 552 611), MACQUARIE INVESTMENT MANAGEMENT HOLDINGS PTY LIMITED (ABN 76 604 942 127), MACQUARIE INVESTMENT MANAGEMENT LTD (ABN 66 002 867 003), MACQUARIE LEASING NSW PTY LTD (ABN 67 002 675 032), MACQUARIE LEASING PTY LTD (ABN 38 002 674 982), MACQUARIE PRINCIPAL FINANCE PTY LIMITED (ABN 39 629 759 600), MACQUARIE SECURITIES (AUSTRALIA) LIMITED (ABN 58 002 832 126), MACQUARIE SECURITISATION LIMITED (ABN 16 003 297 336), MACQUARIE SERVICES (USA) LLC, MACQUARIE STRUCTURED AND SPECIALIST INVESTMENTS HOLDINGS PTY LIMITED (ABN 91 086 587 635), MACQUARIE TRANSPORTATION FINANCE AUSTRALIA PTY LIMITED (ABN 66 078 223 382) and SKYLIGHT DEV CO PTY LIMITED (ABN 43 627 172 445) filed a joint modern slavery statement with the Australian Modern Slavery Register for the reporting period 2020-04-01 to 2021-03-30. The reporting entities are headquartered in Australia. The reporting entities have an annual revenue band of 1BN+. The reporting entities operate in the industry sectors: Financial, insurance and real estate activities. Register entry: https://modernslaveryregister.gov.au/statements/5665/.'}"
Modern slavery statement 2021-2761: OE JV CO PTY LIMITED & ORIGIN ENERGY ELECTRICITY LIMITED & ORIGIN ENERGY ERARING PTY LIMITED et al.,document,"{'content': 'OE JV CO PTY LIMITED (ABN 38 095 483 195), ORIGIN ENERGY ELECTRICITY LIMITED (ABN 33 071 052 287), ORIGIN ENERGY ERARING PTY LIMITED (ABN 31 357 688 069), ORIGIN ENERGY HOLDINGS PTY LIMITED (ABN 30 004 132 423), ORIGIN ENERGY LIMITED (ABN 30 000 051 696), ORIGIN ENERGY LNG PORTFOLIO PTY LTD (ABN 88 610 626 750), ORIGIN ENERGY LPG LIMITED (ABN 77 000 508 369), ORIGIN ENERGY POWER LIMITED (ABN 93 008 289 398), ORIGIN ENERGY RETAIL LIMITED (ABN 22 078 868 425), ORIGIN ENERGY (VIC) PTY LIMITED (ABN 11 086 013 283) and SUN RETAIL PTY LTD (ABN 97 078 848 549) filed a joint modern slavery statement with the Australian Modern Slavery Register for the reporting period 2020-07-01 to 2021-06-30. The reporting entities are headquartered in Australia. The reporting entities have an annual revenue band of 1BN+. The reporting entities operate in the industry sectors: Mining, metals, chemicals and resources (including oil and gas) Utilities: gas, water and electricity. Register entry: https://modernslaveryregister.gov.au/statements/5592/.'}"
Modern slavery statement 2022-2278: HYDRO ALUMINIUM AUSTRALIA PTY LTD & Norsk Hydro ASA,document,"{'content': 'HYDRO ALUMINIUM AUSTRALIA PTY LTD (ABN 42 001 872 215) and Norsk Hydro ASA filed a joint modern slavery statement with the Australian Modern Slavery Register for the reporting period 2021-01-01 to 2021-12-31. The reporting entities are headquartered in Norway. The reporting entities have an annual revenue band of 1BN+. The reporting entities operate in the industry sectors: Mining, metals, chemicals and resources (including oil and gas). Register entry: https://modernslaveryregister.gov.au/statements/11036/.'}"
"Modern slavery statement 2023-3075: NORTHCONNEX COMPANY PTY LTD, NORTHWESTERN ROADS GROUP NOMINEES PTY LTD, NORTHWESTERN ROADS GROUP PTY LTD, WSO CO PTY LIMITED",document,"{'content': 'NORTHCONNEX COMPANY PTY LTD, NORTHWESTERN ROADS GROUP NOMINEES PTY LTD, NORTHWESTERN ROADS GROUP PTY LTD, WSO CO PTY LIMITED filed a joint modern slavery statement with the Australian Modern Slavery Register for the reporting period 2022-07-01 to 2023-06-30. The reporting entity is headquartered in Australia. The reporting entity has an annual revenue band of 500-600M. The reporting entity operates in the industry sectors: Other. Register entry: https://modernslaveryregister.gov.au/statements/16328/.'}"
Modern slavery statement 2021-2263: BUSY BEES AUSTRALIA BIDCO PTY LTD & BUSY BEES AUSTRALIA HOLDING PTY LTD & BUSY BEES EARLY LEARNING AUSTRALIA PTY LTD,document,"{'content': 'BUSY BEES AUSTRALIA BIDCO PTY LTD (ABN 63 625 478 015), BUSY BEES AUSTRALIA HOLDING PTY LTD (ABN 82 625 449 809) and BUSY BEES EARLY LEARNING AUSTRALIA PTY LTD (ABN 20 168 187 979) filed a joint modern slavery statement with the Australian Modern Slavery Register for the reporting period 2020-01-01 to 2020-12-31. The reporting entities are headquartered in Australia. The reporting entities have an annual revenue band of 300-350M. The reporting entities operate in the industry sectors: Education and research. Register entry: https://modernslaveryregister.gov.au/statements/4901/.'}"
Modern slavery statement 2024-260: FITZGERALD CONSTRUCTIONS AUSTRALIA PTY LTD,document,"{'content': 'FITZGERALD CONSTRUCTIONS AUSTRALIA PTY LTD (ABN 11 087 331 164) filed a single modern slavery statement with the Australian Modern Slavery Register for the reporting period 2023-01-01 to 2023-12-31. The reporting entity is headquartered in Australia. The reporting entity has an annual revenue band of 150-200M. The reporting entity operates in the industry sectors: Construction, civil engineering and building products. Register entry: https://modernslaveryregister.gov.au/statements/17147/.'}"
Modern slavery statement 2024-3302: The Trustee for Strawman Land Trust,document,"{'content': 'The Trustee for Strawman Land Trust (ABN 79 559 090 276) filed a single modern slavery statement with the Australian Modern Slavery Register for the reporting period 2023-07-01 to 2024-06-30. The reporting entity is headquartered in Australia. The reporting entity has an annual revenue band of 100-150M. The reporting entity operates in the industry sectors: Financial, insurance and real estate activities. Register entry: https://modernslaveryregister.gov.au/statements/21263/.'}"
Modern slavery statement 2026-20: MUTUAL MARKETPLACE PTY. LTD.,document,"{'content': 'MUTUAL MARKETPLACE PTY. LTD. (ABN 35 615 297 820) filed a single modern slavery statement with the Australian Modern Slavery Register for the reporting period 2024-07-01 to 2025-06-30. The reporting entity is headquartered in Australia. The reporting entity has an annual revenue band of 200-250M. The reporting entity operates in the industry sectors: Professional, Scientific and Technical Services. Register entry: https://modernslaveryregister.gov.au/statements/27057/.'}"
Modern slavery statement 2022-510: LEAKES ROAD ROCKBANK PTY LTD,document,"{'content': 'LEAKES ROAD ROCKBANK PTY LTD (ABN 93 122 773 924) filed a single modern slavery statement with the Australian Modern Slavery Register for the reporting period 2020-07-01 to 2021-06-30. The reporting entity is headquartered in Australia. The reporting entity has an annual revenue band of 150-200M. The reporting entity operates in the industry sectors: Financial, insurance and real estate activities. Register entry: https://modernslaveryregister.gov.au/statements/8481/.'}"
Modern slavery statement 2025-1814: SIGMA COMPANY LIMITED & SIGMA HEALTHCARE LIMITED,document,{'content': 'SIGMA COMPANY LIMITED (ABN 44 004 132 923) and SIGMA HEALTHCARE LIMITED (ABN 15 088 417 403) filed a joint modern slavery statement with the Australian Modern Slavery Register for the reporting period 2024-02-01 to 2025-01-31. The reporting entities are headquartered in Australia. The reporting entities have an annual revenue band of 1BN+. The reporting entities operate in the industry sectors: Wholesale Trade Health Care and Social Assistance. The statement also covers the included entities: MPS HOLD CO. PTY LTD (72 621 372 138). Register entry: https://modernslaveryregister.gov.au/statements/24112/.'}
Modern slavery statement 2021-407: AQUA TERRA OIL AND MINERAL SERVICE AND SUPPLY COMPANY PTY. LTD. & ATOM SUPPLY GROUP PTY LIMITED & FEEL-J INVESTMENTS PTY LTD et al.,document,"{'content': 'AQUA TERRA OIL AND MINERAL SERVICE AND SUPPLY COMPANY PTY. LTD. (ABN 39 009 347 399), ATOM SUPPLY GROUP PTY LIMITED (ABN 69 118 879 806), FEEL-J INVESTMENTS PTY LTD (ABN 76 159 018 998) and MOTA INVESTMENTS PTY LTD (ABN 98 158 946 144) filed a joint modern slavery statement with the Australian Modern Slavery Register for the reporting period 2019-07-01 to 2020-06-30. The reporting entities are headquartered in Australia. The reporting entities have an annual revenue band of Unknown. The reporting entities operate in the industry sectors: Other. Register entry: https://modernslaveryregister.gov.au/statements/1806/.'}"
Modern slavery statement 2023-2079: The trustee for The Caprice Unit Trust,document,"{'content': 'The trustee for The Caprice Unit Trust (ABN 73 011 735 977) filed a single modern slavery statement with the Australian Modern Slavery Register for the reporting period 2022-07-01 to 2023-06-30. The reporting entity is headquartered in Australia. The reporting entity has an annual revenue band of 150-200M. The reporting entity operates in the industry sectors: Durable consumer goods, including electronics and appliances, home furnishings and other accessories Fashion, textiles, apparel and luxury goods. Register entry: https://modernslaveryregister.gov.au/statements/15002/.'}"
Modern slavery statement 2026-4: PANASONIC AUSTRALIA PTY LIMITED,document,{'content': 'PANASONIC AUSTRALIA PTY LIMITED (ABN 83 001 592 187) filed a single modern slavery statement with the Australian Modern Slavery Register for the reporting period 2024-04-01 to 2025-03-31. The reporting entity is headquartered in Japan. The reporting entity has an annual revenue band of 250-300M. The reporting entity operates in the industry sectors: Wholesale Trade. Register entry: https://modernslaveryregister.gov.au/statements/27034/.'}
Modern slavery statement 2024-2531: VICTORIA AMATEUR TURF CLUB (INCORPORATING THE MELBOURNE RACING CLUB),document,"{'content': 'VICTORIA AMATEUR TURF CLUB (INCORPORATING THE MELBOURNE RACING CLUB) (ABN 96 267 203 634) filed a single modern slavery statement with the Australian Modern Slavery Register for the reporting period 2023-07-01 to 2024-06-30. The reporting entity is headquartered in Australia. The reporting entity has an annual revenue band of 250-300M. The reporting entity operates in the industry sectors: Charitable / not-for-profit activities. The statement also covers the included entities: MELBOURNE RACING CLUB F&B LIMITED (60 605 607 001), MELBOURNE RACING CLUB INVESTMENTS PTY LTD (53 144 540 821), MRC FOUNDATION LIMITED (72 602 872 186), The Trustee for the MRC Foundation (36 621 981 453), YADNUM UNIT TRUST (91 814 849 239). Register entry: https://modernslaveryregister.gov.au/statements/20255/.'}"
Modern slavery statement 2025-619: DWYER ENGINEERING & CONSTRUCTION PTY LTD,document,"{'content': 'DWYER ENGINEERING & CONSTRUCTION PTY LTD (ABN 80 090 586 539) filed a single modern slavery statement with the Australian Modern Slavery Register for the reporting period 2024-01-01 to 2024-12-31. The reporting entity is headquartered in Australia. The reporting entity has an annual revenue band of 0-99M. The reporting entity operates in the industry sectors: Mining, metals, chemicals and resources (including oil and gas). Register entry: https://modernslaveryregister.gov.au/statements/22585/.'}"
Modern slavery statement 2023-2197: TODD DEVINE HOMES PTY. LTD.,document,"{'content': 'TODD DEVINE HOMES PTY. LTD. (ABN 21 104 128 583) filed a single modern slavery statement with the Australian Modern Slavery Register for the reporting period 2022-07-01 to 2023-06-30. The reporting entity is headquartered in Australia. The reporting entity has an annual revenue band of 100-150M. The reporting entity operates in the industry sectors: Construction, civil engineering and building products. Register entry: https://modernslaveryregister.gov.au/statements/15179/.'}"
Modern slavery statement 2024-3211: ROBERTS CO (NSW) PTY LTD & ROBERTS CO (VIC) PTY LTD,document,"{'content': 'ROBERTS CO (NSW) PTY LTD (ABN 61 620 108 483) and ROBERTS CO (VIC) PTY LTD (ABN 68 627 689 418) filed a joint modern slavery statement with the Australian Modern Slavery Register for the reporting period 2023-07-01 to 2024-06-30. The reporting entities are headquartered in Australia. The reporting entities have an annual revenue band of 700-800M. The reporting entities operate in the industry sectors: Construction, civil engineering and building products. Register entry: https://modernslaveryregister.gov.au/statements/21119/.'}"
Modern slavery statement 2023-1628: SHIELD MERCANTILE PTY LTD,document,{'content': 'SHIELD MERCANTILE PTY LTD (ABN 48 082 737 442) filed a single modern slavery statement with the Australian Modern Slavery Register for the reporting period 2022-07-01 to 2023-06-30. The reporting entity is headquartered in Australia. The reporting entity has an annual revenue band of 100-150M. The reporting entity operates in the industry sectors: Other. Register entry: https://modernslaveryregister.gov.au/statements/14364/.'}
Modern slavery statement 2026-136: ALL ENERGY CONTRACTING PTY LTD,document,{'content': 'ALL ENERGY CONTRACTING PTY LTD (ABN 96 623 989 453) filed a single modern slavery statement with the Australian Modern Slavery Register for the reporting period 2024-07-01 to 2025-06-30. The reporting entity is headquartered in Australia. The reporting entity has an annual revenue band of 100-150M. The reporting entity operates in the industry sectors: Construction. Register entry: https://modernslaveryregister.gov.au/statements/27080/.'}
Modern slavery statement 2024-3089: STRUCTURAL CHALLENGE PTY. LTD.,document,"{'content': 'STRUCTURAL CHALLENGE PTY. LTD. (ABN 38 094 640 347) filed a single modern slavery statement with the Australian Modern Slavery Register for the reporting period 2023-10-01 to 2024-09-30. The reporting entity is headquartered in Australia. The reporting entity has an annual revenue band of 0-99M. The reporting entity operates in the industry sectors: Construction, civil engineering and building products. Register entry: https://modernslaveryregister.gov.au/statements/20996/.'}"
Modern slavery statement 2025-794: ORGANON PHARMA PTY LTD,document,{'content': 'ORGANON PHARMA PTY LTD (ABN 54 637 107 512) filed a single modern slavery statement with the Australian Modern Slavery Register for the reporting period 2024-01-01 to 2024-12-31. The reporting entity is headquartered in Australia. The reporting entity has an annual revenue band of 150-200M. The reporting entity operates in the industry sectors: Healthcare and pharmaceuticals. Register entry: https://modernslaveryregister.gov.au/statements/22840/.'}
Modern slavery statement 2022-1043: FELTEX CARPETS PTY LTD & GODFREY HIRST AUSTRALIA PTY LTD & Premium Floors Australia Pty Limited,document,"{'content': 'FELTEX CARPETS PTY LTD (ABN 60 068 166 843), GODFREY HIRST AUSTRALIA PTY LTD (ABN 58 000 849 758) and Premium Floors Australia Pty Limited (ABN 15 152 867 984) filed a joint modern slavery statement with the Australian Modern Slavery Register for the reporting period 2021-01-01 to 2021-12-31. The reporting entities are headquartered in Australia. The reporting entities have an annual revenue band of 700-800M. The reporting entities operate in the industry sectors: Durable consumer goods, including electronics and appliances, home furnishings and other accessories Fashion, textiles, apparel and luxury goods. Register entry: https://modernslaveryregister.gov.au/statements/9291/.'}"
Modern slavery statement 2021-1144: AUSTRALIAN RED CROSS SOCIETY,document,{'content': 'AUSTRALIAN RED CROSS SOCIETY (ABN 50 169 561 394) filed a single modern slavery statement with the Australian Modern Slavery Register for the reporting period 2019-07-01 to 2020-06-30. The reporting entity is headquartered in Australia. The reporting entity has an annual revenue band of 1BN+. The reporting entity operates in the industry sectors: Charitable / not-for-profit activities. Register entry: https://modernslaveryregister.gov.au/statements/3047/.'}
Modern slavery statement 2025-3761: LEADER COMPUTERS PTY LTD,document,{'content': 'LEADER COMPUTERS PTY LTD (ABN 24 093 139 354) filed a single modern slavery statement with the Australian Modern Slavery Register for the reporting period 2024-07-01 to 2025-06-30. The reporting entity is headquartered in Australia. The reporting entity has an annual revenue band of 700-800M. The reporting entity operates in the industry sectors: Wholesale Trade Manufacturing. Register entry: https://modernslaveryregister.gov.au/statements/26856/.'}
"Modern slavery statement 2021-2372: Agricultural Bank of China Limited, Sydney Branch",document,"{'content': 'Agricultural Bank of China Limited, Sydney Branch (ABN 48 848 300 367) filed a single modern slavery statement with the Australian Modern Slavery Register for the reporting period 2020-01-01 to 2020-12-31. The reporting entity is headquartered in China. The reporting entity has an annual revenue band of 150-200M. The reporting entity operates in the industry sectors: Financial, insurance and real estate activities. Register entry: https://modernslaveryregister.gov.au/statements/3638/.'}"
Modern slavery statement 2021-4018: The Trustee for Regal Investment Fund,document,"{'content': 'The Trustee for Regal Investment Fund (ABN 47 612 857 252) filed a single modern slavery statement with the Australian Modern Slavery Register for the reporting period 2020-07-01 to 2021-06-30. The reporting entity is headquartered in Australia. The reporting entity has an annual revenue band of 250-300M. The reporting entity operates in the industry sectors: Financial, insurance and real estate activities. Register entry: https://modernslaveryregister.gov.au/statements/7481/.'}"
Modern slavery statement 2021-3625: ACE PRINT AND DISPLAY PTY LIMITED & BRISBANE CULLET PTY LTD & BUILD RUN REPAIR (AUSTRALIA) PTY LTD et al.,document,"{'content': 'ACE PRINT AND DISPLAY PTY LIMITED (ABN 21 000 639 743), BRISBANE CULLET PTY LTD (ABN 13 601 145 304), BUILD RUN REPAIR (AUSTRALIA) PTY LTD (ABN 15 155 555 052), PH PENRITH PTY LTD (ABN 17 638 042 912), P & I PTY. LTD. (ABN 15 000 619 018), REGIONAL RECYCLERS PTY LTD (ABN 12 069 806 462), SALVAGE PAPER PTY LTD (ABN 34 101 429 716), The Trustee for SOUTHERN PAPER CONVERTERS TRUST (ABN 49 984 541 896), VISY ALBURY PTY LTD (ABN 91 151 816 465), VISY BOARD PROPRIETARY LIMITED (ABN 58 005 787 913), VISY BOARD (WODONGA) PTY. LTD. (ABN 34 098 839 402), VISY ENERGY PTY LTD (ABN 55 115 133 321), VISY GLAMA PTY LTD (ABN 83 077 517 581), VISY GLASS (AUSTRALASIA) PTY LTD (ABN 56 642 097 185), VISY GLASS OPERATIONS (AUSTRALIA) PTY LTD (ABN 94 004 230 326), VISY INDUSTRIES AUSTRALIA PTY LTD (ABN 74 004 337 615), VISY LOGISTICS PTY LTD (ABN 12 089 137 986), VISY PACKAGING PTY. LTD. (ABN 13 095 313 723), VISYPET PTY. LTD. (ABN 52 099 764 119), VISY PULP AND PAPER PTY. LTD. (ABN 30 086 513 144), VISY RECYCLING AUSTRALIA PTY LTD (ABN 46 118 295 239), VISY RECYCLING MRFS PTY LTD (ABN 76 118 874 972), VISY SAND QUARRY PTY LTD (ABN 49 645 945 928) and Visy Singapore Headquarters Pte Ltd (ABN 28 323 431 228) filed a joint modern slavery statement with the Australian Modern Slavery Register for the reporting period 2020-07-01 to 2021-06-30. The reporting entities are headquartered in Australia. The reporting entities have an annual revenue band of 1BN+. The reporting entities operate in the industry sectors: Forestry, timber products, paper and containers and packaging. Register entry: https://modernslaveryregister.gov.au/statements/6532/.'}"
Modern slavery statement 2023-1142: VANGUARD INVESTMENTS AUSTRALIA LTD,document,"{'content': 'VANGUARD INVESTMENTS AUSTRALIA LTD (ABN 72 072 881 086) filed a single modern slavery statement with the Australian Modern Slavery Register for the reporting period 2022-01-01 to 2022-12-31. The reporting entity is headquartered in Australia. The reporting entity has an annual revenue band of 250-300M. The reporting entity operates in the industry sectors: Financial, insurance and real estate activities. Register entry: https://modernslaveryregister.gov.au/statements/13757/.'}"
Modern slavery statement 2024-3323: Transport Asset Holding Entity of New South Wales,document,"{'content': 'Transport Asset Holding Entity of New South Wales (ABN 59 325 778 353) filed a single modern slavery statement with the Australian Modern Slavery Register for the reporting period 2023-07-01 to 2024-06-30. The reporting entity is headquartered in Australia. The reporting entity has an annual revenue band of 1BN+. The reporting entity operates in the industry sectors: Transportation, logistics, and storage. Register entry: https://modernslaveryregister.gov.au/statements/21269/.'}"
Modern slavery statement 2022-1750: RICOH AUSTRALIA PTY LTD,document,"{'content': 'RICOH AUSTRALIA PTY LTD (ABN 30 000 593 171) filed a single modern slavery statement with the Australian Modern Slavery Register for the reporting period 2021-07-01 to 2022-06-30. The reporting entity is headquartered in Japan. The reporting entity has an annual revenue band of 0-99M. The reporting entity operates in the industry sectors: Durable consumer goods, including electronics and appliances, home furnishings and other accessories Information technology and telecommunication. Register entry: https://modernslaveryregister.gov.au/statements/10248/.'}"
Modern slavery statement 2021-4174: FOCUS ON FURNITURE PTY LTD,document,"{'content': 'FOCUS ON FURNITURE PTY LTD (ABN 14 089 394 712) filed a single modern slavery statement with the Australian Modern Slavery Register for the reporting period 2020-07-01 to 2021-06-30. The reporting entity is headquartered in Australia. The reporting entity has an annual revenue band of 150-200M. The reporting entity operates in the industry sectors: Durable consumer goods, including electronics and appliances, home furnishings and other accessories. Register entry: https://modernslaveryregister.gov.au/statements/7662/.'}"
Modern slavery statement 2021-3250: MEDIA SUPER LIMITED,document,"{'content': 'MEDIA SUPER LIMITED (ABN 30 059 502 948) filed a single modern slavery statement with the Australian Modern Slavery Register for the reporting period 2020-07-01 to 2021-06-30. The reporting entity is headquartered in Australia. The reporting entity has an annual revenue band of 1BN+. The reporting entity operates in the industry sectors: Financial, insurance and real estate activities. Register entry: https://modernslaveryregister.gov.au/statements/6351/.'}"
Modern slavery statement 2022-907: FUTURE GENERATION INVESTMENT COMPANY LIMITED,document,"{'content': 'FUTURE GENERATION INVESTMENT COMPANY LIMITED (ABN 97 063 935 553) filed a single modern slavery statement with the Australian Modern Slavery Register for the reporting period 2021-01-01 to 2021-12-31. The reporting entity is headquartered in Australia. The reporting entity has an annual revenue band of 100-150M. The reporting entity operates in the industry sectors: Financial, insurance and real estate activities. Register entry: https://modernslaveryregister.gov.au/statements/9102/.'}"
Modern slavery statement 2022-2474: E&P FINANCIAL GROUP LIMITED,document,"{'content': 'E&P FINANCIAL GROUP LIMITED (ABN 54 609 913 457) filed a single modern slavery statement with the Australian Modern Slavery Register for the reporting period 2021-07-01 to 2022-06-30. The reporting entity is headquartered in Australia. The reporting entity has an annual revenue band of 150-200M. The reporting entity operates in the industry sectors: Financial, insurance and real estate activities. Register entry: https://modernslaveryregister.gov.au/statements/11290/.'}"
Modern slavery statement 2020-435: ITOCHU AUSTRALIA LTD.,document,"{'content': 'ITOCHU AUSTRALIA LTD. (ABN 63 000 192 790) filed a joint modern slavery statement with the Australian Modern Slavery Register for the reporting period 2019-04-01 to 2020-03-30. The reporting entity is headquartered in Australia. The reporting entity has an annual revenue band of 1BN+. The reporting entity operates in the industry sectors: Food and beverages, agriculture and fishing Forestry, timber products, paper and containers and packaging Mining, metals, chemicals and resources (including oil and gas) Utilities: gas, water and electricity Transportation, logistics, and storage. Register entry: https://modernslaveryregister.gov.au/statements/949/.'}"
Modern slavery statement 2025-2397: PUMA AUSTRALIA PTY LTD,document,{'content': 'PUMA AUSTRALIA PTY LTD (ABN 52 050 539 501) filed a single modern slavery statement with the Australian Modern Slavery Register for the reporting period 2024-01-01 to 2024-12-31. The reporting entity is headquartered in Germany. The reporting entity has an annual revenue band of 150-200M. The reporting entity operates in the industry sectors: Retail Trade. Register entry: https://modernslaveryregister.gov.au/statements/25021/.'}
Modern slavery statement 2023-356: BLUJAY SOLUTIONS (AUSTRALIA) PTY LTD & BLUJAY SOLUTIONS PTY LTD & EXPEDIENT SOFTWARE PTY LIMITED,document,"{'content': 'BLUJAY SOLUTIONS (AUSTRALIA) PTY LTD (ABN 55 113 156 175), BLUJAY SOLUTIONS PTY LTD (ABN 38 103 248 120) and EXPEDIENT SOFTWARE PTY LIMITED (ABN 20 079 873 626) filed a joint modern slavery statement with the Australian Modern Slavery Register for the reporting period 2021-03-01 to 2022-02-28. The reporting entities are headquartered in Australia. The reporting entities have an annual revenue band of 0-99M. The reporting entities operate in the industry sectors: Other. Register entry: https://modernslaveryregister.gov.au/statements/12585/.'}"
Modern slavery statement 2023-202: WORLD VISION AUSTRALIA,document,{'content': 'WORLD VISION AUSTRALIA (ABN 28 004 778 081) filed a single modern slavery statement with the Australian Modern Slavery Register for the reporting period 2021-10-01 to 2022-09-30. The reporting entity is headquartered in Australia. The reporting entity has an annual revenue band of 450-500M. The reporting entity operates in the industry sectors: Charitable / not-for-profit activities. Register entry: https://modernslaveryregister.gov.au/statements/12370/.'}
Modern slavery statement 2024-1171: SAMSUNG ELECTRONICS AUSTRALIA PTY LTD,document,"{'content': 'SAMSUNG ELECTRONICS AUSTRALIA PTY LTD filed a single modern slavery statement with the Australian Modern Slavery Register for the reporting period 2023-01-01 to 2023-12-31. The reporting entity is headquartered in Republic of Korea (South Korea). The reporting entity has an annual revenue band of 1BN+. The reporting entity operates in the industry sectors: Durable consumer goods, including electronics and appliances, home furnishings and other accessories. Register entry: https://modernslaveryregister.gov.au/statements/18448/.'}"
Modern slavery statement 2024-411: CROWN WORLDWIDE (AUSTRALIA) PTY LTD & GCW HOLDINGS PTY LTD & GRACE FF&E INSTALLATIONS PTY LTD et al.,document,"{'content': 'CROWN WORLDWIDE (AUSTRALIA) PTY LTD (ABN 12 127 193 757), GCW HOLDINGS PTY LTD (ABN 90 070 345 845), GRACE FF&E INSTALLATIONS PTY LTD (ABN 93 057 403 620), GRACE RECORDS MANAGEMENT (AUSTRALIA) PTY LTD (ABN 93 097 110 257), GRACE REMOVALS (AUSTRALIA) PTY LTD (ABN 35 083 330 223) and Intercept Information Solutions Pty Ltd, MOVE DYNAMICS PTY LTD (ABN 83 098 988 348) filed a joint modern slavery statement with the Australian Modern Slavery Register for the reporting period 2023-01-01 to 2023-12-31. The reporting entities are headquartered in Australia. The reporting entities have an annual revenue band of 250-300M. The reporting entities operate in the industry sectors: Transportation, logistics, and storage. The statement also covers the included entities: GRACE RECORDS MANAGEMENT (S.E. QLD) PTY LTD (43 081 253 483), MOVE DYNAMICS PTY LTD (83 098 988 348). Register entry: https://modernslaveryregister.gov.au/statements/17369/.'}"
Modern slavery statement 2021-1373: ONE RAIL AUSTRALIA FINANCE PTY LTD & ONE RAIL AUSTRALIA HOLDINGS PTY LTD & ONE RAIL AUSTRALIA (NORTH) PTY LTD et al.,document,"{'content': 'ONE RAIL AUSTRALIA FINANCE PTY LTD (ABN 24 615 317 130), ONE RAIL AUSTRALIA HOLDINGS PTY LTD (ABN 53 132 989 998), ONE RAIL AUSTRALIA (NORTH) PTY LTD (ABN 92 144 081 774), ONE RAIL AUSTRALIA (NSW) PTY LIMITED (ABN 11 079 546 777), ONE RAIL AUSTRALIA PTY LTD (ABN 17 079 444 296) and ONE RAIL AUSTRALIA (SA HOLDINGS) PTY LTD (ABN 37 094 819 806) filed a joint modern slavery statement with the Australian Modern Slavery Register for the reporting period 2019-07-01 to 2020-06-30. The reporting entities are headquartered in Australia. The reporting entities have an annual revenue band of 900M-1BN. The reporting entities operate in the industry sectors: Transportation, logistics, and storage. Register entry: https://modernslaveryregister.gov.au/statements/3301/.'}"
Modern slavery statement 2023-2106: RICEGROWERS LIMITED & RIVIANA FOODS PTY. LTD.,document,"{'content': 'RICEGROWERS LIMITED (ABN 55 007 481 156) and RIVIANA FOODS PTY. LTD. (ABN 97 061 388 092) filed a joint modern slavery statement with the Australian Modern Slavery Register for the reporting period 2022-05-01 to 2023-04-30. The reporting entities are headquartered in Australia. The reporting entities have an annual revenue band of 1BN+. The reporting entities operate in the industry sectors: Food and beverages, agriculture and fishing. Register entry: https://modernslaveryregister.gov.au/statements/15037/.'}"
Modern slavery statement 2025-1379: BLACKROCK AUSTRALIA HOLDCO PTY. LTD. & BLACKROCK INVESTMENT MANAGEMENT (AUSTRALIA) LIMITED,document,{'content': 'BLACKROCK AUSTRALIA HOLDCO PTY. LTD. (ABN 22 139 463 693) and BLACKROCK INVESTMENT MANAGEMENT (AUSTRALIA) LIMITED (ABN 13 006 165 975) filed a joint modern slavery statement with the Australian Modern Slavery Register for the reporting period 2024-01-01 to 2024-12-31. The reporting entities are headquartered in Australia. The reporting entities have an annual revenue band of 250-300M. The reporting entities operate in the industry sectors: Financial and Insurance Services. Register entry: https://modernslaveryregister.gov.au/statements/23640/.'}
Modern slavery statement 2024-1469: UNISYS AUSTRALIA PTY LIMITED,document,{'content': 'UNISYS AUSTRALIA PTY LIMITED (ABN 31 105 642 902) filed a single modern slavery statement with the Australian Modern Slavery Register for the reporting period 2023-01-01 to 2023-12-31. The reporting entity is headquartered in Australia. The reporting entity has an annual revenue band of 200-250M. The reporting entity operates in the industry sectors: Information technology and telecommunication. The statement also covers the included entities: Unisys Mortgage Processing (No.1) Pty Ltd (29 147 490 819). Register entry: https://modernslaveryregister.gov.au/statements/18777/.'}
"Modern slavery statement 2026-160: Blue Yonder Group, Inc.",document,"{'content': 'Blue Yonder Group, Inc. filed a single modern slavery statement with the Australian Modern Slavery Register for the reporting period 2025-01-01 to 2025-12-31. The reporting entity is headquartered in United States of America. The reporting entity has an annual revenue band of 1BN+. The reporting entity operates in the industry sectors: Other Services. The statement also covers the included entities: BLUE YONDER AUSTRALIA PTY LTD, DODDLE AUSTRALIA PTY LTD. Register entry: https://modernslaveryregister.gov.au/statements/27272/.'}"
Modern slavery statement 2025-490: NEUMANN STEEL PTY. LTD.,document,"{'content': 'NEUMANN STEEL PTY. LTD. (ABN 59 009 818 035) filed a single modern slavery statement with the Australian Modern Slavery Register for the reporting period 2024-01-01 to 2024-12-31. The reporting entity is headquartered in Australia. The reporting entity has an annual revenue band of 100-150M. The reporting entity operates in the industry sectors: Construction, civil engineering and building products. Register entry: https://modernslaveryregister.gov.au/statements/22383/.'}"
"Modern slavery statement 2024-2056: RYOWA DEVELOPMENT II PTY. LIMITED, RYOWA DEVELOPMENT PTY. LTD.",document,"{'content': 'RYOWA DEVELOPMENT II PTY. LIMITED, RYOWA DEVELOPMENT PTY. LTD. filed a joint modern slavery statement with the Australian Modern Slavery Register for the reporting period 2023-04-01 to 2024-03-31. The reporting entity is headquartered in Australia. The reporting entity has an annual revenue band of 150-200M. The reporting entity operates in the industry sectors: Mining, metals, chemicals and resources (including oil and gas). The statement also covers the included entities: RYOWA II GPS PTY. LIMITED. Register entry: https://modernslaveryregister.gov.au/statements/19547/.'}"
Modern slavery statement 2025-3391: EUREKA STREET PTY. LTD.,document,{'content': 'EUREKA STREET PTY. LTD. (ABN 41 010 764 833) filed a single modern slavery statement with the Australian Modern Slavery Register for the reporting period 2024-07-01 to 2025-06-30. The reporting entity is headquartered in Australia. The reporting entity has an annual revenue band of 150-200M. The reporting entity operates in the industry sectors: Retail Trade. Register entry: https://modernslaveryregister.gov.au/statements/26440/.'}
"Modern slavery statement 2021-2041: Unibail-Rodamco-Westfield N.V., Unibail-Rodamco-Westfield SE",document,"{'content': 'Unibail-Rodamco-Westfield N.V., Unibail-Rodamco-Westfield SE filed a joint modern slavery statement with the Australian Modern Slavery Register for the reporting period 2020-01-01 to 2020-12-31. The reporting entity is headquartered in France, Netherlands. The reporting entity has an annual revenue band of 1BN+. The reporting entity operates in the industry sectors: Construction, civil engineering and building products Consumer services, including accommodation, hospitality, tourism and leisure. Register entry: https://modernslaveryregister.gov.au/statements/4565/.'}"
Modern slavery statement 2024-3163: The Trustee for AUSTRALIAN PRIME PROPERTY FUND COMMERCIAL PASSIVE & The Trustee for AUSTRALIAN PRIME PROPERTY FUND RETAIL PASSIVE & The Trustee for AUSTRALIA PRIME PROPERTY FUND INDUSTRIAL et al.,document,"{'content': ""The Trustee for AUSTRALIAN PRIME PROPERTY FUND COMMERCIAL PASSIVE (ABN 55 197 181 326), The Trustee for AUSTRALIAN PRIME PROPERTY FUND RETAIL PASSIVE (ABN 23 809 665 695), The Trustee for AUSTRALIA PRIME PROPERTY FUND INDUSTRIAL (ABN 19 564 580 775), The Trustee for LEND LEASE INTERNATIONAL TOWERS SYDNEY TRUST (ABN 85 972 565 760), THE TRUSTEE FOR LENDLEASE ONE INTERNATIONAL TOWERS SYDNEY SUB TRUST (ABN 59 276 590 920), THE TRUSTEE FOR LENDLEASE ONE INTERNATIONAL TOWERS SYDNEY TRUST (ABN 39 370 835 502), The Trustee for LLITST STAGE 1 SUB TRUST (ABN 92 591 456 002) and The Trustee for LLITST STAGE 2 SUB TRUST (ABN 38 505 363 067) filed a joint modern slavery statement with the Australian Modern Slavery Register for the reporting period 2023-07-01 to 2024-06-30. The reporting entities are headquartered in Australia. The reporting entities have an annual revenue band of 1BN+. The reporting entities operate in the industry sectors: Financial, insurance and real estate activities. The statement also covers the included entities: APPFC ACTIVE HOLDINGS PTY LIMITED (11 659 399 069), APPF COMMERCIAL FINANCE PTY LIMITED (66 630 505 234), APPFR ACTIVE HOLDINGS PTY LIMITED (51 665 845 143), APPF RETAIL FINANCE PTY LIMITED (30 648 043 289), LENDLEASE COMPANY ONE PTY LTD (27 605 351 335), LENDLEASE (DARAMU HOUSE) HEADCO PTY LIMITED (47 626 551 193), LENDLEASE (MELBOURNE QUARTER-C1) PTY LIMITED (97 614 366 193), LENDLEASE OITST FINANCE PTY LIMITED (21 634 123 318), LLITST COMPANY 1 PTY LTD (71 164 499 889), LLITST COMPANY 2 PTY LTD (99 164 499 503), LLITST FINANCE PTY LIMITED (85 629 976 503), SMRPF PTY LTD (43 116 541 943), The Trustee for 1 Farrer Place Trust (98 190 902 502), The Trustee for APPFC O'Connell Precinct Trust (83 136 031 560), The Trustee for APPFC Sydney Place Trust (82 430 831 801), The Trustee for APPFC VICTORIA CROSS TRUST (43 383 951 164), The Trustee for Australian Commercial International Towers Sydney Investment Trust (96 885 962 267), The Trustee for BESSEMER TRUST (14 154 692 354), The Trustee for CMS GENERAL TRUST (78 288 913 076), The Trustee for CMS PROPERTY TRUST (57 797 017 461), The Trustee for ERINA PROPERTY TRUST (96 730 484 522), The Trustee for EUSTON TRUST (54 223 020 807), The Trustee for FARIOLA TRUST (31 760 347 823), The trustee for Harbour Town Gold Coast Trust (34 551 419 449), The Trustee for HORTON TRUST (31 884 197 007), The trustee for Joondalup Trust (24 915 763 642), The Trustee for La Trobe Street Head Trust (55 240 856 920), The Trustee for Lendlease DTC Industrial Head Trust (51 995 070 129), The Trustee for Melbourne Quarter-C1 Trust (91 778 668 467), The Trustee for RACHAEL CLOSE TRUST (35 335 009 469), The Trustee for REGENCY PARK TRUST (21 342 798 205), The Trustee for RIVERWOOD TRUST (89 200 793 144), The Trustee for ROMA STREET TRUST (56 418 052 956), The Trustee for SGIL CAIRNS TRUST (85 516 767 592), The Trustee for SLOUGH TRUST (38 244 726 624), The Trustee for THE WOODS TRUST (85 309 312 563). Register entry: https://modernslaveryregister.gov.au/statements/20932/.""}"
Modern slavery statement 2022-1709: BOND STREET CUSTODIANS LIMITED & Macquarie Americas Holdings Pty Ltd & MACQUARIE ASSET MANAGEMENT EUROPE HOLDINGS PTY LIMITED et al.,document,"{'content': 'BOND STREET CUSTODIANS LIMITED (ABN 57 008 607 065), Macquarie Americas Holdings Pty Ltd (ABN 82 124 071 414), MACQUARIE ASSET MANAGEMENT EUROPE HOLDINGS PTY LIMITED (ABN 69 637 680 767), MACQUARIE ASSET MANAGEMENT HOLDINGS PTY LIMITED (ABN 84 134 474 712), MACQUARIE ASSET MANAGEMENT UK HOLDINGS PTY LIMITED (ABN 80 637 680 374), MACQUARIE ASSET MANAGEMENT US HOLDINGS PTY LIMITED (ABN 72 637 679 102), MACQUARIE BANK LIMITED (ABN 46 008 583 542), Macquarie B.H. Pty Ltd (ABN 86 124 071 432), MACQUARIE CAPITAL (AUSTRALIA) LIMITED (ABN 79 123 199 548), MACQUARIE CORPORATE AND ASSET FINANCE LIMITED (ABN 49 006 198 910), MACQUARIE CORPORATE FINANCE HOLDINGS PTY LIMITED (ABN 96 008 606 862), MACQUARIE CORPORATE FINANCE LIMITED (ABN 71 008 595 426), MACQUARIE CORPORATE HOLDINGS PTY LIMITED (ABN 54 096 705 109), MACQUARIE CORPORATE INTERNATIONAL HOLDINGS PTY LIMITED (ABN 24 123 199 253), MACQUARIE EQUITIES (US) HOLDINGS PTY. LIMITED (ABN 98 063 906 392), MACQUARIE FINANCIAL HOLDINGS PTY LIMITED (ABN 63 124 071 398), MACQUARIE FINANCIAL HOLDINGS PTY LIMITED (ABN 63 124 071 398), MACQUARIE FINANCIAL HOLDINGS (USA) LLC, MACQUARIE FUNDING HOLDINGS LLC, MACQUARIE FUNDS MANAGEMENT HOLDINGS PTY LIMITED (ABN 19 093 177 407), MACQUARIE GLOBAL SERVICES PRIVATE LIMITED, MACQUARIE GROUP LIMITED (ABN 94 122 169 279), MACQUARIE GROUP SERVICES AUSTRALIA PTY LTD (ABN 53 116 467 031), MACQUARIE GROUP (US) HOLDINGS NO.1 PTY LTD (ABN 61 124 071 389), MACQUARIE INFRASTRUCTURE AND REAL ASSETS HOLDINGS PTY LIMITED (ABN 95 082 018 399), Macquarie Infrastructure Management (Asia) Pty Limited (ABN 98 112 772 871), MACQUARIE INTERNATIONAL FINANCE LIMITED (ABN 62 092 985 263), MACQUARIE INVESTMENT MANAGEMENT AUSTRALIA LIMITED (ABN 55 092 552 611), MACQUARIE INVESTMENT MANAGEMENT HOLDINGS PTY LIMITED (ABN 76 604 942 127), MACQUARIE INVESTMENT MANAGEMENT LTD (ABN 66 002 867 003), MACQUARIE INVESTMENT SERVICES LIMITED (ABN 73 071 745 401), MACQUARIE LEASING NSW PTY LTD (ABN 67 002 675 032), MACQUARIE LEASING PTY LTD (ABN 38 002 674 982), MACQUARIE PRINCIPAL FINANCE PTY LIMITED (ABN 39 629 759 600), MACQUARIE SECURITIES (AUSTRALIA) LIMITED (ABN 58 002 832 126), MACQUARIE SECURITISATION LIMITED (ABN 16 003 297 336), MACQUARIE SERVICES (USA) LLC, MACQUARIE UK HOLDINGS PTY LIMITED (ABN 90 655 531 561) and SKYLIGHT DEV CO PTY LIMITED (ABN 43 627 172 445) filed a joint modern slavery statement with the Australian Modern Slavery Register for the reporting period 2021-04-01 to 2022-03-31. The reporting entities are headquartered in Australia. The reporting entities have an annual revenue band of 1BN+. The reporting entities operate in the industry sectors: Financial, insurance and real estate activities. Register entry: https://modernslaveryregister.gov.au/statements/10108/.'}"
Modern slavery statement 2024-2647: ROYAN GROUP BIDCO PTY LIMITED & ROYAN GROUP HOLDCO PTY LIMITED & ROYAN GROUP MIDCO PTY LIMITED,document,"{'content': ""ROYAN GROUP BIDCO PTY LIMITED (ABN 56 638 670 470), ROYAN GROUP HOLDCO PTY LIMITED (ABN 91 638 670 238) and ROYAN GROUP MIDCO PTY LIMITED (ABN 25 638 670 336) filed a joint modern slavery statement with the Australian Modern Slavery Register for the reporting period 2023-07-01 to 2024-06-30. The reporting entities are headquartered in Australia. The reporting entities have an annual revenue band of 150-200M. The reporting entities operate in the industry sectors: Transportation, logistics, and storage. The statement also covers the included entities: BILL O'BRIEN SMASH REPAIRS PTY LTD (62 136 387 098), ROYANS BRISBANE PTY LIMITED (38 002 670 484), ROYANS DANDENONG PTY LIMITED (92 624 710 238), Royans Dubbo Pty Limited (75 105 352 789), ROYANS MELBOURNE PTY LTD (17 096 851 580), ROYANS NEWCASTLE PTY LTD (73 051 644 494), Royans Wagga Pty Limited (40 105 356 698), ROYANS WODONGA PTY LIMITED (59 620 035 510), ROYAN TRUCK & TRAILER REPAIRS PTY LTD (58 000 629 363), TFI GROUP PTY LTD (75 600 731 726), TRUCKING SUPPLIES BIDCO PTY LIMITED (64 638 738 173). Register entry: https://modernslaveryregister.gov.au/statements/20413/.""}"
Modern slavery statement 2024-942: The Trustee for Scape Core Fund Trust,document,"{'content': 'The Trustee for Scape Core Fund Trust (ABN 63 915 418 438) filed a single modern slavery statement with the Australian Modern Slavery Register for the reporting period 2023-01-01 to 2023-12-31. The reporting entity is headquartered in Australia. The reporting entity has an annual revenue band of 250-300M. The reporting entity operates in the industry sectors: Financial, insurance and real estate activities. Register entry: https://modernslaveryregister.gov.au/statements/18148/.'}"
Modern slavery statement 2022-2282: HORTICULTURE INNOVATION AUSTRALIA LIMITED,document,"{'content': 'HORTICULTURE INNOVATION AUSTRALIA LIMITED (ABN 71 602 100 149) filed a single modern slavery statement with the Australian Modern Slavery Register for the reporting period 2021-07-01 to 2022-06-30. The reporting entity is headquartered in Australia. The reporting entity has an annual revenue band of 150-200M. The reporting entity operates in the industry sectors: Food and beverages, agriculture and fishing Education and research Charitable / not-for-profit activities. Register entry: https://modernslaveryregister.gov.au/statements/11045/.'}"
Modern slavery statement 2023-2825: Latrobe Health Services Limited & MARYVALE PRIVATE HOSPITAL PROPRIETARY LIMITED,document,"{'content': 'Latrobe Health Services Limited (ABN 94 137 187 010) and MARYVALE PRIVATE HOSPITAL PROPRIETARY LIMITED (ABN 44 007 374 629) filed a joint modern slavery statement with the Australian Modern Slavery Register for the reporting period 2022-07-01 to 2023-06-30. The reporting entities are headquartered in Australia. The reporting entities have an annual revenue band of 200-250M. The reporting entities operate in the industry sectors: Financial, insurance and real estate activities. The statement also covers the included entities: MARYVALE PRIVATE HOSPITAL PROPRIETARY LIMITED (44 007 374 629). Register entry: https://modernslaveryregister.gov.au/statements/16025/.'}"
"Modern slavery statement 2026-142: Intelerad Medical Systems Incorporated, Intelerad Oceania Pty Ltd",document,"{'content': 'Intelerad Medical Systems Incorporated, Intelerad Oceania Pty Ltd (ABN 41 118 359 649) filed a joint modern slavery statement with the Australian Modern Slavery Register for the reporting period 2024-08-01 to 2025-07-31. The reporting entity is headquartered in Australia, Canada. The reporting entity has an annual revenue band of 150-200M. The reporting entity operates in the industry sectors: Health Care and Social Assistance. The statement also covers the included entities: DICOM Grid, Inc. dba Ambra Health, Digisonics, Inc., Heart Imaging Technologies, LLC, Insignia Medical Systems Ltd, Life Image, Inc., Lumedx Corporation, PenRad Technologies, Inc.. Register entry: https://modernslaveryregister.gov.au/statements/27245/.'}"
Modern slavery statement 2021-1356: The Toro Company,document,"{'content': 'The Toro Company (ABN 26 837 744 078) filed a single modern slavery statement with the Australian Modern Slavery Register for the reporting period 2019-11-01 to 2020-10-31. The reporting entity is headquartered in United States of America. The reporting entity has an annual revenue band of 1BN+. The reporting entity operates in the industry sectors: Automotive, machinery and heavy electrical equipment. Register entry: https://modernslaveryregister.gov.au/statements/3281/.'}"
Modern slavery statement 2024-1899: AUSCAN HOLDINGS PTY LIMITED & CSL AUSTRALIA PTY LTD & CSL Ship Management Pty Limited,document,"{'content': 'AUSCAN HOLDINGS PTY LIMITED (ABN 70 084 400 886), CSL AUSTRALIA PTY LTD (ABN 24 080 378 614) and CSL Ship Management Pty Limited (ABN 98 126 128 961) filed a joint modern slavery statement with the Australian Modern Slavery Register for the reporting period 2023-04-01 to 2024-03-31. The reporting entities are headquartered in Australia, Canada. The reporting entities have an annual revenue band of 200-250M. The reporting entities operate in the industry sectors: Transportation, logistics, and storage. Register entry: https://modernslaveryregister.gov.au/statements/19376/.'}"
Modern slavery statement 2025-3429: ADCHEM (AUSTRALIA) PTY. LTD.,document,{'content': 'ADCHEM (AUSTRALIA) PTY. LTD. (ABN 87 069 180 258) filed a single modern slavery statement with the Australian Modern Slavery Register for the reporting period 2024-07-01 to 2025-06-30. The reporting entity is headquartered in Australia. The reporting entity has an annual revenue band of 150-200M. The reporting entity operates in the industry sectors: Manufacturing. Register entry: https://modernslaveryregister.gov.au/statements/26421/.'}
Modern slavery statement 2021-2090: OJI OCEANIA MANAGEMENT (AUS) PTY LTD,document,{'content': 'OJI OCEANIA MANAGEMENT (AUS) PTY LTD (ABN 52 169 111 362) filed a single modern slavery statement with the Australian Modern Slavery Register for the reporting period 2020-01-01 to 2020-12-31. The reporting entity is headquartered in New Zealand. The reporting entity has an annual revenue band of 100-150M. The reporting entity operates in the industry sectors: Other. Register entry: https://modernslaveryregister.gov.au/statements/4659/.'}
Modern slavery statement 2022-2895: LOYALTY PACIFIC PTY LTD,document,{'content': 'LOYALTY PACIFIC PTY LTD (ABN 82 057 931 334) filed a single modern slavery statement with the Australian Modern Slavery Register for the reporting period 2021-07-01 to 2022-06-30. The reporting entity is headquartered in Australia. The reporting entity has an annual revenue band of 350-400M. The reporting entity operates in the industry sectors: Other. Register entry: https://modernslaveryregister.gov.au/statements/11803/.'}
Modern slavery statement 2024-1045: ALLNEX AUSTRALIA HOLDING PTY LTD & ALLNEX AUSTRALIA PTY. LTD. & ALLNEX RESINS AUSTRALIA PTY LTD,document,"{'content': 'ALLNEX AUSTRALIA HOLDING PTY LTD (ABN 81 614 712 364), ALLNEX AUSTRALIA PTY. LTD. (ABN 24 160 397 768) and ALLNEX RESINS AUSTRALIA PTY LTD (ABN 25 000 045 572) filed a joint modern slavery statement with the Australian Modern Slavery Register for the reporting period 2023-01-01 to 2023-12-31. The reporting entities are headquartered in Australia. The reporting entities have an annual revenue band of 300-350M. The reporting entities operate in the industry sectors: Mining, metals, chemicals and resources (including oil and gas). The statement also covers the included entities: NUPLEX RESINS (VIETNAM) PTY LTD. Register entry: https://modernslaveryregister.gov.au/statements/18303/.'}"
Modern slavery statement 2024-1655: AUSTRALIAN AGRIBUSINESS (HOLDINGS) PTY LTD,document,"{'content': 'AUSTRALIAN AGRIBUSINESS (HOLDINGS) PTY LTD (ABN 61 135 355 958) filed a single modern slavery statement with the Australian Modern Slavery Register for the reporting period 2023-07-01 to 2024-06-30. The reporting entity is headquartered in Australia. The reporting entity has an annual revenue band of 150-200M. The reporting entity operates in the industry sectors: Food and beverages, agriculture and fishing Mining, metals, chemicals and resources (including oil and gas). The statement also covers the included entities: Accensi Pty Ltd (94 079 875 184), UTR INVESTMENTS PTY LIMITED (14 138 086 209). Register entry: https://modernslaveryregister.gov.au/statements/19029/.'}"
Modern slavery statement 2024-893: IMAGE RESOURCES NL,document,"{'content': 'IMAGE RESOURCES NL (ABN 57 063 977 579) filed a single modern slavery statement with the Australian Modern Slavery Register for the reporting period 2023-01-01 to 2023-12-31. The reporting entity is headquartered in Australia. The reporting entity has an annual revenue band of 100-150M. The reporting entity operates in the industry sectors: Mining, metals, chemicals and resources (including oil and gas). The statement also covers the included entities: CRATON RESOURCES PTY LTD, TITAN-DR RESOURCES PTY LTD, TITAN-SR RESOURCES PTY LTD, TITON RESOURCES PTY LTD. Register entry: https://modernslaveryregister.gov.au/statements/18076/.'}"
Modern slavery statement 2022-1255: Bendigo Kangan Institute,document,{'content': 'Bendigo Kangan Institute (ABN 74 802 942 886) filed a single modern slavery statement with the Australian Modern Slavery Register for the reporting period 2021-04-01 to 2022-03-30. The reporting entity is headquartered in Australia. The reporting entity has an annual revenue band of 150-200M. The reporting entity operates in the industry sectors: Education and research. Register entry: https://modernslaveryregister.gov.au/statements/9542/.'}
Modern slavery statement 2022-1831: COVER SYNDICATE PTY LTD,document,"{'content': 'COVER SYNDICATE PTY LTD (ABN 54 614 038 765) filed a single modern slavery statement with the Australian Modern Slavery Register for the reporting period 2020-07-01 to 2021-06-30. The reporting entity is headquartered in Australia. The reporting entity has an annual revenue band of 100-150M. The reporting entity operates in the industry sectors: Media, publishing, arts and entertainment. Register entry: https://modernslaveryregister.gov.au/statements/10327/.'}"
Modern slavery statement 2025-1290: EDMI PTY LTD,document,"{'content': 'EDMI PTY LTD (ABN 65 010 061 391) filed a single modern slavery statement with the Australian Modern Slavery Register for the reporting period 2024-01-01 to 2024-12-31. The reporting entity is headquartered in Australia. The reporting entity has an annual revenue band of 150-200M. The reporting entity operates in the industry sectors: Electricity, Gas, Water and Waste Services. The statement also covers the included entities: EDMI GAS PTY LTD (99 128 174 658). Register entry: https://modernslaveryregister.gov.au/statements/23444/.'}"
Modern slavery statement 2021-2456: CEDAR PACIFIC INVESTMENT MANAGEMENT PTY LTD,document,"{'content': 'CEDAR PACIFIC INVESTMENT MANAGEMENT PTY LTD (ABN 89 608 750 438) filed a single modern slavery statement with the Australian Modern Slavery Register for the reporting period 2020-01-01 to 2020-12-31. The reporting entity is headquartered in Australia. The reporting entity has an annual revenue band of 0-99M. The reporting entity operates in the industry sectors: Financial, insurance and real estate activities. Register entry: https://modernslaveryregister.gov.au/statements/5104/.'}"
Modern slavery statement 2024-1097: Omnicom Media Group Australia Pty Ltd,document,"{'content': 'Omnicom Media Group Australia Pty Ltd (ABN 74 129 754 883) filed a single modern slavery statement with the Australian Modern Slavery Register for the reporting period 2023-01-01 to 2023-12-31. The reporting entity is headquartered in Australia. The reporting entity has an annual revenue band of 400-450M. The reporting entity operates in the industry sectors: Media, publishing, arts and entertainment. The statement also covers the included entities: HEARTS AND SCIENCE PTY. LTD. (56 100 552 510), OMNET AUSTRALIA PTY LTD (16 115 238 974), OPTIMUM MEDIA DIRECTION PTY. LTD. (29 075 944 777), PHD NETWORKS PTY LTD (63 076 525 614), RESOLUTION MEDIA NETWORK PTY LTD (91 121 725 764), TRKKN AUSTRALIA PTY LTD (75 661 139 555). Register entry: https://modernslaveryregister.gov.au/statements/18387/.'}"
Modern slavery statement 2024-4: PETER MACCALLUM CANCER INSTITUTE,document,"{'content': 'PETER MACCALLUM CANCER INSTITUTE (ABN 42 100 504 883) filed a joint modern slavery statement with the Australian Modern Slavery Register for the reporting period 2022-07-01 to 2023-06-30. The reporting entity is headquartered in Australia. The reporting entity has an annual revenue band of 1BN+. The reporting entity operates in the industry sectors: Healthcare and pharmaceuticals. The statement also covers the included entities: CELL THERAPIES PTY LTD (15 100 285 916), The Trustee for PETER MACCALLUM CANCER FOUNDATION (14 786 237 480). Register entry: https://modernslaveryregister.gov.au/statements/16716/.'}"
Modern slavery statement 2021-1278: RETAIL HOLDINGS PTY. LTD. & SPORTSGIRL PTY. LTD. & The Trustee for SUZANNE GRAE UNIT TRUST et al.,document,"{'content': 'RETAIL HOLDINGS PTY. LTD. (ABN 71 093 246 032), SPORTSGIRL PTY. LTD. (ABN 77 090 049 415), The Trustee for SUZANNE GRAE UNIT TRUST (ABN 11 580 943 436) and The Trustee for THE SUSSAN LINGERIE & SPORTSWEAR TRUST (ABN 79 772 682 378) filed a joint modern slavery statement with the Australian Modern Slavery Register for the reporting period 2020-01-01 to 2020-12-31. The reporting entities are headquartered in Australia. The reporting entities have an annual revenue band of 500-600M. The reporting entities operate in the industry sectors: Fashion, textiles, apparel and luxury goods. Register entry: https://modernslaveryregister.gov.au/statements/3195/.'}"
Modern slavery statement 2022-1873: ETHOS BEATHCHAPMAN AUSTRALIA PTY LTD,document,{'content': 'ETHOS BEATHCHAPMAN AUSTRALIA PTY LTD (ABN 15 628 088 451) filed a single modern slavery statement with the Australian Modern Slavery Register for the reporting period 2021-07-01 to 2022-06-30. The reporting entity is headquartered in Australia. The reporting entity has an annual revenue band of 100-150M. The reporting entity operates in the industry sectors: Other. Register entry: https://modernslaveryregister.gov.au/statements/10441/.'}
Modern slavery statement 2021-2656: XERO AUSTRALIA PTY LIMITED & Xero Limited,document,"{'content': 'XERO AUSTRALIA PTY LIMITED (ABN 89 124 215 247) and Xero Limited (ABN 81 160 661 183) filed a joint modern slavery statement with the Australian Modern Slavery Register for the reporting period 2020-04-01 to 2021-03-30. The reporting entities are headquartered in Australia, New Zealand. The reporting entities have an annual revenue band of 1BN+. The reporting entities operate in the industry sectors: Information technology and telecommunication. Register entry: https://modernslaveryregister.gov.au/statements/5444/.'}"
Modern slavery statement 2025-1257: ZF Friedrichshafen AG,document,"{'content': 'ZF Friedrichshafen AG filed a single modern slavery statement with the Australian Modern Slavery Register for the reporting period 2024-01-01 to 2024-12-31. The reporting entity is headquartered in Germany. The reporting entity has an annual revenue band of 1BN+. The reporting entity operates in the industry sectors: Automotive, machinery and heavy electrical equipment. The statement also covers the included entities: TRW Australia Holdings Pty Ltd., TRW Australia Pty Ltd., WABCO Australia Pty. Ltd., ZF Holdings Australia Pty. Ltd., ZF Services Australia Pty. Ltd.. Register entry: https://modernslaveryregister.gov.au/statements/22968/.'}"
Modern slavery statement 2023-3290: THE TRUSTEE FOR ALLAN GRAY AUSTRALIA EQUITY FUND,document,"{'content': 'THE TRUSTEE FOR ALLAN GRAY AUSTRALIA EQUITY FUND (ABN 30 077 263 138) filed a single modern slavery statement with the Australian Modern Slavery Register for the reporting period 2022-07-01 to 2023-06-30. The reporting entity is headquartered in Australia. The reporting entity has an annual revenue band of 350-400M. The reporting entity operates in the industry sectors: Financial, insurance and real estate activities. Register entry: https://modernslaveryregister.gov.au/statements/16567/.'}"
Modern slavery statement 2025-1894: LSH AUTO (BRISBANE) PTY LTD & LSH AUTO (MELBOURNE) PTY LTD & LSH AUTO (SYDNEY) PTY LTD,document,"{'content': 'LSH AUTO (BRISBANE) PTY LTD (ABN 66 606 816 497), LSH AUTO (MELBOURNE) PTY LTD (ABN 77 618 554 635) and LSH AUTO (SYDNEY) PTY LTD (ABN 25 604 103 915) filed a joint modern slavery statement with the Australian Modern Slavery Register for the reporting period 2024-01-01 to 2024-12-31. The reporting entities are headquartered in Hong Kong. The reporting entities have an annual revenue band of 350-400M. The reporting entities operate in the industry sectors: Automotive, machinery and heavy electrical equipment. Register entry: https://modernslaveryregister.gov.au/statements/24223/.'}"
Modern slavery statement 2024-880: SGSP (AUSTRALIA) ASSETS PTY LTD,document,"{'content': 'SGSP (AUSTRALIA) ASSETS PTY LTD (ABN 60 126 327 624) filed a single modern slavery statement with the Australian Modern Slavery Register for the reporting period 2023-01-01 to 2023-12-31. The reporting entity is headquartered in Australia. The reporting entity has an annual revenue band of 1BN+. The reporting entity operates in the industry sectors: Utilities: gas, water and electricity. The statement also covers the included entities: JEMENA LIMITED (95 052 167 405), Zinfra Pty Ltd (98 156 517 305). Register entry: https://modernslaveryregister.gov.au/statements/18060/.'}"
Modern slavery statement 2025-921: ROBERT HALF AUSTRALIA PTY LIMITED,document,"{'content': 'ROBERT HALF AUSTRALIA PTY LIMITED (ABN 32 081 257 052) filed a single modern slavery statement with the Australian Modern Slavery Register for the reporting period 2024-01-01 to 2024-12-31. The reporting entity is headquartered in Australia. The reporting entity has an annual revenue band of 150-200M. The reporting entity operates in the industry sectors: Professional and administrative services and supplies, including legal, consulting and accounting services. Register entry: https://modernslaveryregister.gov.au/statements/23041/.'}"
Modern slavery statement 2024-2114: BARBEQUES GALORE PTY LIMITED,document,"{'content': 'BARBEQUES GALORE PTY LIMITED filed a single modern slavery statement with the Australian Modern Slavery Register for the reporting period 2023-07-01 to 2024-06-30. The reporting entity is headquartered in Australia. The reporting entity has an annual revenue band of 150-200M. The reporting entity operates in the industry sectors: Durable consumer goods, including electronics and appliances, home furnishings and other accessories. Register entry: https://modernslaveryregister.gov.au/statements/19655/.'}"
Modern slavery statement 2021-3927: HUDSON RPO (AUST) PTY LTD,document,{'content': 'HUDSON RPO (AUST) PTY LTD (ABN 29 622 996 918) filed a single modern slavery statement with the Australian Modern Slavery Register for the reporting period 2020-07-01 to 2021-06-30. The reporting entity is headquartered in United States of America. The reporting entity has an annual revenue band of 100-150M. The reporting entity operates in the industry sectors: Other. Register entry: https://modernslaveryregister.gov.au/statements/7158/.'}
Modern slavery statement 2022-557: MORGAN STANLEY (AUSTRALIA) SECURITIES HOLDINGS PTY LIMITED,document,"{'content': 'MORGAN STANLEY (AUSTRALIA) SECURITIES HOLDINGS PTY LIMITED (ABN 75 106 503 799) filed a single modern slavery statement with the Australian Modern Slavery Register for the reporting period 2021-04-01 to 2022-03-30. The reporting entity is headquartered in United States of America. The reporting entity has an annual revenue band of 100-150M. The reporting entity operates in the industry sectors: Financial, insurance and real estate activities. Register entry: https://modernslaveryregister.gov.au/statements/8560/.'}"
Modern slavery statement 2022-2700: CLIFFORD HALLAM HEALTHCARE PTY LIMITED,document,{'content': 'CLIFFORD HALLAM HEALTHCARE PTY LIMITED (ABN 38 001 655 554) filed a single modern slavery statement with the Australian Modern Slavery Register for the reporting period 2021-07-01 to 2022-06-30. The reporting entity is headquartered in Australia. The reporting entity has an annual revenue band of 1BN+. The reporting entity operates in the industry sectors: Cosmetics and toiletries Healthcare and pharmaceuticals. Register entry: https://modernslaveryregister.gov.au/statements/11573/.'}
Modern slavery statement 2024-1342: The Trustee for CHP Holdings Unit Trust,document,{'content': 'The Trustee for CHP Holdings Unit Trust (ABN 64 144 220 710) filed a single modern slavery statement with the Australian Modern Slavery Register for the reporting period 2023-01-01 to 2023-12-31. The reporting entity is headquartered in Australia. The reporting entity has an annual revenue band of 150-200M. The reporting entity operates in the industry sectors: Healthcare and pharmaceuticals. The statement also covers the included entities: The Trustee for CHP Unit Trust (39 144 988 542). Register entry: https://modernslaveryregister.gov.au/statements/18484/.'}
Modern slavery statement 2023-2822: IMAGE HOLDCO PTY LTD & I-MED NEW SOUTH WALES PTY LIMITED & I-MED QUEENSLAND PTY LTD et al.,document,"{'content': 'IMAGE HOLDCO PTY LTD (ABN 18 623 028 740), I-MED NEW SOUTH WALES PTY LIMITED (ABN 45 095 617 244), I-MED QUEENSLAND PTY LTD (ABN 79 010 928 613), I-MED REGIONAL PTY LIMITED (ABN 81 095 630 792) and I-MED VICTORIA PTY LIMITED (ABN 19 080 845 594) filed a joint modern slavery statement with the Australian Modern Slavery Register for the reporting period 2022-07-01 to 2023-06-30. The reporting entities are headquartered in Australia. The reporting entities have an annual revenue band of 900M-1BN. The reporting entities operate in the industry sectors: Healthcare and pharmaceuticals. The statement also covers the included entities: I-MED NEW SOUTH WALES PTY LIMITED (45 095 617 244), I-MED QUEENSLAND PTY LTD (79 010 928 613), I-MED REGIONAL PTY LIMITED (81 095 630 792), I-MED VICTORIA PTY LIMITED (19 080 845 594). Register entry: https://modernslaveryregister.gov.au/statements/15736/.'}"
Modern slavery statement 2021-1541: SIMPLOT AUSTRALIA PTY LIMITED,document,"{'content': 'SIMPLOT AUSTRALIA PTY LIMITED (ABN 98 070 579 609) filed a single modern slavery statement with the Australian Modern Slavery Register for the reporting period 2020-04-01 to 2021-03-30. The reporting entity is headquartered in United States of America. The reporting entity has an annual revenue band of 1BN+. The reporting entity operates in the industry sectors: Food and beverages, agriculture and fishing. Register entry: https://modernslaveryregister.gov.au/statements/3589/.'}"
Modern slavery statement 2022-1619: BLUESCOPE DISTRIBUTION PTY LTD & BLUESCOPE STEEL (AIS) PTY. LTD. & BLUESCOPE STEEL AMERICAS HOLDINGS PTY LTD et al.,document,"{'content': 'BLUESCOPE DISTRIBUTION PTY LTD (ABN 88 096 380 068), BLUESCOPE STEEL (AIS) PTY. LTD. (ABN 19 000 019 625), BLUESCOPE STEEL AMERICAS HOLDINGS PTY LTD (ABN 13 073 776 271), BLUESCOPE STEEL ASIA HOLDINGS PTY LTD (ABN 25 102 832 100), BLUESCOPE STEEL (FINANCE) LIMITED (ABN 53 098 842 338), BLUESCOPE STEEL LIMITED (ABN 16 000 011 058), GLENBROOK HOLDINGS PTY. LTD. (ABN 62 007 258 059), LYSAGHT BUILDING SOLUTIONS PTY LTD (ABN 61 103 232 444) and ORRCON MANUFACTURING PTY LTD (ABN 15 113 998 066) filed a joint modern slavery statement with the Australian Modern Slavery Register for the reporting period 2021-07-01 to 2022-06-30. The reporting entities are headquartered in Australia. The reporting entities have an annual revenue band of 1BN+. The reporting entities operate in the industry sectors: Construction, civil engineering and building products. Register entry: https://modernslaveryregister.gov.au/statements/10064/.'}"
Modern slavery statement 2021-942: LORNA JANE PTY LTD,document,"{'content': 'LORNA JANE PTY LTD (ABN 91 065 384 616) filed a single modern slavery statement with the Australian Modern Slavery Register for the reporting period 2019-07-01 to 2020-06-30. The reporting entity is headquartered in Australia. The reporting entity has an annual revenue band of 150-200M. The reporting entity operates in the industry sectors: Fashion, textiles, apparel and luxury goods. Register entry: https://modernslaveryregister.gov.au/statements/2774/.'}"
Modern slavery statement 2022-1899: IGNITE LIMITED,document,"{'content': 'IGNITE LIMITED (ABN 43 002 724 334) filed a single modern slavery statement with the Australian Modern Slavery Register for the reporting period 2021-07-01 to 2022-06-30. The reporting entity is headquartered in Australia. The reporting entity has an annual revenue band of 100-150M. The reporting entity operates in the industry sectors: Information technology and telecommunication Professional and administrative services and supplies, including legal, consulting and accounting services Government Sector. Register entry: https://modernslaveryregister.gov.au/statements/10471/.'}"
Modern slavery statement 2024-719: AZELIS AUSTRALIA PTY LIMITED,document,"{'content': 'AZELIS AUSTRALIA PTY LIMITED (ABN 54 091 997 027) filed a single modern slavery statement with the Australian Modern Slavery Register for the reporting period 2023-01-01 to 2023-12-31. The reporting entity is headquartered in Australia. The reporting entity has an annual revenue band of 150-200M. The reporting entity operates in the industry sectors: Other. The statement also covers the included entities: AGSPEC AUSTRALIA PTY LTD (40 109 573 953), CHEMCOLOUR INDUSTRIES AUSTRALIA PTY LIMITED (70 125 602 271), CHEMIPLAS AUSTRALIA PTY LTD (29 003 056 808), CW PACIFIC PTY LTD (51 079 844 152), CW Pacific Specialties Pty Limited (74 140 680 002), EB1 PTY LIMITED (65 158 510 135), ELLE BEE EXPORTS PTY LTD (72 094 529 530), TIMTECHCHEM AUSTRALIA PTY LTD (90 164 411 081). Register entry: https://modernslaveryregister.gov.au/statements/17768/.'}"
"Modern slavery statement 2026-335: JUST EAT (ACQUISITIONS) PTY LIMITED, Menulog Group Limited, MENULOG PTY LTD",document,"{'content': 'JUST EAT (ACQUISITIONS) PTY LIMITED, Menulog Group Limited, MENULOG PTY LTD filed a joint modern slavery statement with the Australian Modern Slavery Register for the reporting period 2025-01-01 to 2025-12-31. The reporting entity is headquartered in Netherlands. The reporting entity has an annual revenue band of 150-200M. The reporting entity operates in the industry sectors: Other Services. Register entry: https://modernslaveryregister.gov.au/statements/27488/.'}"
Modern slavery statement 2024-2965: MCCOSKER CONTRACTING PTY LTD,document,"{'content': 'MCCOSKER CONTRACTING PTY LTD (ABN 42 070 997 787) filed a single modern slavery statement with the Australian Modern Slavery Register for the reporting period 2023-07-01 to 2024-06-30. The reporting entity is headquartered in Australia. The reporting entity has an annual revenue band of 150-200M. The reporting entity operates in the industry sectors: Construction, civil engineering and building products. Register entry: https://modernslaveryregister.gov.au/statements/20636/.'}"
Modern slavery statement 2021-801: PRIME MEDIA GROUP LIMITED,document,"{'content': 'PRIME MEDIA GROUP LIMITED (ABN 97 000 764 867) filed a joint modern slavery statement with the Australian Modern Slavery Register for the reporting period 2020-01-01 to 2020-12-31. The reporting entity is headquartered in Australia. The reporting entity has an annual revenue band of 150-200M. The reporting entity operates in the industry sectors: Media, publishing, arts and entertainment. Register entry: https://modernslaveryregister.gov.au/statements/2539/.'}"
Modern slavery statement 2023-3424: PRL GLOBAL LTD,document,"{'content': 'PRL GLOBAL LTD filed a joint modern slavery statement with the Australian Modern Slavery Register for the reporting period 2022-07-01 to 2023-06-30. The reporting entity is headquartered in Australia. The reporting entity has an annual revenue band of 900M-1BN. The reporting entity operates in the industry sectors: Mining, metals, chemicals and resources (including oil and gas). The statement also covers the included entities: PHOSPHATE RESOURCES LIMITED. Register entry: https://modernslaveryregister.gov.au/statements/16565/.'}"
Modern slavery statement 2024-1358: ANZ STAFF SUPERANNUATION (AUSTRALIA) PTY. LIMITED,document,"{'content': 'ANZ STAFF SUPERANNUATION (AUSTRALIA) PTY. LIMITED (ABN 92 006 680 664) filed a single modern slavery statement with the Australian Modern Slavery Register for the reporting period 2023-01-01 to 2023-12-31. The reporting entity is headquartered in Australia. The reporting entity has an annual revenue band of 0-99M. The reporting entity operates in the industry sectors: Financial, insurance and real estate activities. Register entry: https://modernslaveryregister.gov.au/statements/18678/.'}"
Modern slavery statement 2022-2057: NIKE AUSTRALIA PTY. LTD.,document,"{'content': 'NIKE AUSTRALIA PTY. LTD. (ABN 99 055 141 743) filed a single modern slavery statement with the Australian Modern Slavery Register for the reporting period 2021-07-01 to 2022-06-30. The reporting entity is headquartered in United States of America. The reporting entity has an annual revenue band of 700-800M. The reporting entity operates in the industry sectors: Fashion, textiles, apparel and luxury goods. Register entry: https://modernslaveryregister.gov.au/statements/10716/.'}"
Modern slavery statement 2024-3127: AMOTIV LIMITED & AUTOPACIFIC AUSTRALIA PTY LTD & AUTOPACIFIC GROUP BIDCO PTY LTD et al.,document,"{'content': 'AMOTIV LIMITED (ABN 99 004 400 891), AUTOPACIFIC AUSTRALIA PTY LTD (ABN 60 004 546 543), AUTOPACIFIC GROUP BIDCO PTY LTD (ABN 45 635 465 682), AUTOPACIFIC GROUP HOLDCO PTY LTD (ABN 54 635 465 717), AUTOPACIFIC GROUP HOLDINGS PTY LTD (ABN 20 107 464 175), AUTOPACIFIC GROUP MIDCO PTY LTD (ABN 60 635 465 744), AUTOPACIFIC GROUP TOPCO PTY LTD (ABN 68 635 465 780), BROWN & WATSON INTERNATIONAL PTY. LIMITED (ABN 29 004 250 748) and RYCO GROUP PTY LIMITED (ABN 13 004 237 727) filed a joint modern slavery statement with the Australian Modern Slavery Register for the reporting period 2023-07-01 to 2024-06-30. The reporting entities are headquartered in Australia. The reporting entities have an annual revenue band of 1BN+. The reporting entities operate in the industry sectors: Automotive, machinery and heavy electrical equipment. The statement also covers the included entities: AA GASKETS PTY LTD (49 622 802 948), ACAD LIMITED (44 624 659 089), AECAA PTY LTD (96 059 087 704), AUSTRALIAN CLUTCH SERVICES PTY LTD (36 008 202 711), Caravan Electrical Solutions Pty Ltd (33 150 070 590), CRUISEMASTER AUSTRALIA PTY LTD (44 010 033 762), DISC BRAKES AUSTRALIA PTY. LIMITED (12 003 543 995), E C B PTY. LTD. (25 010 676 034), FULLY EQUIPPED AUSTRALIA PTY LTD (38 122 879 814), INFINITEV AUSTRALIA PTY LIMITED (91 674 224 367), INNOVATIVE MECHATRONICS GROUP PTY LTD (79 006 171 035), PARKSIDE TOWBARS PTY LTD (67 103 851 770), UNEEK 4X4 AUSTRALIA PTY LTD (52 624 896 466), Vehicle Components (2018) Pty Ltd, WESFIL AUSTRALIA PTY LTD (57 074 202 485). Register entry: https://modernslaveryregister.gov.au/statements/21008/.'}"
Modern slavery statement 2022-2726: NEXTDC LIMITED,document,{'content': 'NEXTDC LIMITED (ABN 35 143 582 521) filed a single modern slavery statement with the Australian Modern Slavery Register for the reporting period 2021-07-01 to 2022-06-30. The reporting entity is headquartered in Australia. The reporting entity has an annual revenue band of 250-300M. The reporting entity operates in the industry sectors: Information technology and telecommunication. Register entry: https://modernslaveryregister.gov.au/statements/11597/.'}
Modern slavery statement 2022-2888: DIAMOND POWER (AUSTRALIA) PTY. LIMITED & HALLEY & MELLOWES PTY LTD & HMA FLOW & INDUSTRIAL PTY LTD et al.,document,"{'content': 'DIAMOND POWER (AUSTRALIA) PTY. LIMITED (ABN 64 008 425 214), HALLEY & MELLOWES PTY LTD (ABN 83 000 558 627), HMA FLOW & INDUSTRIAL PTY LTD (ABN 68 092 292 718), HMA INSTRUMENTATION PTY LTD (ABN 42 058 605 959) and HMA WEAR SOLUTIONS PTY LTD (ABN 69 002 407 730) filed a joint modern slavery statement with the Australian Modern Slavery Register for the reporting period 2021-07-01 to 2022-06-30. The reporting entities are headquartered in Australia. The reporting entities have an annual revenue band of 0-99M. The reporting entities operate in the industry sectors: Other. Register entry: https://modernslaveryregister.gov.au/statements/11790/.'}"
Modern slavery statement 2025-3220: INDARA CORPORATION PTY LTD,document,"{'content': 'INDARA CORPORATION PTY LTD filed a single modern slavery statement with the Australian Modern Slavery Register for the reporting period 2024-07-01 to 2025-06-30. The reporting entity is headquartered in Australia. The reporting entity has an annual revenue band of 350-400M. The reporting entity operates in the industry sectors: Rental, Hiring and Real Estate Services Construction Information Media and Telecommunications Other Services. The statement also covers the included entities: ENE.HUB PTY LIMITED, HUB AUSTRALASIA PTY LIMITED, HUB INNOVATIONS PTY LIMITED, HUB QATAR PTY LIMITED, HUB SE HOLDINGS PTY LIMITED, HUB Street Equipment Pty Ltd, INDARA ADMINISTRATION PTY LTD, INDARA ASSET HOLDCO PTY LTD, INDARA ASSET PTY LTD, INDARA BIDCO PTY LTD, INDARA CORPORATION HOLDINGS PTY LTD, INDARA FINANCE PTY LTD, INDARA HOLDCO PTY LTD, INDARA INBUILDING SOLUTIONS PTY LTD, INDARA INFRASTRUCTURE HOLDINGS PTY LTD, INDARA INFRASTRUCTURE PTY LTD, INDARA PROPERTIES LTD, INDARA SERVICES PTY LTD, STRUCTEL PTY LTD, THE TRUSTEE FOR INDARA ASSET TRUST (73 907 540 472), THE TRUSTEE FOR THE TRUST COMPANY AUSTRALIA ATF INDARA HOLD TRUST (42 508 575 162). Register entry: https://modernslaveryregister.gov.au/statements/26065/.'}"
Modern slavery statement 2025-1843: SOPHOS PTY LTD,document,{'content': 'SOPHOS PTY LTD (ABN 41 085 792 374) filed a single modern slavery statement with the Australian Modern Slavery Register for the reporting period 2024-04-01 to 2025-03-31. The reporting entity is headquartered in Australia. The reporting entity has an annual revenue band of 100-150M. The reporting entity operates in the industry sectors: Information Media and Telecommunications. Register entry: https://modernslaveryregister.gov.au/statements/24153/.'}
"Modern slavery statement 2022-1878: SOUTHERN CROSS CARE (SA, NT & VIC) INCORPORATED",document,"{'content': 'SOUTHERN CROSS CARE (SA, NT & VIC) INCORPORATED (ABN 53 682 143 626) filed a single modern slavery statement with the Australian Modern Slavery Register for the reporting period 2022-07-01 to 2023-06-30. The reporting entity is headquartered in Australia. The reporting entity has an annual revenue band of 200-250M. The reporting entity operates in the industry sectors: Healthcare and pharmaceuticals Charitable / not-for-profit activities. Register entry: https://modernslaveryregister.gov.au/statements/10442/.'}"
Modern slavery statement 2022-2484: INSIGNIA FINANCIAL LTD,document,"{'content': 'INSIGNIA FINANCIAL LTD (ABN 49 100 103 722) filed a joint modern slavery statement with the Australian Modern Slavery Register for the reporting period 2021-07-01 to 2022-06-30. The reporting entity is headquartered in Australia. The reporting entity has an annual revenue band of 1BN+. The reporting entity operates in the industry sectors: Financial, insurance and real estate activities. Register entry: https://modernslaveryregister.gov.au/statements/11300/.'}"
Modern slavery statement 2021-2734: FISHER & PAYKEL HEALTHCARE CORPORATION LIMITED & FISHER & PAYKEL HEALTHCARE PTY. LIMITED,document,"{'content': 'FISHER & PAYKEL HEALTHCARE CORPORATION LIMITED (ABN 69 098 026 281) and FISHER & PAYKEL HEALTHCARE PTY. LIMITED (ABN 52 005 484 999) filed a joint modern slavery statement with the Australian Modern Slavery Register for the reporting period 2020-04-01 to 2021-03-30. The reporting entities are headquartered in Australia, New Zealand. The reporting entities have an annual revenue band of 1BN+. The reporting entities operate in the industry sectors: Healthcare and pharmaceuticals. Register entry: https://modernslaveryregister.gov.au/statements/5553/.'}"
Modern slavery statement 2024-152: INTEGRATED RESEARCH LIMITED,document,{'content': 'INTEGRATED RESEARCH LIMITED filed a single modern slavery statement with the Australian Modern Slavery Register for the reporting period 2022-07-01 to 2023-06-30. The reporting entity is headquartered in Australia. The reporting entity has an annual revenue band of 0-99M. The reporting entity operates in the industry sectors: Information technology and telecommunication. Register entry: https://modernslaveryregister.gov.au/statements/16955/.'}
Modern slavery statement 2023-2061: ANGLICARE VICTORIA,document,{'content': 'ANGLICARE VICTORIA (ABN 97 397 067 466) filed a single modern slavery statement with the Australian Modern Slavery Register for the reporting period 2022-07-01 to 2023-06-30. The reporting entity is headquartered in Australia. The reporting entity has an annual revenue band of 200-250M. The reporting entity operates in the industry sectors: Charitable / not-for-profit activities. Register entry: https://modernslaveryregister.gov.au/statements/14968/.'}
"Modern slavery statement 2023-2063: FORCH AUSTRALIA PTY LTD, MAXIPARTS OPERATIONS PTY LTD",document,"{'content': 'FORCH AUSTRALIA PTY LTD, MAXIPARTS OPERATIONS PTY LTD filed a joint modern slavery statement with the Australian Modern Slavery Register for the reporting period 2022-07-01 to 2023-06-30. The reporting entity is headquartered in Australia. The reporting entity has an annual revenue band of 250-300M. The reporting entity operates in the industry sectors: Other. Register entry: https://modernslaveryregister.gov.au/statements/14975/.'}"
Modern slavery statement 2023-498: Rimini Street Inc,document,{'content': 'Rimini Street Inc (ABN 61 898 632 956) filed a joint modern slavery statement with the Australian Modern Slavery Register for the reporting period 2022-01-01 to 2022-12-31. The reporting entity is headquartered in United States of America. The reporting entity has an annual revenue band of 400-450M. The reporting entity operates in the industry sectors: Information technology and telecommunication. Register entry: https://modernslaveryregister.gov.au/statements/12813/.'}
Modern slavery statement 2025-3439: ANDREW JOHNSON HOLDINGS PTY LTD,document,{'content': 'ANDREW JOHNSON HOLDINGS PTY LTD (ABN 54 089 200 448) filed a single modern slavery statement with the Australian Modern Slavery Register for the reporting period 2024-07-01 to 2025-06-30. The reporting entity is headquartered in Australia. The reporting entity has an annual revenue band of 100-150M. The reporting entity operates in the industry sectors: Construction. Register entry: https://modernslaveryregister.gov.au/statements/26494/.'}
Modern slavery statement 2024-1210: CellMark AB,document,"{'content': 'CellMark AB filed a single modern slavery statement with the Australian Modern Slavery Register for the reporting period 2023-01-01 to 2023-12-31. The reporting entity is headquartered in Sweden. The reporting entity has an annual revenue band of 1BN+. The reporting entity operates in the industry sectors: Forestry, timber products, paper and containers and packaging Mining, metals, chemicals and resources (including oil and gas) Waste management and recycling. The statement also covers the included entities: CELLMARK AUSTRALIA PTY LIMITED (93 613 279 155). Register entry: https://modernslaveryregister.gov.au/statements/18510/.'}"
Modern slavery statement 2022-220: WORLD VISION AUSTRALIA,document,{'content': 'WORLD VISION AUSTRALIA (ABN 28 004 778 081) filed a single modern slavery statement with the Australian Modern Slavery Register for the reporting period 2021-01-01 to 2021-12-31. The reporting entity is headquartered in Australia. The reporting entity has an annual revenue band of 450-500M. The reporting entity operates in the industry sectors: Charitable / not-for-profit activities. Register entry: https://modernslaveryregister.gov.au/statements/8030/.'}
Modern slavery statement 2021-237: EML PAYMENTS LIMITED,document,"{'content': 'EML PAYMENTS LIMITED (ABN 93 104 757 904) filed a single modern slavery statement with the Australian Modern Slavery Register for the reporting period 2019-07-01 to 2020-06-30. The reporting entity is headquartered in Australia, Ireland, United Kingdom, United States of America. The reporting entity has an annual revenue band of 100-150M. The reporting entity operates in the industry sectors: Other. Register entry: https://modernslaveryregister.gov.au/statements/1506/.'}"
Modern slavery statement 2021-2383: DSM NUTRITIONAL PRODUCTS AUSTRALIA PTY LIMITED,document,"{'content': 'DSM NUTRITIONAL PRODUCTS AUSTRALIA PTY LIMITED (ABN 36 000 991 793) filed a single modern slavery statement with the Australian Modern Slavery Register for the reporting period 2020-01-01 to 2020-12-31. The reporting entity is headquartered in Netherlands. The reporting entity has an annual revenue band of 150-200M. The reporting entity operates in the industry sectors: Food and beverages, agriculture and fishing. Register entry: https://modernslaveryregister.gov.au/statements/4965/.'}"
"Modern slavery statement 2024-725: KESTREL COAL GROUP PTY LTD, KESTREL COAL HOLDINGS PTY LTD, KESTREL COAL MIDCO PTY LTD, KESTREL COAL RESOURCES PTY LTD, KESTREL COAL SUBSIDIARY PTY LTD",document,"{'content': 'KESTREL COAL GROUP PTY LTD, KESTREL COAL HOLDINGS PTY LTD, KESTREL COAL MIDCO PTY LTD, KESTREL COAL RESOURCES PTY LTD, KESTREL COAL SUBSIDIARY PTY LTD filed a joint modern slavery statement with the Australian Modern Slavery Register for the reporting period 2023-01-01 to 2023-12-31. The reporting entity is headquartered in Australia. The reporting entity has an annual revenue band of 1BN+. The reporting entity operates in the industry sectors: Mining, metals, chemicals and resources (including oil and gas). Register entry: https://modernslaveryregister.gov.au/statements/17808/.'}"
Modern slavery statement 2025-3657: HEALTH INSURANCE FUND OF AUSTRALIA LIMITED,document,{'content': 'HEALTH INSURANCE FUND OF AUSTRALIA LIMITED (ABN 84 607 276 950) filed a single modern slavery statement with the Australian Modern Slavery Register for the reporting period 2024-07-01 to 2025-06-30. The reporting entity is headquartered in Australia. The reporting entity has an annual revenue band of 150-200M. The reporting entity operates in the industry sectors: Financial and Insurance Services. The statement also covers the included entities: HIF PTY LTD (63 167 067 478). Register entry: https://modernslaveryregister.gov.au/statements/26753/.'}
Modern slavery statement 2021-1300: GAMMA INVESTMENTS HOLDCO PTY LTD,document,{'content': 'GAMMA INVESTMENTS HOLDCO PTY LTD (ABN 30 635 098 690) filed a joint modern slavery statement with the Australian Modern Slavery Register for the reporting period 2019-07-01 to 2020-06-30. The reporting entity is headquartered in Australia. The reporting entity has an annual revenue band of 100-150M. The reporting entity operates in the industry sectors: Healthcare and pharmaceuticals. Register entry: https://modernslaveryregister.gov.au/statements/3214/.'}
Modern slavery statement 2024-2044: VIRIDIAN GLASS PTY LTD,document,"{'content': 'VIRIDIAN GLASS PTY LTD (ABN 68 006 904 052) filed a single modern slavery statement with the Australian Modern Slavery Register for the reporting period 2023-04-01 to 2024-03-31. The reporting entity is headquartered in Australia. The reporting entity has an annual revenue band of 200-250M. The reporting entity operates in the industry sectors: Construction, civil engineering and building products. The statement also covers the included entities: DON MATHIESON & STAFF GLASS PTY. LTD., SA INDEPENDENT GLASS PTY LTD, VIRIDIAN GLASS INTERNATIONAL PTY LIMITED, VIRIDIAN GLASS OPERATIONS PTY LIMITED, VIRIDIAN GLAZING PTY LTD, VIRIDIAN PROPERTIES LIMITED, VIVID GLASS, WINDOWS & DOORS PTY LTD. Register entry: https://modernslaveryregister.gov.au/statements/19566/.'}"
Modern slavery statement 2022-1642: SUMITOMO MITSUI BANKING CORPORATION,document,"{'content': 'SUMITOMO MITSUI BANKING CORPORATION (ABN 98 114 053 459) filed a single modern slavery statement with the Australian Modern Slavery Register for the reporting period 2021-07-01 to 2022-06-30. The reporting entity is headquartered in Japan. The reporting entity has an annual revenue band of 500-600M. The reporting entity operates in the industry sectors: Financial, insurance and real estate activities. Register entry: https://modernslaveryregister.gov.au/statements/10099/.'}"
Modern slavery statement 2025-641: SEDGWICK AUSTRALIA PTY LIMITED,document,"{'content': 'SEDGWICK AUSTRALIA PTY LIMITED (ABN 49 003 437 161) filed a single modern slavery statement with the Australian Modern Slavery Register for the reporting period 2024-01-01 to 2024-12-31. The reporting entity is headquartered in Australia. The reporting entity has an annual revenue band of 100-150M. The reporting entity operates in the industry sectors: Financial, insurance and real estate activities. The statement also covers the included entities: DIRECT HEALTH SOLUTIONS AUSTRALIA PTY LTD (30 600 165 339), DIRECT HEALTH SOLUTIONS GROUP PTY LTD (41 646 785 873), SEDGWICK AUSTRALIA FINANCE PTY LIMITED (60 006 984 292). Register entry: https://modernslaveryregister.gov.au/statements/22599/.'}"
Modern slavery statement 2025-1815: MY PLACE WA LTD,document,{'content': 'MY PLACE WA LTD (ABN 80 784 853 864) filed a single modern slavery statement with the Australian Modern Slavery Register for the reporting period 2024-07-01 to 2025-06-30. The reporting entity is headquartered in Australia. The reporting entity has an annual revenue band of 100-150M. The reporting entity operates in the industry sectors: Charitable / not-for-profit activities. Register entry: https://modernslaveryregister.gov.au/statements/24115/.'}
Modern slavery statement 2025-257: Standard Chartered Bank,document,"{'content': 'Standard Chartered Bank filed a single modern slavery statement with the Australian Modern Slavery Register for the reporting period 2024-01-01 to 2024-12-31. The reporting entity is headquartered in United Kingdom. The reporting entity has an annual revenue band of 1BN+. The reporting entity operates in the industry sectors: Financial, insurance and real estate activities. The statement also covers the included entities: STANDARD CHARTERED GRINDLAYS PTY LTD. Register entry: https://modernslaveryregister.gov.au/statements/22017/.'}"
Modern slavery statement 2021-1759: COLLAGIS AUSTRALIA PTY LTD & The Trustee for Collagis Unit Trust & THE TRUSTEE FOR PEPWORLDWIDE ANZ UNIT TRUST,document,"{'content': 'COLLAGIS AUSTRALIA PTY LTD (ABN 23 634 258 683), The Trustee for Collagis Unit Trust (ABN 87 965 704 329) and THE TRUSTEE FOR PEPWORLDWIDE ANZ UNIT TRUST (ABN 25 979 109 551) filed a joint modern slavery statement with the Australian Modern Slavery Register for the reporting period 2019-07-01 to 2020-06-30. The reporting entities are headquartered in Australia. The reporting entities have an annual revenue band of 0-99M. The reporting entities operate in the industry sectors: Professional and administrative services and supplies, including legal, consulting and accounting services. Register entry: https://modernslaveryregister.gov.au/statements/4031/.'}"
Modern slavery statement 2023-717: BASWARE PTY LTD,document,{'content': 'BASWARE PTY LTD (ABN 52 096 671 528) filed a single modern slavery statement with the Australian Modern Slavery Register for the reporting period 2022-01-01 to 2022-12-31. The reporting entity is headquartered in Finland. The reporting entity has an annual revenue band of 0-99M. The reporting entity operates in the industry sectors: Information technology and telecommunication. Register entry: https://modernslaveryregister.gov.au/statements/13151/.'}
Modern slavery statement 2021-859: EDGEWELL PERSONAL CARE AUSTRALIA PTY LTD,document,"{'content': 'EDGEWELL PERSONAL CARE AUSTRALIA PTY LTD (ABN 32 601 894 795) filed a joint modern slavery statement with the Australian Modern Slavery Register for the reporting period 2020-01-01 to 2020-12-31. The reporting entity is headquartered in Australia, United Kingdom. The reporting entity has an annual revenue band of 0-99M. The reporting entity operates in the industry sectors: Cosmetics and toiletries. Register entry: https://modernslaveryregister.gov.au/statements/2649/.'}"
Modern slavery statement 2021-2674: DATACOM AUSTRALIA HOLDINGS PTY LIMITED & DATACOM CONNECT PTY LTD & DATACOM DATA CENTRES PTY LTD et al.,document,"{'content': 'DATACOM AUSTRALIA HOLDINGS PTY LIMITED (ABN 45 094 235 373), DATACOM CONNECT PTY LTD (ABN 16 103 112 303), DATACOM DATA CENTRES PTY LTD (ABN 58 110 978 179), Datacom New Zealand Limited (ABN 95 875 120 116) and DATACOM SYSTEMS (AU) PTY LTD (ABN 39 135 427 075) filed a joint modern slavery statement with the Australian Modern Slavery Register for the reporting period 2020-04-01 to 2021-03-30. The reporting entities are headquartered in Australia, New Zealand. The reporting entities have an annual revenue band of 1BN+. The reporting entities operate in the industry sectors: Information technology and telecommunication Professional and administrative services and supplies, including legal, consulting and accounting services. Register entry: https://modernslaveryregister.gov.au/statements/5470/.'}"
Modern slavery statement 2023-1656: BABY BUNTING GROUP LIMITED & BABY BUNTING PTY LTD,document,"{'content': 'BABY BUNTING GROUP LIMITED (ABN 58 128 533 693) and BABY BUNTING PTY LTD (ABN 43 128 546 154) filed a joint modern slavery statement with the Australian Modern Slavery Register for the reporting period 2022-07-01 to 2023-06-30. The reporting entities are headquartered in Australia. The reporting entities have an annual revenue band of 1BN+. The reporting entities operate in the industry sectors: Durable consumer goods, including electronics and appliances, home furnishings and other accessories. Register entry: https://modernslaveryregister.gov.au/statements/14403/.'}"
Modern slavery statement 2023-1239: Internet Services Australia 1 Pty Limited,document,"{'content': 'Internet Services Australia 1 Pty Limited (ABN 50 152 631 082) filed a single modern slavery statement with the Australian Modern Slavery Register for the reporting period 2022-01-01 to 2022-12-31. The reporting entity is headquartered in Australia. The reporting entity has an annual revenue band of 800-900M. The reporting entity operates in the industry sectors: Durable consumer goods, including electronics and appliances, home furnishings and other accessories Cosmetics and toiletries Fashion, textiles, apparel and luxury goods. Register entry: https://modernslaveryregister.gov.au/statements/13651/.'}"
Modern slavery statement 2026-21: HAZELL BROS GROUP PTY LTD & Hazell Bros (QLD) Pty Ltd & HAZELL BROS RESOURCES PTY LTD,document,"{'content': ""HAZELL BROS GROUP PTY LTD (ABN 27 088 345 804), Hazell Bros (QLD) Pty Ltd (ABN 46 145 228 986) and HAZELL BROS RESOURCES PTY LTD (ABN 16 150 374 280) filed a joint modern slavery statement with the Australian Modern Slavery Register for the reporting period 2024-07-01 to 2025-06-30. The reporting entities are headquartered in Australia. The reporting entities have an annual revenue band of 400-450M. The reporting entities operate in the industry sectors: Construction Mining Transport, Postal and Warehousing. The statement also covers the included entities: CLARKE'S SANDS PTY LTD (82 059 363 478), CROSSROADS CIVIL CONTRACTING PTY. LTD. (49 070 002 961), CROSSROADS CONCRETE PTY LTD (49 632 586 960), HAZELL BROS. CIVIL CONTRACTING PTY. LTD. (74 009 531 346), HAZELL BROS CONCRETE PTY LTD (56 118 390 800), HAZELL BROS PLANT HIRE (QLD) PTY LTD (22 148 075 101), HAZELL BROS RAEBURN QUARRY PTY LTD (95 630 027 075), H.B.M.I. PTY. LTD. (84 009 509 148), KERBLINE PTY LTD (77 080 132 510), QUALTECH (TAS) PTY LTD (56 080 563 864). Register entry: https://modernslaveryregister.gov.au/statements/27059/.""}"
Modern slavery statement 2022-1400: Blackhawk Network (Australia) Pty Ltd,document,"{'content': 'Blackhawk Network (Australia) Pty Ltd (ABN 84 123 251 703) filed a single modern slavery statement with the Australian Modern Slavery Register for the reporting period 2021-07-01 to 2022-06-30. The reporting entity is headquartered in United States of America. The reporting entity has an annual revenue band of 100-150M. The reporting entity operates in the industry sectors: Financial, insurance and real estate activities. Register entry: https://modernslaveryregister.gov.au/statements/9709/.'}"
Modern slavery statement 2021-3454: CLAREVILLE PTY LIMITED,document,"{'content': 'CLAREVILLE PTY LIMITED (ABN 42 003 038 668) filed a single modern slavery statement with the Australian Modern Slavery Register for the reporting period 2020-07-01 to 2021-06-30. The reporting entity is headquartered in Australia. The reporting entity has an annual revenue band of 100-150M. The reporting entity operates in the industry sectors: Mining, metals, chemicals and resources (including oil and gas). Register entry: https://modernslaveryregister.gov.au/statements/6686/.'}"
Modern slavery statement 2024-783: AUTISM SPECTRUM AUSTRALIA (ASPECT),document,{'content': 'AUTISM SPECTRUM AUSTRALIA (ASPECT) (ABN 12 000 637 267) filed a single modern slavery statement with the Australian Modern Slavery Register for the reporting period 2023-01-01 to 2023-12-31. The reporting entity is headquartered in Australia. The reporting entity has an annual revenue band of 100-150M. The reporting entity operates in the industry sectors: Charitable / not-for-profit activities. Register entry: https://modernslaveryregister.gov.au/statements/17918/.'}
Modern slavery statement 2023-2485: PROCTER & GAMBLE AUSTRALIA PTY. LIMITED,document,"{'content': 'PROCTER & GAMBLE AUSTRALIA PTY. LIMITED (ABN 91 008 396 245) filed a single modern slavery statement with the Australian Modern Slavery Register for the reporting period 2021-07-01 to 2022-06-30. The reporting entity is headquartered in Australia. The reporting entity has an annual revenue band of 700-800M. The reporting entity operates in the industry sectors: Durable consumer goods, including electronics and appliances, home furnishings and other accessories Cosmetics and toiletries. Register entry: https://modernslaveryregister.gov.au/statements/15485/.'}"
Modern slavery statement 2024-3547: SAUNDERS INTERNATIONAL LIMITED,document,"{'content': 'SAUNDERS INTERNATIONAL LIMITED (ABN 14 050 287 431) filed a single modern slavery statement with the Australian Modern Slavery Register for the reporting period 2023-07-01 to 2024-06-30. The reporting entity is headquartered in Australia. The reporting entity has an annual revenue band of 200-250M. The reporting entity operates in the industry sectors: Mining, metals, chemicals and resources (including oil and gas) Construction, civil engineering and building products Defence and aerospace. The statement also covers the included entities: SAUNDERS ASSET SERVICES PTY LIMITED (95 610 760 426), SAUNDERS AUTOMATION PTY LTD (92 093 758 564), SAUNDERS CIVILBUILD PTY LTD (86 617 431 562), SAUNDERS PIPING SOLUTIONS PTY LIMITED (93 671 976 275), SAUNDERS PLANTWEAVE PTY LIMITED (14 652 303 305), SAUNDERS PROPERTY (NSW) PTY LTD (39 617 486 021). Register entry: https://modernslaveryregister.gov.au/statements/21515/.'}"
"Modern slavery statement 2025-1947: CARTOLOGY PTY LIMITED, DRUMSTAR PTY LTD, FABCOT PTY LTD, LEASEHOLD INVESTMENTS PTY LTD, PROGRESSIVE ENTERPRISES HOLDINGS LIMITED, WOOLWORTHS GROUP LIMITED & WOOLWORTHS GROUP PAYMENTS PTY LIMITED, WOOLWORTHS (SOUTH AUSTRALIA) PTY LIMITED, WOOLWORTHS (VICTORIA) PTY LIMITED, WPAY PTY LIMITED",document,"{'content': 'CARTOLOGY PTY LIMITED, DRUMSTAR PTY LTD, FABCOT PTY LTD, LEASEHOLD INVESTMENTS PTY LTD, PROGRESSIVE ENTERPRISES HOLDINGS LIMITED, WOOLWORTHS GROUP LIMITED (ABN 88 000 014 675) and WOOLWORTHS GROUP PAYMENTS PTY LIMITED, WOOLWORTHS (SOUTH AUSTRALIA) PTY LIMITED, WOOLWORTHS (VICTORIA) PTY LIMITED, WPAY PTY LIMITED filed a joint modern slavery statement with the Australian Modern Slavery Register for the reporting period 2024-07-01 to 2025-06-29. The reporting entities are headquartered in Australia. The reporting entities have an annual revenue band of 1BN+. The reporting entities operate in the industry sectors: Financial and Insurance Services Retail Trade Construction Information Media and Telecommunications. Register entry: https://modernslaveryregister.gov.au/statements/24305/.'}"
"Modern slavery statement 2023-903: BELL FINANCIAL GROUP LIMITED, BELL POTTER SECURITIES LIMITED",document,"{'content': 'BELL FINANCIAL GROUP LIMITED, BELL POTTER SECURITIES LIMITED filed a joint modern slavery statement with the Australian Modern Slavery Register for the reporting period 2022-01-01 to 2022-12-31. The reporting entity is headquartered in Australia. The reporting entity has an annual revenue band of 350-400M. The reporting entity operates in the industry sectors: Financial, insurance and real estate activities. Register entry: https://modernslaveryregister.gov.au/statements/13429/.'}"
Modern slavery statement 2020-367: Z Energy Ltd,document,"{'content': 'Z Energy Ltd filed a single modern slavery statement with the Australian Modern Slavery Register for the reporting period 2019-04-01 to 2020-03-30. The reporting entity is headquartered in New Zealand. The reporting entity has an annual revenue band of 1BN+. The reporting entity operates in the industry sectors: Mining, metals, chemicals and resources (including oil and gas) Transportation, logistics, and storage. Register entry: https://modernslaveryregister.gov.au/statements/765/.'}"
Modern slavery statement 2025-1736: MTU Maintenance Berlin-Brandenburg GmbH,document,{'content': 'MTU Maintenance Berlin-Brandenburg GmbH (ABN 61 310 577 059) filed a single modern slavery statement with the Australian Modern Slavery Register for the reporting period 2024-01-01 to 2024-12-31. The reporting entity is headquartered in Germany. The reporting entity has an annual revenue band of 300-350M. The reporting entity operates in the industry sectors: Defence and aerospace. Register entry: https://modernslaveryregister.gov.au/statements/24013/.'}
Modern slavery statement 2024-2523: Peninsula Health,document,{'content': 'Peninsula Health (ABN 52 892 860 159) filed a single modern slavery statement with the Australian Modern Slavery Register for the reporting period 2023-07-01 to 2024-06-30. The reporting entity is headquartered in Australia. The reporting entity has an annual revenue band of 700-800M. The reporting entity operates in the industry sectors: Healthcare and pharmaceuticals. Register entry: https://modernslaveryregister.gov.au/statements/20247/.'}
Modern slavery statement 2025-110: THE HOSPITALS CONTRIBUTION FUND OF AUSTRALIA LTD,document,"{'content': 'THE HOSPITALS CONTRIBUTION FUND OF AUSTRALIA LTD (ABN 68 000 026 746) filed a single modern slavery statement with the Australian Modern Slavery Register for the reporting period 2023-07-01 to 2024-06-30. The reporting entity is headquartered in Australia. The reporting entity has an annual revenue band of 1BN+. The reporting entity operates in the industry sectors: Financial, insurance and real estate activities. The statement also covers the included entities: H C F LIFE INSURANCE COMPANY PTY LTD (37 001 831 250). Register entry: https://modernslaveryregister.gov.au/statements/21783/.'}"
Modern slavery statement 2023-2844: MICHAEL HILL INTERNATIONAL LIMITED,document,"{'content': 'MICHAEL HILL INTERNATIONAL LIMITED (ABN 25 610 937 598) filed a joint modern slavery statement with the Australian Modern Slavery Register for the reporting period 2022-07-01 to 2023-06-30. The reporting entity is headquartered in Australia. The reporting entity has an annual revenue band of 600-700M. The reporting entity operates in the industry sectors: Fashion, textiles, apparel and luxury goods. The statement also covers the included entities: FINE JEWELLERY RETAIL AU PTY LTD (57 168 234 160), MEDLEY JEWELLERY PTY LTD. Register entry: https://modernslaveryregister.gov.au/statements/16051/.'}"
Modern slavery statement 2023-3110: VIRGIN AUSTRALIA HOLDINGS PTY LTD & VIRGIN AUSTRALIA INTERNATIONAL HOLDINGS PTY LTD,document,"{'content': 'VIRGIN AUSTRALIA HOLDINGS PTY LTD (ABN 54 100 686 226) and VIRGIN AUSTRALIA INTERNATIONAL HOLDINGS PTY LTD (ABN 23 155 860 021) filed a joint modern slavery statement with the Australian Modern Slavery Register for the reporting period 2022-07-01 to 2023-06-30. The reporting entities are headquartered in Australia. The reporting entities have an annual revenue band of 1BN+. The reporting entities operate in the industry sectors: Transportation, logistics, and storage Consumer services, including accommodation, hospitality, tourism and leisure. The statement also covers the included entities: BC HART COMPANY PTY LTD (65 645 265 514), VBNC5 PTY LTD (16 119 691 502), VB PDP 2010-11 PTY LTD (88 140 818 266), VELOCITY FREQUENT FLYER 1 PTY LTD (50 601 273 072), VELOCITY FREQUENT FLYER 2 PTY LTD (54 601 273 527), VELOCITY FREQUENT FLYER HOLDCO PTY LTD (44 169 684 093), VELOCITY FREQUENT FLYER PTY LTD (60 601 408 824), VIRGIN AUSTRALIA AIRLINES HOLDINGS PTY LTD (19 093 924 675), VIRGIN AUSTRALIA AIRLINES PTY LTD (36 090 670 965), VIRGIN AUSTRALIA INTERNATIONAL AIRLINES PTY LTD (63 125 580 823), VIRGIN AUSTRALIA REGIONAL AIRLINES PTY LTD (76 008 997 662). Register entry: https://modernslaveryregister.gov.au/statements/16374/.'}"
"Modern slavery statement 2023-1446: ACTIVISION BLIZZARD PTY LTD & ACTIVISION PUBLISHING, INC., BLIZZARD ENTERTAINMENT, INC.",document,"{'content': 'ACTIVISION BLIZZARD PTY LTD (ABN 90 054 096 883) and ACTIVISION PUBLISHING, INC., BLIZZARD ENTERTAINMENT, INC. filed a joint modern slavery statement with the Australian Modern Slavery Register for the reporting period 2022-01-01 to 2022-12-31. The reporting entities are headquartered in United States of America. The reporting entities have an annual revenue band of 300-350M. The reporting entities operate in the industry sectors: Durable consumer goods, including electronics and appliances, home furnishings and other accessories. Register entry: https://modernslaveryregister.gov.au/statements/14076/.'}"
"Modern slavery statement 2022-2860: BIRCH, CARROLL & COYLE LIMITED & QT HOTELS AND RESORTS PTY LIMITED & RYDGES HOTELS LTD et al.",document,"{'content': 'BIRCH, CARROLL & COYLE LIMITED (ABN 40 009 659 643), QT HOTELS AND RESORTS PTY LIMITED (ABN 23 140 595 624), RYDGES HOTELS LTD (ABN 48 050 035 268) and THE GREATER UNION ORGANISATION PTY LTD (ABN 99 000 024 439) filed a joint modern slavery statement with the Australian Modern Slavery Register for the reporting period 2021-07-01 to 2022-06-30. The reporting entities are headquartered in Australia. The reporting entities have an annual revenue band of 900M-1BN. The reporting entities operate in the industry sectors: Consumer services, including accommodation, hospitality, tourism and leisure. Register entry: https://modernslaveryregister.gov.au/statements/11762/.'}"
Modern slavery statement 2023-1238: VOLVO CAR AUSTRALIA PTY LTD,document,"{'content': 'VOLVO CAR AUSTRALIA PTY LTD (ABN 18 004 830 611) filed a single modern slavery statement with the Australian Modern Slavery Register for the reporting period 2022-01-01 to 2022-12-31. The reporting entity is headquartered in Sweden. The reporting entity has an annual revenue band of 700-800M. The reporting entity operates in the industry sectors: Automotive, machinery and heavy electrical equipment. Register entry: https://modernslaveryregister.gov.au/statements/13534/.'}"
Modern slavery statement 2023-3104: Knight Frank Australia Holdings Pty Ltd & KNIGHT FRANK AUSTRALIA PTY LTD,document,"{'content': 'Knight Frank Australia Holdings Pty Ltd (ABN 28 114 923 938) and KNIGHT FRANK AUSTRALIA PTY LTD (ABN 17 004 973 684) filed a joint modern slavery statement with the Australian Modern Slavery Register for the reporting period 2022-07-01 to 2023-06-30. The reporting entities are headquartered in Australia. The reporting entities have an annual revenue band of 150-200M. The reporting entities operate in the industry sectors: Financial, insurance and real estate activities. The statement also covers the included entities: Knight Frank Licensing Pty Ltd (11 103 147 191), KNIGHT FRANK NSW VALUATIONS AND ADVISORY PTY LTD (48 631 678 503), KNIGHT FRANK OCCUPIER SERVICES PTY LTD (34 116 268 565). Register entry: https://modernslaveryregister.gov.au/statements/16372/.'}"
Modern slavery statement 2026-287: CKI UTILITIES DEVELOPMENT LIMITED & Others & ENERVEN ENERGY INFRASTRUCTURE PTY LTD & ETSA UTILITIES FINANCE PTY LTD et al.,document,"{'content': 'CKI UTILITIES DEVELOPMENT LIMITED & Others (ABN 13 332 330 749), ENERVEN ENERGY INFRASTRUCTURE PTY LTD (ABN 31 621 124 909), ETSA UTILITIES FINANCE PTY LTD (ABN 78 091 701 825) and UTILITIES MANAGEMENT PTY LTD (ABN 25 090 664 878) filed a joint modern slavery statement with the Australian Modern Slavery Register for the reporting period 2025-01-01 to 2025-12-31. The reporting entities are headquartered in Australia. The reporting entities have an annual revenue band of 1BN+. The reporting entities operate in the industry sectors: Electricity, Gas, Water and Waste Services. The statement also covers the included entities: ENERVEN ENERGY SOLUTIONS PTY LTD (49 621 147 297), ETSA ANCILLARY PTY LTD (87 101 536 421), ETSA FRC PTY LTD (85 101 536 412). Register entry: https://modernslaveryregister.gov.au/statements/27484/.'}"
Modern slavery statement 2025-2892: AUSTRALIAN BROADCASTING CORPORATION,document,{'content': 'AUSTRALIAN BROADCASTING CORPORATION (ABN 52 429 278 345) filed a single modern slavery statement with the Australian Modern Slavery Register for the reporting period 2024-07-01 to 2025-06-30. The reporting entity is headquartered in Australia. The reporting entity has an annual revenue band of 600-700M. The reporting entity operates in the industry sectors: Information Media and Telecommunications. Register entry: https://modernslaveryregister.gov.au/statements/25736/.'}
Modern slavery statement 2025-976: SPARK INVESTMENT HOLDCO PTY LTD,document,"{'content': 'SPARK INVESTMENT HOLDCO PTY LTD (ABN 98 626 001 394) filed a single modern slavery statement with the Australian Modern Slavery Register for the reporting period 2023-07-01 to 2024-06-30. The reporting entity is headquartered in Australia. The reporting entity has an annual revenue band of 200-250M. The reporting entity operates in the industry sectors: Utilities: gas, water and electricity. The statement also covers the included entities: EVE AUSTRALIA PTY LTD, EV INVESTMENTS BIDCO PTY LTD, INTELLIHUB ASSETS PTY LTD (66 618 036 169), INTELLIHUB AUSTRALIA PTY LTD, INTELLIHUB BTM HOLDINGS PTY LTD, INTELLIHUB HOLDINGS PTY LTD, INTELLIHUB IP HOLDINGS PTY LTD, INTELLIHUB METERING PTY LTD, INTELLIHUB NEWCO 2 PTY LTD, INTELLIHUB PTY. LTD. (57 601 509 693), INTELLIHUB VENTURES PTY LTD, PACIFIC 2022 BIDCO C PTY LIMITED, PACIFIC COMMUNITY INFRASTRUCTURE BIDCO PTY LTD (24 637 488 174), PACIFIC COMMUNITY INFRASTRUCTURE HOLDCO PTY LTD (59 637 487 953), PACIFIC COMMUNITY INFRASTRUCTURE MIDCO PTY LTD (92 637 488 021), PACIFIC COMMUNITY INFRASTRUCTURE TOPCO PTY LTD (38 637 487 864), POOLED PTY LTD (45 664 002 706), SPARK A HOLDCO PTY LTD (20 655 821 248), SPARK INVESTMENT MIDCO PTY LTD (20 626 002 248). Register entry: https://modernslaveryregister.gov.au/statements/22324/.'}"
Modern slavery statement 2025-2330: INDIGENOUS ESSENTIAL SERVICES PTY LTD & POWER AND WATER CORPORATION,document,"{'content': 'INDIGENOUS ESSENTIAL SERVICES PTY LTD (ABN 50 105 269 636) and POWER AND WATER CORPORATION (ABN 15 947 352 360) filed a joint modern slavery statement with the Australian Modern Slavery Register for the reporting period 2024-07-01 to 2025-06-30. The reporting entities are headquartered in Australia. The reporting entities have an annual revenue band of 800-900M. The reporting entities operate in the industry sectors: Electricity, Gas, Water and Waste Services. Register entry: https://modernslaveryregister.gov.au/statements/24899/.'}"
Modern slavery statement 2024-1081: INTOWORK AUSTRALIA LTD,document,"{'content': 'INTOWORK AUSTRALIA LTD (ABN 85 006 162 152) filed a single modern slavery statement with the Australian Modern Slavery Register for the reporting period 2022-07-01 to 2023-06-30. The reporting entity is headquartered in Australia. The reporting entity has an annual revenue band of 250-300M. The reporting entity operates in the industry sectors: Charitable / not-for-profit activities. The statement also covers the included entities: AUSTRALIAN TRADE COLLEGE NORTH BRISBANE LTD (54 117 167 307), Australian Trade Training College Limited (53 139 076 636), CAPRICORNIA TRAINING COMPANY LIMITED (13 419 019 806), GIPPSLAND GROUP TRAINING LIMITED (30 006 070 828), GO2 RECRUITMENT PTY LTD (46 152 130 473), HOSPITALITY TRAINING NETWORK LTD (42 003 692 733), Hume Employment Service Limited (87 109 950 361), INTERACT AUSTRALIA LTD (47 072 232 083), MAS NATIONAL LIMITED (11 131 047 268), MRAEL LIMITED (61 010 617 044), NARA TRAINING AND ASSESSING PTY LTD (96 600 658 553), PLUS RECRUITMENT PTY LTD (79 159 257 093), Skill Hire WA Pty Ltd (95 143 388 881), TOOWOOMBA REGIONAL GROUP APPRENTICESHIP COMPANY PTY. LIMITED (82 010 704 613), WORK & TRAINING LIMITED (34 009 577 806). Register entry: https://modernslaveryregister.gov.au/statements/17753/.'}"
Modern slavery statement 2021-1198: COOPERS BREWERY LIMITED,document,"{'content': 'COOPERS BREWERY LIMITED (ABN 13 007 871 409) filed a single modern slavery statement with the Australian Modern Slavery Register for the reporting period 2019-07-01 to 2020-06-30. The reporting entity is headquartered in Australia. The reporting entity has an annual revenue band of 250-300M. The reporting entity operates in the industry sectors: Food and beverages, agriculture and fishing. Register entry: https://modernslaveryregister.gov.au/statements/2683/.'}"
Modern slavery statement 2022-1207: LAZARD ASSET MANAGEMENT PACIFIC CO.,document,"{'content': 'LAZARD ASSET MANAGEMENT PACIFIC CO. (ABN 13 064 523 619) filed a single modern slavery statement with the Australian Modern Slavery Register for the reporting period 2021-01-01 to 2021-12-31. The reporting entity is headquartered in Australia. The reporting entity has an annual revenue band of 150-200M. The reporting entity operates in the industry sectors: Financial, insurance and real estate activities. Register entry: https://modernslaveryregister.gov.au/statements/9490/.'}"
Modern slavery statement 2024-2794: TASMANIAN WATER & SEWERAGE CORPORATION PTY LTD,document,"{'content': 'TASMANIAN WATER & SEWERAGE CORPORATION PTY LTD (ABN 47 162 220 653) filed a single modern slavery statement with the Australian Modern Slavery Register for the reporting period 2023-07-01 to 2024-06-30. The reporting entity is headquartered in Australia. The reporting entity has an annual revenue band of 400-450M. The reporting entity operates in the industry sectors: Utilities: gas, water and electricity. Register entry: https://modernslaveryregister.gov.au/statements/20614/.'}"
"Modern slavery statement 2025-3509: African Underground Mining Services Burkina Faso SARL, AMAX Ltd, AUMS Geofields Tanzania Limited, Ausdrill Mining Surface Botswana Proprietary Limited, AUSDRILL PTY LTD & BARMINCO LIMITED & Barminco Mining Services Botswana Proprietary Limited, Barminco Mining Services Canada Limited, DDH1 LIMITED et al.",document,"{'content': 'African Underground Mining Services Burkina Faso SARL, AMAX Ltd, AUMS Geofields Tanzania Limited, Ausdrill Mining Surface Botswana Proprietary Limited, AUSDRILL PTY LTD (ABN 58 103 661 374), BARMINCO LIMITED (ABN 32 109 439 894), Barminco Mining Services Botswana Proprietary Limited, Barminco Mining Services Canada Limited, DDH1 LIMITED (ABN 48 636 677 088), PERENTI LIMITED, SMS OPERATIONS PTY LTD (ABN 25 008 736 543) and Underground Mining Alliance Ltd. filed a joint modern slavery statement with the Australian Modern Slavery Register for the reporting period 2024-07-01 to 2025-06-30. The reporting entities are headquartered in Australia, Botswana, Tanzania, Burkina Faso, Canada, Ghana. The reporting entities have an annual revenue band of 1BN+. The reporting entities operate in the industry sectors: Mining. The statement also covers the included entities: African Mining Services Burkina Faso SARL, African Mining Services Cote D’Ivoire SUARL, African Mining Services Ghana Limited, AFRICAN MINING SERVICES (GHANA) PTY LTD (32 076 301 472), African Mining Services Guinee SARL, African Mining Services Mali SARL, African Mining Services Senegal SUARL, African Underground Mining Services Ltd, African Underground Mining Services Mali SARL, ATOMORPHIS PTY LTD (71 625 306 309), Ausdrill Tanzania Limited, Ausdrill Zambia, BARMINCO AUMS HOLDINGS PTY LIMITED (49 163 310 549), Barminco Egypt LLC, Barminco Egypt Underground Mining Services SAE Investment Comm., BARMINCO FINANCE PTY LIMITED (83 126 398 267), BARMINCO HOLDINGS PTY LIMITED (85 126 398 276), BARMINCO INDIA HOLDINGS PTY LTD (82 614 539 098), BARMINCO INDIA INVESTMENTS PTY LTD (99 614 539 105), Barminco Indian Underground Mining Services LLP, Barminco Mining Services USA LLC, BG Umoja Services Limited, BTP EQUIPMENT PTY LTD (55 128 386 201), BTP PARTS PTY LTD (28 096 533 283), DDH 1 DRILLING PTY LIMITED (73 154 493 008), DDH1 FINCO PTY LIMITED (50 625 961 980), DDH1 GROUP HOLDINGS PTY LTD (83 636 839 613), DDH1 HOLDINGS PTY LIMITED (91 625 946 321), DDH1 MIDCO PTY LIMITED (30 625 959 908), GOLDEN PLAINS PTY. LTD. (79 006 307 179), IDOBA PTY LTD (36 641 112 049), Improvement Resources Pty Ltd (96 147 994 189), IZETT HOLDINGS PTY LTD (99 120 340 678), Logistics Direct LTD, Minanalytical Holdings Pty Ltd (21 147 048 075), OPTIKA Solutions Pty Ltd (31 121 222 857), ORELOGY CONSULTING PTY LTD (58 603 763 944), PERENTI FINANCE PTY LTD (90 159 906 395), PERENTI GROUP SERVICES PTY LTD (68 074 414 387), PERENTI HOLDINGS PTY LTD (17 638 616 467), PERENTI INTERNATIONAL PTY LTD (49 069 769 811), PERENTI PROPERTIES PTY LTD (92 104 659 074), Perenti UK Limited, Perenti USA Inc, PERENTI UTILITIES PTY LTD (99 103 016 771), Power Solutions Africa SUARL, RANGER EXPLORATION DRILLING PTY LTD (51 617 982 680), SANDPIT INNOVATION PTY LTD (67 159 573 323), SMS ASSET HOLDINGS PTY LTD (54 107 371 540), SPIDLER GROUP PTY LTD (53 639 612 481), SPIDLER TECHNOLOGIES PTY LTD (96 639 613 031), STRIKE DRILLING PTY LTD (89 164 225 656), SUPPLY DIRECT PTY LTD (29 059 611 862), SUPPLY DIRECT SOUTH AFRICA PTY LIMITED, Swick Bosnia, Swick Drilling Europe, Swick Drilling Portugal LDA, Swick Drilling Portugal Unipessoal LDA, Swick Engineering Pty Ltd (16 126 053 209), Swick Mining Services (Canada) Inc., SWICK MINING SERVICES (INDONESIA) PTY LTD (81 163 995 677), SWICK MINING SERVICES PTY LTD (20 112 917 905), Swick Mining Services (USA) Inc., SYNEGEX HOLDINGS PTY LTD (11 103 420 971), Underground Mining Alliance - Akyem Ltd, Underground Mining Services Burkina Faso SUARL. Register entry: https://modernslaveryregister.gov.au/statements/26423/.'}"
Modern slavery statement 2021-584: WATER CORPORATION,document,"{'content': 'WATER CORPORATION (ABN 28 003 434 917) filed a single modern slavery statement with the Australian Modern Slavery Register for the reporting period 2019-07-01 to 2020-06-30. The reporting entity is headquartered in Australia. The reporting entity has an annual revenue band of 1BN+. The reporting entity operates in the industry sectors: Utilities: gas, water and electricity. Register entry: https://modernslaveryregister.gov.au/statements/2147/.'}"
Modern slavery statement 2021-405: AUSTRALASIAN PERFORMING RIGHT ASSOCIATION LTD,document,"{'content': 'AUSTRALASIAN PERFORMING RIGHT ASSOCIATION LTD (ABN 42 000 016 099) filed a single modern slavery statement with the Australian Modern Slavery Register for the reporting period 2020-01-01 to 2020-12-31. The reporting entity is headquartered in Australia. The reporting entity has an annual revenue band of 450-500M. The reporting entity operates in the industry sectors: Media, publishing, arts and entertainment. Register entry: https://modernslaveryregister.gov.au/statements/1804/.'}"
"Modern slavery statement 2023-719: Dataminr, Inc.",document,"{'content': 'Dataminr, Inc. (ABN 00 000 000 000) filed a single modern slavery statement with the Australian Modern Slavery Register for the reporting period 2022-01-01 to 2022-12-31. The reporting entity is headquartered in United States of America. The reporting entity has an annual revenue band of 100-150M. The reporting entity operates in the industry sectors: Information technology and telecommunication. Register entry: https://modernslaveryregister.gov.au/statements/13166/.'}"
Modern slavery statement 2023-826: IMAGE RESOURCES NL,document,"{'content': 'IMAGE RESOURCES NL (ABN 57 063 977 579) filed a single modern slavery statement with the Australian Modern Slavery Register for the reporting period 2022-01-01 to 2022-12-31. The reporting entity is headquartered in Australia. The reporting entity has an annual revenue band of 150-200M. The reporting entity operates in the industry sectors: Mining, metals, chemicals and resources (including oil and gas). Register entry: https://modernslaveryregister.gov.au/statements/13312/.'}"
Modern slavery statement 2022-1153: BHCA1 PTY LTD,document,"{'content': 'BHCA1 PTY LTD (ABN 61 611 057 991) filed a single modern slavery statement with the Australian Modern Slavery Register for the reporting period 2021-01-01 to 2021-12-31. The reporting entity is headquartered in Canada. The reporting entity has an annual revenue band of 500-600M. The reporting entity operates in the industry sectors: Financial, insurance and real estate activities. Register entry: https://modernslaveryregister.gov.au/statements/9438/.'}"
Modern slavery statement 2021-1131: WALKER CORPORATION PTY LIMITED & WALKER GROUP HOLDINGS PTY LIMITED,document,"{'content': 'WALKER CORPORATION PTY LIMITED (ABN 95 001 176 263) and WALKER GROUP HOLDINGS PTY LIMITED (ABN 81 001 215 069) filed a joint modern slavery statement with the Australian Modern Slavery Register for the reporting period 2020-01-01 to 2020-12-31. The reporting entities are headquartered in Australia. The reporting entities have an annual revenue band of 900M-1BN. The reporting entities operate in the industry sectors: Financial, insurance and real estate activities. Register entry: https://modernslaveryregister.gov.au/statements/3045/.'}"
Modern slavery statement 2023-1704: The Trustee for HEATH NEWTON FAMILY TRUST,document,"{'content': 'The Trustee for HEATH NEWTON FAMILY TRUST (ABN 56 211 021 320) filed a single modern slavery statement with the Australian Modern Slavery Register for the reporting period 2022-07-01 to 2023-06-30. The reporting entity is headquartered in Australia. The reporting entity has an annual revenue band of 250-300M. The reporting entity operates in the industry sectors: Food and beverages, agriculture and fishing. Register entry: https://modernslaveryregister.gov.au/statements/14474/.'}"
Modern slavery statement 2022-1659: IBS SOFTWARE EUROPE LIMITED,document,{'content': 'IBS SOFTWARE EUROPE LIMITED (ABN 28 624 066 459) filed a single modern slavery statement with the Australian Modern Slavery Register for the reporting period 2021-07-01 to 2022-06-30. The reporting entity is headquartered in United Kingdom. The reporting entity has an annual revenue band of 450-500M. The reporting entity operates in the industry sectors: Other. Register entry: https://modernslaveryregister.gov.au/statements/10127/.'}
Modern slavery statement 2021-543: ANGLICAN AGED CARE SERVICES GROUP,document,{'content': 'ANGLICAN AGED CARE SERVICES GROUP (ABN 60 082 451 992) filed a single modern slavery statement with the Australian Modern Slavery Register for the reporting period 2019-07-01 to 2020-06-30. The reporting entity is headquartered in Australia. The reporting entity has an annual revenue band of 150-200M. The reporting entity operates in the industry sectors: Healthcare and pharmaceuticals Charitable / not-for-profit activities. Register entry: https://modernslaveryregister.gov.au/statements/2066/.'}
Modern slavery statement 2023-2990: HASSELL AUSTRALIA LIMITED & HASSELL LTD,document,"{'content': 'HASSELL AUSTRALIA LIMITED (ABN 34 128 785 080) and HASSELL LTD (ABN 24 007 711 435) filed a joint modern slavery statement with the Australian Modern Slavery Register for the reporting period 2022-07-01 to 2023-06-30. The reporting entities are headquartered in Australia. The reporting entities have an annual revenue band of 100-150M. The reporting entities operate in the industry sectors: Professional and administrative services and supplies, including legal, consulting and accounting services. The statement also covers the included entities: HASSELL LTD (24 007 711 435). Register entry: https://modernslaveryregister.gov.au/statements/16240/.'}"
Modern slavery statement 2022-926: SOMPO JAPAN INSURANCE INC.,document,"{'content': 'SOMPO JAPAN INSURANCE INC. (ABN 31 000 837 801) filed a single modern slavery statement with the Australian Modern Slavery Register for the reporting period 2021-01-01 to 2021-12-31. The reporting entity is headquartered in Japan. The reporting entity has an annual revenue band of 100-150M. The reporting entity operates in the industry sectors: Financial, insurance and real estate activities. Register entry: https://modernslaveryregister.gov.au/statements/9130/.'}"
Modern slavery statement 2025-3: SEAGRASS HOLDCO PTY LTD,document,"{'content': 'SEAGRASS HOLDCO PTY LTD (ABN 91 634 224 936) filed a single modern slavery statement with the Australian Modern Slavery Register for the reporting period 2023-07-01 to 2024-06-30. The reporting entity is headquartered in Australia. The reporting entity has an annual revenue band of 150-200M. The reporting entity operates in the industry sectors: Food and beverages, agriculture and fishing. The statement also covers the included entities: 6HEAD SERVICES PTY LTD (88 628 411 558), 6 HEAD WA PTY LTD (41 657 916 893), H&B PARRAMATTA PTY LTD (97 650 118 399), Hunter and Barrel The Fox restaurant LLC, Hunter and Barrel The Hills restaurant LLC, HUNTER & BARREL SERVICES PTY LTD (32 630 594 651), INFINITY EIGHT PTY LTD (90 609 804 631), MEAT & WINE SERVICES PTY LTD (86 602 891 252), MW ADELAIDE PTY LTD (59 637 404 810), MW CASTLEREAGH ST PTY LTD (66 661 919 124), MW CHADSTONE PTY LTD (79 632 995 772), MW NORWEST PTY LTD (26 623 294 904), MW NORWEST PTY LTD (26 623 294 904), MW PARRA PTY LTD (84 621 229 696), MW SOUTH YARRA PTY LTD (13 605 061 729), PALACE MW PTY LTD (30 619 122 100), RS HUNTER PTY LTD (66 623 734 967), Seagrass Holdings Pty Limited (93 147 716 201), SEAGRASS INTERNATIONAL PTY LTD (97 635 776 135), SEAGRASS MANAGEMENT PTY LTD (54 634 801 442), SEAGRASS (MELBOURNE) SUPPORT PTY LTD (14 156 302 288), Seagrass Middle East Hospitality LLC, SEAGRASS OPERATIONS PTY LTD (25 634 378 135), Seagrass UAE Pty Limited, SNB VIC PTY LTD (83 604 533 913), THE MEAT AND WINE CO (AERIAL) PTY LTD (32 158 979 527), THE MEAT AND WINE CO (MELBOURNE) PTY LIMITED (78 114 570 544), THE MEAT & WINE CO - INTERCONTINENTAL PTY LTD (47 160 663 098), W GRILL CQ PTY LTD (19 621 591 437). Register entry: https://modernslaveryregister.gov.au/statements/21627/.'}"
Modern slavery statement 2022-514: FOXLEIGH COAL PTY LTD & QMETCO LIMITED,document,"{'content': 'FOXLEIGH COAL PTY LTD (ABN 24 125 986 549) and QMETCO LIMITED (ABN 98 008 124 025) filed a joint modern slavery statement with the Australian Modern Slavery Register for the reporting period 2021-01-01 to 2021-12-31. The reporting entities are headquartered in Australia. The reporting entities have an annual revenue band of 500-600M. The reporting entities operate in the industry sectors: Mining, metals, chemicals and resources (including oil and gas). Register entry: https://modernslaveryregister.gov.au/statements/8489/.'}"
Modern slavery statement 2024-644: Broadcom Inc.,document,{'content': 'Broadcom Inc. filed a single modern slavery statement with the Australian Modern Slavery Register for the reporting period 2022-10-31 to 2023-10-29. The reporting entity is headquartered in United States of America. The reporting entity has an annual revenue band of 1BN+. The reporting entity operates in the industry sectors: Information technology and telecommunication. The statement also covers the included entities: Broadcom Inc. and all its consolidated subsidiaries. Register entry: https://modernslaveryregister.gov.au/statements/17699/.'}
Modern slavery statement 2025-3383: EXPORT FINANCE AND INSURANCE CORP,document,{'content': 'EXPORT FINANCE AND INSURANCE CORP (ABN 96 874 024 697) filed a single modern slavery statement with the Australian Modern Slavery Register for the reporting period 2024-07-01 to 2025-06-30. The reporting entity is headquartered in Australia. The reporting entity has an annual revenue band of 600-700M. The reporting entity operates in the industry sectors: Financial and Insurance Services. Register entry: https://modernslaveryregister.gov.au/statements/26372/.'}
Modern slavery statement 2023-1386: CHOBANI PTY LTD,document,"{'content': 'CHOBANI PTY LTD (ABN 53 096 731 467) filed a single modern slavery statement with the Australian Modern Slavery Register for the reporting period 2022-01-01 to 2022-12-31. The reporting entity is headquartered in Australia. The reporting entity has an annual revenue band of 200-250M. The reporting entity operates in the industry sectors: Food and beverages, agriculture and fishing. Register entry: https://modernslaveryregister.gov.au/statements/13958/.'}"
Modern slavery statement 2021-1027: THE ROYAL CHILDREN'S HOSPITAL,document,"{'content': ""THE ROYAL CHILDREN'S HOSPITAL (ABN 35 655 720 546) filed a single modern slavery statement with the Australian Modern Slavery Register for the reporting period 2019-07-01 to 2020-06-30. The reporting entity is headquartered in Australia. The reporting entity has an annual revenue band of 800-900M. The reporting entity operates in the industry sectors: Healthcare and pharmaceuticals. Register entry: https://modernslaveryregister.gov.au/statements/2894/.""}"
Modern slavery statement 2023-405: SOUTHERN STEEL GROUP PTY. LIMITED,document,"{'content': 'SOUTHERN STEEL GROUP PTY. LIMITED (ABN 43 003 067 838) filed a joint modern slavery statement with the Australian Modern Slavery Register for the reporting period 2020-07-01 to 2021-06-30. The reporting entity is headquartered in Australia. The reporting entity has an annual revenue band of 1BN+. The reporting entity operates in the industry sectors: Construction, civil engineering and building products. Register entry: https://modernslaveryregister.gov.au/statements/12656/.'}"
Modern slavery statement 2021-2678: BOSCH REXROTH PTY LTD,document,{'content': 'BOSCH REXROTH PTY LTD (ABN 89 003 258 384) filed a single modern slavery statement with the Australian Modern Slavery Register for the reporting period 2020-07-01 to 2021-06-30. The reporting entity is headquartered in Australia. The reporting entity has an annual revenue band of 100-150M. The reporting entity operates in the industry sectors: Other. Register entry: https://modernslaveryregister.gov.au/statements/5474/.'}
Modern slavery statement 2022-1504: FUJITSU GENERAL (AUST.) PTY LIMITED,document,"{'content': 'FUJITSU GENERAL (AUST.) PTY LIMITED (ABN 55 001 229 554) filed a single modern slavery statement with the Australian Modern Slavery Register for the reporting period 2021-04-01 to 2022-03-30. The reporting entity is headquartered in Australia, Japan. The reporting entity has an annual revenue band of 200-250M. The reporting entity operates in the industry sectors: Durable consumer goods, including electronics and appliances, home furnishings and other accessories. Register entry: https://modernslaveryregister.gov.au/statements/9879/.'}"
Modern slavery statement 2026-72: HEMMES GROUP PTY LIMITED & HEMMES TRADING PTY LIMITED,document,{'content': 'HEMMES GROUP PTY LIMITED (ABN 53 105 332 376) and HEMMES TRADING PTY LIMITED (ABN 29 105 332 652) filed a joint modern slavery statement with the Australian Modern Slavery Register for the reporting period 2022-07-01 to 2023-06-30. The reporting entities are headquartered in Australia. The reporting entities have an annual revenue band of 500-600M. The reporting entities operate in the industry sectors: Accommodation and Food Services. Register entry: https://modernslaveryregister.gov.au/statements/27138/.'}
Modern slavery statement 2025-1165: HALLIBURTON CONSOLIDATED PTY LTD,document,"{'content': 'HALLIBURTON CONSOLIDATED PTY LTD (ABN 67 101 049 521) filed a single modern slavery statement with the Australian Modern Slavery Register for the reporting period 2024-01-01 to 2024-12-31. The reporting entity is headquartered in Australia. The reporting entity has an annual revenue band of 500-600M. The reporting entity operates in the industry sectors: Mining, metals, chemicals and resources (including oil and gas). The statement also covers the included entities: Halliburton Australia Pty Ltd.. Register entry: https://modernslaveryregister.gov.au/statements/23385/.'}"
Modern slavery statement 2022-1604: SOPHOS PTY LTD,document,{'content': 'SOPHOS PTY LTD (ABN 41 085 792 374) filed a joint modern slavery statement with the Australian Modern Slavery Register for the reporting period 2021-04-01 to 2022-03-30. The reporting entity is headquartered in United Kingdom. The reporting entity has an annual revenue band of 100-150M. The reporting entity operates in the industry sectors: Information technology and telecommunication. Register entry: https://modernslaveryregister.gov.au/statements/10046/.'}
Modern slavery statement 2024-401: HANNOVER RUECK SE,document,"{'content': 'HANNOVER RUECK SE (ABN 88 002 927 031) filed a single modern slavery statement with the Australian Modern Slavery Register for the reporting period 2023-01-01 to 2023-12-31. The reporting entity is headquartered in Germany. The reporting entity has an annual revenue band of 1BN+. The reporting entity operates in the industry sectors: Financial, insurance and real estate activities. Register entry: https://modernslaveryregister.gov.au/statements/17275/.'}"
Modern slavery statement 2024-553: INDORAMA VENTURES OXIDES AUSTRALIA PTY LIMITED,document,"{'content': 'INDORAMA VENTURES OXIDES AUSTRALIA PTY LIMITED (ABN 67 083 984 187) filed a single modern slavery statement with the Australian Modern Slavery Register for the reporting period 2023-01-01 to 2023-12-31. The reporting entity is headquartered in Thailand. The reporting entity has an annual revenue band of 100-150M. The reporting entity operates in the industry sectors: Mining, metals, chemicals and resources (including oil and gas). Register entry: https://modernslaveryregister.gov.au/statements/17573/.'}"
Modern slavery statement 2024-844: GRAPHIC PACKAGING INTERNATIONAL AUSTRALIA CONVERTING LTD,document,"{'content': 'GRAPHIC PACKAGING INTERNATIONAL AUSTRALIA CONVERTING LTD (ABN 56 107 485 898) filed a single modern slavery statement with the Australian Modern Slavery Register for the reporting period 2023-01-01 to 2023-12-31. The reporting entity is headquartered in Australia. The reporting entity has an annual revenue band of 200-250M. The reporting entity operates in the industry sectors: Forestry, timber products, paper and containers and packaging. Register entry: https://modernslaveryregister.gov.au/statements/18007/.'}"
Modern slavery statement 2023-2386: RACING VICTORIA LIMITED,document,"{'content': 'RACING VICTORIA LIMITED filed a joint modern slavery statement with the Australian Modern Slavery Register for the reporting period 2022-07-01 to 2023-06-30. The reporting entity is headquartered in Australia. The reporting entity has an annual revenue band of 500-600M. The reporting entity operates in the industry sectors: Other. The statement also covers the included entities: RACING.COM MEDIA PTY LTD (55 643 473 376), RACING.COM PTY LTD (49 104 883 267), RVL Media Pty Ltd (64 137 208 809), Thoroughbred Racing Productions (Vic) Pty Ltd, VTRI Property Pty Ltd. Register entry: https://modernslaveryregister.gov.au/statements/15458/.'}"
Modern slavery statement 2025-1501: VOLVO GROUP AUSTRALIA PTY LTD,document,"{'content': 'VOLVO GROUP AUSTRALIA PTY LTD filed a single modern slavery statement with the Australian Modern Slavery Register for the reporting period 2024-01-01 to 2024-12-31. The reporting entity is headquartered in Australia, Sweden. The reporting entity has an annual revenue band of 1BN+. The reporting entity operates in the industry sectors: Automotive, machinery and heavy electrical equipment Transportation, logistics, and storage. Register entry: https://modernslaveryregister.gov.au/statements/23751/.'}"
Modern slavery statement 2025-2513: CHURCHES OF CHRIST IN QUEENSLAND,document,{'content': 'CHURCHES OF CHRIST IN QUEENSLAND (ABN 28 953 930 342) filed a single modern slavery statement with the Australian Modern Slavery Register for the reporting period 2024-07-01 to 2025-06-30. The reporting entity is headquartered in Australia. The reporting entity has an annual revenue band of 400-450M. The reporting entity operates in the industry sectors: Health Care and Social Assistance. Register entry: https://modernslaveryregister.gov.au/statements/25187/.'}
Modern slavery statement 2024-1384: TOTALENERGIES EP AUSTRALIA & TOTALENERGIES EP ICHTHYS B.V. & TOTALENERGIES EP ICHTHYS PTY LTD et al.,document,"{'content': 'TOTALENERGIES EP AUSTRALIA (ABN 96 832 035 151), TOTALENERGIES EP ICHTHYS B.V. (ABN 68 590 123 627), TOTALENERGIES EP ICHTHYS PTY LTD (ABN 89 660 136 827) and TOTALENERGIES GLNG AUSTRALIA (ABN 11 978 897 527) filed a joint modern slavery statement with the Australian Modern Slavery Register for the reporting period 2023-01-01 to 2023-12-31. The reporting entities are headquartered in France. The reporting entities have an annual revenue band of 1BN+. The reporting entities operate in the industry sectors: Mining, metals, chemicals and resources (including oil and gas). Register entry: https://modernslaveryregister.gov.au/statements/18657/.'}"
Modern slavery statement 2023-770: AL-KO INTERNATIONAL PTY LIMITED,document,"{'content': 'AL-KO INTERNATIONAL PTY LIMITED (ABN 96 003 066 813) filed a joint modern slavery statement with the Australian Modern Slavery Register for the reporting period 2022-01-01 to 2022-12-31. The reporting entity is headquartered in Australia. The reporting entity has an annual revenue band of 100-150M. The reporting entity operates in the industry sectors: Automotive, machinery and heavy electrical equipment. Register entry: https://modernslaveryregister.gov.au/statements/13227/.'}"
Modern slavery statement 2023-2188: AUTOMATIC DATA PROCESSING LIMITED,document,{'content': 'AUTOMATIC DATA PROCESSING LIMITED (ABN 70 003 924 945) filed a single modern slavery statement with the Australian Modern Slavery Register for the reporting period 2022-07-01 to 2023-06-30. The reporting entity is headquartered in Australia. The reporting entity has an annual revenue band of 200-250M. The reporting entity operates in the industry sectors: Other. Register entry: https://modernslaveryregister.gov.au/statements/15168/.'}
Modern slavery statement 2026-383: PARK24 AUSTRALIA PTY LTD & SECURE PARKING PTY LTD,document,"{'content': 'PARK24 AUSTRALIA PTY LTD (ABN 58 616 101 341) and SECURE PARKING PTY LTD (ABN 94 108 043 689) filed a joint modern slavery statement with the Australian Modern Slavery Register for the reporting period 2024-10-01 to 2025-09-30. The reporting entities are headquartered in Japan, Australia. The reporting entities have an annual revenue band of 200-250M. The reporting entities operate in the industry sectors: Other Services. Register entry: https://modernslaveryregister.gov.au/statements/27628/.'}"
Modern slavery statement 2023-2662: PEARL CORPORATION OF AUSTRALIA PTY. LTD.,document,"{'content': 'PEARL CORPORATION OF AUSTRALIA PTY. LTD. (ABN 33 009 623 081) filed a single modern slavery statement with the Australian Modern Slavery Register for the reporting period 2022-07-01 to 2023-06-30. The reporting entity is headquartered in Australia. The reporting entity has an annual revenue band of 100-150M. The reporting entity operates in the industry sectors: Food and beverages, agriculture and fishing Fashion, textiles, apparel and luxury goods Other. Register entry: https://modernslaveryregister.gov.au/statements/15815/.'}"
Modern slavery statement 2025-3073: ALCEON CAPITAL PTY LTD,document,"{'content': 'ALCEON CAPITAL PTY LTD (ABN 41 163 867 016) filed a single modern slavery statement with the Australian Modern Slavery Register for the reporting period 2024-07-01 to 2025-06-30. The reporting entity is headquartered in Australia. The reporting entity has an annual revenue band of 150-200M. The reporting entity operates in the industry sectors: Financial and Insurance Services Rental, Hiring and Real Estate Services. The statement also covers the included entities: Alceon Group Pty Ltd (63 122 365 986), ALCEON INVESTMENT MANAGEMENT PTY LTD (62 658 705 474), ALCEON LIQUID STRATEGIES PTY LTD (26 156 017 659), ALCEON PRIVATE EQUITY PTY LTD (88 651 309 821), The Trustee for Alceon Capital Investment Trust (11 776 295 645), The trustee for The Alceon Group Trust (73 170 023 845). Register entry: https://modernslaveryregister.gov.au/statements/25994/.'}"
Modern slavery statement 2023-963: ACCENT AIR PTY LIMITED & AQUAMAX AUSTRALIA PTY LIMITED & RAYPAK AUSTRALIA PTY LTD et al.,document,"{'content': 'ACCENT AIR PTY LIMITED (ABN 28 062 383 224), AQUAMAX AUSTRALIA PTY LIMITED (ABN 37 138 189 689), RAYPAK AUSTRALIA PTY LTD (ABN 65 078 743 414), RHEEM AUSTRALIA PTY LIMITED (ABN 21 098 823 511) and SOLAHART INDUSTRIES PTY. LTD. (ABN 45 064 945 848) filed a joint modern slavery statement with the Australian Modern Slavery Register for the reporting period 2022-01-01 to 2022-12-31. The reporting entities are headquartered in Australia. The reporting entities have an annual revenue band of 450-500M. The reporting entities operate in the industry sectors: Durable consumer goods, including electronics and appliances, home furnishings and other accessories. Register entry: https://modernslaveryregister.gov.au/statements/13451/.'}"
Modern slavery statement 2023-1492: GPC ASIA PACIFIC HOLDINGS PTY LTD,document,"{'content': 'GPC ASIA PACIFIC HOLDINGS PTY LTD filed a joint modern slavery statement with the Australian Modern Slavery Register for the reporting period 2022-01-01 to 2022-12-31. The reporting entity is headquartered in Australia. The reporting entity has an annual revenue band of 1BN+. The reporting entity operates in the industry sectors: Food and beverages, agriculture and fishing Forestry, timber products, paper and containers and packaging Mining, metals, chemicals and resources (including oil and gas) Automotive, machinery and heavy electrical equipment. Register entry: https://modernslaveryregister.gov.au/statements/14147/.'}"
Modern slavery statement 2023-3434: STARCORP HOLDINGS (NSW) PTY LTD,document,"{'content': 'STARCORP HOLDINGS (NSW) PTY LTD (ABN 51 089 450 368) filed a single modern slavery statement with the Australian Modern Slavery Register for the reporting period 2022-07-01 to 2023-06-30. The reporting entity is headquartered in Australia. The reporting entity has an annual revenue band of 100-150M. The reporting entity operates in the industry sectors: Automotive, machinery and heavy electrical equipment. Register entry: https://modernslaveryregister.gov.au/statements/14940/.'}"
Modern slavery statement 2024-3152: EIGHTH GATE CAPITAL MANAGEMENT PTY LTD & EIGHTH GATE PTY LTD & Ingenia Communities Holdings Limited et al.,document,"{'content': 'EIGHTH GATE CAPITAL MANAGEMENT PTY LTD (ABN 58 165 734 510), EIGHTH GATE PTY LTD (ABN 94 165 730 227), Ingenia Communities Holdings Limited (ABN 92 154 444 925), Ingenia Communities RE Limited (ABN 46 154 464 990), SUNGENIA DEVELOPMENT PTY LIMITED (ABN 32 629 790 343), SUNGENIA LANDCO PTY LIMITED (ABN 83 629 787 828) and SUNGENIA OPCO PTY LIMITED (ABN 89 629 791 457) filed a joint modern slavery statement with the Australian Modern Slavery Register for the reporting period 2023-07-01 to 2024-06-30. The reporting entities are headquartered in Australia. The reporting entities have an annual revenue band of 450-500M. The reporting entities operate in the industry sectors: Financial, insurance and real estate activities. The statement also covers the included entities: EIGHTH GATE CAPITAL MANAGEMENT PTY LTD (58 165 734 510), EIGHTH GATE PTY LTD (94 165 730 227), Ingenia Communities RE Limited (46 154 464 990), SUNGENIA DEVELOPMENT PTY LIMITED (32 629 790 343), SUNGENIA LANDCO PTY LIMITED (83 629 787 828), SUNGENIA OPCO PTY LIMITED (89 629 791 457). Register entry: https://modernslaveryregister.gov.au/statements/21041/.'}"
Modern slavery statement 2021-3226: CEREBRAL PALSY ALLIANCE,document,{'content': 'CEREBRAL PALSY ALLIANCE (ABN 45 000 062 288) filed a single modern slavery statement with the Australian Modern Slavery Register for the reporting period 2020-07-01 to 2021-06-30. The reporting entity is headquartered in Australia. The reporting entity has an annual revenue band of 200-250M. The reporting entity operates in the industry sectors: Charitable / not-for-profit activities. Register entry: https://modernslaveryregister.gov.au/statements/6326/.'}
Modern slavery statement 2021-908: COPYRIGHT AGENCY LTD,document,{'content': 'COPYRIGHT AGENCY LTD (ABN 53 001 228 799) filed a single modern slavery statement with the Australian Modern Slavery Register for the reporting period 2019-07-01 to 2020-06-30. The reporting entity is headquartered in Australia. The reporting entity has an annual revenue band of 100-150M. The reporting entity operates in the industry sectors: Other. Register entry: https://modernslaveryregister.gov.au/statements/2728/.'}
Modern slavery statement 2024-911: De Lage Landen Pty Limited,document,"{'content': 'De Lage Landen Pty Limited (ABN 20 101 692 040) filed a single modern slavery statement with the Australian Modern Slavery Register for the reporting period 2023-01-01 to 2023-12-31. The reporting entity is headquartered in Netherlands. The reporting entity has an annual revenue band of 450-500M. The reporting entity operates in the industry sectors: Financial, insurance and real estate activities. The statement also covers the included entities: AGCO FINANCE PTY Limited (42 107 653 878). Register entry: https://modernslaveryregister.gov.au/statements/18089/.'}"
"Modern slavery statement 2024-3132: JB Hi-Fi (A) Pty Ltd, JB HI-FI (B) PTY LTD, JB Hi-Fi Group Pty Ltd, JB HI-FI LIMITED, Muir Investment Unit Trust, The Good Guys Discount Warehouses (Australia) Pty Ltd, The Good Guys Discount Warehouses (Australia) Pty Ltd",document,"{'content': 'JB Hi-Fi (A) Pty Ltd, JB HI-FI (B) PTY LTD, JB Hi-Fi Group Pty Ltd, JB HI-FI LIMITED, Muir Investment Unit Trust, The Good Guys Discount Warehouses (Australia) Pty Ltd, The Good Guys Discount Warehouses (Australia) Pty Ltd filed a joint modern slavery statement with the Australian Modern Slavery Register for the reporting period 2023-07-01 to 2024-06-30. The reporting entity is headquartered in Australia. The reporting entity has an annual revenue band of 1BN+. The reporting entity operates in the industry sectors: Durable consumer goods, including electronics and appliances, home furnishings and other accessories. Register entry: https://modernslaveryregister.gov.au/statements/21047/.'}"
Modern slavery statement 2026-366: ASGARD INDEPENDENCE PLAN – DIVISION 2 & BT FUNDS MANAGEMENT LIMITED & BT PORTFOLIO SERVICES LIMITED et al.,document,"{'content': 'ASGARD INDEPENDENCE PLAN – DIVISION 2 (ABN 90 194 410 365), BT FUNDS MANAGEMENT LIMITED (ABN 63 002 916 458), BT PORTFOLIO SERVICES LIMITED (ABN 73 095 055 208), CAPITAL FINANCE AUSTRALIA LIMITED (ABN 23 069 663 136), THE TRUSTEE FOR BT MANAGED PORTFOLIOS TRUST (ABN 99 722 392 257), THE TRUSTEE FOR CRUSADE TRUST NO.2P OF 2008 (ABN 54 656 327 299), THE TRUSTEE FOR SERIES 2008-1M WST TRUST (ABN 55 776 534 334), THE TRUSTEE FOR SERIES 2024-1 WST TRUST (ABN 71 389 981 696), THE TRUSTEE FOR WESTPAC COVERED BONDS TRUST (ABN 41 372 138 093), WESTPAC BANKING CORPORATION (ABN 33 007 457 141), WESTPAC EQUITY HOLDINGS PTY LTD (ABN 77 003 018 559), WESTPAC FINANCIAL SERVICES GROUP PTY LIMITED (ABN 50 000 326 312), WESTPAC OVERSEAS HOLDINGS NO. 2 PTY LIMITED (ABN 90 121 257 510) and WESTPAC SECURITISATION HOLDINGS PTY LIMITED (ABN 95 112 457 762) filed a joint modern slavery statement with the Australian Modern Slavery Register for the reporting period 2024-10-01 to 2025-09-30. The reporting entities are headquartered in Australia. The reporting entities have an annual revenue band of 1BN+. The reporting entities operate in the industry sectors: Financial and Insurance Services. Register entry: https://modernslaveryregister.gov.au/statements/27456/.'}"
Modern slavery statement 2021-2670: LIBERTY MUTUAL INSURANCE COMPANY,document,"{'content': 'LIBERTY MUTUAL INSURANCE COMPANY (ABN 61 086 083 605) filed a single modern slavery statement with the Australian Modern Slavery Register for the reporting period 2020-01-01 to 2020-12-31. The reporting entity is headquartered in United States of America. The reporting entity has an annual revenue band of 800-900M. The reporting entity operates in the industry sectors: Financial, insurance and real estate activities. Register entry: https://modernslaveryregister.gov.au/statements/5434/.'}"
Modern slavery statement 2023-3429: SDI LIMITED,document,{'content': 'SDI LIMITED (ABN 27 008 075 581) filed a single modern slavery statement with the Australian Modern Slavery Register for the reporting period 2022-07-01 to 2023-06-30. The reporting entity is headquartered in Australia. The reporting entity has an annual revenue band of 100-150M. The reporting entity operates in the industry sectors: Healthcare and pharmaceuticals. Register entry: https://modernslaveryregister.gov.au/statements/15623/.'}
Modern slavery statement 2021-2991: LULULEMON ATHLETICA AUSTRALIA HOLDING PTY LTD,document,"{'content': 'LULULEMON ATHLETICA AUSTRALIA HOLDING PTY LTD (ABN 45 131 437 468) filed a joint modern slavery statement with the Australian Modern Slavery Register for the reporting period 2020-02-01 to 2021-01-31. The reporting entity is headquartered in Australia. The reporting entity has an annual revenue band of 150-200M. The reporting entity operates in the industry sectors: Fashion, textiles, apparel and luxury goods. Register entry: https://modernslaveryregister.gov.au/statements/5929/.'}"
Modern slavery statement 2021-3399: THE LAW SOCIETY OF NEW SOUTH WALES,document,"{'content': 'THE LAW SOCIETY OF NEW SOUTH WALES (ABN 98 696 304 966) filed a single modern slavery statement with the Australian Modern Slavery Register for the reporting period 2020-07-01 to 2021-06-30. The reporting entity is headquartered in Australia. The reporting entity has an annual revenue band of 100-150M. The reporting entity operates in the industry sectors: Media, publishing, arts and entertainment Professional and administrative services and supplies, including legal, consulting and accounting services Education and research Charitable / not-for-profit activities. Register entry: https://modernslaveryregister.gov.au/statements/6593/.'}"
Modern slavery statement 2021-3614: INFOTRACK PTY LIMITED,document,{'content': 'INFOTRACK PTY LIMITED (ABN 36 092 724 251) filed a single modern slavery statement with the Australian Modern Slavery Register for the reporting period 2020-07-01 to 2021-06-30. The reporting entity is headquartered in Australia. The reporting entity has an annual revenue band of 250-300M. The reporting entity operates in the industry sectors: Information technology and telecommunication. Register entry: https://modernslaveryregister.gov.au/statements/6891/.'}
Modern slavery statement 2021-2479: CARGOTEC AUSTRALIA PTY LTD & CARGOTEC AUTOMATION SOLUTIONS AUSTRALIA PTY LTD & INVER PORT SERVICES PTY LTD et al.,document,"{'content': 'CARGOTEC AUSTRALIA PTY LTD (ABN 72 097 663 431), CARGOTEC AUTOMATION SOLUTIONS AUSTRALIA PTY LTD (ABN 17 126 580 103), INVER PORT SERVICES PTY LTD (ABN 15 087 079 347) and KALMAR EQUIPMENT (AUSTRALIA) PTY. LTD. (ABN 64 078 885 613) filed a joint modern slavery statement with the Australian Modern Slavery Register for the reporting period 2020-01-01 to 2020-12-31. The reporting entities are headquartered in Australia. The reporting entities have an annual revenue band of 150-200M. The reporting entities operate in the industry sectors: Transportation, logistics, and storage. Register entry: https://modernslaveryregister.gov.au/statements/5144/.'}"
Modern slavery statement 2021-1742: NORTON GOLD FIELDS PTY LTD & PADDINGTON GOLD PTY LIMITED,document,"{'content': 'NORTON GOLD FIELDS PTY LTD (ABN 23 112 287 797) and PADDINGTON GOLD PTY LIMITED (ABN 98 008 585 886) filed a joint modern slavery statement with the Australian Modern Slavery Register for the reporting period 2020-01-01 to 2020-12-31. The reporting entities are headquartered in China. The reporting entities have an annual revenue band of 400-450M. The reporting entities operate in the industry sectors: Mining, metals, chemicals and resources (including oil and gas). Register entry: https://modernslaveryregister.gov.au/statements/3987/.'}"
Modern slavery statement 2021-3847: URBIS PTY LTD,document,"{'content': 'URBIS PTY LTD (ABN 50 105 256 228) filed a single modern slavery statement with the Australian Modern Slavery Register for the reporting period 2020-07-01 to 2021-06-30. The reporting entity is headquartered in Australia, Singapore. The reporting entity has an annual revenue band of 100-150M. The reporting entity operates in the industry sectors: Construction, civil engineering and building products Professional and administrative services and supplies, including legal, consulting and accounting services. Register entry: https://modernslaveryregister.gov.au/statements/7266/.'}"
Modern slavery statement 2021-2537: ACM Liverpool Pty Ltd & ADTRANS AUTOMOTIVE GROUP PTY LTD & AHG NEWCASTLE PTY LTD et al.,document,"{'content': 'ACM Liverpool Pty Ltd (ABN 60 121 604 055), ADTRANS AUTOMOTIVE GROUP PTY LTD (ABN 83 007 866 917), AHG NEWCASTLE PTY LTD (ABN 21 600 832 755), AHG WA (2015) PTY LTD (ABN 67 603 598 750), A.P. FORD PTY. LTD. (ABN 43 010 602 383), A.P. MOTORS (NO.3) PTY. LTD. (ABN 99 010 585 252), AUSTRAL PTY LTD (ABN 89 009 662 202), BASW PTY LTD (ABN 63 601 452 199), BILL BUCKLE AUTOS PTY LTD (ABN 75 000 388 054), CARDIFF CAR CITY PTY LIMITED (ABN 43 062 072 299), EASY AUTO 123 PTY LTD (ABN 29 148 136 314), ESSENDON AUTO (2017) PTY LTD (ABN 29 616 989 596), FALCONET PTY. LTD. (ABN 65 008 936 409), Highland Autos Pty Ltd (ABN 13 121 604 297), MB VIC PTY LTD (ABN 12 608 791 877), MCM Sutherland Pty Ltd (ABN 31 121 606 808), MOTORS TAS PTY LTD (ABN 69 608 791 680), PERTH AUTO ALLIANCE PTY LTD (ABN 93 089 353 346), Shemapel 2005 Pty Ltd (ABN 50 112 854 412), The trustee for SWGT UNIT TRUST (ABN 45 237 703 739), ZUPPS ASPLEY PTY. LTD. (ABN 65 009 900 298) and ZUPPS SOUTHSIDE PTY. LTD. (ABN 64 009 839 187) filed a joint modern slavery statement with the Australian Modern Slavery Register for the reporting period 2020-01-01 to 2020-12-31. The reporting entities are headquartered in Australia. The reporting entities have an annual revenue band of 1BN+. The reporting entities operate in the industry sectors: Automotive, machinery and heavy electrical equipment. Register entry: https://modernslaveryregister.gov.au/statements/5247/.'}"
Modern slavery statement 2024-2881: CLEARVIEW LIFE ASSURANCE LIMITED & CLEARVIEW WEALTH LIMITED,document,"{'content': 'CLEARVIEW LIFE ASSURANCE LIMITED (ABN 12 000 021 581) and CLEARVIEW WEALTH LIMITED (ABN 83 106 248 248) filed a joint modern slavery statement with the Australian Modern Slavery Register for the reporting period 2023-07-01 to 2024-06-30. The reporting entities are headquartered in Australia. The reporting entities have an annual revenue band of 300-350M. The reporting entities operate in the industry sectors: Financial, insurance and real estate activities. The statement also covers the included entities: CLEARVIEW LIFE ASSURANCE LIMITED (12 000 021 581). Register entry: https://modernslaveryregister.gov.au/statements/20715/.'}"
Modern slavery statement 2024-956: AFTERPAY AUSTRALIA PTY LTD & SQUARE AU PTY LTD,document,"{'content': 'AFTERPAY AUSTRALIA PTY LTD (ABN 15 169 342 947) and SQUARE AU PTY LTD (ABN 38 167 106 176) filed a joint modern slavery statement with the Australian Modern Slavery Register for the reporting period 2023-01-01 to 2023-12-31. The reporting entities are headquartered in Australia. The reporting entities have an annual revenue band of 1BN+. The reporting entities operate in the industry sectors: Financial, insurance and real estate activities. Register entry: https://modernslaveryregister.gov.au/statements/17724/.'}"
Modern slavery statement 2025-343: Omnicom Media Group Australia Pty Ltd,document,"{'content': 'Omnicom Media Group Australia Pty Ltd (ABN 74 129 754 883) filed a single modern slavery statement with the Australian Modern Slavery Register for the reporting period 2024-01-01 to 2024-12-31. The reporting entity is headquartered in Australia. The reporting entity has an annual revenue band of 450-500M. The reporting entity operates in the industry sectors: Media, publishing, arts and entertainment. The statement also covers the included entities: HEARTS AND SCIENCE PTY. LTD. (56 100 552 510), OMNET AUSTRALIA PTY LTD (16 115 238 974), OPTIMUM MEDIA DIRECTION PTY. LTD. (29 075 944 777), PHD NETWORKS PTY LTD (63 076 525 614), RESOLUTION MEDIA NETWORK PTY LTD (91 121 725 764), TRKKN AUSTRALIA PTY LTD (75 661 139 555). Register entry: https://modernslaveryregister.gov.au/statements/22160/.'}"
Modern slavery statement 2024-2139: KIA AUSTRALIA PTY LTD,document,"{'content': 'KIA AUSTRALIA PTY LTD (ABN 97 110 483 353) filed a single modern slavery statement with the Australian Modern Slavery Register for the reporting period 2021-01-01 to 2021-12-31. The reporting entity is headquartered in Australia. The reporting entity has an annual revenue band of 900M-1BN. The reporting entity operates in the industry sectors: Automotive, machinery and heavy electrical equipment. Register entry: https://modernslaveryregister.gov.au/statements/19687/.'}"
Modern slavery statement 2022-1712: DATS PTY LTD,document,"{'content': 'DATS PTY LTD (ABN 26 001 733 697) filed a single modern slavery statement with the Australian Modern Slavery Register for the reporting period 2021-07-01 to 2022-06-30. The reporting entity is headquartered in Australia. The reporting entity has an annual revenue band of 100-150M. The reporting entity operates in the industry sectors: Durable consumer goods, including electronics and appliances, home furnishings and other accessories. Register entry: https://modernslaveryregister.gov.au/statements/10207/.'}"
Modern slavery statement 2022-1819: HUHTAMAKI AUSTRALIA PTY LIMITED & HUHTAMAKI TAILORED PACKAGING PTY LTD,document,"{'content': 'HUHTAMAKI AUSTRALIA PTY LIMITED (ABN 43 003 122 843) and HUHTAMAKI TAILORED PACKAGING PTY LTD (ABN 98 625 661 216) filed a joint modern slavery statement with the Australian Modern Slavery Register for the reporting period 2021-01-01 to 2021-12-31. The reporting entities are headquartered in Finland. The reporting entities have an annual revenue band of 400-450M. The reporting entities operate in the industry sectors: Forestry, timber products, paper and containers and packaging. Register entry: https://modernslaveryregister.gov.au/statements/10361/.'}"
Modern slavery statement 2024-3094: LEGAL AID QUEENSLAND,document,"{'content': 'LEGAL AID QUEENSLAND (ABN 69 062 423 924) filed a single modern slavery statement with the Australian Modern Slavery Register for the reporting period 2023-07-01 to 2024-06-30. The reporting entity is headquartered in Australia. The reporting entity has an annual revenue band of 200-250M. The reporting entity operates in the industry sectors: Professional and administrative services and supplies, including legal, consulting and accounting services Charitable / not-for-profit activities Government Sector. Register entry: https://modernslaveryregister.gov.au/statements/20746/.'}"
Modern slavery statement 2025-1912: CONTACT ENERGY LIMITED,document,"{'content': 'CONTACT ENERGY LIMITED (ABN 68 080 480 477) filed a single modern slavery statement with the Australian Modern Slavery Register for the reporting period 2024-07-01 to 2025-06-30. The reporting entity is headquartered in New Zealand. The reporting entity has an annual revenue band of 1BN+. The reporting entity operates in the industry sectors: Utilities: gas, water and electricity. Register entry: https://modernslaveryregister.gov.au/statements/24240/.'}"
Modern slavery statement 2026-246: EXPORT TRADING GROUP AUSTRALIA PTY LTD,document,{'content': 'EXPORT TRADING GROUP AUSTRALIA PTY LTD (ABN 92 168 116 041) filed a single modern slavery statement with the Australian Modern Slavery Register for the reporting period 2024-04-01 to 2025-03-31. The reporting entity is headquartered in Australia. The reporting entity has an annual revenue band of 200-250M. The reporting entity operates in the industry sectors: Wholesale Trade. Register entry: https://modernslaveryregister.gov.au/statements/27427/.'}
Modern slavery statement 2023-1882: ADANI MINING PTY LTD,document,"{'content': 'ADANI MINING PTY LTD (ABN 27 145 455 205) filed a single modern slavery statement with the Australian Modern Slavery Register for the reporting period 2022-04-01 to 2023-03-31. The reporting entity is headquartered in Australia. The reporting entity has an annual revenue band of 800-900M. The reporting entity operates in the industry sectors: Mining, metals, chemicals and resources (including oil and gas). Register entry: https://modernslaveryregister.gov.au/statements/14731/.'}"
"Modern slavery statement 2023-2152: BRICKWORKS LTD & Brickworks Supply LLC, Glen-Gery Corporation, NUBRIK PTY LTD & THE AUSTRAL BRICK CO PTY LTD",document,"{'content': 'BRICKWORKS LTD (ABN 17 000 028 526), Brickworks Supply LLC, Glen-Gery Corporation, NUBRIK PTY LTD (ABN 59 004 028 559) and THE AUSTRAL BRICK CO PTY LTD (ABN 52 000 005 550) filed a joint modern slavery statement with the Australian Modern Slavery Register for the reporting period 2022-08-01 to 2023-07-31. The reporting entities are headquartered in Australia, United States of America. The reporting entities have an annual revenue band of 1BN+. The reporting entities operate in the industry sectors: Construction, civil engineering and building products. Register entry: https://modernslaveryregister.gov.au/statements/15108/.'}"
Modern slavery statement 2021-2133: WPP AUNZ LTD,document,"{'content': 'WPP AUNZ LTD (ABN 84 001 657 370) filed a single modern slavery statement with the Australian Modern Slavery Register for the reporting period 2020-01-01 to 2020-12-31. The reporting entity is headquartered in Australia. The reporting entity has an annual revenue band of 600-700M. The reporting entity operates in the industry sectors: Media, publishing, arts and entertainment. Register entry: https://modernslaveryregister.gov.au/statements/4714/.'}"
Modern slavery statement 2024-601: CHAMPION IRON LIMITED,document,"{'content': 'CHAMPION IRON LIMITED (ABN 34 119 770 142) filed a single modern slavery statement with the Australian Modern Slavery Register for the reporting period 2023-04-01 to 2024-03-31. The reporting entity is headquartered in Australia, Canada. The reporting entity has an annual revenue band of 1BN+. The reporting entity operates in the industry sectors: Mining, metals, chemicals and resources (including oil and gas). The statement also covers the included entities: Quebec Iron Ore Inc.. Register entry: https://modernslaveryregister.gov.au/statements/17643/.'}"
Modern slavery statement 2023-1780: AMA GROUP LIMITED,document,"{'content': 'AMA GROUP LIMITED (ABN 50 113 883 560) filed a single modern slavery statement with the Australian Modern Slavery Register for the reporting period 2022-07-01 to 2023-06-30. The reporting entity is headquartered in Australia. The reporting entity has an annual revenue band of 800-900M. The reporting entity operates in the industry sectors: Automotive, machinery and heavy electrical equipment. Register entry: https://modernslaveryregister.gov.au/statements/14597/.'}"
Modern slavery statement 2021-1236: MULTIGATE MEDICAL PRODUCTS PTY LTD,document,{'content': 'MULTIGATE MEDICAL PRODUCTS PTY LTD (ABN 98 003 283 529) filed a single modern slavery statement with the Australian Modern Slavery Register for the reporting period 2020-01-01 to 2020-12-31. The reporting entity is headquartered in Australia. The reporting entity has an annual revenue band of 150-200M. The reporting entity operates in the industry sectors: Healthcare and pharmaceuticals. Register entry: https://modernslaveryregister.gov.au/statements/3129/.'}
Modern slavery statement 2021-3055: DEXION (AUSTRALIA) PTY LTD & DEXION COMMERCIAL (AUSTRALIA) PTY LIMITED & DEXION INTEGRATED SYSTEMS PTY LIMITED et al.,document,"{'content': 'DEXION (AUSTRALIA) PTY LTD (ABN 83 000 083 956), DEXION COMMERCIAL (AUSTRALIA) PTY LIMITED (ABN 43 108 860 724), DEXION INTEGRATED SYSTEMS PTY LIMITED (ABN 94 094 563 265) and TECH-LINK STORAGE ENGINEERING (AUSTRALIA) PTY LTD (ABN 50 605 766 612) filed a joint modern slavery statement with the Australian Modern Slavery Register for the reporting period 2020-01-01 to 2020-12-31. The reporting entities are headquartered in Australia. The reporting entities have an annual revenue band of 100-150M. The reporting entities operate in the industry sectors: Construction, civil engineering and building products Transportation, logistics, and storage. Register entry: https://modernslaveryregister.gov.au/statements/6047/.'}"
Modern slavery statement 2024-3004: BGC (AUSTRALIA) PTY LTD & ESTHER INVESTMENT PROPRIETARY LIMITED,document,"{'content': 'BGC (AUSTRALIA) PTY LTD (ABN 62 005 736 005) and ESTHER INVESTMENT PROPRIETARY LIMITED (ABN 68 004 459 536) filed a joint modern slavery statement with the Australian Modern Slavery Register for the reporting period 2023-07-01 to 2024-06-30. The reporting entities are headquartered in Australia. The reporting entities have an annual revenue band of 1BN+. The reporting entities operate in the industry sectors: Construction, civil engineering and building products. The statement also covers the included entities: ATLAS BUILDING (WA) PTY LTD (48 008 783 248), BGC RESIDENTIAL PTY LTD (54 052 543 450), ESTHER INVESTMENT PROPRIETARY LIMITED (68 004 459 536), J-CORP. PTY LTD (54 009 063 076), MIDLAND BRICK PTY LTD (93 635 664 710), VENTURA HOME GROUP PTY LTD (70 093 870 618). Register entry: https://modernslaveryregister.gov.au/statements/20851/.'}"
Modern slavery statement 2022-2004: FUJIFILM AUSTRALIA PTY LTD & FUJIFILM BUSINESS INNOVATION AUSTRALIA PTY LTD & FUJIFILM CSG LIMITED et al.,document,"{'content': 'FUJIFILM AUSTRALIA PTY LTD (ABN 80 000 064 433), FUJIFILM BUSINESS INNOVATION AUSTRALIA PTY LTD (ABN 63 000 341 819), FUJIFILM CSG LIMITED (ABN 64 123 989 631) and FUJIFILM HOLDINGS AUSTRALASIA PTY LTD (ABN 58 008 443 892) filed a joint modern slavery statement with the Australian Modern Slavery Register for the reporting period 2021-04-01 to 2022-03-30. The reporting entities are headquartered in Australia. The reporting entities have an annual revenue band of 700-800M. The reporting entities operate in the industry sectors: Durable consumer goods, including electronics and appliances, home furnishings and other accessories Professional and administrative services and supplies, including legal, consulting and accounting services. Register entry: https://modernslaveryregister.gov.au/statements/10638/.'}"
Modern slavery statement 2021-3942: Sime Darby Motors Group (Australia) Pty Limited & SIME DARBY TRANSPORT HOLDINGS AUSTRALIA PTY LTD,document,"{'content': 'Sime Darby Motors Group (Australia) Pty Limited (ABN 65 134 394 442) and SIME DARBY TRANSPORT HOLDINGS AUSTRALIA PTY LTD filed a joint modern slavery statement with the Australian Modern Slavery Register for the reporting period 2020-07-01 to 2021-06-30. The reporting entities are headquartered in Australia. The reporting entities have an annual revenue band of 700-800M. The reporting entities operate in the industry sectors: Automotive, machinery and heavy electrical equipment. Register entry: https://modernslaveryregister.gov.au/statements/7383/.'}"
Modern slavery statement 2022-2077: PILBARA MINERALS LIMITED,document,"{'content': 'PILBARA MINERALS LIMITED (ABN 95 112 425 788) filed a single modern slavery statement with the Australian Modern Slavery Register for the reporting period 2021-07-01 to 2022-06-30. The reporting entity is headquartered in Australia. The reporting entity has an annual revenue band of 1BN+. The reporting entity operates in the industry sectors: Mining, metals, chemicals and resources (including oil and gas). Register entry: https://modernslaveryregister.gov.au/statements/10747/.'}"
Modern slavery statement 2024-2722: INTERLEASING (AUSTRALIA) LIMITED & MAXXIA PTY LTD & McMillan Shakespeare Limited et al.,document,"{'content': 'INTERLEASING (AUSTRALIA) LIMITED (ABN 23 008 589 562), MAXXIA PTY LTD (ABN 39 082 449 036), McMillan Shakespeare Limited (ABN 74 107 233 983) and REMUNERATION SERVICES (QLD) PTY LTD (ABN 46 093 173 089) filed a joint modern slavery statement with the Australian Modern Slavery Register for the reporting period 2023-07-01 to 2024-06-30. The reporting entities are headquartered in Australia. The reporting entities have an annual revenue band of 500-600M. The reporting entities operate in the industry sectors: Financial, insurance and real estate activities. The statement also covers the included entities: ADU INVESTMENTS PTY LTD (43 159 109 010), AUSTRALIAN DEALER INSURANCE PTY LTD (14 158 647 271), Carila Pty Limited (98 119 906 179), EasiLease Pty Limited (77 117 596 791), FRANKLIN FINANCE GROUP PTY LTD (96 166 741 564), MAXXIME PTY LTD (14 169 836 622), MONEY NOW PTY LTD (93 156 544 455), MOTORSURE PTY LTD (14 086 238 557), NATIONAL DEALER SERVICES PTY LTD (95 603 758 872), NATIONAL FINANCIAL SOLUTIONS (AUST) PTY LTD (52 603 933 580), NATIONAL INSURANCE CHOICE PTY LTD (50 603 933 571), OLY PTY LTD (69 674 252 629), ONBOARD FINANCE PTY LTD (18 645 542 776), PLAN MANAGEMENT PARTNERS PTY LTD (54 609 868 993), PLAN TRACKER PTY LTD (69 615 948 019), PRESIDIAN HOLDINGS PTY LTD (18 603 801 770), TVPR PTY LIMITED (83 008 596 290). Register entry: https://modernslaveryregister.gov.au/statements/20520/.'}"
Modern slavery statement 2022-1231: BENDIGO WATER SERVICES PTY LIMITED & COMGEN AUSTRALIA PTY. LTD. & NORTH WEST ALLIANCE PTY LTD et al.,document,"{'content': 'BENDIGO WATER SERVICES PTY LIMITED (ABN 68 087 333 088), COMGEN AUSTRALIA PTY. LTD. (ABN 17 050 242 441), NORTH WEST ALLIANCE PTY LTD (ABN 25 164 277 614), TOTAL WASTE MANAGEMENT PTY. LTD. (ABN 51 077 898 607), VEOLIA ENERGY SERVICES AUSTRALIA PTY LTD (ABN 36 122 191 208), VEOLIA ENERGY SOLUTIONS PTY LTD (ABN 30 129 471 558), VEOLIA ENERGY TECHNICAL SERVICES PTY LTD (ABN 46 064 584 587), VEOLIA ENVIRONMENTAL SERVICES (AUSTRALIA) PTY LTD (ABN 20 051 316 584), VEOLIA ENVIRONMENTAL SERVICES (AUSTRALIA) PTY LTD & J.J RICHARDS TI TREE PTYLTD (ABN 67 450 387 919), VEOLIA WATER AUSTRALIA PTY LTD (ABN 99 061 161 279), VEOLIA WATER OPERATIONS PTY LTD (ABN 14 061 161 297), Veolia Water Services ANZ Pty Limited, VEOLIA WATER SERVICES (ANZ) PTY LTD (ABN 64 069 471 334), VEOLIA WATER UTILITIES (AUST.) PTY LTD (ABN 71 072 158 108) and WESTERN RESOURCE RECOVERY PTY LTD (ABN 91 099 144 180) filed a joint modern slavery statement with the Australian Modern Slavery Register for the reporting period 2021-01-01 to 2021-12-31. The reporting entities are headquartered in Australia. The reporting entities have an annual revenue band of 1BN+. The reporting entities operate in the industry sectors: Waste management and recycling. Register entry: https://modernslaveryregister.gov.au/statements/9520/.'}"
Modern slavery statement 2025-670: ALCAN HOLDINGS AUSTRALIA PTY LIMITED & ALCAN PRIMARY METAL AUSTRALIA PTY LTD & ALCAN SOUTH PACIFIC PTY LTD et al.,document,"{'content': 'ALCAN HOLDINGS AUSTRALIA PTY LIMITED (ABN 41 105 326 663), ALCAN PRIMARY METAL AUSTRALIA PTY LTD (ABN 25 055 787 909), ALCAN SOUTH PACIFIC PTY LTD (ABN 47 009 726 078), AUSTRALIAN COAL HOLDINGS PTY. LIMITED (ABN 79 000 066 491), BOYNE SMELTERS LIMITED (ABN 90 010 061 935), CATHJOH HOLDINGS PTY LIMITED (ABN 64 094 265 871), CHANNAR MINING PTY. LIMITED (ABN 48 009 127 039), DAMPIER SALT LIMITED (ABN 30 008 706 590), GPS ENERGY PTY LIMITED (ABN 36 063 207 456), GPS NOMINEE PTY LIMITED (ABN 49 063 213 552), HAMERSLEY HOLDINGS LIMITED (ABN 50 008 446 222), HAMERSLEY IRON PTY. LIMITED (ABN 49 004 558 276), HAMERSLEY IRON - YANDI PTY LIMITED (ABN 56 009 181 793), Hamersley WA Pty Ltd (ABN 53 115 004 138), HOPE DOWNS MARKETING COMPANY PTY LTD (ABN 58 115 712 117), MOUNT BRUCE MINING PTY LIMITED (ABN 78 008 714 010), NORTH LIMITED (ABN 22 005 233 689), NORTH MINING LIMITED (ABN 78 000 081 434), PACIFIC ALUMINIUM PTY. LIMITED (ABN 57 008 447 943), PECHINEY CONSOLIDATED AUSTRALIA PTY LIMITED (ABN 39 076 569 769), PEKO-WALLSEND PTY LTD (ABN 78 000 245 054), Pilbara Iron Company (Services) Pty Ltd (ABN 35 107 210 248), Pilbara Iron Pty Ltd (ABN 75 107 216 535), QUEENSLAND ALUMINA LIMITED (ABN 98 009 725 044), RIO TINTO ALUMINIUM (BELL BAY) LIMITED (ABN 91 009 483 201), RIO TINTO ALUMINIUM BELL BAY SALES PTY LIMITED (ABN 11 160 684 391), RIO TINTO ALUMINIUM (HOLDINGS) LIMITED (ABN 37 004 502 694), RIO TINTO ALUMINIUM LIMITED (ABN 51 009 679 127), RIO TINTO INVESTMENTS ONE PTY LIMITED (ABN 31 093 137 323), RIO TINTO INVESTMENTS TWO PTY LIMITED (ABN 54 093 137 485), RIO TINTO LIMITED (ABN 96 004 458 404), RIO TINTO SERVICES LIMITED (ABN 62 004 219 738), Rio Tinto Shared Services Pty Limited (ABN 69 113 306 077), ROBE RIVER LIMITED (ABN 90 008 478 493), ROBE RIVER MINING CO. PTY. LTD. (ABN 71 008 694 246), RTA AAL AUSTRALIA LIMITED (ABN 13 008 589 080), RTA BOYNE LIMITED (ABN 22 008 650 600), RTA HOLDCO AUSTRALIA 1 PTY LTD (ABN 17 128 762 318), RTA HOLDCO AUSTRALIA 5 PTY LTD (ABN 38 128 785 599), RTA PACIFIC PTY LIMITED (ABN 35 004 546 436), RTA Weipa Pty Ltd (ABN 54 137 266 285), RTA Yarwun Pty Ltd (ABN 73 137 266 301), RTPDS AUS PTY LTD (ABN 21 099 346 899), SWISS ALUMINIUM AUSTRALIA LIMITED (ABN 92 008 589 099) and TECHNOLOGICAL RESOURCES PTY. LIMITED (ABN 12 002 183 557) filed a joint modern slavery statement with the Australian Modern Slavery Register for the reporting period 2024-01-01 to 2024-12-31. The reporting entities are headquartered in Australia, United Kingdom. The reporting entities have an annual revenue band of 1BN+. The reporting entities operate in the industry sectors: Mining, metals, chemicals and resources (including oil and gas). The statement also covers the included entities: ALCAN GOVE DEVELOPMENT PTY LIMITED (75 095 305 070), ALCAN NORTHERN TERRITORY ALUMINA PTY LIMITED (90 095 409 260), ALCAN PRIMARY METAL AUSTRALIA PTY LTD (25 055 787 909), ARGYLE DIAMONDS PTY LIMITED (36 009 102 621), AUSTRALIA-JAPAN INNOVATION FUND (30 609 745 253), AUSTRALIAN MINING & SMELTING PTY LTD (14 004 896 726), CANNING RESOURCES PTY. LIMITED (53 004 463 012), CHANNAR MANAGEMENT SERVICES PTY LIMITED (14 009 281 181), CRA INVESTMENTS PTY. LIMITED (33 004 389 799), ELECTRALITH PTY LTD (13 656 179 690), Electric Power Generation Limited, ENERGY RESOURCES OF AUSTRALIA LTD. (71 008 550 865), FF RT JV PTY LTD (84 678 318 977), FUNDSPROPS PTY. LIMITED (87 005 421 885), GLADSTONE INFRASTRUCTURE PTY LTD (16 098 186 013), Gladstone Power Station Joint Venture, HAMERSLEY RESOURCES LIMITED (65 004 887 656), HISMELT CORPORATION PTY. LIMITED (98 007 118 069), JOHCATH HOLDINGS PTY LIMITED, JUNA STATION PTY LTD (22 009 449 772), KELIAN PTY. LIMITED (18 005 014 022), KUTAIBAR HOLDINGS PTY LTD (51 007 212 580), MINESMITH AUSTRALASIA PTY LTD (79 623 149 379), MITCHELL PLATEAU BAUXITE CO. PTY. LIMITED (39 008 545 499), NBH PTY LTD (47 004 066 522), NHULUNBUY CORPORATION LIMITED (57 009 596 598), NORGOLD PTY LIMITED (40 004 306 245), NORTH GOLD (W.A.) PTY LTD (18 004 258 879), NORTH INSURANCES PTY. LTD. (21 050 197 110), NORTH IOC HOLDINGS PTY LTD (12 077 554 986), Pacific Aluminium (New Zealand) Limited, PEKO EXPLORATION PTY LTD (87 000 362 550), PROJECT GENERATION GROUP PTY LTD (32 004 465 801), Ranges Mining Pty Ltd (62 100 334 263), RHODES RIDGE ACCOUNT MANAGER PTY LTD (35 662 903 577), Rightship Group Pte. Ltd., Rio Tinto Advisory Services Pty Limited, RIO TINTO ALCAN TECHNOLOGY PTY LTD (81 062 997 960), RIO TINTO ALUMINIUM SERVICES PTY LIMITED (71 160 684 202), RIO TINTO ASIA PTY. LIMITED. (20 005 097 110), RIO TINTO CLOSURE PTY LIMITED (99 004 489 203), RIO TINTO COAL NSW HOLDINGS PTY LTD (76 139 182 844), RIO TINTO (COMMERCIAL PAPER) LIMITED (18 008 586 230), RIO TINTO EN21 AUSTRALIA PTY LTD (31 152 622 529), RIO TINTO ENERGY AND CLIMATE INVESTMENTS AUSTRALIA PTY LTD (58 666 319 008), Rio Tinto Exploration (PNG) Limited, RIO TINTO EXPLORATION PTY LIMITED (76 000 057 125), RIO TINTO FINANCE LIMITED (89 008 559 046), RIO TINTO FINANCE (USA) LIMITED (84 062 129 551), RIO TINTO IRON ORE (PILBARA) SALES PTY LTD (23 662 897 065), Rio Tinto Leaching Technologies Pty Limited, RIO TINTO PACE AUSTRALIA PTY LIMITED (80 007 070 582), RIO TINTO SHIPPING PTY. LIMITED. (20 007 261 430), RIO TINTO STAFF FUND (RETIRED) PTY LIMITED (27 005 599 422), RIO TINTO WINU PTY LIMITED (63 128 066 777), Robe River Iron Associates Joint Venture, ROBE RIVER ORE SALES PTY. LTD. (23 053 296 254), ROCKLEA STATION PTY LTD (46 068 755 224), RTA GOVE PTY LIMITED (76 000 453 663), RTA SALES PTY LTD (24 008 596 478), RTA SMELTER DEVELOPMENT PTY LIMITED (59 058 200 070), RTLDS AUS PTY LTD (88 099 375 470), TOMAGO ALUMINIUM AUSTRALIA PTY LTD, TOMAGO ALUMINIUM COMPANY PTY LTD, Trans Territory Pipeline Pty Limited (82 111 636 358), Victoria Technology Inc, WIMMERA INDUSTRIAL MINERALS PTY. LIMITED (41 004 302 130), WINU SERVICES PTY LTD (18 684 213 796), YALLEEN PASTORAL CO. PTY. LTD. (79 050 493 948), Yarraloola Pastoral Co. Register entry: https://modernslaveryregister.gov.au/statements/22641/.'}"
Modern slavery statement 2025-2999: ALLGAS ENERGY PTY LIMITED,document,"{'content': 'ALLGAS ENERGY PTY LIMITED filed a single modern slavery statement with the Australian Modern Slavery Register for the reporting period 2024-07-01 to 2025-06-30. The reporting entity is headquartered in Australia. The reporting entity has an annual revenue band of 100-150M. The reporting entity operates in the industry sectors: Electricity, Gas, Water and Waste Services. The statement also covers the included entities: ALLGAS PIPELINES OPERATIONS 1 PTY LIMITED, ALLGAS PIPELINES OPERATIONS PTY LIMITED, ALLGAS TOOWOOMBA PTY LIMITED, GDI (EII) PTY LIMITED. Register entry: https://modernslaveryregister.gov.au/statements/25886/.'}"
Modern slavery statement 2021-1187: PBS PROPERTY GROUP PTY LTD,document,"{'content': 'PBS PROPERTY GROUP PTY LTD (ABN 39 099 677 844) filed a joint modern slavery statement with the Australian Modern Slavery Register for the reporting period 2019-07-01 to 2020-06-30. The reporting entity is headquartered in Australia. The reporting entity has an annual revenue band of 200-250M. The reporting entity operates in the industry sectors: Construction, civil engineering and building products. Register entry: https://modernslaveryregister.gov.au/statements/3098/.'}"
Modern slavery statement 2023-2070: DATS PTY LTD,document,"{'content': 'DATS PTY LTD (ABN 26 001 733 697) filed a single modern slavery statement with the Australian Modern Slavery Register for the reporting period 2022-07-01 to 2023-06-30. The reporting entity is headquartered in Australia. The reporting entity has an annual revenue band of 100-150M. The reporting entity operates in the industry sectors: Durable consumer goods, including electronics and appliances, home furnishings and other accessories. Register entry: https://modernslaveryregister.gov.au/statements/14992/.'}"
Modern slavery statement 2022-2781: AUSTRALIAN VENUE CO. HOLDINGS LIMITED & AUSTRALIAN VENUE CO LIMITED & AVC OPERATIONS PTY LIMITED et al.,document,"{'content': 'AUSTRALIAN VENUE CO. HOLDINGS LIMITED (ABN 90 619 977 070), AUSTRALIAN VENUE CO LIMITED (ABN 14 607 666 348), AVC OPERATIONS PTY LIMITED (ABN 81 607 832 299), AVC SAPPHIRE HOLDINGS PTY LTD (ABN 31 629 977 966), CANOE BIDCO PTY LIMITED (ABN 94 619 977 589), CANOE MEZZCO PTY LIMITED (ABN 58 619 977 374), CANOE MIDCO PTY LIMITED (ABN 79 619 977 463) and QUEENSLAND VENUE CO. PTY LTD (ABN 57 079 861 626) filed a joint modern slavery statement with the Australian Modern Slavery Register for the reporting period 2021-07-01 to 2022-06-30. The reporting entities are headquartered in Australia. The reporting entities have an annual revenue band of 1BN+. The reporting entities operate in the industry sectors: Food and beverages, agriculture and fishing Consumer services, including accommodation, hospitality, tourism and leisure. Register entry: https://modernslaveryregister.gov.au/statements/11670/.'}"
Modern slavery statement 2024-92: FORICO PTY LIMITED,document,"{'content': 'FORICO PTY LIMITED filed a single modern slavery statement with the Australian Modern Slavery Register for the reporting period 2022-07-01 to 2023-06-30. The reporting entity is headquartered in Australia. The reporting entity has an annual revenue band of 150-200M. The reporting entity operates in the industry sectors: Forestry, timber products, paper and containers and packaging. Register entry: https://modernslaveryregister.gov.au/statements/16847/.'}"
Modern slavery statement 2023-416: HAZELL BROS GROUP PTY LTD,document,"{'content': 'HAZELL BROS GROUP PTY LTD (ABN 27 088 345 804) filed a joint modern slavery statement with the Australian Modern Slavery Register for the reporting period 2021-07-01 to 2022-06-30. The reporting entity is headquartered in Australia. The reporting entity has an annual revenue band of 350-400M. The reporting entity operates in the industry sectors: Mining, metals, chemicals and resources (including oil and gas) Construction, civil engineering and building products Transportation, logistics, and storage. Register entry: https://modernslaveryregister.gov.au/statements/12682/.'}"
Modern slavery statement 2022-93: KAPITOL GROUP PTY LTD,document,"{'content': 'KAPITOL GROUP PTY LTD (ABN 62 622 444 544) filed a single modern slavery statement with the Australian Modern Slavery Register for the reporting period 2020-07-01 to 2021-06-30. The reporting entity is headquartered in Australia. The reporting entity has an annual revenue band of 150-200M. The reporting entity operates in the industry sectors: Construction, civil engineering and building products. Register entry: https://modernslaveryregister.gov.au/statements/7830/.'}"
Modern slavery statement 2021-1875: GOODYEAR & DUNLOP TYRES (AUST) PTY LTD & GOODYEAR EARTHMOVER PTY LIMITED,document,"{'content': 'GOODYEAR & DUNLOP TYRES (AUST) PTY LTD (ABN 86 004 098 346) and GOODYEAR EARTHMOVER PTY LIMITED (ABN 15 008 581 351) filed a joint modern slavery statement with the Australian Modern Slavery Register for the reporting period 2020-01-01 to 2020-12-31. The reporting entities are headquartered in United States of America. The reporting entities have an annual revenue band of 600-700M. The reporting entities operate in the industry sectors: Automotive, machinery and heavy electrical equipment. Register entry: https://modernslaveryregister.gov.au/statements/4273/.'}"
"Modern slavery statement 2025-790: UDEMY, INC",document,"{'content': 'UDEMY, INC (ABN 63 624 502 122) filed a single modern slavery statement with the Australian Modern Slavery Register for the reporting period 2024-01-01 to 2024-12-31. The reporting entity is headquartered in United States of America. The reporting entity has an annual revenue band of 1BN+. The reporting entity operates in the industry sectors: Information technology and telecommunication. The statement also covers the included entities: UDEMY AUSTRALIA PTY LIMITED (66 651 352 215). Register entry: https://modernslaveryregister.gov.au/statements/22836/.'}"
Modern slavery statement 2023-419: UNITED RENTALS AUSTRALIA PTY LTD,document,"{'content': 'UNITED RENTALS AUSTRALIA PTY LTD (ABN 38 069 244 417) filed a joint modern slavery statement with the Australian Modern Slavery Register for the reporting period 2022-04-01 to 2023-03-30. The reporting entity is headquartered in Australia, United States of America. The reporting entity has an annual revenue band of 150-200M. The reporting entity operates in the industry sectors: Transportation, logistics, and storage. Register entry: https://modernslaveryregister.gov.au/statements/12688/.'}"
Modern slavery statement 2021-1497: Hofmann Engineering Pty Ltd,document,{'content': 'Hofmann Engineering Pty Ltd (ABN 39 114 806 969) filed a single modern slavery statement with the Australian Modern Slavery Register for the reporting period 2019-07-01 to 2020-06-30. The reporting entity is headquartered in Australia. The reporting entity has an annual revenue band of 150-200M. The reporting entity operates in the industry sectors: Other. Register entry: https://modernslaveryregister.gov.au/statements/3524/.'}
Modern slavery statement 2022-2304: COMMONWEALTH SUPERANNUATION CORPORATION,document,{'content': 'COMMONWEALTH SUPERANNUATION CORPORATION (ABN 48 882 817 243) filed a single modern slavery statement with the Australian Modern Slavery Register for the reporting period 2021-07-01 to 2022-06-30. The reporting entity is headquartered in Australia. The reporting entity has an annual revenue band of 150-200M. The reporting entity operates in the industry sectors: Government Sector. Register entry: https://modernslaveryregister.gov.au/statements/11042/.'}
Modern slavery statement 2025-1567: MERCEDES-BENZ FINANCIAL SERVICES AUSTRALIA PTY LTD,document,{'content': 'MERCEDES-BENZ FINANCIAL SERVICES AUSTRALIA PTY LTD (ABN 73 074 134 517) filed a single modern slavery statement with the Australian Modern Slavery Register for the reporting period 2024-01-01 to 2024-12-31. The reporting entity is headquartered in Australia. The reporting entity has an annual revenue band of 300-350M. The reporting entity operates in the industry sectors: Financial and Insurance Services. Register entry: https://modernslaveryregister.gov.au/statements/23828/.'}
Modern slavery statement 2024-1627: D.M. & M.T. NOLAN PTY. LTD.,document,"{'content': 'D.M. & M.T. NOLAN PTY. LTD. (ABN 29 009 767 766) filed a single modern slavery statement with the Australian Modern Slavery Register for the reporting period 2023-07-01 to 2024-06-30. The reporting entity is headquartered in Australia. The reporting entity has an annual revenue band of 100-150M. The reporting entity operates in the industry sectors: Transportation, logistics, and storage. Register entry: https://modernslaveryregister.gov.au/statements/18989/.'}"
Modern slavery statement 2025-563: PROBIOTEC LIMITED,document,{'content': 'PROBIOTEC LIMITED (ABN 91 075 170 151) filed a single modern slavery statement with the Australian Modern Slavery Register for the reporting period 2024-01-01 to 2024-12-31. The reporting entity is headquartered in Australia. The reporting entity has an annual revenue band of 250-300M. The reporting entity operates in the industry sectors: Healthcare and pharmaceuticals. Register entry: https://modernslaveryregister.gov.au/statements/22498/.'}
Modern slavery statement 2023-897: S&C Australia Holdco Pty Ltd & S&C AUSTRALIA INVESTMENTS PTY LTD,document,{'content': 'S&C Australia Holdco Pty Ltd (ABN 97 100 767 851) and S&C AUSTRALIA INVESTMENTS PTY LTD (ABN 44 609 705 615) filed a joint modern slavery statement with the Australian Modern Slavery Register for the reporting period 2021-12-27 to 2022-12-25. The reporting entities are headquartered in Australia. The reporting entities have an annual revenue band of 400-450M. The reporting entities operate in the industry sectors: Other. Register entry: https://modernslaveryregister.gov.au/statements/13418/.'}
Modern slavery statement 2024-255: BUILDSOFT PTY LTD & MITEK AUSTRALIA LTD. & PLATINUM GLOBAL SERVICES PTY LTD,document,"{'content': 'BUILDSOFT PTY LTD (ABN 99 003 024 253), MITEK AUSTRALIA LTD. (ABN 98 004 564 587) and PLATINUM GLOBAL SERVICES PTY LTD (ABN 67 007 355 660) filed a joint modern slavery statement with the Australian Modern Slavery Register for the reporting period 2023-01-01 to 2023-12-31. The reporting entities are headquartered in United States of America. The reporting entities have an annual revenue band of 150-200M. The reporting entities operate in the industry sectors: Construction, civil engineering and building products. Register entry: https://modernslaveryregister.gov.au/statements/17133/.'}"
Modern slavery statement 2024-3542: AUB GROUP LIMITED & AUSTAGENCIES PTY LTD & AUSTBROKERS PTY LIMITED,document,"{'content': 'AUB GROUP LIMITED (ABN 60 000 000 715), AUSTAGENCIES PTY LTD (ABN 76 006 090 464) and AUSTBROKERS PTY LIMITED (ABN 72 005 541 266) filed a joint modern slavery statement with the Australian Modern Slavery Register for the reporting period 2023-07-01 to 2024-06-30. The reporting entities are headquartered in Australia. The reporting entities have an annual revenue band of 900M-1BN. The reporting entities operate in the industry sectors: Financial, insurance and real estate activities. The statement also covers the included entities: AUB GROUP SERVICES PTY LTD (81 084 808 819), SURA PTY LTD (36 115 672 350). Register entry: https://modernslaveryregister.gov.au/statements/21510/.'}"
Modern slavery statement 2021-3044: ALUMINIUM SPECIALTIES GROUP PTY. LTD.,document,"{'content': 'ALUMINIUM SPECIALTIES GROUP PTY. LTD. (ABN 63 001 252 259) filed a single modern slavery statement with the Australian Modern Slavery Register for the reporting period 2020-07-01 to 2021-06-30. The reporting entity is headquartered in Australia. The reporting entity has an annual revenue band of 300-350M. The reporting entity operates in the industry sectors: Construction, civil engineering and building products. Register entry: https://modernslaveryregister.gov.au/statements/6037/.'}"
Modern slavery statement 2022-1589: QUALITY LOGISTIC SERVICES AUSTRALIA PTY LTD,document,"{'content': 'QUALITY LOGISTIC SERVICES AUSTRALIA PTY LTD (ABN 52 107 976 250) filed a single modern slavery statement with the Australian Modern Slavery Register for the reporting period 2021-07-01 to 2022-06-30. The reporting entity is headquartered in Australia. The reporting entity has an annual revenue band of 150-200M. The reporting entity operates in the industry sectors: Mining, metals, chemicals and resources (including oil and gas). Register entry: https://modernslaveryregister.gov.au/statements/10023/.'}"
Modern slavery statement 2021-38: Reliance Rail Pty Limited,document,"{'content': 'Reliance Rail Pty Limited (ABN 18 111 280 427) filed a single modern slavery statement with the Australian Modern Slavery Register for the reporting period 2020-01-01 to 2020-12-31. The reporting entity is headquartered in Australia. The reporting entity has an annual revenue band of Unknown. The reporting entity operates in the industry sectors: Transportation, logistics, and storage. Register entry: https://modernslaveryregister.gov.au/statements/1098/.'}"
Modern slavery statement 2022-3044: DECJUBA PTY LTD,document,"{'content': 'DECJUBA PTY LTD (ABN 22 611 918 873) filed a single modern slavery statement with the Australian Modern Slavery Register for the reporting period 2021-07-01 to 2022-06-30. The reporting entity is headquartered in Australia. The reporting entity has an annual revenue band of 200-250M. The reporting entity operates in the industry sectors: Fashion, textiles, apparel and luxury goods. Register entry: https://modernslaveryregister.gov.au/statements/11979/.'}"
Modern slavery statement 2021-2114: LOCKHEED MARTIN AUSTRALIA PTY LIMITED & SIKORSKY AIRCRAFT AUSTRALIA LTD,document,{'content': 'LOCKHEED MARTIN AUSTRALIA PTY LIMITED (ABN 30 008 425 509) and SIKORSKY AIRCRAFT AUSTRALIA LTD (ABN 82 003 031 909) filed a joint modern slavery statement with the Australian Modern Slavery Register for the reporting period 2020-01-01 to 2020-12-31. The reporting entities are headquartered in Australia. The reporting entities have an annual revenue band of 500-600M. The reporting entities operate in the industry sectors: Defence and aerospace Other. Register entry: https://modernslaveryregister.gov.au/statements/4672/.'}
Modern slavery statement 2022-1068: JACOBS DOUWE EGBERTS AU PTY LTD,document,"{'content': 'JACOBS DOUWE EGBERTS AU PTY LTD (ABN 82 051 278 409) filed a single modern slavery statement with the Australian Modern Slavery Register for the reporting period 2021-01-01 to 2021-12-31. The reporting entity is headquartered in Australia. The reporting entity has an annual revenue band of 250-300M. The reporting entity operates in the industry sectors: Food and beverages, agriculture and fishing. Register entry: https://modernslaveryregister.gov.au/statements/9317/.'}"
Modern slavery statement 2023-264: CUBIC DEFENCE AUSTRALIA PTY LIMITED & CUBIC DIGITAL INTELLIGENCE AUSTRALIA PTY LTD & CUBIC TRANSPORTATION SYSTEMS (AUSTRALIA) PTY LIMITED,document,"{'content': 'CUBIC DEFENCE AUSTRALIA PTY LIMITED (ABN 88 122 798 207), CUBIC DIGITAL INTELLIGENCE AUSTRALIA PTY LTD (ABN 16 660 437 409) and CUBIC TRANSPORTATION SYSTEMS (AUSTRALIA) PTY LIMITED (ABN 82 003 617 561) filed a joint modern slavery statement with the Australian Modern Slavery Register for the reporting period 2022-01-01 to 2022-12-31. The reporting entities are headquartered in Australia. The reporting entities have an annual revenue band of 100-150M. The reporting entities operate in the industry sectors: Transportation, logistics, and storage Defence and aerospace. Register entry: https://modernslaveryregister.gov.au/statements/12433/.'}"
"Modern slavery statement 2024-614: Veritone, Inc.",document,"{'content': 'Veritone, Inc. filed a single modern slavery statement with the Australian Modern Slavery Register for the reporting period 2023-01-01 to 2023-12-31. The reporting entity is headquartered in United States of America. The reporting entity has an annual revenue band of 150-200M. The reporting entity operates in the industry sectors: Information technology and telecommunication. The statement also covers the included entities: Broadbean Technology Limited, Broadbean Technology Pty Ltd., Veritone UK Ltd.. Register entry: https://modernslaveryregister.gov.au/statements/17610/.'}"
Modern slavery statement 2024-1950: KONICA MINOLTA BUSINESS SOLUTIONS AUSTRALIA PTY LTD,document,"{'content': 'KONICA MINOLTA BUSINESS SOLUTIONS AUSTRALIA PTY LTD (ABN 50 001 065 096) filed a single modern slavery statement with the Australian Modern Slavery Register for the reporting period 2023-04-01 to 2024-03-31. The reporting entity is headquartered in Australia. The reporting entity has an annual revenue band of 200-250M. The reporting entity operates in the industry sectors: Automotive, machinery and heavy electrical equipment. Register entry: https://modernslaveryregister.gov.au/statements/19454/.'}"
Modern slavery statement 2023-3: COLLECTION HOUSE LIMITED & Credit Corp Financial Services Pty Limited & CREDIT CORP GROUP LIMITED et al.,document,"{'content': 'COLLECTION HOUSE LIMITED (ABN 74 010 230 716), Credit Corp Financial Services Pty Limited (ABN 39 146 525 706), CREDIT CORP GROUP LIMITED (ABN 33 092 697 151) and CREDIT CORP SERVICES PTY LIMITED (ABN 95 082 928 872) filed a joint modern slavery statement with the Australian Modern Slavery Register for the reporting period 2021-07-01 to 2022-06-30. The reporting entities are headquartered in Australia. The reporting entities have an annual revenue band of 800-900M. The reporting entities operate in the industry sectors: Financial, insurance and real estate activities. Register entry: https://modernslaveryregister.gov.au/statements/12070/.'}"
"Modern slavery statement 2023-2984: African Mining Services Senegal Suarl, African Underground Mining Services Burkina Faso Sarl, AMAX Ltd, AUMS (T) Limited, Ausdrill Mining Surface Botswana Proprietary Ltd, AUSDRILL PTY LTD & BARMINCO LIMITED & Barminco Mining Services Botswana Proprietary Ltd, Barminco Mining Services Canada Limited, PERENTI LIMITED, Underground Mining Alliance Ltd",document,"{'content': 'African Mining Services Senegal Suarl, African Underground Mining Services Burkina Faso Sarl, AMAX Ltd, AUMS (T) Limited, Ausdrill Mining Surface Botswana Proprietary Ltd, AUSDRILL PTY LTD (ABN 58 103 661 374), BARMINCO LIMITED (ABN 32 109 439 894) and Barminco Mining Services Botswana Proprietary Ltd, Barminco Mining Services Canada Limited, PERENTI LIMITED, Underground Mining Alliance Ltd filed a joint modern slavery statement with the Australian Modern Slavery Register for the reporting period 2022-07-01 to 2023-06-30. The reporting entities are headquartered in Australia. The reporting entities have an annual revenue band of 1BN+. The reporting entities operate in the industry sectors: Mining, metals, chemicals and resources (including oil and gas). The statement also covers the included entities: ACN 103 534 087 PTY LTD (32 103 534 087), African Mining Services Burkina Faso SARL, African Mining Services Cote D’Ivoire SUARL, African Mining Services Ghana Ltd, AFRICAN MINING SERVICES (GHANA) PTY LTD (32 076 301 472), African Mining Services Guinee SARL, African Mining Services Mali SARL, African Underground Mining Services Limited, African Underground Mining Services Mali SARL, African Underground Mining Services Tanzania Limited, AMCG Ltd, ATOMORPHIS PTY LTD (71 625 306 309), AUSDRILL (GHANA) PTY LTD (67 053 575 518), Ausdrill Mining Surface Botswana Pty Ltd, Ausdrill Tanzania Limited, Barholdco (EIS) Pty Ltd, BARMINCO AUMS HOLDINGS PTY LIMITED (49 163 310 549), Barminco Egypt LLC, Barminco Egypt UG Mining Services SAE, BARMINCO FINANCE PTY LIMITED (83 126 398 267), BARMINCO HOLDINGS PTY LIMITED (85 126 398 276), BARMINCO INDIA HOLDINGS PTY LTD (82 614 539 098), BARMINCO INDIA INVESTMENTS PTY LTD (99 614 539 105), Barminco Indian UG Mining Services LLP, Barminco Mining Services USA LLC, Barminco South Africa (Pty) Ltd, BG Umoja Services Limited, BTP EQUIPMENT PTY LTD (55 128 386 201), BTP PARTS PTY LTD (28 096 533 283), CONNECTOR DRILLING PTY LTD (14 148 853 561), Drill Rigs Australia Pty Ltd (99 128 786 603), GOLDEN PLAINS PTY. LTD. (79 006 307 179), IDOBA PTY LTD (36 641 112 049), Improvement Resources Pty Ltd (96 147 994 189), Logistics Direct Limited, Minanalytical Holdings Pty Ltd (21 147 048 075), Mining Technology & Supplies Ltd, OPTIKA Solutions Pty Ltd (31 121 222 857), ORELOGY CONSULTING PTY LTD (58 603 763 944), PERENTI FINANCE PTY LTD (90 159 906 395), PERENTI GROUP SERVICES PTY LTD (68 074 414 387), PERENTI HOLDINGS PTY LTD (17 638 616 467), PERENTI INTERNATIONAL PTY LTD (49 069 769 811), PERENTI PROPERTIES PTY LTD (92 104 659 074), Perenti UK Limited, Perenti USA Inc, PERENTI UTILITIES PTY LTD (99 103 016 771), Power Solutions Africa SARL, SANDPIT INNOVATION PTY LTD (67 159 573 323), SLR AUSTRALIA PTY LIMITED (52 120 338 810), SPIDLER GROUP PTY LTD (53 639 612 481), SPIDLER TECHNOLOGIES PTY LTD (96 639 613 031), SUPPLY DIRECT PTY LTD (29 059 611 862), SUPPLY DIRECT SOUTH AFRICA PTY LIMITED (70 087 063 303), SYNEGEX HOLDINGS PTY LTD (11 103 420 971), West African Mining Services Ltd. Register entry: https://modernslaveryregister.gov.au/statements/15892/.'}"
Modern slavery statement 2023-415: CHAMBERLAIN HOLDINGS LIMITED & JOHN DEERE FINANCIAL LIMITED,document,"{'content': 'CHAMBERLAIN HOLDINGS LIMITED (ABN 85 008 688 202) and JOHN DEERE FINANCIAL LIMITED (ABN 55 078 714 646) filed a joint modern slavery statement with the Australian Modern Slavery Register for the reporting period 2021-11-01 to 2022-10-30. The reporting entities are headquartered in Australia. The reporting entities have an annual revenue band of 1BN+. The reporting entities operate in the industry sectors: Automotive, machinery and heavy electrical equipment Financial, insurance and real estate activities. Register entry: https://modernslaveryregister.gov.au/statements/12679/.'}"
Modern slavery statement 2023-3066: ANABELLE BITS PTY LTD,document,"{'content': 'ANABELLE BITS PTY LTD (ABN 40 068 649 972) filed a joint modern slavery statement with the Australian Modern Slavery Register for the reporting period 2022-07-01 to 2023-06-30. The reporting entity is headquartered in Australia. The reporting entity has an annual revenue band of 150-200M. The reporting entity operates in the industry sectors: Information technology and telecommunication. The statement also covers the included entities: BEarena Pty Limited (53 125 400 062), The Trustee for Forward IT (Australia) (42 597 085 374), The trustee for MIT Investments Trust (22 314 713 182), TRISTATE COMPUTER SERVICES PTY LTD (72 091 751 656). Register entry: https://modernslaveryregister.gov.au/statements/16326/.'}"
Modern slavery statement 2025-3486: CAVPOWER PTY LTD,document,"{'content': 'CAVPOWER PTY LTD (ABN 22 007 735 300) filed a single modern slavery statement with the Australian Modern Slavery Register for the reporting period 2024-07-01 to 2025-06-30. The reporting entity is headquartered in Australia. The reporting entity has an annual revenue band of 300-350M. The reporting entity operates in the industry sectors: Mining Rental, Hiring and Real Estate Services Transport, Postal and Warehousing Agriculture, Forestry and Fishing Construction. The statement also covers the included entities: CAVRENT PTY LTD (12 082 028 082). Register entry: https://modernslaveryregister.gov.au/statements/26542/.'}"
Modern slavery statement 2024-3540: NATIONAL AFFORDABLE HOUSING CONSORTIUM LTD,document,"{'content': 'NATIONAL AFFORDABLE HOUSING CONSORTIUM LTD (ABN 30 132 604 552) filed a single modern slavery statement with the Australian Modern Slavery Register for the reporting period 2023-07-01 to 2024-06-30. The reporting entity is headquartered in Australia. The reporting entity has an annual revenue band of 100-150M. The reporting entity operates in the industry sectors: Rental, Hiring and Real Estate Services Other Services. The statement also covers the included entities: BUY ASSIST AUSTRALIA PTY LTD (14 613 543 249), HERS PROPERTY LTD. (86 630 088 238), HOME EQUITY AND RENTAL SERVICES LTD (80 607 324 792). Register entry: https://modernslaveryregister.gov.au/statements/21509/.'}"
Modern slavery statement 2021-1227: THE TRUSTEE FOR DARNLEE BUSINESS UNIT TRUST & The Trustee for THE BLUE CROSS GROUP UNIT TRUST & The Trustee for THIRD AGE AUSTRALIA UNIT TRUST,document,"{'content': 'THE TRUSTEE FOR DARNLEE BUSINESS UNIT TRUST (ABN 29 992 584 243), The Trustee for THE BLUE CROSS GROUP UNIT TRUST (ABN 69 939 338 435) and The Trustee for THIRD AGE AUSTRALIA UNIT TRUST (ABN 12 759 034 857) filed a joint modern slavery statement with the Australian Modern Slavery Register for the reporting period 2020-01-01 to 2020-12-31. The reporting entities are headquartered in Australia. The reporting entities have an annual revenue band of 250-300M. The reporting entities operate in the industry sectors: Other. Register entry: https://modernslaveryregister.gov.au/statements/3133/.'}"
Modern slavery statement 2025-3422: DATA#3 LIMITED.,document,"{'content': 'DATA#3 LIMITED. (ABN 31 010 545 267) filed a single modern slavery statement with the Australian Modern Slavery Register for the reporting period 2024-07-01 to 2025-06-30. The reporting entity is headquartered in Australia. The reporting entity has an annual revenue band of 1BN+. The reporting entity operates in the industry sectors: Information Media and Telecommunications. The statement also covers the included entities: Business Aspect Group Pty Ltd (73 149 208 131), Business Aspect Pty Ltd (11 112 888 785), DISCOVERY TECHNOLOGY PTY LTD (87 079 160 268). Register entry: https://modernslaveryregister.gov.au/statements/26474/.'}"
Modern slavery statement 2023-701: UNIVERSITY OF THE SUNSHINE COAST,document,{'content': 'UNIVERSITY OF THE SUNSHINE COAST (ABN 28 441 859 157) filed a single modern slavery statement with the Australian Modern Slavery Register for the reporting period 2022-01-01 to 2022-12-31. The reporting entity is headquartered in Australia. The reporting entity has an annual revenue band of 350-400M. The reporting entity operates in the industry sectors: Education and research. Register entry: https://modernslaveryregister.gov.au/statements/13137/.'}
Modern slavery statement 2020-376: Beyond Blue Limited,document,{'content': 'Beyond Blue Limited filed a single modern slavery statement with the Australian Modern Slavery Register for the reporting period 2019-07-01 to 2020-06-30. The reporting entity is headquartered in Australia. The reporting entity has an annual revenue band of Unknown. The reporting entity operates in the industry sectors: Charitable / not-for-profit activities. Register entry: https://modernslaveryregister.gov.au/statements/839/.'}
Modern slavery statement 2023-319: ACE RENTAL CARS PTY LTD & HA FLEET PTY LTD & HERTZ AUSTRALIA PTY. LIMITED,document,"{'content': 'ACE RENTAL CARS PTY LTD (ABN 25 010 918 224), HA FLEET PTY LTD (ABN 31 126 115 204) and HERTZ AUSTRALIA PTY. LIMITED (ABN 31 004 407 087) filed a joint modern slavery statement with the Australian Modern Slavery Register for the reporting period 2022-01-01 to 2022-12-31. The reporting entities are headquartered in Australia, United States of America. The reporting entities have an annual revenue band of 250-300M. The reporting entities operate in the industry sectors: Transportation, logistics, and storage Consumer services, including accommodation, hospitality, tourism and leisure. Register entry: https://modernslaveryregister.gov.au/statements/12540/.'}"
Modern slavery statement 2021-454: AURELIA METALS LIMITED,document,"{'content': 'AURELIA METALS LIMITED (ABN 37 108 476 384) filed a single modern slavery statement with the Australian Modern Slavery Register for the reporting period 2019-07-01 to 2020-06-30. The reporting entity is headquartered in Australia. The reporting entity has an annual revenue band of 300-350M. The reporting entity operates in the industry sectors: Mining, metals, chemicals and resources (including oil and gas). Register entry: https://modernslaveryregister.gov.au/statements/1914/.'}"
Modern slavery statement 2024-2595: BIG RIVER GROUP PTY LTD,document,"{'content': 'BIG RIVER GROUP PTY LTD (ABN 72 000 009 754) filed a single modern slavery statement with the Australian Modern Slavery Register for the reporting period 2023-07-01 to 2024-06-30. The reporting entity is headquartered in Australia. The reporting entity has an annual revenue band of 400-450M. The reporting entity operates in the industry sectors: Forestry, timber products, paper and containers and packaging Construction, civil engineering and building products. Register entry: https://modernslaveryregister.gov.au/statements/20337/.'}"
Modern slavery statement 2025-1156: KNOX GRAMMAR SCHOOL,document,{'content': 'KNOX GRAMMAR SCHOOL (ABN 54 645 113 104) filed a single modern slavery statement with the Australian Modern Slavery Register for the reporting period 2024-01-01 to 2024-12-31. The reporting entity is headquartered in Australia. The reporting entity has an annual revenue band of 100-150M. The reporting entity operates in the industry sectors: Education and research Charitable / not-for-profit activities. Register entry: https://modernslaveryregister.gov.au/statements/23376/.'}
Modern slavery statement 2022-2697: The Trustee for AUSTRALIAN PRIME PROPERTY FUND COMMERCIAL PASSIVE,document,"{'content': 'The Trustee for AUSTRALIAN PRIME PROPERTY FUND COMMERCIAL PASSIVE (ABN 55 197 181 326) filed a single modern slavery statement with the Australian Modern Slavery Register for the reporting period 2021-07-01 to 2022-06-30. The reporting entity is headquartered in Australia. The reporting entity has an annual revenue band of 100-150M. The reporting entity operates in the industry sectors: Financial, insurance and real estate activities. Register entry: https://modernslaveryregister.gov.au/statements/11571/.'}"
Modern slavery statement 2026-10: ROYAN GROUP BIDCO PTY LIMITED & ROYAN GROUP HOLDCO PTY LIMITED & ROYAN GROUP MIDCO PTY LIMITED,document,"{'content': ""ROYAN GROUP BIDCO PTY LIMITED (ABN 56 638 670 470), ROYAN GROUP HOLDCO PTY LIMITED (ABN 91 638 670 238) and ROYAN GROUP MIDCO PTY LIMITED (ABN 25 638 670 336) filed a joint modern slavery statement with the Australian Modern Slavery Register for the reporting period 2024-07-01 to 2025-06-30. The reporting entities are headquartered in Australia. The reporting entities have an annual revenue band of 150-200M. The reporting entities operate in the industry sectors: Transport, Postal and Warehousing. The statement also covers the included entities: BILL O'BRIEN SMASH REPAIRS PTY LTD (62 136 387 098), ROYANS BRISBANE PTY LIMITED (38 002 670 484), ROYANS DANDENONG PTY LIMITED (92 624 710 238), Royans Dubbo Pty Limited (75 105 352 789), ROYANS MELBOURNE PTY LTD (17 096 851 580), ROYANS NEWCASTLE PTY LTD (73 051 644 494), ROYANS RIVERINA PTY LIMITED (75 619 860 794), Royans Wagga Pty Limited (40 105 356 698), ROYANS WODONGA PTY LIMITED (59 620 035 510), ROYAN TRUCK & TRAILER REPAIRS PTY LTD (58 000 629 363), TFI GROUP PTY LTD (75 600 731 726), TRANSPORT ACCIDENT RESPONSE PTY LIMITED (28 602 137 691), TRUCKING SUPPLIES BIDCO PTY LIMITED (64 638 738 173). Register entry: https://modernslaveryregister.gov.au/statements/27042/.""}"
Modern slavery statement 2022-1189: Collgar Wind Farm Pty Ltd,document,"{'content': 'Collgar Wind Farm Pty Ltd (ABN 27 130 586 088) filed a single modern slavery statement with the Australian Modern Slavery Register for the reporting period 2021-01-01 to 2021-12-31. The reporting entity is headquartered in Australia. The reporting entity has an annual revenue band of 100-150M. The reporting entity operates in the industry sectors: Utilities: gas, water and electricity. Register entry: https://modernslaveryregister.gov.au/statements/9476/.'}"
Modern slavery statement 2024-2812: BFX HO Pty Ltd,document,"{'content': 'BFX HO Pty Ltd (ABN 33 129 437 930) filed a single modern slavery statement with the Australian Modern Slavery Register for the reporting period 2023-07-01 to 2024-06-30. The reporting entity is headquartered in Australia. The reporting entity has an annual revenue band of 0-99M. The reporting entity operates in the industry sectors: Durable consumer goods, including electronics and appliances, home furnishings and other accessories Education and research. The statement also covers the included entities: BFX FURNITURE AUSTRALIA PTY LTD (13 130 145 747), BFX MANUFACTURING PTY LTD (99 158 154 762), FAMIOS PTY LTD (63 632 686 269). Register entry: https://modernslaveryregister.gov.au/statements/19339/.'}"
Modern slavery statement 2024-1158: SAN MIGUEL YAMAMURA AUSTRALASIA PTY LTD,document,"{'content': 'SAN MIGUEL YAMAMURA AUSTRALASIA PTY LTD (ABN 49 099 994 162) filed a single modern slavery statement with the Australian Modern Slavery Register for the reporting period 2023-01-01 to 2023-12-31. The reporting entity is headquartered in Australia. The reporting entity has an annual revenue band of 250-300M. The reporting entity operates in the industry sectors: Food and beverages, agriculture and fishing. Register entry: https://modernslaveryregister.gov.au/statements/18465/.'}"
Modern slavery statement 2024-2685: EXACT CONTRACTING GROUP PTY LTD,document,"{'content': 'EXACT CONTRACTING GROUP PTY LTD (ABN 65 057 760 353) filed a single modern slavery statement with the Australian Modern Slavery Register for the reporting period 2023-07-01 to 2024-06-30. The reporting entity is headquartered in Australia. The reporting entity has an annual revenue band of 300-350M. The reporting entity operates in the industry sectors: Construction, civil engineering and building products. The statement also covers the included entities: EXACT CONTRACTING PTY LTD (24 607 096 515), EXACT CONTRACTING SERVICES PTY LTD (13 080 117 291), EXACT WATER PTY LTD (98 662 615 036). Register entry: https://modernslaveryregister.gov.au/statements/20470/.'}"
Modern slavery statement 2023-910: Idemitsu International (Asia) Pte. Ltd.,document,{'content': 'Idemitsu International (Asia) Pte. Ltd. filed a single modern slavery statement with the Australian Modern Slavery Register for the reporting period 2022-01-01 to 2022-12-31. The reporting entity is headquartered in Singapore. The reporting entity has an annual revenue band of 0-99M. The reporting entity operates in the industry sectors: Other. Register entry: https://modernslaveryregister.gov.au/statements/13443/.'}
Modern slavery statement 2023-741: Zebra Technologies Australia Pty Ltd,document,{'content': 'Zebra Technologies Australia Pty Ltd (ABN 14 153 920 462) filed a single modern slavery statement with the Australian Modern Slavery Register for the reporting period 2022-01-01 to 2022-12-31. The reporting entity is headquartered in United States of America. The reporting entity has an annual revenue band of 150-200M. The reporting entity operates in the industry sectors: Information technology and telecommunication. Register entry: https://modernslaveryregister.gov.au/statements/13157/.'}
Modern slavery statement 2025-2988: METRO TRAINS MELBOURNE PTY. LTD.,document,"{'content': 'METRO TRAINS MELBOURNE PTY. LTD. (ABN 43 136 429 948) filed a single modern slavery statement with the Australian Modern Slavery Register for the reporting period 2024-07-01 to 2025-06-30. The reporting entity is headquartered in Australia. The reporting entity has an annual revenue band of 1BN+. The reporting entity operates in the industry sectors: Transport, Postal and Warehousing. Register entry: https://modernslaveryregister.gov.au/statements/25835/.'}"
Modern slavery statement 2025-3564: DERNI PTY LTD & GENERIC PUBLICATIONS PTY LIMITED & HARVEY NORMAN HOLDINGS LTD et al.,document,"{'content': 'DERNI PTY LTD (ABN 41 002 263 872), GENERIC PUBLICATIONS PTY LIMITED (ABN 35 104 215 241), HARVEY NORMAN HOLDINGS LTD (ABN 54 003 237 545) and Yoogalu Pty Ltd filed a joint modern slavery statement with the Australian Modern Slavery Register for the reporting period 2024-07-01 to 2025-06-30. The reporting entities are headquartered in Australia. The reporting entities have an annual revenue band of 400-450M. The reporting entities operate in the industry sectors: Other Services Administrative and Support Services Retail Trade. Register entry: https://modernslaveryregister.gov.au/statements/26640/.'}"
Modern slavery statement 2023-2185: DENDROBIUM COAL PTY LTD & ENDEAVOUR COAL PTY LIMITED & GROOTE EYLANDT MINING COMPANY PROPRIETARY LIMITED et al.,document,"{'content': 'DENDROBIUM COAL PTY LTD (ABN 85 098 744 088), ENDEAVOUR COAL PTY LIMITED (ABN 38 099 830 476), GROOTE EYLANDT MINING COMPANY PROPRIETARY LIMITED (ABN 26 004 618 491), ILLAWARRA COAL HOLDINGS PTY LTD (ABN 69 093 857 286), ILLAWARRA SERVICES PROPRIETARY LIMITED (ABN 12 003 996 370), SOUTH32 ALUMINIUM (HOLDINGS) PTY LTD (ABN 58 169 411 974), SOUTH32 ALUMINIUM (RAA) PTY LTD (ABN 54 095 831 119), SOUTH32 ALUMINIUM (WORSLEY) PTY LTD (ABN 33 088 336 921), SOUTH32 AUSTRALIA INVESTMENT 3 PTY LTD (ABN 31 088 336 976), SOUTH32 (BMSA) PTY LTD (ABN 44 125 530 949), SOUTH32 CANNINGTON PROPRIETARY LIMITED (ABN 48 125 530 967), SOUTH32 CHILE COPPER HOLDINGS PTY LTD (ABN 49 654 187 667), SOUTH32 GROUP OPERATIONS PTY LTD (ABN 74 601 343 202), SOUTH32 INTERNATIONAL INVESTMENT HOLDINGS PROPRIETARY LIMITED (ABN 28 601 444 704), SOUTH32 INTERNATIONAL INVESTMENT PROPRIETARY LIMITED (ABN 46 601 452 064), SOUTH32 LIMITED (ABN 84 093 732 597) and SOUTH32 ROYALTY INVESTMENTS PTY LTD (ABN 27 601 349 562) filed a joint modern slavery statement with the Australian Modern Slavery Register for the reporting period 2022-07-01 to 2023-06-30. The reporting entities are headquartered in Australia. The reporting entities have an annual revenue band of 1BN+. The reporting entities operate in the industry sectors: Mining, metals, chemicals and resources (including oil and gas). Register entry: https://modernslaveryregister.gov.au/statements/15061/.'}"
Modern slavery statement 2022-2552: COOPER ENERGY LIMITED,document,"{'content': 'COOPER ENERGY LIMITED (ABN 93 096 170 295) filed a single modern slavery statement with the Australian Modern Slavery Register for the reporting period 2021-07-01 to 2022-06-30. The reporting entity is headquartered in Australia. The reporting entity has an annual revenue band of 200-250M. The reporting entity operates in the industry sectors: Mining, metals, chemicals and resources (including oil and gas). Register entry: https://modernslaveryregister.gov.au/statements/11385/.'}"
Modern slavery statement 2021-2086: UNIVERSITY OF SOUTH AUSTRALIA,document,{'content': 'UNIVERSITY OF SOUTH AUSTRALIA (ABN 37 191 313 308) filed a single modern slavery statement with the Australian Modern Slavery Register for the reporting period 2020-01-01 to 2020-12-31. The reporting entity is headquartered in Australia. The reporting entity has an annual revenue band of 600-700M. The reporting entity operates in the industry sectors: Education and research. Register entry: https://modernslaveryregister.gov.au/statements/4646/.'}
Modern slavery statement 2021-3143: AUSTRALIAN FINANCE GROUP LTD & AUSTRALIAN FINANCE GROUP SECURITIES PTY LTD,document,"{'content': 'AUSTRALIAN FINANCE GROUP LTD (ABN 11 066 385 822) and AUSTRALIAN FINANCE GROUP SECURITIES PTY LTD (ABN 51 099 029 428) filed a joint modern slavery statement with the Australian Modern Slavery Register for the reporting period 2020-07-01 to 2021-06-30. The reporting entities are headquartered in Australia. The reporting entities have an annual revenue band of 800-900M. The reporting entities operate in the industry sectors: Financial, insurance and real estate activities. Register entry: https://modernslaveryregister.gov.au/statements/6203/.'}"
Modern slavery statement 2026-393: COVENTRY GROUP LIMITED,document,"{'content': 'COVENTRY GROUP LIMITED (ABN 37 008 670 102) filed a single modern slavery statement with the Australian Modern Slavery Register for the reporting period 2025-01-01 to 2025-12-31. The reporting entity is headquartered in Australia. The reporting entity has an annual revenue band of 350-400M. The reporting entity operates in the industry sectors: Retail Trade Other Services Manufacturing. The statement also covers the included entities: BOLTMASTERS PTY LTD (90 010 667 400), NUBCO PROPRIETARY LIMITED (14 009 543 248), PROFAST PTY LTD (17 094 933 052). Register entry: https://modernslaveryregister.gov.au/statements/27614/.'}"
Modern slavery statement 2024-2693: API VICTORIA PTY. LTD. & AUSTRALIAN GOLD REAGENTS PTY. LTD. & AUSTRALIAN PHARMACEUTICAL INDUSTRIES PTY LTD et al.,document,"{'content': 'API VICTORIA PTY. LTD. (ABN 68 001 941 608), AUSTRALIAN GOLD REAGENTS PTY. LTD. (ABN 93 009 140 121), AUSTRALIAN PHARMACEUTICAL INDUSTRIES PTY LTD (ABN 57 000 004 320), AUSTRALIAN PHARMACEUTICAL INDUSTRIES (QUEENSLAND) PTY. LTD. (ABN 62 009 781 668), AVC HOLDINGS PTY LTD (ABN 22 099 222 456), AVC TRADING PTY LTD (ABN 65 099 189 072), BULLIVANTS PTY LIMITED (ABN 47 087 887 072), BUNNINGS GROUP LIMITED (ABN 26 008 672 179), CATCH.COM.AU PTY LTD (ABN 22 149 779 939), CATCH GROUP HOLDINGS LIMITED (ABN 89 159 074 003), CHEMICAL HOLDINGS KWINANA PTY. LTD. (ABN 34 009 187 375), COREGAS PTY LTD (ABN 32 001 255 312), CSBP LIMITED (ABN 81 008 668 371), CUMING SMITH AND COMPANY LIMITED (ABN 46 004 048 319), HOWARD SMITH LIMITED (ABN 54 004 071 845), J. BLACKWOOD & SON PTY LTD (ABN 43 000 010 300), KMART AUSTRALIA LIMITED (ABN 73 004 700 485), KMART HOLDINGS PTY LTD (ABN 57 627 042 460), MANACOL PTY LIMITED (ABN 70 114 552 251), NEW PRICE RETAIL FINANCE PTY LTD (ABN 25 107 444 315), NEW PRICE RETAIL PTY LTD (ABN 28 082 268 362), OFFICEWORKS HOLDINGS PTY LTD (ABN 51 627 042 497), OFFICEWORKS LTD (ABN 36 004 763 526), Priceline Proprietary Limited as trustee for THE PRICELINE UNIT TRUST (ABN 65 701 908 786), R.J. BEAUMONT & CO. PTY. LTD. (ABN 61 007 703 997), Synapse Finance Pty Ltd (ABN 95 107 444 299), TARGET AUSTRALIA PTY. LTD. (ABN 75 004 250 944), TARGET HOLDINGS PTY LTD (ABN 32 627 042 353), THE WORKWEAR GROUP HOLDING PTY LTD (ABN 52 154 382 386), THE WORKWEAR GROUP PTY LTD (ABN 82 004 055 387), UCONE PTY LTD (ABN 99 002 534 278), WESFARMERS BUNNINGS LIMITED (ABN 25 008 673 363), WESFARMERS CHEMICALS, ENERGY & FERTILISERS LIMITED (ABN 48 008 797 402), WESFARMERS DEPARTMENT STORES HOLDINGS PTY LTD (ABN 22 627 042 308), WESFARMERS FERTILIZERS PTY LTD (ABN 73 008 741 160), Wesfarmers Industrial and Safety Pty Ltd (ABN 15 137 253 528), WESFARMERS KLEENHEAT GAS PTY LTD (ABN 40 008 679 543), WESFARMERS LIMITED (ABN 28 008 984 049), WESFARMERS ONLINE RETAIL HOLDINGS PTY LTD (ABN 66 633 981 414), WESFARMERS RETAIL HOLDINGS PTY LTD (ABN 14 126 199 022), WESFARMERS RETAIL PTY LTD (ABN 94 097 092 085) and WFM INVESTMENTS PTY LTD (ABN 75 651 355 501) filed a joint modern slavery statement with the Australian Modern Slavery Register for the reporting period 2023-07-01 to 2024-06-30. The reporting entities are headquartered in Australia. The reporting entities have an annual revenue band of 1BN+. The reporting entities operate in the industry sectors: Mining, metals, chemicals and resources (including oil and gas) Durable consumer goods, including electronics and appliances, home furnishings and other accessories Cosmetics and toiletries Fashion, textiles, apparel and luxury goods Healthcare and pharmaceuticals. Register entry: https://modernslaveryregister.gov.au/statements/20476/.'}"
Modern slavery statement 2023-1554: STEPHEN EDWARDS CONSTRUCTIONS PTY LTD,document,"{'content': 'STEPHEN EDWARDS CONSTRUCTIONS PTY LTD (ABN 65 001 824 139) filed a single modern slavery statement with the Australian Modern Slavery Register for the reporting period 2022-07-01 to 2023-06-30. The reporting entity is headquartered in Australia. The reporting entity has an annual revenue band of 150-200M. The reporting entity operates in the industry sectors: Construction, civil engineering and building products. Register entry: https://modernslaveryregister.gov.au/statements/14242/.'}"
Modern slavery statement 2020-195: WESTCON GROUP PTY LIMITED,document,{'content': 'WESTCON GROUP PTY LIMITED (ABN 77 050 539 672) filed a single modern slavery statement with the Australian Modern Slavery Register for the reporting period 2019-03-01 to 2020-02-29. The reporting entity is headquartered in United Kingdom. The reporting entity has an annual revenue band of 350-400M. The reporting entity operates in the industry sectors: Information technology and telecommunication. Register entry: https://modernslaveryregister.gov.au/statements/574/.'}
Modern slavery statement 2021-2365: CAPRICORN COPPER HOLDINGS PTY LTD,document,"{'content': 'CAPRICORN COPPER HOLDINGS PTY LTD (ABN 60 608 241 121) filed a single modern slavery statement with the Australian Modern Slavery Register for the reporting period 2020-01-01 to 2020-12-31. The reporting entity is headquartered in Australia. The reporting entity has an annual revenue band of 150-200M. The reporting entity operates in the industry sectors: Mining, metals, chemicals and resources (including oil and gas). Register entry: https://modernslaveryregister.gov.au/statements/4995/.'}"
Modern slavery statement 2022-1716: AUSTRALIAN PARCELS GROUP PTY LTD & AUSTRALIAN PARCELS PTY LTD & IPEC PTY LTD et al.,document,"{'content': 'AUSTRALIAN PARCELS GROUP PTY LTD (ABN 21 649 001 409), AUSTRALIAN PARCELS PTY LTD (ABN 23 649 001 418), IPEC PTY LTD (ABN 15 084 157 666), STRAIT LINK AUSTRALIA HOLDINGS PTY LTD (ABN 62 649 025 963), STRAIT LINK AUSTRALIA PTY LTD (ABN 87 649 026 059), STRAIT LINK QS HOLDINGS PTY LTD (ABN 89 649 023 638), STRAIT LINK QS PTY LTD (ABN 84 649 025 614) and TASLINK LOGISTICS PTY LTD (ABN 74 138 616 645) filed a joint modern slavery statement with the Australian Modern Slavery Register for the reporting period 2021-04-01 to 2022-03-30. The reporting entities are headquartered in Australia. The reporting entities have an annual revenue band of 1BN+. The reporting entities operate in the industry sectors: Transportation, logistics, and storage. Register entry: https://modernslaveryregister.gov.au/statements/10211/.'}"
Modern slavery statement 2022-1075: ISS FACILITY SERVICES AUSTRALIA LIMITED,document,{'content': 'ISS FACILITY SERVICES AUSTRALIA LIMITED (ABN 87 001 827 041) filed a single modern slavery statement with the Australian Modern Slavery Register for the reporting period 2021-01-01 to 2021-12-31. The reporting entity is headquartered in Denmark. The reporting entity has an annual revenue band of 900M-1BN. The reporting entity operates in the industry sectors: Cleaning and security services Other. Register entry: https://modernslaveryregister.gov.au/statements/9333/.'}
Modern slavery statement 2022-176: J BORENSZTAJN & P CHESTER & K.F FRAWLEY & H.D LANZER & M.M LEIBLER & R.A PATERSON & S.L SHARP & L ZWIER,document,"{'content': 'J BORENSZTAJN & P CHESTER & K.F FRAWLEY & H.D LANZER & M.M LEIBLER & R.A PATERSON & S.L SHARP & L ZWIER (ABN 30 331 510 906) filed a single modern slavery statement with the Australian Modern Slavery Register for the reporting period 2020-07-01 to 2021-06-30. The reporting entity is headquartered in Australia. The reporting entity has an annual revenue band of 100-150M. The reporting entity operates in the industry sectors: Professional and administrative services and supplies, including legal, consulting and accounting services. Register entry: https://modernslaveryregister.gov.au/statements/7955/.'}"
Modern slavery statement 2024-3372: CLA TRADING PTY LTD,document,"{'content': 'CLA TRADING PTY LTD (ABN 81 082 220 399) filed a single modern slavery statement with the Australian Modern Slavery Register for the reporting period 2023-07-01 to 2024-06-30. The reporting entity is headquartered in Australia. The reporting entity has an annual revenue band of 250-300M. The reporting entity operates in the industry sectors: Consumer services, including accommodation, hospitality, tourism and leisure. Register entry: https://modernslaveryregister.gov.au/statements/21338/.'}"
Modern slavery statement 2025-3670: HENRY HAYMES PROPRIETARY LIMITED,document,{'content': 'HENRY HAYMES PROPRIETARY LIMITED (ABN 14 004 201 638) filed a single modern slavery statement with the Australian Modern Slavery Register for the reporting period 2024-07-01 to 2025-06-30. The reporting entity is headquartered in Australia. The reporting entity has an annual revenue band of 150-200M. The reporting entity operates in the industry sectors: Manufacturing Retail Trade. Register entry: https://modernslaveryregister.gov.au/statements/26764/.'}
Modern slavery statement 2024-3285: ICON WATER LIMITED,document,"{'content': 'ICON WATER LIMITED (ABN 86 069 381 960) filed a single modern slavery statement with the Australian Modern Slavery Register for the reporting period 2023-07-01 to 2024-06-30. The reporting entity is headquartered in Australia. The reporting entity has an annual revenue band of 450-500M. The reporting entity operates in the industry sectors: Utilities: gas, water and electricity. Register entry: https://modernslaveryregister.gov.au/statements/21232/.'}"
Modern slavery statement 2021-3622: UTILITIES OF AUSTRALIA PTY LTD,document,"{'content': 'UTILITIES OF AUSTRALIA PTY LTD (ABN 55 063 384 127) filed a single modern slavery statement with the Australian Modern Slavery Register for the reporting period 2020-07-01 to 2021-06-30. The reporting entity is headquartered in Australia. The reporting entity has an annual revenue band of Unknown. The reporting entity operates in the industry sectors: Utilities: gas, water and electricity Transportation, logistics, and storage Information technology and telecommunication Financial, insurance and real estate activities. Register entry: https://modernslaveryregister.gov.au/statements/6955/.'}"
Modern slavery statement 2022-1406: ASSET SECURITY CONCEPTS PTY LIMITED & SECOM AUSTRALIA PTY. LIMITED & Secom Technical Services Pty Ltd,document,"{'content': 'ASSET SECURITY CONCEPTS PTY LIMITED (ABN 70 113 813 595), SECOM AUSTRALIA PTY. LIMITED (ABN 91 050 293 420) and Secom Technical Services Pty Ltd (ABN 97 319 699 425) filed a joint modern slavery statement with the Australian Modern Slavery Register for the reporting period 2021-01-01 to 2021-12-31. The reporting entities are headquartered in Japan. The reporting entities have an annual revenue band of 0-99M. The reporting entities operate in the industry sectors: Cleaning and security services. Register entry: https://modernslaveryregister.gov.au/statements/9728/.'}"
Modern slavery statement 2026-373: GME PTY LTD.,document,{'content': 'GME PTY LTD. filed a single modern slavery statement with the Australian Modern Slavery Register for the reporting period 2024-07-01 to 2025-06-30. The reporting entity is headquartered in Australia. The reporting entity has an annual revenue band of 100-150M. The reporting entity operates in the industry sectors: Manufacturing. Register entry: https://modernslaveryregister.gov.au/statements/27624/.'}
Modern slavery statement 2020-196: MINOVA AUSTRALIA PTY LTD & ORICA AUSTRALIA PTY LTD & ORICA INVESTMENTS PTY LTD et al.,document,"{'content': 'MINOVA AUSTRALIA PTY LTD (ABN 78 084 965 962), ORICA AUSTRALIA PTY LTD (ABN 99 004 117 828), ORICA INVESTMENTS PTY LTD (ABN 69 009 781 257), ORICA LIMITED (ABN 24 004 145 868) and ORICA MINING SERVICES PILBARA PTY LTD (ABN 65 158 151 369) filed a joint modern slavery statement with the Australian Modern Slavery Register for the reporting period 2019-07-01 to 2020-06-30. The reporting entities are headquartered in Australia. The reporting entities have an annual revenue band of 1BN+. The reporting entities operate in the industry sectors: Mining, metals, chemicals and resources (including oil and gas). Register entry: https://modernslaveryregister.gov.au/statements/578/.'}"
Modern slavery statement 2021-450: ZENVIRON PTY LTD,document,"{'content': 'ZENVIRON PTY LTD (ABN 87 612 344 313) filed a single modern slavery statement with the Australian Modern Slavery Register for the reporting period 2019-07-01 to 2020-06-30. The reporting entity is headquartered in Australia. The reporting entity has an annual revenue band of 150-200M. The reporting entity operates in the industry sectors: Construction, civil engineering and building products. Register entry: https://modernslaveryregister.gov.au/statements/1905/.'}"
Modern slavery statement 2023-2910: PRICEWATERHOUSECOOPERS & PRICEWATERHOUSECOOPERS ASEANZ CONSULTING PTY LIMITED & PRICEWATERHOUSECOOPERS SECURITIES LTD et al.,document,"{'content': 'PRICEWATERHOUSECOOPERS (ABN 52 780 433 757), PRICEWATERHOUSECOOPERS ASEANZ CONSULTING PTY LIMITED (ABN 77 606 603 436), PRICEWATERHOUSECOOPERS SECURITIES LTD (ABN 54 003 311 617), SCYNE ADVISORY PTY LTD (ABN 20 607 773 295) and The Trustee for THE PRICEWATERHOUSECOOPERS SERVICES TRUST (ABN 52 864 604 756) filed a joint modern slavery statement with the Australian Modern Slavery Register for the reporting period 2022-07-01 to 2023-06-30. The reporting entities are headquartered in Australia. The reporting entities have an annual revenue band of 1BN+. The reporting entities operate in the industry sectors: Professional and administrative services and supplies, including legal, consulting and accounting services. Register entry: https://modernslaveryregister.gov.au/statements/14116/.'}"
Modern slavery statement 2022-2815: Sky Network Television Limited,document,"{'content': 'Sky Network Television Limited (ABN 70 653 143 224) filed a single modern slavery statement with the Australian Modern Slavery Register for the reporting period 2021-07-01 to 2022-06-30. The reporting entity is headquartered in New Zealand. The reporting entity has an annual revenue band of 600-700M. The reporting entity operates in the industry sectors: Media, publishing, arts and entertainment. Register entry: https://modernslaveryregister.gov.au/statements/11709/.'}"
Modern slavery statement 2021-3804: Ballestrin Construction Services Pty Ltd & INTRACT AUSTRALIA PTY LIMITED & MCMAHON SERVICES AUSTRALIA PTY LTD,document,"{'content': 'Ballestrin Construction Services Pty Ltd (ABN 97 114 575 932), INTRACT AUSTRALIA PTY LIMITED (ABN 32 164 014 368) and MCMAHON SERVICES AUSTRALIA PTY LTD (ABN 75 097 072 565) filed a joint modern slavery statement with the Australian Modern Slavery Register for the reporting period 2020-07-01 to 2021-06-30. The reporting entities are headquartered in Australia. The reporting entities have an annual revenue band of 450-500M. The reporting entities operate in the industry sectors: Construction, civil engineering and building products. Register entry: https://modernslaveryregister.gov.au/statements/7153/.'}"
Modern slavery statement 2021-562: SERVCORP LIMITED,document,{'content': 'SERVCORP LIMITED (ABN 97 089 222 506) filed a single modern slavery statement with the Australian Modern Slavery Register for the reporting period 2020-01-01 to 2020-12-31. The reporting entity is headquartered in Australia. The reporting entity has an annual revenue band of 350-400M. The reporting entity operates in the industry sectors: Other. Register entry: https://modernslaveryregister.gov.au/statements/2109/.'}
Modern slavery statement 2022-1323: FMC AUSTRALASIA PTY LTD,document,"{'content': 'FMC AUSTRALASIA PTY LTD (ABN 45 095 326 891) filed a single modern slavery statement with the Australian Modern Slavery Register for the reporting period 2021-01-01 to 2021-12-31. The reporting entity is headquartered in Australia. The reporting entity has an annual revenue band of 200-250M. The reporting entity operates in the industry sectors: Mining, metals, chemicals and resources (including oil and gas). Register entry: https://modernslaveryregister.gov.au/statements/9274/.'}"
Modern slavery statement 2024-1115: China Construction Bank Corporation,document,"{'content': 'China Construction Bank Corporation (ABN 24 125 167 553) filed a single modern slavery statement with the Australian Modern Slavery Register for the reporting period 2023-01-01 to 2023-12-31. The reporting entity is headquartered in China. The reporting entity has an annual revenue band of 100-150M. The reporting entity operates in the industry sectors: Financial, insurance and real estate activities. Register entry: https://modernslaveryregister.gov.au/statements/18408/.'}"
Modern slavery statement 2023-2027: Strandbags Holdings Pty Ltd,document,"{'content': 'Strandbags Holdings Pty Ltd (ABN 99 128 842 482) filed a single modern slavery statement with the Australian Modern Slavery Register for the reporting period 2022-03-01 to 2023-02-28. The reporting entity is headquartered in Australia. The reporting entity has an annual revenue band of 400-450M. The reporting entity operates in the industry sectors: Durable consumer goods, including electronics and appliances, home furnishings and other accessories. Register entry: https://modernslaveryregister.gov.au/statements/14922/.'}"
Modern slavery statement 2025-3563: THE EAST HWL PRACTICE TRUST & THE WARAT HWL PRACTICE TRUST & THE MARIN HWL PRACTICE TRUST & OTHERS,document,"{'content': 'THE EAST HWL PRACTICE TRUST & THE WARAT HWL PRACTICE TRUST & THE MARIN HWL PRACTICE TRUST & OTHERS (ABN 37 246 549 189) filed a single modern slavery statement with the Australian Modern Slavery Register for the reporting period 2024-07-01 to 2025-06-30. The reporting entity is headquartered in Australia. The reporting entity has an annual revenue band of 450-500M. The reporting entity operates in the industry sectors: Professional, Scientific and Technical Services. The statement also covers the included entities: HWL EBSWORTH LEASING PTY. LTD., HWL EBSWORTH PTY. LTD., HWLE CONSULTING PTY LTD, HWLE Finance Pty Ltd. Register entry: https://modernslaveryregister.gov.au/statements/26631/.'}"
Modern slavery statement 2023-3426: ITC INFOTECH INDIA LIMITED,document,{'content': 'ITC INFOTECH INDIA LIMITED filed a single modern slavery statement with the Australian Modern Slavery Register for the reporting period 2020-01-01 to 2020-12-31. The reporting entity is headquartered in India. The reporting entity has an annual revenue band of 250-300M. The reporting entity operates in the industry sectors: Information technology and telecommunication. Register entry: https://modernslaveryregister.gov.au/statements/15633/.'}
Modern slavery statement 2024-1334: South Australian Health and Medical Research Institute Limited,document,"{'content': 'South Australian Health and Medical Research Institute Limited (ABN 54 141 228 346) filed a single modern slavery statement with the Australian Modern Slavery Register for the reporting period 2023-01-01 to 2023-12-31. The reporting entity is headquartered in Australia. The reporting entity has an annual revenue band of 100-150M. The reporting entity operates in the industry sectors: Charitable / not-for-profit activities. The statement also covers the included entities: AUSTRALIAN BRAGG CENTRE FOR PROTON THERAPY AND RESEARCH LIMITED (12 639 942 804), BE WELL CO. PTY LTD (85 640 506 896), SAHMRI FOUNDATION LIMITED (70 609 329 508), SAHMRI INVESTMENTS PTY LTD (49 164 339 271). Register entry: https://modernslaveryregister.gov.au/statements/18229/.'}"
Modern slavery statement 2024-1278: ALLIANCEBERNSTEIN INVESTMENT MANAGEMENT AUSTRALIA LIMITED & THE TRUSTEE FOR AB CONCENTRATED AUSTRALIAN EQUITIES FUND & THE TRUSTEE FOR AB GLOBAL RESEARCH INSIGHTS FUND et al.,document,"{'content': 'ALLIANCEBERNSTEIN INVESTMENT MANAGEMENT AUSTRALIA LIMITED (ABN 58 007 212 606), THE TRUSTEE FOR AB CONCENTRATED AUSTRALIAN EQUITIES FUND (ABN 56 985 400 398), THE TRUSTEE FOR AB GLOBAL RESEARCH INSIGHTS FUND (ABN 86 142 870 727), The Trustee for AB Sustainable Global Thematic Equities Fund (ABN 29 624 639 410), The Trustee for AllianceBernstein Dynamic Global Fixed Income Fund (ABN 37 358 774 355), The Trustee for alliancebernstein global equities fund (ABN 82 077 556 575) and The Trustee for AllianceBernstein Managed Volatility Equities Fund (ABN 89 434 615 493) filed a joint modern slavery statement with the Australian Modern Slavery Register for the reporting period 2023-01-01 to 2023-12-31. The reporting entities are headquartered in Australia. The reporting entities have an annual revenue band of 0-99M. The reporting entities operate in the industry sectors: Financial, insurance and real estate activities. Register entry: https://modernslaveryregister.gov.au/statements/18552/.'}"
Modern slavery statement 2022-1030: MURDOCH UNIVERSITY,document,{'content': 'MURDOCH UNIVERSITY (ABN 61 616 369 313) filed a single modern slavery statement with the Australian Modern Slavery Register for the reporting period 2021-01-01 to 2021-12-31. The reporting entity is headquartered in Australia. The reporting entity has an annual revenue band of 100-150M. The reporting entity operates in the industry sectors: Education and research. Register entry: https://modernslaveryregister.gov.au/statements/9270/.'}
Modern slavery statement 2021-1952: MORGAN STANLEY WEALTH MANAGEMENT AUSTRALIA PTY LTD,document,"{'content': 'MORGAN STANLEY WEALTH MANAGEMENT AUSTRALIA PTY LTD (ABN 19 009 145 555) filed a single modern slavery statement with the Australian Modern Slavery Register for the reporting period 2020-01-01 to 2020-12-31. The reporting entity is headquartered in United States of America. The reporting entity has an annual revenue band of 100-150M. The reporting entity operates in the industry sectors: Financial, insurance and real estate activities. Register entry: https://modernslaveryregister.gov.au/statements/4127/.'}"
Modern slavery statement 2023-360: DARLOT MINING COMPANY PTY LTD & GREENSTONE RESOURCES (WA) PTY LTD & RED 5 LIMITED,document,"{'content': 'DARLOT MINING COMPANY PTY LTD (ABN 78 165 235 245), GREENSTONE RESOURCES (WA) PTY LTD (ABN 58 100 341 599) and RED 5 LIMITED (ABN 73 068 647 610) filed a joint modern slavery statement with the Australian Modern Slavery Register for the reporting period 2021-07-01 to 2022-06-30. The reporting entities are headquartered in Australia. The reporting entities have an annual revenue band of 250-300M. The reporting entities operate in the industry sectors: Mining, metals, chemicals and resources (including oil and gas). Register entry: https://modernslaveryregister.gov.au/statements/12362/.'}"
Modern slavery statement 2022-1880: WESLEY MISSION QUEENSLAND,document,{'content': 'WESLEY MISSION QUEENSLAND (ABN 28 746 881 862) filed a single modern slavery statement with the Australian Modern Slavery Register for the reporting period 2021-07-01 to 2022-06-30. The reporting entity is headquartered in Australia. The reporting entity has an annual revenue band of 200-250M. The reporting entity operates in the industry sectors: Healthcare and pharmaceuticals Charitable / not-for-profit activities. Register entry: https://modernslaveryregister.gov.au/statements/10447/.'}
Modern slavery statement 2021-2129: CONOCOPHILLIPS AUSTRALIA INVESTMENTS PTY LTD,document,"{'content': 'CONOCOPHILLIPS AUSTRALIA INVESTMENTS PTY LTD (ABN 45 636 736 199) filed a single modern slavery statement with the Australian Modern Slavery Register for the reporting period 2020-01-01 to 2020-12-31. The reporting entity is headquartered in Australia. The reporting entity has an annual revenue band of 100-150M. The reporting entity operates in the industry sectors: Mining, metals, chemicals and resources (including oil and gas). Register entry: https://modernslaveryregister.gov.au/statements/4716/.'}"
Modern slavery statement 2023-1807: GOLDCORP AUSTRALIA,document,"{'content': 'GOLDCORP AUSTRALIA (ABN 49 230 812 547) filed a single modern slavery statement with the Australian Modern Slavery Register for the reporting period 2021-07-01 to 2022-06-30. The reporting entity is headquartered in Australia. The reporting entity has an annual revenue band of 1BN+. The reporting entity operates in the industry sectors: Mining, metals, chemicals and resources (including oil and gas) Consumer services, including accommodation, hospitality, tourism and leisure. Register entry: https://modernslaveryregister.gov.au/statements/14637/.'}"
Modern slavery statement 2024-2304: VGI PARTNERS GLOBAL INVESTMENTS LIMITED,document,"{'content': 'VGI PARTNERS GLOBAL INVESTMENTS LIMITED filed a single modern slavery statement with the Australian Modern Slavery Register for the reporting period 2023-07-01 to 2024-06-30. The reporting entity is headquartered in Australia. The reporting entity has an annual revenue band of 100-150M. The reporting entity operates in the industry sectors: Financial, insurance and real estate activities. Register entry: https://modernslaveryregister.gov.au/statements/19937/.'}"
Modern slavery statement 2021-4199: SILVER LAKE (DEFLECTOR) PTY LTD & Silver Lake Resources Limited,document,"{'content': 'SILVER LAKE (DEFLECTOR) PTY LTD (ABN 72 101 224 999) and Silver Lake Resources Limited (ABN 38 108 779 782) filed a joint modern slavery statement with the Australian Modern Slavery Register for the reporting period 2021-01-01 to 2021-12-31. The reporting entities are headquartered in Australia. The reporting entities have an annual revenue band of 700-800M. The reporting entities operate in the industry sectors: Mining, metals, chemicals and resources (including oil and gas). Register entry: https://modernslaveryregister.gov.au/statements/7664/.'}"
Modern slavery statement 2022-1025: Teradata Australia Pty Ltd,document,{'content': 'Teradata Australia Pty Ltd (ABN 77 125 071 374) filed a single modern slavery statement with the Australian Modern Slavery Register for the reporting period 2021-01-01 to 2021-12-31. The reporting entity is headquartered in Australia. The reporting entity has an annual revenue band of 100-150M. The reporting entity operates in the industry sectors: Information technology and telecommunication. Register entry: https://modernslaveryregister.gov.au/statements/9259/.'}
"Modern slavery statement 2022-2803: USINCH1 PTY LIMITED, USINCH PTY LIMITED",document,"{'content': 'USINCH1 PTY LIMITED, USINCH PTY LIMITED (ABN 24 060 571 673) filed a joint modern slavery statement with the Australian Modern Slavery Register for the reporting period 2021-07-01 to 2022-06-30. The reporting entity is headquartered in Australia. The reporting entity has an annual revenue band of 800-900M. The reporting entity operates in the industry sectors: Food and beverages, agriculture and fishing. Register entry: https://modernslaveryregister.gov.au/statements/11702/.'}"
Modern slavery statement 2025-3338: COMMON FUND NO.5 (EQT GROWTH FUND) & EQT HOLDINGS LIMITED & EQT SERVICES PTY LTD et al.,document,"{'content': ""COMMON FUND NO.5 (EQT GROWTH FUND) (ABN 80 981 422 715), EQT HOLDINGS LIMITED (ABN 22 607 797 615), EQT SERVICES PTY LTD (ABN 93 611 941 845), The Trustee for AMG SUPER (ABN 30 099 320 583), THE TRUSTEE FOR AXA IM SUSTAINABLE EQUITY FUND (ABN 78 966 569 897), The Trustee for Centric Super Fund (ABN 91 593 544 166), The Trustee for COMMON FUND NO.9 (EQT TAX AWARE AUSTRALIAN EQUITY FUND) (ABN 79 035 323 626), The Trustee for Coolabah Active Sovereign Bond Fund (ABN 89 436 154 574), The Trustee for Coolabah Floating-Rate High Yield Fund (ABN 87 497 470 545), THE TRUSTEE FOR GUILD RETIREMENT FUND (ABN 22 599 554 834), The trustee for HUB24 SUPER FUND (ABN 60 910 190 523), The Trustee for Lakehouse Global Growth Fund (ABN 81 325 878 843), THE TRUSTEE FOR LOFTUS PEAK GLOBAL DISRUPTION FUND (ABN 89 567 220 815), The Trustee for Metrics Direct Income Fund (ABN 46 774 802 071), THE TRUSTEE FOR MFS GLOBAL EQUITY TRUST (ABN 70 132 291 607), The Trustee for Nanuk New World Fund (ABN 41 215 979 014), The Trustee for NATIONAL MUTUAL RETIREMENT FUND (ABN 76 746 741 299), THE TRUSTEE FOR PARTNERS GROUP GLOBAL VALUE FUND (ABN 99 619 681 363), The Trustee for PERPETUAL'S SELECT SUPERANNUATION FUND (ABN 51 068 260 563), The Trustee for Perpetual Super Wrap (ABN 22 897 174 641), The Trustee for PERPETUAL WEALTHFOCUS SUPERANNUATION FUND (ABN 41 772 007 500), THE TRUSTEE FOR SMARTER MONEY LONG - SHORT CREDIT FUND (ABN 99 413 620 478), THE TRUSTEE FOR SMART FUTURE TRUST (ABN 68 964 712 340), THE TRUSTEE FOR SUPER RETIREMENT FUND (ABN 40 328 908 469), The Trustee for Super Simplifier (ABN 36 526 795 205), The Trustee for Talaria Global Equity Fund (ABN 78 699 566 374) and The Trustee for T.ROWE PRICE GLOBAL EQUITY FUND (ABN 80 751 391 290) filed a joint modern slavery statement with the Australian Modern Slavery Register for the reporting period 2024-07-01 to 2025-06-30. The reporting entities are headquartered in Australia. The reporting entities have an annual revenue band of 150-200M. The reporting entities operate in the industry sectors: Financial and Insurance Services. The statement also covers the included entities: AUSTRALIAN EXECUTOR TRUSTEES LIMITED (84 007 869 794), EQT RESPONSIBLE ENTITY SERVICES LTD (94 101 103 011), EQUITY TRUSTEES LIMITED (46 004 031 298), EQUITY TRUSTEES SUPERANNUATION LIMITED (50 055 641 757), EQUITY TRUSTEES WEALTH SERVICES LIMITED (33 006 132 332), HTFS NOMINEES PTY LTD (78 000 880 553). Register entry: https://modernslaveryregister.gov.au/statements/26357/.""}"
Modern slavery statement 2026-138: VENTURA MOTORS PROPRIETARY LIMITED,document,"{'content': 'VENTURA MOTORS PROPRIETARY LIMITED filed a single modern slavery statement with the Australian Modern Slavery Register for the reporting period 2023-07-01 to 2024-06-30. The reporting entity is headquartered in Australia. The reporting entity has an annual revenue band of 300-350M. The reporting entity operates in the industry sectors: Transport, Postal and Warehousing. Register entry: https://modernslaveryregister.gov.au/statements/27239/.'}"
Modern slavery statement 2025-3650: SANWA PTY LTD,document,{'content': 'SANWA PTY LTD (ABN 96 000 904 987) filed a single modern slavery statement with the Australian Modern Slavery Register for the reporting period 2024-07-01 to 2025-06-30. The reporting entity is headquartered in Australia. The reporting entity has an annual revenue band of 450-500M. The reporting entity operates in the industry sectors: Wholesale Trade Construction. Register entry: https://modernslaveryregister.gov.au/statements/26741/.'}
Modern slavery statement 2023-11: WEST AUSTRALIAN FOOTBALL COMMISSION INC,document,{'content': 'WEST AUSTRALIAN FOOTBALL COMMISSION INC (ABN 51 167 923 136) filed a single modern slavery statement with the Australian Modern Slavery Register for the reporting period 2020-11-01 to 2021-10-31. The reporting entity is headquartered in Australia. The reporting entity has an annual revenue band of 100-150M. The reporting entity operates in the industry sectors: Charitable / not-for-profit activities. Register entry: https://modernslaveryregister.gov.au/statements/12080/.'}
Modern slavery statement 2024-1046: DALRYMPLE BAY INFRASTRUCTURE LIMITED,document,"{'content': 'DALRYMPLE BAY INFRASTRUCTURE LIMITED (ABN 76 643 302 032) filed a single modern slavery statement with the Australian Modern Slavery Register for the reporting period 2023-01-01 to 2023-12-31. The reporting entity is headquartered in Australia. The reporting entity has an annual revenue band of 600-700M. The reporting entity operates in the industry sectors: Mining, metals, chemicals and resources (including oil and gas). The statement also covers the included entities: DALRYMPLE BAY INFRASTRUCTURE MANAGEMENT PTY LTD (16 097 698 916). Register entry: https://modernslaveryregister.gov.au/statements/18308/.'}"
Modern slavery statement 2023-545: ASSETLINK SERVICES PTY LIMITED,document,"{'content': 'ASSETLINK SERVICES PTY LIMITED (ABN 89 061 914 556) filed a single modern slavery statement with the Australian Modern Slavery Register for the reporting period 2021-07-01 to 2022-06-30. The reporting entity is headquartered in Australia. The reporting entity has an annual revenue band of 200-250M. The reporting entity operates in the industry sectors: Construction, civil engineering and building products Consumer services, including accommodation, hospitality, tourism and leisure Information technology and telecommunication Cleaning and security services. Register entry: https://modernslaveryregister.gov.au/statements/12892/.'}"
Modern slavery statement 2022-731: ACM Autos Pty Ltd & ACM Liverpool Pty Ltd & ADTRANS AUTOMOTIVE GROUP PTY LTD et al.,document,"{'content': 'ACM Autos Pty Ltd (ABN 66 121 604 082), ACM Liverpool Pty Ltd (ABN 60 121 604 055), ADTRANS AUTOMOTIVE GROUP PTY LTD (ABN 83 007 866 917), AHG NEWCASTLE PTY LTD (ABN 21 600 832 755), AHG WA (2015) PTY LTD (ABN 67 603 598 750), A.P. FORD PTY. LTD. (ABN 43 010 602 383), A.P. MOTORS (NO.3) PTY. LTD. (ABN 99 010 585 252), AUSTRAL PTY LTD (ABN 89 009 662 202), BASW PTY LTD (ABN 63 601 452 199), BILL BUCKLE AUTOS PTY LTD (ABN 75 000 388 054), CARDIFF CAR CITY PTY LIMITED (ABN 43 062 072 299), CFD (2012) Pty Ltd (ABN 84 158 508 233), CITY AUTO (2016) PTY LTD (ABN 96 611 928 968), EASY AUTO 123 PTY LTD (ABN 29 148 136 314), ESSENDON AUTO (2017) PTY LTD (ABN 29 616 989 596), FALCONET PTY. LTD. (ABN 65 008 936 409), Highland Autos Pty Ltd (ABN 13 121 604 297), MB VIC PTY LTD (ABN 12 608 791 877), MOTORS TAS PTY LTD (ABN 69 608 791 680), PERTH AUTO ALLIANCE PTY LTD (ABN 93 089 353 346), PT (2013) PTY LTD (ABN 85 162 030 015), Shemapel 2005 Pty Ltd (ABN 50 112 854 412), SOUTHEAST AUTOMOTIVE GROUP PTY LTD (ABN 69 103 071 290), The Trustee for MOUNTS BAY UNIT TRUST (ABN 68 758 597 671), The Trustee for Osborne Park Unit Trust (ABN 57 065 956 507), The trustee for SWGT UNIT TRUST (ABN 45 237 703 739), WS MOTORS PTY LTD (ABN 99 608 791 804) and ZUPPS ASPLEY PTY. LTD. (ABN 65 009 900 298) filed a joint modern slavery statement with the Australian Modern Slavery Register for the reporting period 2021-01-01 to 2021-12-31. The reporting entities are headquartered in Australia. The reporting entities have an annual revenue band of 1BN+. The reporting entities operate in the industry sectors: Automotive, machinery and heavy electrical equipment. Register entry: https://modernslaveryregister.gov.au/statements/8828/.'}"
Modern slavery statement 2021-1279: TEMPLE & WEBSTER GROUP LTD,document,"{'content': 'TEMPLE & WEBSTER GROUP LTD (ABN 69 608 595 660) filed a single modern slavery statement with the Australian Modern Slavery Register for the reporting period 2019-07-01 to 2020-06-30. The reporting entity is headquartered in Australia. The reporting entity has an annual revenue band of 150-200M. The reporting entity operates in the industry sectors: Durable consumer goods, including electronics and appliances, home furnishings and other accessories. Register entry: https://modernslaveryregister.gov.au/statements/3179/.'}"
"Modern slavery statement 2024-1242: CREDIT SUISSE AG & CREDIT SUISSE HOLDINGS (AUSTRALIA) LIMITED, CREDIT SUISSE MANAGEMENT (AUSTRALIA) PTY LIMITED, UBS AG & UBS ASSET MANAGEMENT (AUSTRALIA) LTD et al.",document,"{'content': 'CREDIT SUISSE AG (ABN 17 061 700 712), CREDIT SUISSE HOLDINGS (AUSTRALIA) LIMITED, CREDIT SUISSE MANAGEMENT (AUSTRALIA) PTY LIMITED, UBS AG (ABN 47 088 129 613), UBS ASSET MANAGEMENT (AUSTRALIA) LTD (ABN 31 003 146 290), UBS HOLDINGS PTY LTD (ABN 50 050 101 249), UBS OPTIMUS FOUNDATION AUSTRALIA INTERNATIONAL LTD (ABN 52 669 614 957), UBS OPTIMUS FOUNDATION TRUSTEE PTY LTD (ABN 49 117 649 251) and UBS SECURITIES AUSTRALIA LTD (ABN 62 008 586 481) filed a joint modern slavery statement with the Australian Modern Slavery Register for the reporting period 2023-01-01 to 2023-12-31. The reporting entities are headquartered in Switzerland. The reporting entities have an annual revenue band of 1BN+. The reporting entities operate in the industry sectors: Financial, insurance and real estate activities Charitable / not-for-profit activities. Register entry: https://modernslaveryregister.gov.au/statements/18009/.'}"
Modern slavery statement 2021-710: MPA HOLDINGS (AUST.) PTY LIMITED,document,"{'content': 'MPA HOLDINGS (AUST.) PTY LIMITED (ABN 20 609 473 421) filed a single modern slavery statement with the Australian Modern Slavery Register for the reporting period 2019-07-01 to 2020-06-30. The reporting entity is headquartered in Australia. The reporting entity has an annual revenue band of 250-300M. The reporting entity operates in the industry sectors: Construction, civil engineering and building products. Register entry: https://modernslaveryregister.gov.au/statements/2374/.'}"
Modern slavery statement 2023-3345: WEST GIPPSLAND HEALTHCARE GROUP,document,{'content': 'WEST GIPPSLAND HEALTHCARE GROUP (ABN 39 261 883 406) filed a single modern slavery statement with the Australian Modern Slavery Register for the reporting period 2022-07-01 to 2023-06-30. The reporting entity is headquartered in Australia. The reporting entity has an annual revenue band of 150-200M. The reporting entity operates in the industry sectors: Healthcare and pharmaceuticals. Register entry: https://modernslaveryregister.gov.au/statements/16639/.'}
Modern slavery statement 2024-2352: PRIMAPLAS PTY. LIMITED,document,{'content': 'PRIMAPLAS PTY. LIMITED (ABN 94 003 720 474) filed a single modern slavery statement with the Australian Modern Slavery Register for the reporting period 2023-07-01 to 2024-06-30. The reporting entity is headquartered in Australia. The reporting entity has an annual revenue band of 250-300M. The reporting entity operates in the industry sectors: Other. Register entry: https://modernslaveryregister.gov.au/statements/19997/.'}
Modern slavery statement 2021-2820: Turners Automotive Group Limited,document,"{'content': 'Turners Automotive Group Limited filed a single modern slavery statement with the Australian Modern Slavery Register for the reporting period 2020-07-01 to 2021-06-30. The reporting entity is headquartered in New Zealand. The reporting entity has an annual revenue band of 250-300M. The reporting entity operates in the industry sectors: Financial, insurance and real estate activities Other. Register entry: https://modernslaveryregister.gov.au/statements/5692/.'}"
Modern slavery statement 2021-2792: HEP AUSTRALIA HOLDINGS PTY LTD,document,"{'content': 'HEP AUSTRALIA HOLDINGS PTY LTD (ABN 22 129 428 155) filed a joint modern slavery statement with the Australian Modern Slavery Register for the reporting period 2020-04-01 to 2021-03-30. The reporting entity is headquartered in Australia. The reporting entity has an annual revenue band of 150-200M. The reporting entity operates in the industry sectors: Mining, metals, chemicals and resources (including oil and gas). Register entry: https://modernslaveryregister.gov.au/statements/5642/.'}"
Modern slavery statement 2021-812: GOURMET FOOD FINANCE PTY LTD & Gourmet Food Holdings Pty Ltd & GOURMET FOOD OPERATIONS PTY LTD et al.,document,"{'content': 'GOURMET FOOD FINANCE PTY LTD (ABN 30 626 971 971), Gourmet Food Holdings Pty Ltd (ABN 20 626 971 962), GOURMET FOOD OPERATIONS PTY LTD (ABN 32 626 971 980) and MaxFoods Pty Ltd (ABN 53 137 612 081) filed a joint modern slavery statement with the Australian Modern Slavery Register for the reporting period 2020-01-01 to 2020-12-31. The reporting entities are headquartered in Australia. The reporting entities have an annual revenue band of 500-600M. The reporting entities operate in the industry sectors: Food and beverages, agriculture and fishing. Register entry: https://modernslaveryregister.gov.au/statements/2562/.'}"
Modern slavery statement 2025-1520: ABERGELDIE HOLDINGS PTY LIMITED,document,"{'content': 'ABERGELDIE HOLDINGS PTY LIMITED (ABN 76 126 110 594) filed a single modern slavery statement with the Australian Modern Slavery Register for the reporting period 2024-01-01 to 2024-12-31. The reporting entity is headquartered in Australia. The reporting entity has an annual revenue band of 600-700M. The reporting entity operates in the industry sectors: Construction, civil engineering and building products. The statement also covers the included entities: ABERGELDIE COMPLEX INFRASTRUCTURE PTY LTD (47 131 697 946), ABERGELDIE CONSTRUCTIONS PTY LIMITED (60 090 805 959), ABERGELDIE CONTRACTORS PTY LIMITED (47 004 533 519), ABERGELDIE ENERGY PTY LTD (29 635 707 363), ABERGELDIE PERSONNEL PTY LTD (34 128 796 047), ABERGELDIE PIPELINE RENEWALS PTY LTD (90 601 658 066), ABERGELDIE PLANT PTY LTD (38 128 796 001), ABERGELDIE RAIL PTY LTD (47 130 586 551), ABERGELDIE STRUCTURAL FABRICATIONS PTY LTD (44 136 489 088), ABERGELDIE UNDERGROUND PTY LTD (56 126 137 693). Register entry: https://modernslaveryregister.gov.au/statements/23787/.'}"
Modern slavery statement 2021-1361: SPECSAVERS PTY. LTD.,document,{'content': 'SPECSAVERS PTY. LTD. (ABN 82 097 147 932) filed a single modern slavery statement with the Australian Modern Slavery Register for the reporting period 2019-03-01 to 2020-02-29. The reporting entity is headquartered in Australia. The reporting entity has an annual revenue band of 1BN+. The reporting entity operates in the industry sectors: Healthcare and pharmaceuticals Other. Register entry: https://modernslaveryregister.gov.au/statements/3285/.'}
Modern slavery statement 2023-2897: Lynch Group Holdings Limited,document,"{'content': 'Lynch Group Holdings Limited (ABN 35 608 542 219) filed a single modern slavery statement with the Australian Modern Slavery Register for the reporting period 2022-07-01 to 2023-06-30. The reporting entity is headquartered in Australia. The reporting entity has an annual revenue band of 350-400M. The reporting entity operates in the industry sectors: Food and beverages, agriculture and fishing. Register entry: https://modernslaveryregister.gov.au/statements/16124/.'}"
Modern slavery statement 2025-3779: VINARCHY AUSTRALIA LIMITED,document,"{'content': 'VINARCHY AUSTRALIA LIMITED filed a single modern slavery statement with the Australian Modern Slavery Register for the reporting period 2024-07-01 to 2025-06-30. The reporting entity is headquartered in Australia. The reporting entity has an annual revenue band of 450-500M. The reporting entity operates in the industry sectors: Agriculture, Forestry and Fishing. Register entry: https://modernslaveryregister.gov.au/statements/26326/.'}"
Modern slavery statement 2025-2422: RUGBY FARMING GROUP PTY LTD & Rugby Farm Pty Ltd & RUGBY MARKETING PTY LTD,document,"{'content': 'RUGBY FARMING GROUP PTY LTD (ABN 79 135 426 434), Rugby Farm Pty Ltd (ABN 29 114 643 613) and RUGBY MARKETING PTY LTD (ABN 51 114 745 836) filed a joint modern slavery statement with the Australian Modern Slavery Register for the reporting period 2024-07-01 to 2025-06-30. The reporting entities are headquartered in Australia. The reporting entities have an annual revenue band of 150-200M. The reporting entities operate in the industry sectors: Agriculture, Forestry and Fishing. The statement also covers the included entities: RUGBY EMPLOYMENT PTY LTD (32 096 900 604), Rugby Equipment Pty Ltd (31 114 643 622), RUGBY REGIONAL EMPLOYMENT PTY LTD (19 641 632 457), RUGBY TRANSPORT EQUIPMENT PTY LTD (24 118 963 849), RUGBY TRANSPORT PTY LTD (34 118 963 830). Register entry: https://modernslaveryregister.gov.au/statements/25059/.'}"
Modern slavery statement 2024-3049: AURORA ENERGY PTY LTD,document,"{'content': 'AURORA ENERGY PTY LTD (ABN 85 082 464 622) filed a single modern slavery statement with the Australian Modern Slavery Register for the reporting period 2023-07-01 to 2024-06-30. The reporting entity is headquartered in Australia. The reporting entity has an annual revenue band of 900M-1BN. The reporting entity operates in the industry sectors: Utilities: gas, water and electricity. Register entry: https://modernslaveryregister.gov.au/statements/20946/.'}"
"Modern slavery statement 2025-3071: Chorus Limited, Chorus New Zealand Limited",document,"{'content': 'Chorus Limited, Chorus New Zealand Limited filed a joint modern slavery statement with the Australian Modern Slavery Register for the reporting period 2024-07-01 to 2025-06-30. The reporting entity is headquartered in New Zealand. The reporting entity has an annual revenue band of 1BN+. The reporting entity operates in the industry sectors: Information Media and Telecommunications. Register entry: https://modernslaveryregister.gov.au/statements/25993/.'}"
Modern slavery statement 2024-2181: AWH PTY LTD,document,"{'content': 'AWH PTY LTD (ABN 81 069 066 842) filed a single modern slavery statement with the Australian Modern Slavery Register for the reporting period 2023-07-01 to 2024-06-30. The reporting entity is headquartered in Australia. The reporting entity has an annual revenue band of 100-150M. The reporting entity operates in the industry sectors: Transportation, logistics, and storage. The statement also covers the included entities: IWD PTY. LTD. (99 064 681 572). Register entry: https://modernslaveryregister.gov.au/statements/19766/.'}"
Modern slavery statement 2022-1397: CONTAINER EXCHANGE (QLD) LIMITED,document,{'content': 'CONTAINER EXCHANGE (QLD) LIMITED (ABN 90 622 570 209) filed a single modern slavery statement with the Australian Modern Slavery Register for the reporting period 2021-01-01 to 2021-12-31. The reporting entity is headquartered in Australia. The reporting entity has an annual revenue band of 400-450M. The reporting entity operates in the industry sectors: Waste management and recycling. Register entry: https://modernslaveryregister.gov.au/statements/9706/.'}
Modern slavery statement 2022-2510: QUEENSLAND TEACHERS' UNION HEALTH FUND LIMITED,document,"{'content': ""QUEENSLAND TEACHERS' UNION HEALTH FUND LIMITED (ABN 38 085 150 376) filed a single modern slavery statement with the Australian Modern Slavery Register for the reporting period 2021-07-01 to 2022-06-30. The reporting entity is headquartered in Australia. The reporting entity has an annual revenue band of 150-200M. The reporting entity operates in the industry sectors: Financial, insurance and real estate activities Healthcare and pharmaceuticals. Register entry: https://modernslaveryregister.gov.au/statements/11335/.""}"
Modern slavery statement 2021-2729: COLES GROUP LIMITED,document,"{'content': 'COLES GROUP LIMITED (ABN 11 004 089 936) filed a joint modern slavery statement with the Australian Modern Slavery Register for the reporting period 2020-07-01 to 2021-06-30. The reporting entity is headquartered in Australia. The reporting entity has an annual revenue band of 1BN+. The reporting entity operates in the industry sectors: Food and beverages, agriculture and fishing. Register entry: https://modernslaveryregister.gov.au/statements/5505/.'}"
Modern slavery statement 2022-2055: Queensland Bulk Water Supply authority,document,{'content': 'Queensland Bulk Water Supply authority (ABN 75 450 239 876) filed a single modern slavery statement with the Australian Modern Slavery Register for the reporting period 2021-07-01 to 2022-06-30. The reporting entity is headquartered in Australia. The reporting entity has an annual revenue band of 1BN+. The reporting entity operates in the industry sectors: Government Sector. Register entry: https://modernslaveryregister.gov.au/statements/10715/.'}
Modern slavery statement 2025-2845: JUDO BANK PTY LTD & JUDO CAPITAL HOLDINGS LIMITED,document,{'content': 'JUDO BANK PTY LTD (ABN 11 615 995 581) and JUDO CAPITAL HOLDINGS LIMITED (ABN 71 612 862 727) filed a joint modern slavery statement with the Australian Modern Slavery Register for the reporting period 2024-07-01 to 2025-06-30. The reporting entities are headquartered in Australia. The reporting entities have an annual revenue band of 1BN+. The reporting entities operate in the industry sectors: Financial and Insurance Services. Register entry: https://modernslaveryregister.gov.au/statements/25678/.'}
Modern slavery statement 2023-135: KANE CONSTRUCTIONS PTY LTD & KANE CONSTRUCTIONS (QLD) PTY LTD,document,"{'content': 'KANE CONSTRUCTIONS PTY LTD (ABN 49 007 354 396) and KANE CONSTRUCTIONS (QLD) PTY LTD (ABN 84 625 262 633) filed a joint modern slavery statement with the Australian Modern Slavery Register for the reporting period 2021-07-01 to 2022-06-30. The reporting entities are headquartered in Australia. The reporting entities have an annual revenue band of 1BN+. The reporting entities operate in the industry sectors: Construction, civil engineering and building products. Register entry: https://modernslaveryregister.gov.au/statements/12275/.'}"
Modern slavery statement 2022-2175: AON CORPORATION AUSTRALIA LIMITED,document,"{'content': 'AON CORPORATION AUSTRALIA LIMITED (ABN 58 004 756 772) filed a joint modern slavery statement with the Australian Modern Slavery Register for the reporting period 2021-07-01 to 2022-06-30. The reporting entity is headquartered in United Kingdom. The reporting entity has an annual revenue band of 100-150M. The reporting entity operates in the industry sectors: Financial, insurance and real estate activities. Register entry: https://modernslaveryregister.gov.au/statements/10892/.'}"
Modern slavery statement 2021-4185: Pedal Group Pty Ltd,document,"{'content': 'Pedal Group Pty Ltd (ABN 67 131 402 278) filed a single modern slavery statement with the Australian Modern Slavery Register for the reporting period 2020-07-01 to 2021-06-30. The reporting entity is headquartered in Australia. The reporting entity has an annual revenue band of 350-400M. The reporting entity operates in the industry sectors: Durable consumer goods, including electronics and appliances, home furnishings and other accessories. Register entry: https://modernslaveryregister.gov.au/statements/7672/.'}"
Modern slavery statement 2023-2172: AUSTRALIAN HEALTH PRACTITIONER REGULATION AGENCY,document,{'content': 'AUSTRALIAN HEALTH PRACTITIONER REGULATION AGENCY (ABN 78 685 433 429) filed a single modern slavery statement with the Australian Modern Slavery Register for the reporting period 2022-07-01 to 2023-06-30. The reporting entity is headquartered in Australia. The reporting entity has an annual revenue band of 250-300M. The reporting entity operates in the industry sectors: Other. Register entry: https://modernslaveryregister.gov.au/statements/15144/.'}
Modern slavery statement 2024-2713: KINGSGATE CAPITAL PTY LTD & KINGSGATE CONSOLIDATED LIMITED,document,"{'content': 'KINGSGATE CAPITAL PTY LTD (ABN 23 095 220 607) and KINGSGATE CONSOLIDATED LIMITED (ABN 42 000 837 472) filed a joint modern slavery statement with the Australian Modern Slavery Register for the reporting period 2023-07-01 to 2024-06-30. The reporting entities are headquartered in Australia. The reporting entities have an annual revenue band of 100-150M. The reporting entities operate in the industry sectors: Mining, metals, chemicals and resources (including oil and gas). The statement also covers the included entities: DOMINION COPPER PTY LTD (97 008 689 567), DOMINION MINING LTD (37 000 660 864), GAWLER GOLD MINING PTY LTD (69 002 957 806), KINGSGATE CHILE NL (36 008 460 366), Kingsgate Nominees Pty Limited, Kingsgate South America Pty Ltd, KINGSGATE TREASURY PTY LTD (92 145 385 075), LAGUNA EXPLORATION PTY LTD (34 132 492 865), YILGARN METALS PTY LTD (55 145 287 789). Register entry: https://modernslaveryregister.gov.au/statements/20506/.'}"
Modern slavery statement 2021-1780: DAMCO AUSTRALIA PTY LTD & SVITZER AUSTRALIA PTY LTD,document,"{'content': 'DAMCO AUSTRALIA PTY LTD (ABN 70 006 211 052) and SVITZER AUSTRALIA PTY LTD (ABN 86 000 045 009) filed a joint modern slavery statement with the Australian Modern Slavery Register for the reporting period 2020-01-01 to 2020-12-31. The reporting entities are headquartered in Denmark. The reporting entities have an annual revenue band of 250-300M. The reporting entities operate in the industry sectors: Transportation, logistics, and storage. Register entry: https://modernslaveryregister.gov.au/statements/4077/.'}"
Modern slavery statement 2020-474: EDEN UNIT TRUST,document,{'content': 'EDEN UNIT TRUST (ABN 29 385 212 665) filed a single modern slavery statement with the Australian Modern Slavery Register for the reporting period 2019-07-01 to 2020-06-30. The reporting entity is headquartered in Australia. The reporting entity has an annual revenue band of 100-150M. The reporting entity operates in the industry sectors: Other. Register entry: https://modernslaveryregister.gov.au/statements/1010/.'}
Modern slavery statement 2024-619: DEAKIN UNIVERSITY,document,"{'content': 'DEAKIN UNIVERSITY (ABN 56 721 584 203) filed a single modern slavery statement with the Australian Modern Slavery Register for the reporting period 2023-01-01 to 2023-12-31. The reporting entity is headquartered in Australia. The reporting entity has an annual revenue band of 1BN+. The reporting entity operates in the industry sectors: Education and research. The statement also covers the included entities: DEAKIN RESIDENTIAL SERVICES PTY. LTD. (22 145 979 344), INSTITUTE FOR REGIONAL SECURITY LTD (48 110 456 856), UNILINK LIMITED (72 005 382 954), UNIVERSAL MOTION SIMULATOR PTY LTD (58 622 763 240). Register entry: https://modernslaveryregister.gov.au/statements/17664/.'}"
Modern slavery statement 2024-2573: SETTLEMENT SERVICES INTERNATIONAL LIMITED,document,"{'content': 'SETTLEMENT SERVICES INTERNATIONAL LIMITED (ABN 38 031 375 761) filed a single modern slavery statement with the Australian Modern Slavery Register for the reporting period 2023-07-01 to 2024-06-30. The reporting entity is headquartered in Australia. The reporting entity has an annual revenue band of 150-200M. The reporting entity operates in the industry sectors: Charitable / not-for-profit activities. The statement also covers the included entities: ACCESS COMMUNITY ENTERPRISES LIMITED (79 108 738 629), Access Community Services Limited (45 149 783 639), BRISBANE MULTICULTURAL ARTS CENTRE LIMITED (80 964 149 832), MULTICULTURAL CENTRE FOR MENTAL HEALTH & WELL BEING INC (36 566 115 721), SSI LEGAL PTY LTD (15 672 115 990). Register entry: https://modernslaveryregister.gov.au/statements/20236/.'}"
Modern slavery statement 2021-2475: WEBUILD S.P.A.,document,"{'content': 'WEBUILD S.P.A. (ABN 83 159 573 896) filed a joint modern slavery statement with the Australian Modern Slavery Register for the reporting period 2020-07-01 to 2021-06-30. The reporting entity is headquartered in Italy. The reporting entity has an annual revenue band of 0-99M. The reporting entity operates in the industry sectors: Construction, civil engineering and building products. Register entry: https://modernslaveryregister.gov.au/statements/5138/.'}"
Modern slavery statement 2021-469: DETMOLD HOLDINGS PTY LTD,document,"{'content': 'DETMOLD HOLDINGS PTY LTD (ABN 87 007 527 022) filed a single modern slavery statement with the Australian Modern Slavery Register for the reporting period 2019-07-01 to 2020-06-30. The reporting entity is headquartered in Australia. The reporting entity has an annual revenue band of 250-300M. The reporting entity operates in the industry sectors: Forestry, timber products, paper and containers and packaging. Register entry: https://modernslaveryregister.gov.au/statements/1942/.'}"
Modern slavery statement 2022-2713: ACCESS COMMERCIAL SECURITY PTY LTD & ACCESS CORPORATE SERVICES PTY LTD & Access Doors (Tas) Pty Ltd et al.,document,"{'content': 'ACCESS COMMERCIAL SECURITY PTY LTD (ABN 31 115 389 707), ACCESS CORPORATE SERVICES PTY LTD (ABN 19 142 688 284), Access Doors (Tas) Pty Ltd (ABN 30 145 480 771), ACCESS HARDWARE HOLDINGS PTY. LTD. (ABN 36 123 214 611), ACCESS HARDWARE PTY. LTD. (ABN 34 006 426 820) and ACCESS HARDWARE (TAS) PTY. LTD. (ABN 36 080 370 109) filed a joint modern slavery statement with the Australian Modern Slavery Register for the reporting period 2021-07-01 to 2022-06-30. The reporting entities are headquartered in Australia. The reporting entities have an annual revenue band of 0-99M. The reporting entities operate in the industry sectors: Construction, civil engineering and building products. Register entry: https://modernslaveryregister.gov.au/statements/11591/.'}"
Modern slavery statement 2024-969: DELL AUSTRALIA PTY LIMITED,document,{'content': 'DELL AUSTRALIA PTY LIMITED filed a single modern slavery statement with the Australian Modern Slavery Register for the reporting period 2023-02-01 to 2024-01-31. The reporting entity is headquartered in United States of America. The reporting entity has an annual revenue band of 1BN+. The reporting entity operates in the industry sectors: Information technology and telecommunication. Register entry: https://modernslaveryregister.gov.au/statements/18128/.'}
Modern slavery statement 2023-2458: RETAIL EMPLOYEES SUPERANNUATION PTY. LIMITED,document,"{'content': 'RETAIL EMPLOYEES SUPERANNUATION PTY. LIMITED (ABN 39 001 987 739) filed a joint modern slavery statement with the Australian Modern Slavery Register for the reporting period 2022-07-01 to 2023-06-30. The reporting entity is headquartered in Australia. The reporting entity has an annual revenue band of 1BN+. The reporting entity operates in the industry sectors: Financial, insurance and real estate activities. The statement also covers the included entities: REST AMPCI EQUITY HOLDINGS PTY LIMITED (40 164 610 511), REST HOLDINGS NO 1 PTY LIMITED (17 655 938 328), REST INFRASTRUCTURE PTY LTD (80 131 919 581), REST NOMINEES NO.1 PTY LIMITED (43 101 519 288), REST NOMINEES NO.2 PTY LTD (14 164 610 842), REST NOMINEES NO.3 PTY LTD (91 168 617 070), REST NOMINEES NO. 4 PTY LIMITED (20 611 506 051), SUPER INVESTMENT MANAGEMENT PTY LIMITED (86 079 706 657), The Trustee for REST AMPCI Debt Holding Trust (47 446 736 906), The Trustee for REST Credit Strategies Holding Trust (20 554 393 598), The Trustee for REST Direct Property Holding Trust (14 684 828 185), The Trustee for REST Endeavour Holding Trust (17 435 877 387), The Trustee for REST Equities Strategies Trust (21 640 123 058), The Trustee for REST Finance Trust (43 799 852 625), The Trustee for REST Fixed Interest Holding Trust (33 952 398 724), The Trustee for REST Infrastructure Investments Holding Trust (17 732 993 018), The Trustee for REST Infrastructure No 2 Trust (64 635 454 087), The Trustee for REST Private Equity Trust (42 113 953 945), The Trustee for REST Property Finance Trust (50 553 841 788), The Trustee for REST US Investments Holding Trust (86 710 773 370). Register entry: https://modernslaveryregister.gov.au/statements/15406/.'}"
Modern slavery statement 2021-2538: Tech Data Advanced Solutions (ANZ) Limited,document,{'content': 'Tech Data Advanced Solutions (ANZ) Limited (ABN 77 107 656 833) filed a single modern slavery statement with the Australian Modern Slavery Register for the reporting period 2020-02-01 to 2021-01-31. The reporting entity is headquartered in United States of America. The reporting entity has an annual revenue band of 300-350M. The reporting entity operates in the industry sectors: Information technology and telecommunication. Register entry: https://modernslaveryregister.gov.au/statements/5251/.'}
Modern slavery statement 2025-1399: Sedco Forex International Limited,document,"{'content': 'Sedco Forex International Limited filed a single modern slavery statement with the Australian Modern Slavery Register for the reporting period 2024-01-01 to 2024-12-31. The reporting entity is headquartered in Bermuda. The reporting entity has an annual revenue band of 450-500M. The reporting entity operates in the industry sectors: Mining, metals, chemicals and resources (including oil and gas). Register entry: https://modernslaveryregister.gov.au/statements/23650/.'}"
Modern slavery statement 2021-3281: OLIVER J. NILSEN (AUSTRALIA) LIMITED,document,"{'content': 'OLIVER J. NILSEN (AUSTRALIA) LIMITED (ABN 38 004 275 030) filed a single modern slavery statement with the Australian Modern Slavery Register for the reporting period 2019-07-01 to 2020-06-30. The reporting entity is headquartered in Australia. The reporting entity has an annual revenue band of 300-350M. The reporting entity operates in the industry sectors: Utilities: gas, water and electricity Construction, civil engineering and building products Information technology and telecommunication. Register entry: https://modernslaveryregister.gov.au/statements/6426/.'}"
Modern slavery statement 2020-118: LOYALTY PACIFIC PTY LTD,document,{'content': 'LOYALTY PACIFIC PTY LTD (ABN 82 057 931 334) filed a single modern slavery statement with the Australian Modern Slavery Register for the reporting period 2019-07-01 to 2020-06-28. The reporting entity is headquartered in Australia. The reporting entity has an annual revenue band of 250-300M. The reporting entity operates in the industry sectors: Other. Register entry: https://modernslaveryregister.gov.au/statements/350/.'}
Modern slavery statement 2022-1719: HITACHI VANTARA ASIA PACIFIC PTY LIMITED & HITACHI VANTARA AUSTRALIA PTY LIMITED,document,{'content': 'HITACHI VANTARA ASIA PACIFIC PTY LIMITED (ABN 92 004 855 734) and HITACHI VANTARA AUSTRALIA PTY LIMITED (ABN 65 005 610 079) filed a joint modern slavery statement with the Australian Modern Slavery Register for the reporting period 2021-04-01 to 2022-03-30. The reporting entities are headquartered in United States of America. The reporting entities have an annual revenue band of 250-300M. The reporting entities operate in the industry sectors: Information technology and telecommunication. Register entry: https://modernslaveryregister.gov.au/statements/10215/.'}
Modern slavery statement 2022-1900: PILLOW TALK PTY. LTD.,document,"{'content': 'PILLOW TALK PTY. LTD. (ABN 69 010 861 711) filed a single modern slavery statement with the Australian Modern Slavery Register for the reporting period 2021-07-01 to 2022-06-30. The reporting entity is headquartered in Australia. The reporting entity has an annual revenue band of 200-250M. The reporting entity operates in the industry sectors: Durable consumer goods, including electronics and appliances, home furnishings and other accessories. Register entry: https://modernslaveryregister.gov.au/statements/10472/.'}"
Modern slavery statement 2025-2566: GREYHOUND RACING CONTROL BOARD,document,{'content': 'GREYHOUND RACING CONTROL BOARD (ABN 76 642 748 029) filed a single modern slavery statement with the Australian Modern Slavery Register for the reporting period 2024-07-01 to 2025-06-30. The reporting entity is headquartered in Australia. The reporting entity has an annual revenue band of 100-150M. The reporting entity operates in the industry sectors: Arts and Recreation Services. Register entry: https://modernslaveryregister.gov.au/statements/25250/.'}
Modern slavery statement 2022-804: GIBSON'S LIMITED,document,"{'content': ""GIBSON'S LIMITED (ABN 23 009 476 064) filed a single modern slavery statement with the Australian Modern Slavery Register for the reporting period 2021-04-01 to 2022-03-30. The reporting entity is headquartered in Australia. The reporting entity has an annual revenue band of 200-250M. The reporting entity operates in the industry sectors: Food and beverages, agriculture and fishing. Register entry: https://modernslaveryregister.gov.au/statements/8950/.""}"
Modern slavery statement 2024-3424: FRESH PRODUCE GROUP OF AUSTRALIA PTY LIMITED & FRESH PRODUCE GROUP WESTERN AUSTRALIA PTY LIMITED & FRUITICO FARMS PTY LTD et al.,document,"{'content': 'FRESH PRODUCE GROUP OF AUSTRALIA PTY LIMITED (ABN 87 055 359 601), FRESH PRODUCE GROUP WESTERN AUSTRALIA PTY LIMITED (ABN 81 152 973 932), FRUITICO FARMS PTY LTD (ABN 51 608 318 921), FRUITICO PTY LTD (ABN 49 608 313 604), KIMBERLEY ASPARAGUS PTY LTD (ABN 38 633 328 417), KIMBERLEY TABLE GRAPES PTY LTD (ABN 17 635 953 187), SB TASMANIA PTY LTD (ABN 25 605 860 017), SMART BERRIES MUNDUBBERA PTY LTD (ABN 30 164 124 903), SMART BERRIES PTY LTD (ABN 39 164 122 945), TREVISO FARM MANAGEMENT PTY LTD (ABN 31 144 899 276) and TUMUT GROVE FARM MANAGEMENT PTY LTD (ABN 46 619 756 115) filed a joint modern slavery statement with the Australian Modern Slavery Register for the reporting period 2023-07-01 to 2024-06-30. The reporting entities are headquartered in Australia. The reporting entities have an annual revenue band of 300-350M. The reporting entities operate in the industry sectors: Food and beverages, agriculture and fishing. Register entry: https://modernslaveryregister.gov.au/statements/20905/.'}"
Modern slavery statement 2024-2057: CROWN EQUIPMENT PTY. LIMITED,document,"{'content': 'CROWN EQUIPMENT PTY. LIMITED filed a single modern slavery statement with the Australian Modern Slavery Register for the reporting period 2023-04-01 to 2024-03-31. The reporting entity is headquartered in Australia, United States of America. The reporting entity has an annual revenue band of 350-400M. The reporting entity operates in the industry sectors: Automotive, machinery and heavy electrical equipment. The statement also covers the included entities: CROWN LIFT TRUCKS AUSTRALIA PTY. LIMITED. Register entry: https://modernslaveryregister.gov.au/statements/19579/.'}"
Modern slavery statement 2022-1000: The Swatch Group (Australia) Pty. Ltd.,document,"{'content': 'The Swatch Group (Australia) Pty. Ltd. (ABN 20 004 287 110) filed a single modern slavery statement with the Australian Modern Slavery Register for the reporting period 2021-01-01 to 2021-12-31. The reporting entity is headquartered in Switzerland. The reporting entity has an annual revenue band of 100-150M. The reporting entity operates in the industry sectors: Fashion, textiles, apparel and luxury goods. Register entry: https://modernslaveryregister.gov.au/statements/9224/.'}"
Modern slavery statement 2021-3199: MELIOR INVESTMENT MANAGEMENT PTY LTD,document,"{'content': 'MELIOR INVESTMENT MANAGEMENT PTY LTD (ABN 16 629 013 896) filed a single modern slavery statement with the Australian Modern Slavery Register for the reporting period 2020-07-01 to 2021-06-30. The reporting entity is headquartered in Australia. The reporting entity has an annual revenue band of 0-99M. The reporting entity operates in the industry sectors: Financial, insurance and real estate activities. Register entry: https://modernslaveryregister.gov.au/statements/6280/.'}"
Modern slavery statement 2025-3072: HAMMONDCARE,document,{'content': 'HAMMONDCARE (ABN 48 000 026 219) filed a single modern slavery statement with the Australian Modern Slavery Register for the reporting period 2024-07-01 to 2025-06-30. The reporting entity is headquartered in Australia. The reporting entity has an annual revenue band of 600-700M. The reporting entity operates in the industry sectors: Health Care and Social Assistance. The statement also covers the included entities: HAMMONDCARE HEALTH AND HOSPITALS LIMITED (72 074 354 028). Register entry: https://modernslaveryregister.gov.au/statements/25961/.'}
Modern slavery statement 2022-579: HERMES - AUSTRALIA PTY LIMITED,document,"{'content': 'HERMES - AUSTRALIA PTY LIMITED (ABN 88 003 558 085) filed a single modern slavery statement with the Australian Modern Slavery Register for the reporting period 2021-01-01 to 2021-12-31. The reporting entity is headquartered in France. The reporting entity has an annual revenue band of 350-400M. The reporting entity operates in the industry sectors: Fashion, textiles, apparel and luxury goods. Register entry: https://modernslaveryregister.gov.au/statements/8584/.'}"
"Modern slavery statement 2024-1748: MUFG BANK, LTD.",document,"{'content': 'MUFG BANK, LTD. filed a single modern slavery statement with the Australian Modern Slavery Register for the reporting period 2023-04-01 to 2024-03-31. The reporting entity is headquartered in Japan. The reporting entity has an annual revenue band of 1BN+. The reporting entity operates in the industry sectors: Financial, insurance and real estate activities. The statement also covers the included entities: MUFG Bank Ltd (75 103 418 882). Register entry: https://modernslaveryregister.gov.au/statements/19160/.'}"
Modern slavery statement 2025-417: CRISP BROS. & HAYWARDS PTY LTD,document,"{'content': 'CRISP BROS. & HAYWARDS PTY LTD (ABN 88 009 483 694) filed a single modern slavery statement with the Australian Modern Slavery Register for the reporting period 2024-03-04 to 2025-03-03. The reporting entity is headquartered in Australia. The reporting entity has an annual revenue band of 100-150M. The reporting entity operates in the industry sectors: Construction, civil engineering and building products. The statement also covers the included entities: CRISP BROS. & HAYWARDS PTY LTD (88 009 483 694). Register entry: https://modernslaveryregister.gov.au/statements/22259/.'}"
Modern slavery statement 2024-925: Queensland University of Technology,document,"{'content': 'Queensland University of Technology (ABN 83 791 742 622) filed a single modern slavery statement with the Australian Modern Slavery Register for the reporting period 2023-01-01 to 2023-12-31. The reporting entity is headquartered in Australia. The reporting entity has an annual revenue band of 1BN+. The reporting entity operates in the industry sectors: Education and research. The statement also covers the included entities: QUT ADVISORY PTY LTD (82 099 110 924), THE TRUSTEE FOR QUT BLUEBOX TRUST (97 041 405 905), The trustee for QUT Enterprise Holdings Trust (28 928 640 473), The Trustee for QUT Student Managed Investment Fund (92 718 723 234). Register entry: https://modernslaveryregister.gov.au/statements/18110/.'}"
"Modern slavery statement 2025-3746: ALTO PACKAGING LIMITED, ASTRON PLASTICS PTY LIMITED, DAVMAR INVESTMENTS PTY LTD, FAST STAR INTERNATIONAL HOLDINGS LIMITED, JALCO AUSTRALIA PTY. LIMITED, JALCO GROUP PTY. LIMITED, NINGBO XUNXING TRADE CO. LTD, PACT GROUP HOLDINGS (AUSTRALIA) PTY LTD, PACT GROUP HOLDINGS (HONG KONG) LIMITED, PACT GROUP HOLDINGS LTD & PACT GROUP HOLDINGS (NZ) LIMITED, PACT GROUP INDUSTRIES (ASIA) PTY LTD, PACT GROUP (NZ) LIMITED, PACT RETAIL ACCESSORIES (AUSTRALIA) PTY LTD, SKYSON PTY. LTD., VIP PLASTIC PACKAGING (NZ) LIMITED, VIP PLASTIC PACKAGING PTY LTD, VIP STEEL PACKAGING PTY LTD",document,"{'content': ""ALTO PACKAGING LIMITED, ASTRON PLASTICS PTY LIMITED, DAVMAR INVESTMENTS PTY LTD, FAST STAR INTERNATIONAL HOLDINGS LIMITED, JALCO AUSTRALIA PTY. LIMITED, JALCO GROUP PTY. LIMITED, NINGBO XUNXING TRADE CO. LTD, PACT GROUP HOLDINGS (AUSTRALIA) PTY LTD, PACT GROUP HOLDINGS (HONG KONG) LIMITED, PACT GROUP HOLDINGS LTD (ABN 55 145 989 644) and PACT GROUP HOLDINGS (NZ) LIMITED, PACT GROUP INDUSTRIES (ASIA) PTY LTD, PACT GROUP (NZ) LIMITED, PACT RETAIL ACCESSORIES (AUSTRALIA) PTY LTD, SKYSON PTY. LTD., VIP PLASTIC PACKAGING (NZ) LIMITED, VIP PLASTIC PACKAGING PTY LTD, VIP STEEL PACKAGING PTY LTD filed a joint modern slavery statement with the Australian Modern Slavery Register for the reporting period 2024-07-01 to 2025-06-30. The reporting entities are headquartered in Australia, Hong Kong, New Zealand, China. The reporting entities have an annual revenue band of 1BN+. The reporting entities operate in the industry sectors: Manufacturing. The statement also covers the included entities: Alto Manufacturing Pty Ltd (48 140 052 188), AMRS BUSINESS SERVICES PRIVATE LIMITED, ASIA PEAK PTE. LTD., ASTRON PLASTICS LIMITED, AUCKLAND DRUM SUSTAINABILITY SERVICES LIMITED, AUSTRALIAN PHARMACEUTICAL MANUFACTURERS PTY LTD (87 100 038 720), BARODA MANUFACTURING PTY LTD (23 125 294 724), BRICKWOOD (DANDENONG) PTY LTD (48 119 389 196), BRICKWOOD (NSW) PTY LTD, BRICKWOOD (QLD) PTY LTD (28 086 665 938), BRICKWOOD (VIC) PTY LTD (25 004 755 819), CINQPLAST PLASTOP AUSTRALIA PTY LIMITED (76 094 619 959), DONGGUAN EGENT PLASTIC PRODUCTS CO., LTD, DONGGUAN TOP RISE TRADING CO. LTD, INPACT INNOVATION PTY. LTD. (39 145 520 485), JALCO AUTOMOTIVE PTY. LIMITED (66 082 722 932), JALCO CARE PRODUCTS PTY LIMITED (28 093 547 687), JALCO COSMETICS PTY. LIMITED (53 084 809 450), JALCO PLASTICS PTY. LTD. (61 080 120 725), JALCO POWDERS PTY LIMITED (59 092 756 888), JALCO PROMOTIONAL PACKAGING PTY. LIMITED (85 084 894 708), MTWO PTY LTD (12 117 485 097), PACIFIC BBA PLASTICS (NZ) LIMITED, PACKAGING EMPLOYEES PTY LIMITED (82 075 176 671), PACT BRAESIDE PTY LTD (76 007 862 393), PACT CLOSURE SYSTEMS (INDIA) PRIVATE LIMITED, PACT CLOSURE SYSTEMS (PHILIPPINES) INC., PACT GROUP CLOSURE SYSTEMS (GUANGZHOU) CO., LTD, PACT GROUP CLOSURE SYSTEMS KOREA LTD, PACT GROUP CLOSURE SYSTEMS NEPAL PRIVATE LIMITED, PACT GROUP CLOSURE SYSTEMS (TIANJIN) CO., LTD, PACT GROUP FINANCE (AUSTRALIA) PTY LTD (55 158 176 893), PACT GROUP FINANCE (NZ) LIMITED, PACT GROUP PACKAGING SYSTEMS (GUANGZHOU) CO., LTD, PACT PACKAGING PHILIPPINES INC., PACT RETAIL ACCESSORIES (ASIA) LIMITED, PACT RETAIL ACCESSORIES (HONG KONG) LIMITED, PACT RETAIL ACCESSORIES (NEW ZEALAND) LIMITED, PACT RETAIL ACCESSORIES (UK) LIMITED, PACT RETAIL ACCESSORIES (USA) LLC, PASCOE'S PTY LTD (47 055 220 463), PLASPAK CLOSURES PTY LIMITED (41 003 503 982), PLASPAK MANAGEMENT PTY LIMITED (70 000 946 127), PLASPAK PTY LIMITED (93 119 394 679), PLASTOP ASIA, INC, POWER PLASTICS PTY. LIMITED (62 003 775 059), PT PLASTOP ASIA INDONESIA, PT PLASTOP INDONESIA MANUFACTURING, ROOTS INVESTMENT HOLDING PRIVATE LIMITED, RUFFGAR HOLDINGS PTY LIMITED (48 124 285 123), SALIENT ASIA PACIFIC PTY LTD (31 002 968 176), SNOPAK MANUFACTURING PTY LTD (88 002 969 226), STERI-PLAS PTY LTD (13 003 562 123), STOWERS CONTAINMENT SOLUTIONS LIMITED, SULO MGB AUSTRALIA PTY LTD (27 002 605 192), SULO (N.Z.) LIMITED, Summit Manufacturing Pty Ltd (44 133 914 833), SUNRISE PLASTICS PTY. LTD. (53 006 840 437), SYNERGY PACKAGING PTY LTD (65 006 617 741), TALENT GROUP DEVELOPMENT LIMITED, TECPAK INDUSTRIES LIMITED, TIC INDUSTRIES (BANGLADESH) PTY LTD, TIC MANUFACTURING (BANGLADESH) LIMITED, TIC TRADING (BANGLADESH) LIMITED, VIP DRUM RECONDITIONERS PTY. LTD. (89 160 606 128), VIP STEEL PACKAGING LIMITED, VISCOUNT LOGISTICS SERVICES PTY LTD (12 115 183 812), VISCOUNT PLASTICS (CHINA) PTY LTD (99 060 959 622), VISCOUNT PLASTICS (NZ) LIMITED, VMAX RETURNABLE PACKAGING SYSTEMS PTY LTD (63 150 763 723). Register entry: https://modernslaveryregister.gov.au/statements/26346/.""}"
Modern slavery statement 2023-3350: SILK HOSPITALITY PTY LTD,document,"{'content': 'SILK HOSPITALITY PTY LTD (ABN 16 139 223 895) filed a single modern slavery statement with the Australian Modern Slavery Register for the reporting period 2022-01-01 to 2022-12-31. The reporting entity is headquartered in Australia. The reporting entity has an annual revenue band of 100-150M. The reporting entity operates in the industry sectors: Consumer services, including accommodation, hospitality, tourism and leisure. Register entry: https://modernslaveryregister.gov.au/statements/16643/.'}"
Modern slavery statement 2021-88: JAPARA HEALTHCARE LIMITED,document,{'content': 'JAPARA HEALTHCARE LIMITED (ABN 54 168 631 052) filed a single modern slavery statement with the Australian Modern Slavery Register for the reporting period 2019-07-01 to 2020-06-30. The reporting entity is headquartered in Australia. The reporting entity has an annual revenue band of 400-450M. The reporting entity operates in the industry sectors: Healthcare and pharmaceuticals. Register entry: https://modernslaveryregister.gov.au/statements/1204/.'}
Modern slavery statement 2023-2504: HELLERS AUSTRALIA PTY LTD & HLRS BIDCO PTY LTD & HLRS HOLDCO PTY LTD,document,"{'content': 'HELLERS AUSTRALIA PTY LTD (ABN 17 627 366 750), HLRS BIDCO PTY LTD (ABN 37 628 177 266) and HLRS HOLDCO PTY LTD (ABN 32 628 433 134) filed a joint modern slavery statement with the Australian Modern Slavery Register for the reporting period 2022-07-01 to 2023-06-30. The reporting entities are headquartered in Australia, New Zealand. The reporting entities have an annual revenue band of 100-150M. The reporting entities operate in the industry sectors: Food and beverages, agriculture and fishing. The statement also covers the included entities: HELLERS AUSTRALIA PTY LTD (17 627 366 750), HLRS BIDCO PTY LTD (37 628 177 266). Register entry: https://modernslaveryregister.gov.au/statements/15595/.'}"
Modern slavery statement 2024-895: MARLEYSPOON PTY LTD,document,"{'content': 'MARLEYSPOON PTY LTD filed a single modern slavery statement with the Australian Modern Slavery Register for the reporting period 2023-01-01 to 2023-12-31. The reporting entity is headquartered in Australia. The reporting entity has an annual revenue band of 500-600M. The reporting entity operates in the industry sectors: Food and beverages, agriculture and fishing. The statement also covers the included entities: CHEFGOOD PTY LTD (14 163 131 771), MARLEYSPOON PTY LTD (28 603 969 571). Register entry: https://modernslaveryregister.gov.au/statements/18081/.'}"
Modern slavery statement 2024-1277: MURDOCH UNIVERSITY,document,"{'content': 'MURDOCH UNIVERSITY (ABN 61 616 369 313) filed a single modern slavery statement with the Australian Modern Slavery Register for the reporting period 2023-01-01 to 2023-12-31. The reporting entity is headquartered in Australia. The reporting entity has an annual revenue band of 450-500M. The reporting entity operates in the industry sectors: Education and research. The statement also covers the included entities: ALGAE HARVEST PTY LTD (82 662 061 798), INNOVATIVE CHIROPRACTIC LEARNING PTY LTD (58 107 431 050), Murdoch Investments Company Pty Ltd (52 105 212 422), MURDOCH RETIREMENT SERVICES PTY LTD (64 090 027 044), Murdoch Ventures Pty Ltd (48 107 431 069), The Trustee for The Alan & Iris Peacocke Research Foundation (15 514 076 960). Register entry: https://modernslaveryregister.gov.au/statements/18585/.'}"
Modern slavery statement 2024-195: FES COAL PTY LTD & OKR TECHNICAL SERVICES AUSTRALIA PTY LTD & One Key Holdings Pty Ltd et al.,document,"{'content': 'FES COAL PTY LTD (ABN 35 626 773 911), OKR TECHNICAL SERVICES AUSTRALIA PTY LTD (ABN 52 612 348 222), One Key Holdings Pty Ltd (ABN 42 150 149 643) and ONE KEY RESOURCES PTY LTD (ABN 30 141 650 259) filed a joint modern slavery statement with the Australian Modern Slavery Register for the reporting period 2022-09-01 to 2023-08-31. The reporting entities are headquartered in Australia. The reporting entities have an annual revenue band of 150-200M. The reporting entities operate in the industry sectors: Mining, metals, chemicals and resources (including oil and gas). The statement also covers the included entities: AGRI EMPLOYMENT PTY LTD (95 674 371 816), AGRI PROJECTS JV PTY LTD (71 674 370 088), AGRI STAFF SOLUTIONS AUSTRALIA PTY LTD (20 674 371 058), FES MINING SERVICES PTY LTD (14 617 223 079), OKR COAL AUSTRALIA PTY LTD (24 612 320 108), OKR STAFF PTY LTD (73 671 024 338), ONE KEY QLD PTY LTD (29 619 191 463), ONE KEY RESOURCES (MINING) PTY LTD (94 156 475 615), ONE KEY RESOURCES (NSW) PTY LTD (92 156 475 606), ONE KEY RESOURCES (QLD) PTY LTD (39 156 459 184). Register entry: https://modernslaveryregister.gov.au/statements/17026/.'}"
Modern slavery statement 2024-313: Carisma Solutions Private Limited,document,"{'content': 'Carisma Solutions Private Limited filed a single modern slavery statement with the Australian Modern Slavery Register for the reporting period 2022-04-01 to 2023-03-31. The reporting entity is headquartered in India. The reporting entity has an annual revenue band of 0-99M. The reporting entity operates in the industry sectors: Information technology and telecommunication Professional and administrative services and supplies, including legal, consulting and accounting services. The statement also covers the included entities: PURPLE QUAY PTY LTD (15 622 810 842). Register entry: https://modernslaveryregister.gov.au/statements/17195/.'}"
Modern slavery statement 2025-351: Trafigura Asia Trading Pte. Ltd. & Trafigura Pte Ltd,document,"{'content': 'Trafigura Asia Trading Pte. Ltd. (ABN 34 819 252 694) and Trafigura Pte Ltd (ABN 44 221 744 224) filed a joint modern slavery statement with the Australian Modern Slavery Register for the reporting period 2023-10-01 to 2024-09-30. The reporting entities are headquartered in Singapore. The reporting entities have an annual revenue band of 1BN+. The reporting entities operate in the industry sectors: Mining, metals, chemicals and resources (including oil and gas). Register entry: https://modernslaveryregister.gov.au/statements/22161/.'}"
Modern slavery statement 2024-3277: The Trustee for CITY BEACH TRUST,document,"{'content': 'The Trustee for CITY BEACH TRUST (ABN 11 885 795 792) filed a single modern slavery statement with the Australian Modern Slavery Register for the reporting period 2023-07-01 to 2024-06-30. The reporting entity is headquartered in Australia. The reporting entity has an annual revenue band of 350-400M. The reporting entity operates in the industry sectors: Fashion, textiles, apparel and luxury goods. Register entry: https://modernslaveryregister.gov.au/statements/21224/.'}"
Modern slavery statement 2023-2620: MIDWAY LIMITED & MIDWAY TASMANIA PTY LTD & Plantation Management Partners Pty Ltd et al.,document,"{'content': 'MIDWAY LIMITED (ABN 44 005 616 044), MIDWAY TASMANIA PTY LTD (ABN 58 614 635 764), Plantation Management Partners Pty Ltd (ABN 12 138 414 687), QUEENSLAND COMMODITY EXPORTS PTY. LIMITED (ABN 87 010 906 331) and South West Fibre Pty Ltd (ABN 26 127 951 991) filed a joint modern slavery statement with the Australian Modern Slavery Register for the reporting period 2022-07-01 to 2023-06-30. The reporting entities are headquartered in Australia. The reporting entities have an annual revenue band of 200-250M. The reporting entities operate in the industry sectors: Forestry, timber products, paper and containers and packaging. Register entry: https://modernslaveryregister.gov.au/statements/15765/.'}"
Modern slavery statement 2025-775: POWER PARTNERSHIP PTY LIMITED & UNITED ENERGY DISTRIBUTION HOLDINGS PTY LIMITED & UNITED ENERGY DISTRIBUTION PTY LIMITED et al.,document,"{'content': 'POWER PARTNERSHIP PTY LIMITED (ABN 48 070 061 282), UNITED ENERGY DISTRIBUTION HOLDINGS PTY LIMITED (ABN 15 104 381 660), UNITED ENERGY DISTRIBUTION PTY LIMITED (ABN 70 064 651 029) and UNITED ENERGY SERVICES PTY LTD (ABN 55 630 720 213) filed a joint modern slavery statement with the Australian Modern Slavery Register for the reporting period 2024-01-01 to 2024-12-31. The reporting entities are headquartered in Australia. The reporting entities have an annual revenue band of 1BN+. The reporting entities operate in the industry sectors: Utilities: gas, water and electricity. Register entry: https://modernslaveryregister.gov.au/statements/22819/.'}"
Modern slavery statement 2023-440: D & E AIR CONDITIONING PTY LIMITED,document,"{'content': 'D & E AIR CONDITIONING PTY LIMITED (ABN 24 158 631 979) filed a single modern slavery statement with the Australian Modern Slavery Register for the reporting period 2021-07-01 to 2022-06-30. The reporting entity is headquartered in Australia. The reporting entity has an annual revenue band of 200-250M. The reporting entity operates in the industry sectors: Construction, civil engineering and building products. Register entry: https://modernslaveryregister.gov.au/statements/12718/.'}"
"Modern slavery statement 2025-70: Intelerad Medical Systems Incorporated, Intelerad Oceania Pty Ltd",document,"{'content': 'Intelerad Medical Systems Incorporated, Intelerad Oceania Pty Ltd (ABN 41 118 359 649) filed a joint modern slavery statement with the Australian Modern Slavery Register for the reporting period 2023-08-01 to 2024-07-31. The reporting entity is headquartered in Canada. The reporting entity has an annual revenue band of 150-200M. The reporting entity operates in the industry sectors: Information technology and telecommunication. The statement also covers the included entities: DICOM Grid, Inc. dba Ambra Health, Digisonics, Inc., Heart Imaging Technologies, LLC, Insignia Medical Systems Ltd, Intelerad Oceania Pty Ltd (41 118 359 649), Life Image, Inc., Lumedx Corporation, PenRad Technologies, Inc.. Register entry: https://modernslaveryregister.gov.au/statements/21725/.'}"
Modern slavery statement 2021-3912: The Trustee for Lendlease Retirement Living Trust,document,"{'content': 'The Trustee for Lendlease Retirement Living Trust (ABN 44 349 706 307) filed a single modern slavery statement with the Australian Modern Slavery Register for the reporting period 2020-07-01 to 2021-06-30. The reporting entity is headquartered in Australia. The reporting entity has an annual revenue band of 150-200M. The reporting entity operates in the industry sectors: Financial, insurance and real estate activities. Register entry: https://modernslaveryregister.gov.au/statements/7347/.'}"
"Modern slavery statement 2023-3122: SAGE AUTOMATION PTY LTD, SAGE GROUP HOLDINGS LTD",document,"{'content': 'SAGE AUTOMATION PTY LTD, SAGE GROUP HOLDINGS LTD (ABN 58 093 581 330) filed a joint modern slavery statement with the Australian Modern Slavery Register for the reporting period 2022-07-01 to 2023-06-30. The reporting entity is headquartered in Australia. The reporting entity has an annual revenue band of 150-200M. The reporting entity operates in the industry sectors: Other. The statement also covers the included entities: ADDINSIGHT PTY LTD, EMBEDDED EXPERTISE PTY LIMITED, NUKON PTY LTD, SAGE AUTOMATION PTY LTD (59 104 119 833), SAGE Capital Fund Pty Ltd, SKILLS LAB PTY LTD, TILLIT PTY LTD, TRAFFIC CONTROL SYSTEMS PTY LTD. Register entry: https://modernslaveryregister.gov.au/statements/16386/.'}"
Modern slavery statement 2022-906: APPLUS PTY LTD,document,{'content': 'APPLUS PTY LTD (ABN 55 008 946 969) filed a single modern slavery statement with the Australian Modern Slavery Register for the reporting period 2021-01-01 to 2021-12-31. The reporting entity is headquartered in Australia. The reporting entity has an annual revenue band of 100-150M. The reporting entity operates in the industry sectors: Other. Register entry: https://modernslaveryregister.gov.au/statements/9091/.'}
Modern slavery statement 2024-3418: WILLIAMS-SONOMA AUSTRALIA PTY LTD,document,"{'content': 'WILLIAMS-SONOMA AUSTRALIA PTY LTD (ABN 75 157 917 783) filed a single modern slavery statement with the Australian Modern Slavery Register for the reporting period 2023-02-01 to 2024-01-31. The reporting entity is headquartered in United States of America. The reporting entity has an annual revenue band of 0-99M. The reporting entity operates in the industry sectors: Durable consumer goods, including electronics and appliances, home furnishings and other accessories. Register entry: https://modernslaveryregister.gov.au/statements/21381/.'}"
Modern slavery statement 2021-2156: CK WILLIAM AUSTRALIA BIDCO PTY LTD & CK WILLIAM AUSTRALIA HOLDINGS PTY LTD & DUET COMPANY PTY LIMITED et al.,document,"{'content': 'CK WILLIAM AUSTRALIA BIDCO PTY LTD (ABN 30 613 693 182), CK WILLIAM AUSTRALIA HOLDINGS PTY LTD (ABN 14 613 690 243), DUET COMPANY PTY LIMITED (ABN 93 163 100 061), The Trustee for DIVERSIFIED UTILITY AND ENERGY TRUST 1 (ABN 83 495 791 796) and The Trustee for DIVERSIFIED UTILITY AND ENERGY TRUST 2 (ABN 85 482 841 876) filed a joint modern slavery statement with the Australian Modern Slavery Register for the reporting period 2020-01-01 to 2020-12-31. The reporting entities are headquartered in Australia, Hong Kong. The reporting entities have an annual revenue band of 1BN+. The reporting entities operate in the industry sectors: Utilities: gas, water and electricity. Register entry: https://modernslaveryregister.gov.au/statements/4560/.'}"
Modern slavery statement 2022-2339: MONDIUM PTY LTD,document,"{'content': 'MONDIUM PTY LTD (ABN 14 614 369 023) filed a single modern slavery statement with the Australian Modern Slavery Register for the reporting period 2021-07-01 to 2022-06-30. The reporting entity is headquartered in Australia. The reporting entity has an annual revenue band of 100-150M. The reporting entity operates in the industry sectors: Mining, metals, chemicals and resources (including oil and gas) Construction, civil engineering and building products. Register entry: https://modernslaveryregister.gov.au/statements/11111/.'}"
Modern slavery statement 2023-2674: GOOD GOODS PTY. LTD.,document,"{'content': 'GOOD GOODS PTY. LTD. (ABN 67 154 870 452) filed a single modern slavery statement with the Australian Modern Slavery Register for the reporting period 2022-07-01 to 2023-06-30. The reporting entity is headquartered in Australia, United Kingdom, United States of America. The reporting entity has an annual revenue band of 150-200M. The reporting entity operates in the industry sectors: Forestry, timber products, paper and containers and packaging. Register entry: https://modernslaveryregister.gov.au/statements/15832/.'}"
Modern slavery statement 2025-772: ABELSHORE PTY LIMITED & ANOTERO PTY LIMITED & CUMNOCK MANAGEMENT PTY LIMITED et al.,document,"{'content': 'ABELSHORE PTY LIMITED (ABN 86 068 703 542), ANOTERO PTY LIMITED (ABN 96 618 503 674), CUMNOCK MANAGEMENT PTY LIMITED (ABN 31 114 285 602), ENEX OAKBRIDGE PTY LIMITED (ABN 45 097 590 479), GLENCORE AUSTRALIA OIL PTY LIMITED (ABN 35 605 939 080), GLENCORE COAL HOLDINGS PTY LIMITED (ABN 89 101 355 864), GLENCORE COAL INVESTMENTS AUSTRALIA PTY LIMITED (ABN 14 082 271 912), GLENCORE COAL (NSW) PTY LIMITED (ABN 18 097 523 058), GLENCORE COAL PTY LIMITED (ABN 18 082 271 930), GLENCORE COAL SALES PTY LIMITED (ABN 45 097 132 306), GLENCORE HOLDINGS PTY LIMITED (ABN 41 104 160 689), GLENCORE INDUSTRIAL HOLDINGS PTY LIMITED (ABN 51 082 714 770), GLENCORE INVESTMENT PTY LIMITED (ABN 67 076 513 034), GLENCORE OPERATIONS AUSTRALIA PTY LIMITED (ABN 40 128 115 140), GLENCORE OVERSEAS HOLDINGS PTY LIMITED (ABN 14 680 897 223), GLENCORE QUEENSLAND LIMITED (ABN 69 009 814 019), GLENCORE TECHNOLOGY PTY LIMITED (ABN 65 118 727 870), GS COAL HOLDINGS PTY LTD (ABN 56 166 342 427), GS COAL PTY LTD (ABN 62 166 342 454), HAIL CREEK COAL HOLDINGS PTY LIMITED (ABN 71 625 050 722), HV COKING COAL PTY LIMITED (ABN 45 605 492 804), MANGOOLA COAL OPERATIONS PTY LIMITED (ABN 54 127 535 755), MCARTHUR RIVER MINING PTY. LTD. (ABN 90 008 167 815), MOUNT ISA MINES LIMITED (ABN 87 009 661 447), MT OWEN PTY LIMITED (ABN 83 003 827 361), MURRIN MURRIN OPERATIONS PTY LTD (ABN 43 076 717 505), NC COAL COMPANY PTY LIMITED (ABN 71 079 862 936), NICIAS INVESTMENTS PTY LTD (ABN 45 166 342 383), NORANDA PACIFIC NO.2 PTY LIMITED, NORANDA PACIFIC PTY LIMITED (ABN 65 006 864 802), OAKBRIDGE PTY LIMITED (ABN 67 000 230 419), OAKY CREEK HOLDINGS PTY LIMITED (ABN 31 128 109 062), ROLLESTON COAL HOLDINGS PTY LIMITED (ABN 69 098 156 702), SAXONVALE COAL PTY. LIMITED (ABN 83 003 526 467), THE NEWCASTLE WALLSEND COAL CO PTY LTD (ABN 85 000 245 901), ULAN COAL MINES PTY LIMITED (ABN 80 000 189 248), UNITED COLLIERIES PTY LTD (ABN 67 001 990 209) and XT CO PTY LTD (ABN 41 107 568 829) filed a joint modern slavery statement with the Australian Modern Slavery Register for the reporting period 2024-01-01 to 2024-12-31. The reporting entities are headquartered in Switzerland. The reporting entities have an annual revenue band of 1BN+. The reporting entities operate in the industry sectors: Mining, metals, chemicals and resources (including oil and gas). Register entry: https://modernslaveryregister.gov.au/statements/22807/.'}"
Modern slavery statement 2022-1783: PRIMAPLAS PTY. LIMITED,document,{'content': 'PRIMAPLAS PTY. LIMITED (ABN 94 003 720 474) filed a single modern slavery statement with the Australian Modern Slavery Register for the reporting period 2020-07-01 to 2021-06-30. The reporting entity is headquartered in Australia. The reporting entity has an annual revenue band of 200-250M. The reporting entity operates in the industry sectors: Other. Register entry: https://modernslaveryregister.gov.au/statements/10308/.'}
Modern slavery statement 2021-1792: BAYER AUSTRALIA LTD & BAYER CROPSCIENCE PTY LTD & MONSANTO AUSTRALIA PTY LTD,document,"{'content': 'BAYER AUSTRALIA LTD (ABN 22 000 138 714), BAYER CROPSCIENCE PTY LTD (ABN 87 000 226 022) and MONSANTO AUSTRALIA PTY LTD (ABN 86 006 725 560) filed a joint modern slavery statement with the Australian Modern Slavery Register for the reporting period 2020-01-01 to 2020-12-31. The reporting entities are headquartered in Germany. The reporting entities have an annual revenue band of 1BN+. The reporting entities operate in the industry sectors: Food and beverages, agriculture and fishing Healthcare and pharmaceuticals. Register entry: https://modernslaveryregister.gov.au/statements/4106/.'}"
"Modern slavery statement 2025-833: LION-BEER,SPIRITS &amp; WINE PTY LTD & LION GLOBAL CRAFT BEVERAGES PTY LTD & Lion NZ Limited et al.",document,"{'content': 'LION-BEER,SPIRITS &amp; WINE PTY LTD (ABN 13 008 596 370), LION GLOBAL CRAFT BEVERAGES PTY LTD (ABN 91 631 805 402), Lion NZ Limited (ABN 65 106 758 359) and LION PTY LTD (ABN 50 128 004 268) filed a joint modern slavery statement with the Australian Modern Slavery Register for the reporting period 2024-01-01 to 2024-12-31. The reporting entities are headquartered in Australia. The reporting entities have an annual revenue band of 1BN+. The reporting entities operate in the industry sectors: Food and beverages, agriculture and fishing. Register entry: https://modernslaveryregister.gov.au/statements/22875/.'}"
Modern slavery statement 2021-3993: GRAMPIANS HEALTH,document,{'content': 'GRAMPIANS HEALTH (ABN 39 089 584 391) filed a single modern slavery statement with the Australian Modern Slavery Register for the reporting period 2020-07-01 to 2021-06-30. The reporting entity is headquartered in Australia. The reporting entity has an annual revenue band of 600-700M. The reporting entity operates in the industry sectors: Healthcare and pharmaceuticals. Register entry: https://modernslaveryregister.gov.au/statements/7464/.'}
Modern slavery statement 2023-995: RED HAT ASIA-PACIFIC PTY. LTD.,document,{'content': 'RED HAT ASIA-PACIFIC PTY. LTD. (ABN 35 090 438 485) filed a single modern slavery statement with the Australian Modern Slavery Register for the reporting period 2022-01-01 to 2022-12-31. The reporting entity is headquartered in United States of America. The reporting entity has an annual revenue band of 200-250M. The reporting entity operates in the industry sectors: Information technology and telecommunication. Register entry: https://modernslaveryregister.gov.au/statements/13552/.'}
Modern slavery statement 2024-972: ROYAL MELBOURNE INSTITUTE OF TECHNOLOGY,document,"{'content': 'ROYAL MELBOURNE INSTITUTE OF TECHNOLOGY (ABN 49 781 030 034) filed a single modern slavery statement with the Australian Modern Slavery Register for the reporting period 2023-01-01 to 2023-12-31. The reporting entity is headquartered in Australia. The reporting entity has an annual revenue band of 1BN+. The reporting entity operates in the industry sectors: Education and research. The statement also covers the included entities: RMIT HOLDINGS PTY LTD (74 096 911 312), RMIT ONLINE PTY LTD (38 614 454 170), RMIT Spain S.L., RMIT TRAINING PTY LTD (61 006 067 349), RMIT University Vietnam LLC. Register entry: https://modernslaveryregister.gov.au/statements/18057/.'}"
Modern slavery statement 2021-2772: BLUEWATERS POWER 1 PTY LTD & BLUEWATERS POWER 2 PTY LTD & BLUEWATERS POWER SERVICES PTY LTD,document,"{'content': 'BLUEWATERS POWER 1 PTY LTD (ABN 93 106 034 879), BLUEWATERS POWER 2 PTY LTD (ABN 57 122 896 968) and BLUEWATERS POWER SERVICES PTY LTD (ABN 29 603 887 387) filed a joint modern slavery statement with the Australian Modern Slavery Register for the reporting period 2020-04-01 to 2021-03-30. The reporting entities are headquartered in Australia. The reporting entities have an annual revenue band of 250-300M. The reporting entities operate in the industry sectors: Utilities: gas, water and electricity. Register entry: https://modernslaveryregister.gov.au/statements/5577/.'}"
Modern slavery statement 2021-4137: WINNING APPLIANCES PTY LTD,document,"{'content': 'WINNING APPLIANCES PTY LTD (ABN 94 002 193 688) filed a joint modern slavery statement with the Australian Modern Slavery Register for the reporting period 2021-01-01 to 2021-12-31. The reporting entity is headquartered in Australia. The reporting entity has an annual revenue band of 800-900M. The reporting entity operates in the industry sectors: Forestry, timber products, paper and containers and packaging Durable consumer goods, including electronics and appliances, home furnishings and other accessories Transportation, logistics, and storage. Register entry: https://modernslaveryregister.gov.au/statements/7611/.'}"
Modern slavery statement 2023-1634: GUSHERD PTY LTD & JOHN MCGRATH HOLDEN PTY LTD & J & V MCGRATH HOLDINGS PTY LIMITED et al.,document,"{'content': 'GUSHERD PTY LTD (ABN 16 093 033 197), JOHN MCGRATH HOLDEN PTY LTD (ABN 47 628 781 582), J & V MCGRATH HOLDINGS PTY LIMITED (ABN 81 122 411 778) and MCGRATH CANBERRA PTY LTD (ABN 78 093 024 107) filed a joint modern slavery statement with the Australian Modern Slavery Register for the reporting period 2022-07-01 to 2023-06-30. The reporting entities are headquartered in Australia. The reporting entities have an annual revenue band of 150-200M. The reporting entities operate in the industry sectors: Automotive, machinery and heavy electrical equipment. Register entry: https://modernslaveryregister.gov.au/statements/14372/.'}"
Modern slavery statement 2023-3163: ART GROUP SERVICES LTD & ART PEOPLE SERVICES PTY LTD & AUSTRALIAN RETIREMENT TRUST et al.,document,"{'content': 'ART GROUP SERVICES LTD (ABN 50 125 248 286), ART PEOPLE SERVICES PTY LTD (ABN 90 601 938 774), AUSTRALIAN RETIREMENT TRUST (ABN 60 905 115 063), AUSTRALIAN RETIREMENT TRUST PTY LTD (ABN 88 010 720 840), PRECISION ADMINISTRATION SERVICES PTY LTD (ABN 47 098 977 667), QINSURE LIMITED (ABN 79 607 345 853), QSUPER GLOBAL ASSETS PTY LTD, QSUPER INVESTMENT HOLDINGS PTY LTD (ABN 90 601 938 774) and THE TRUSTEE FOR SUNSUPER POOLED SUPERANNUATION TRUST (ABN 14 732 571 880) filed a joint modern slavery statement with the Australian Modern Slavery Register for the reporting period 2022-07-01 to 2023-06-30. The reporting entities are headquartered in Australia. The reporting entities have an annual revenue band of 0-99M. The reporting entities operate in the industry sectors: Financial, insurance and real estate activities. The statement also covers the included entities: ART GROUP SERVICES LTD (50 125 248 286), ART PEOPLE SERVICES PTY LTD (90 601 938 774), PRECISION ADMINISTRATION SERVICES PTY LTD (47 098 977 667), QINSURE LIMITED (79 607 345 853), QSUPER GLOBAL ASSETS PTY LTD, QSUPER INVESTMENT HOLDINGS PTY LTD, THE TRUSTEE FOR AUSTRALIAN RETIREMENT TRUST (60 905 115 063), THE TRUSTEE FOR SUNSUPER POOLED SUPERANNUATION TRUST (14 732 571 880). Register entry: https://modernslaveryregister.gov.au/statements/15700/.'}"
Modern slavery statement 2021-1760: ONTEX MANUFACTURING PTY LTD,document,{'content': 'ONTEX MANUFACTURING PTY LTD (ABN 16 145 822 528) filed a single modern slavery statement with the Australian Modern Slavery Register for the reporting period 2020-01-01 to 2020-12-31. The reporting entity is headquartered in Belgium. The reporting entity has an annual revenue band of 100-150M. The reporting entity operates in the industry sectors: Healthcare and pharmaceuticals. Register entry: https://modernslaveryregister.gov.au/statements/3969/.'}
Modern slavery statement 2022-1775: UCC COFFEE AUSTRALIA LIMITED,document,"{'content': 'UCC COFFEE AUSTRALIA LIMITED (ABN 49 000 254 660) filed a single modern slavery statement with the Australian Modern Slavery Register for the reporting period 2021-01-01 to 2021-12-31. The reporting entity is headquartered in Australia. The reporting entity has an annual revenue band of 100-150M. The reporting entity operates in the industry sectors: Food and beverages, agriculture and fishing. Register entry: https://modernslaveryregister.gov.au/statements/10141/.'}"
Modern slavery statement 2022-630: LYCOPODIUM LIMITED,document,"{'content': 'LYCOPODIUM LIMITED (ABN 83 098 556 159) filed a single modern slavery statement with the Australian Modern Slavery Register for the reporting period 2020-07-01 to 2021-06-30. The reporting entity is headquartered in Australia. The reporting entity has an annual revenue band of 150-200M. The reporting entity operates in the industry sectors: Mining, metals, chemicals and resources (including oil and gas). Register entry: https://modernslaveryregister.gov.au/statements/8668/.'}"
Modern slavery statement 2023-3023: REDOX LIMITED,document,"{'content': 'REDOX LIMITED (ABN 92 000 762 345) filed a joint modern slavery statement with the Australian Modern Slavery Register for the reporting period 2022-07-01 to 2023-06-30. The reporting entity is headquartered in Australia. The reporting entity has an annual revenue band of 1BN+. The reporting entity operates in the industry sectors: Mining, metals, chemicals and resources (including oil and gas). The statement also covers the included entities: Redox Chemicals SDN BHD, Redox Inc, Redox Ingredientes Mexico, S.A de C,V, Redox Ingredients PTE. LTD, Redox Investments, Redox (UK) LTD. Register entry: https://modernslaveryregister.gov.au/statements/16274/.'}"
Modern slavery statement 2025-3065: ESSENTIAL ENERGY,document,"{'content': 'ESSENTIAL ENERGY (ABN 37 428 185 226) filed a single modern slavery statement with the Australian Modern Slavery Register for the reporting period 2024-07-01 to 2025-06-30. The reporting entity is headquartered in Australia. The reporting entity has an annual revenue band of 1BN+. The reporting entity operates in the industry sectors: Electricity, Gas, Water and Waste Services. Register entry: https://modernslaveryregister.gov.au/statements/25990/.'}"
Modern slavery statement 2021-768: CARSALES.COM LIMITED,document,"{'content': 'CARSALES.COM LIMITED (ABN 91 074 444 018) filed a single modern slavery statement with the Australian Modern Slavery Register for the reporting period 2019-07-01 to 2020-06-30. The reporting entity is headquartered in Australia. The reporting entity has an annual revenue band of 350-400M. The reporting entity operates in the industry sectors: Automotive, machinery and heavy electrical equipment Information technology and telecommunication. Register entry: https://modernslaveryregister.gov.au/statements/2473/.'}"
Modern slavery statement 2024-2191: COX ARCHITECTURE PTY LTD,document,"{'content': 'COX ARCHITECTURE PTY LTD filed a single modern slavery statement with the Australian Modern Slavery Register for the reporting period 2023-07-01 to 2024-06-30. The reporting entity is headquartered in Australia. The reporting entity has an annual revenue band of 100-150M. The reporting entity operates in the industry sectors: Professional and administrative services and supplies, including legal, consulting and accounting services. The statement also covers the included entities: COX ARCHITECTURE LTD. Register entry: https://modernslaveryregister.gov.au/statements/19783/.'}"
Modern slavery statement 2025-2082: Nomura Financial Products Europe GmbH,document,{'content': 'Nomura Financial Products Europe GmbH filed a single modern slavery statement with the Australian Modern Slavery Register for the reporting period 2024-04-01 to 2025-03-31. The reporting entity is headquartered in Germany. The reporting entity has an annual revenue band of 300-350M. The reporting entity operates in the industry sectors: Financial and Insurance Services. Register entry: https://modernslaveryregister.gov.au/statements/24522/.'}
Modern slavery statement 2025-1279: MTR CORPORATION (SYDNEY) SMCSW PTY LIMITED,document,"{'content': 'MTR CORPORATION (SYDNEY) SMCSW PTY LIMITED filed a single modern slavery statement with the Australian Modern Slavery Register for the reporting period 2024-01-01 to 2024-12-31. The reporting entity is headquartered in Australia. The reporting entity has an annual revenue band of 200-250M. The reporting entity operates in the industry sectors: Automotive, machinery and heavy electrical equipment Transportation, logistics, and storage. Register entry: https://modernslaveryregister.gov.au/statements/23526/.'}"
Modern slavery statement 2023-50: TASMANIAN NETWORKS PTY LTD,document,"{'content': 'TASMANIAN NETWORKS PTY LTD (ABN 24 167 357 299) filed a single modern slavery statement with the Australian Modern Slavery Register for the reporting period 2022-01-01 to 2022-12-31. The reporting entity is headquartered in Australia. The reporting entity has an annual revenue band of 500-600M. The reporting entity operates in the industry sectors: Utilities: gas, water and electricity. Register entry: https://modernslaveryregister.gov.au/statements/12141/.'}"
Modern slavery statement 2024-2255: TOPCO INVESTMENTS AUSTRALIA PTY LIMITED,document,"{'content': ""TOPCO INVESTMENTS AUSTRALIA PTY LIMITED (ABN 78 622 116 992) filed a single modern slavery statement with the Australian Modern Slavery Register for the reporting period 2023-01-01 to 2023-12-31. The reporting entity is headquartered in Singapore. The reporting entity has an annual revenue band of 500-600M. The reporting entity operates in the industry sectors: Food and beverages, agriculture and fishing. The statement also covers the included entities: Australian Pet Brands Pty Ltd (75 138 614 150), CONSOLIDATED MANUFACTURING ENTERPRISE PTY LTD (65 135 904 282), Game Meat Processing Pty Ltd (96 115 499 333), PEOPLE FOR PETS PTY LTD (31 648 354 787), PIN WHISTLE PTY LTD (12 645 313 444), REAL PET FOOD COMPANY PTY LTD (54 618 564 257), RPFCBIDCO PTY LIMITED (34 621 969 855), The Trustee for SWANBROOK ROAD HOLDING TRUST (30 313 352 358), VETCO AUSTRALIA PTY LTD (90 163 771 640), VET'S BEST PRODUCTS PTY LTD (78 078 295 164), V.I.P. PETFOODS (AUST.) PTY. LTD. (98 069 880 164). Register entry: https://modernslaveryregister.gov.au/statements/19738/.""}"
Modern slavery statement 2025-2429: COMPASSION AUSTRALIA,document,{'content': 'COMPASSION AUSTRALIA (ABN 67 001 692 566) filed a single modern slavery statement with the Australian Modern Slavery Register for the reporting period 2024-07-01 to 2025-06-30. The reporting entity is headquartered in Australia. The reporting entity has an annual revenue band of 100-150M. The reporting entity operates in the industry sectors: Other Services. Register entry: https://modernslaveryregister.gov.au/statements/25071/.'}
Modern slavery statement 2024-1068: TT CLUB MUTUAL INSURANCE LIMITED,document,"{'content': 'TT CLUB MUTUAL INSURANCE LIMITED (ABN 31 129 394 618) filed a single modern slavery statement with the Australian Modern Slavery Register for the reporting period 2023-01-01 to 2023-12-31. The reporting entity is headquartered in United Kingdom. The reporting entity has an annual revenue band of 250-300M. The reporting entity operates in the industry sectors: Financial, insurance and real estate activities. Register entry: https://modernslaveryregister.gov.au/statements/18341/.'}"
Modern slavery statement 2025-1329: HEALTHCARE AUSTRALIA PTY LTD,document,{'content': 'HEALTHCARE AUSTRALIA PTY LTD (ABN 95 108 180 589) filed a single modern slavery statement with the Australian Modern Slavery Register for the reporting period 2024-01-01 to 2024-12-31. The reporting entity is headquartered in Australia. The reporting entity has an annual revenue band of 500-600M. The reporting entity operates in the industry sectors: Healthcare and pharmaceuticals. Register entry: https://modernslaveryregister.gov.au/statements/23585/.'}
Modern slavery statement 2022-989: BERKSHIRE HATHAWAY SPECIALTY INSURANCE COMPANY,document,"{'content': 'BERKSHIRE HATHAWAY SPECIALTY INSURANCE COMPANY (ABN 84 600 643 034) filed a single modern slavery statement with the Australian Modern Slavery Register for the reporting period 2020-01-01 to 2020-12-31. The reporting entity is headquartered in United States of America. The reporting entity has an annual revenue band of 300-350M. The reporting entity operates in the industry sectors: Financial, insurance and real estate activities. Register entry: https://modernslaveryregister.gov.au/statements/9210/.'}"
Modern slavery statement 2025-3190: DEFENCE HEALTH LIMITED,document,{'content': 'DEFENCE HEALTH LIMITED (ABN 80 008 629 481) filed a single modern slavery statement with the Australian Modern Slavery Register for the reporting period 2024-07-01 to 2025-06-30. The reporting entity is headquartered in Australia. The reporting entity has an annual revenue band of 600-700M. The reporting entity operates in the industry sectors: Financial and Insurance Services. Register entry: https://modernslaveryregister.gov.au/statements/26152/.'}
Modern slavery statement 2021-2074: FUCHS LUBRICANTS (AUSTRALASIA) PTY LTD,document,"{'content': 'FUCHS LUBRICANTS (AUSTRALASIA) PTY LTD (ABN 88 005 681 916) filed a single modern slavery statement with the Australian Modern Slavery Register for the reporting period 2020-01-01 to 2020-12-31. The reporting entity is headquartered in Australia. The reporting entity has an annual revenue band of 250-300M. The reporting entity operates in the industry sectors: Mining, metals, chemicals and resources (including oil and gas). Register entry: https://modernslaveryregister.gov.au/statements/4630/.'}"
Modern slavery statement 2024-1161: ASURION AUSTRALIA PTY LIMITED,document,"{'content': 'ASURION AUSTRALIA PTY LIMITED (ABN 18 155 388 275) filed a single modern slavery statement with the Australian Modern Slavery Register for the reporting period 2023-01-01 to 2023-12-31. The reporting entity is headquartered in United States of America. The reporting entity has an annual revenue band of 0-99M. The reporting entity operates in the industry sectors: Durable consumer goods, including electronics and appliances, home furnishings and other accessories Financial, insurance and real estate activities. Register entry: https://modernslaveryregister.gov.au/statements/18475/.'}"
Modern slavery statement 2022-1699: BM ALLIANCE COAL OPERATIONS PTY LIMITED,document,"{'content': 'BM ALLIANCE COAL OPERATIONS PTY LIMITED (ABN 67 096 412 752) filed a single modern slavery statement with the Australian Modern Slavery Register for the reporting period 2021-07-01 to 2022-06-30. The reporting entity is headquartered in Australia. The reporting entity has an annual revenue band of 600-700M. The reporting entity operates in the industry sectors: Mining, metals, chemicals and resources (including oil and gas). Register entry: https://modernslaveryregister.gov.au/statements/10191/.'}"
Modern slavery statement 2023-2344: Magi Enterprises Pty Ltd,document,"{'content': 'Magi Enterprises Pty Ltd (ABN 49 154 423 613) filed a single modern slavery statement with the Australian Modern Slavery Register for the reporting period 2022-10-01 to 2023-09-30. The reporting entity is headquartered in Australia. The reporting entity has an annual revenue band of 100-150M. The reporting entity operates in the industry sectors: Fashion, textiles, apparel and luxury goods. Register entry: https://modernslaveryregister.gov.au/statements/15393/.'}"
Modern slavery statement 2023-2350: VICTORIA AMATEUR TURF CLUB (INCORPORATING THE MELBOURNE RACING CLUB),document,"{'content': 'VICTORIA AMATEUR TURF CLUB (INCORPORATING THE MELBOURNE RACING CLUB) (ABN 96 267 203 634) filed a joint modern slavery statement with the Australian Modern Slavery Register for the reporting period 2022-07-01 to 2023-06-30. The reporting entity is headquartered in Australia. The reporting entity has an annual revenue band of 200-250M. The reporting entity operates in the industry sectors: Charitable / not-for-profit activities. The statement also covers the included entities: MELBOURNE RACING CLUB F&B LIMITED (60 605 607 001), MELBOURNE RACING CLUB INVESTMENTS PTY LTD (53 144 540 821), MRC FOUNDATION LIMITED (72 602 872 186), The Trustee for the MRC Foundation (36 621 981 453), YADNUM UNIT TRUST (91 814 849 239). Register entry: https://modernslaveryregister.gov.au/statements/15407/.'}"
Modern slavery statement 2023-3146: DEFENCE HEALTH LIMITED,document,"{'content': 'DEFENCE HEALTH LIMITED (ABN 80 008 629 481) filed a single modern slavery statement with the Australian Modern Slavery Register for the reporting period 2022-07-01 to 2023-06-30. The reporting entity is headquartered in Australia. The reporting entity has an annual revenue band of 100-150M. The reporting entity operates in the industry sectors: Financial, insurance and real estate activities. Register entry: https://modernslaveryregister.gov.au/statements/16419/.'}"
Modern slavery statement 2021-749: DAIKIN AUSTRALIA PTY LTD,document,"{'content': 'DAIKIN AUSTRALIA PTY LTD (ABN 62 000 172 967) filed a single modern slavery statement with the Australian Modern Slavery Register for the reporting period 2020-01-01 to 2020-12-31. The reporting entity is headquartered in Australia. The reporting entity has an annual revenue band of 800-900M. The reporting entity operates in the industry sectors: Durable consumer goods, including electronics and appliances, home furnishings and other accessories. Register entry: https://modernslaveryregister.gov.au/statements/2444/.'}"
Modern slavery statement 2026-416: MEDICAL INDEMNITY PROTECTION SOCIETY LIMITED,document,{'content': 'MEDICAL INDEMNITY PROTECTION SOCIETY LIMITED (ABN 64 007 067 281) filed a single modern slavery statement with the Australian Modern Slavery Register for the reporting period 2024-07-01 to 2025-06-30. The reporting entity is headquartered in Australia. The reporting entity has an annual revenue band of 100-150M. The reporting entity operates in the industry sectors: Financial and Insurance Services. Register entry: https://modernslaveryregister.gov.au/statements/27686/.'}
Modern slavery statement 2021-2210: CANON AUSTRALIA PTY. LTD.,document,"{'content': 'CANON AUSTRALIA PTY. LTD. (ABN 66 005 002 951) filed a joint modern slavery statement with the Australian Modern Slavery Register for the reporting period 2020-01-01 to 2020-12-31. The reporting entity is headquartered in Australia. The reporting entity has an annual revenue band of 600-700M. The reporting entity operates in the industry sectors: Durable consumer goods, including electronics and appliances, home furnishings and other accessories Information technology and telecommunication Professional and administrative services and supplies, including legal, consulting and accounting services. Register entry: https://modernslaveryregister.gov.au/statements/4804/.'}"
Modern slavery statement 2024-3150: AGL ELECTRICITY (VIC) PTY LIMITED & AGL ENERGY LIMITED & AGL Generation Holdco Pty Ltd et al.,document,"{'content': 'AGL ELECTRICITY (VIC) PTY LIMITED (ABN 62 070 182 099), AGL ENERGY LIMITED (ABN 74 115 061 375), AGL Generation Holdco Pty Ltd (ABN 46 155 768 291), AGL LOY YANG PARTNERSHIP (ABN 80 716 340 603), AGL LOY YANG PTY LTD (ABN 62 077 985 758), AGL MACQUARIE PTY LIMITED (ABN 18 167 859 494), AGL RETAIL ENERGY LIMITED (ABN 21 074 839 464), AGL SALES PTY LIMITED (ABN 88 090 538 337), AGL SOUTH AUSTRALIA PTY LIMITED (ABN 49 091 105 092), AGL WHOLESALE GAS LIMITED (ABN 26 072 948 504), PERTH ENERGY HOLDINGS PTY. LTD. (ABN 20 611 228 221), PERTH ENERGY PTY LTD (ABN 39 087 386 445), SEGH PTY LTD (ABN 66 604 691 867), Southern Phone Company Limited (ABN 42 100 901 184), SUSTAINABLE BUSINESS ENERGY SOLUTIONS PTY LTD (ABN 21 131 625 600) and VICTORIAN ENERGY PTY LIMITED (ABN 97 069 892 379) filed a joint modern slavery statement with the Australian Modern Slavery Register for the reporting period 2023-07-01 to 2024-06-30. The reporting entities are headquartered in Australia. The reporting entities have an annual revenue band of 1BN+. The reporting entities operate in the industry sectors: Utilities: gas, water and electricity. The statement also covers the included entities: ENERGY 360 PTY LTD (21 143 440 260), OVO ENERGY PTY LTD (99 623 475 089). Register entry: https://modernslaveryregister.gov.au/statements/21075/.'}"
Modern slavery statement 2022-2140: Strandbags Holdings Pty Ltd,document,"{'content': 'Strandbags Holdings Pty Ltd (ABN 99 128 842 482) filed a single modern slavery statement with the Australian Modern Slavery Register for the reporting period 2021-03-01 to 2022-02-28. The reporting entity is headquartered in Australia. The reporting entity has an annual revenue band of 200-250M. The reporting entity operates in the industry sectors: Durable consumer goods, including electronics and appliances, home furnishings and other accessories Fashion, textiles, apparel and luxury goods. Register entry: https://modernslaveryregister.gov.au/statements/10835/.'}"
"Modern slavery statement 2024-2534: ORACLE CORPORATION AUSTRALIA PTY LIMITED, ORACLE GLOBAL SERVICES AUSTRALIA PTY LTD",document,"{'content': 'ORACLE CORPORATION AUSTRALIA PTY LIMITED, ORACLE GLOBAL SERVICES AUSTRALIA PTY LTD filed a joint modern slavery statement with the Australian Modern Slavery Register for the reporting period 2023-06-01 to 2024-05-31. The reporting entity is headquartered in United States of America. The reporting entity has an annual revenue band of 1BN+. The reporting entity operates in the industry sectors: Information technology and telecommunication. Register entry: https://modernslaveryregister.gov.au/statements/20252/.'}"
Modern slavery statement 2024-2675: DARACON CONTRACTORS PTY LTD & DARACON ENGINEERING PTY LTD & DAROMIN ENGINEERING PTY LTD,document,"{'content': 'DARACON CONTRACTORS PTY LTD (ABN 82 002 344 667), DARACON ENGINEERING PTY LTD (ABN 84 002 640 262) and DAROMIN ENGINEERING PTY LTD (ABN 20 001 236 255) filed a joint modern slavery statement with the Australian Modern Slavery Register for the reporting period 2023-07-01 to 2024-06-30. The reporting entities are headquartered in Australia. The reporting entities have an annual revenue band of 350-400M. The reporting entities operate in the industry sectors: Construction, civil engineering and building products. Register entry: https://modernslaveryregister.gov.au/statements/20463/.'}"
Modern slavery statement 2021-1456: BPW TRANSPEC PTY LTD,document,{'content': 'BPW TRANSPEC PTY LTD (ABN 63 006 645 272) filed a single modern slavery statement with the Australian Modern Slavery Register for the reporting period 2020-01-01 to 2020-12-31. The reporting entity is headquartered in Germany. The reporting entity has an annual revenue band of 100-150M. The reporting entity operates in the industry sectors: Other. Register entry: https://modernslaveryregister.gov.au/statements/3447/.'}
Modern slavery statement 2023-399: PIP Australia Pty Ltd ACN 632 076 487,document,"{'content': 'PIP Australia Pty Ltd ACN 632 076 487 (ABN 00 000 000 000) filed a single modern slavery statement with the Australian Modern Slavery Register for the reporting period 2022-02-01 to 2023-01-31. The reporting entity is headquartered in Australia, United States of America. The reporting entity has an annual revenue band of 150-200M. The reporting entity operates in the industry sectors: Other. Register entry: https://modernslaveryregister.gov.au/statements/12649/.'}"
Modern slavery statement 2025-3314: LUMO ENERGY AUSTRALIA PTY LTD & RED ENERGY PTY. LIMITED & SNOWY HYDRO LIMITED,document,"{'content': 'LUMO ENERGY AUSTRALIA PTY LTD (ABN 69 100 528 327), RED ENERGY PTY. LIMITED (ABN 60 107 479 372) and SNOWY HYDRO LIMITED (ABN 17 090 574 431) filed a joint modern slavery statement with the Australian Modern Slavery Register for the reporting period 2024-07-01 to 2025-06-30. The reporting entities are headquartered in Australia. The reporting entities have an annual revenue band of 1BN+. The reporting entities operate in the industry sectors: Electricity, Gas, Water and Waste Services. Register entry: https://modernslaveryregister.gov.au/statements/26328/.'}"
Modern slavery statement 2021-1620: BDO GROUP HOLDINGS LIMITED & H ARGIRIS & J BRESOLIN & P.R CHEESEMAN & T FAZIO & C.D FRECKMANN & D.J GARVEY & B.E GREENACRE & M.C LEONARD & J.A MOONEY & C MORETTI & G.M PYNE & G.F SAXON & A.C SLOAN & G.B WAKEMAN,document,"{'content': 'BDO GROUP HOLDINGS LIMITED (ABN 77 133 657 833) and H ARGIRIS & J BRESOLIN & P.R CHEESEMAN & T FAZIO & C.D FRECKMANN & D.J GARVEY & B.E GREENACRE & M.C LEONARD & J.A MOONEY & C MORETTI & G.M PYNE & G.F SAXON & A.C SLOAN & G.B WAKEMAN (ABN 83 236 985 726) filed a joint modern slavery statement with the Australian Modern Slavery Register for the reporting period 2019-07-01 to 2020-06-30. The reporting entities are headquartered in Australia. The reporting entities have an annual revenue band of 200-250M. The reporting entities operate in the industry sectors: Professional and administrative services and supplies, including legal, consulting and accounting services. Register entry: https://modernslaveryregister.gov.au/statements/3749/.'}"
"Modern slavery statement 2024-3513: SLADE, DAVID & The Trustee for The D Slade Pharmacies Unit Trust & W.H. MCCARTHY PTY LTD",document,"{'content': 'SLADE, DAVID (ABN 69 315 076 159), The Trustee for The D Slade Pharmacies Unit Trust (ABN 58 689 652 969) and W.H. MCCARTHY PTY LTD (ABN 73 000 004 893) filed a joint modern slavery statement with the Australian Modern Slavery Register for the reporting period 2023-07-01 to 2024-06-30. The reporting entities are headquartered in Australia. The reporting entities have an annual revenue band of 700-800M. The reporting entities operate in the industry sectors: Healthcare and pharmaceuticals. The statement also covers the included entities: RAM HILL PHARMACY PTY LTD & THE TRUSTEE FOR D SLADE PHARMACIES UNIT TRUST (46 741 078 217). Register entry: https://modernslaveryregister.gov.au/statements/20466/.'}"
Modern slavery statement 2025-3379: CLAYTON UTZ & THE TRUSTEE FOR THE CU SERVICES TRUST & TONCLAY SERVICES TRUST,document,"{'content': 'CLAYTON UTZ (ABN 35 740 217 343), THE TRUSTEE FOR THE CU SERVICES TRUST (ABN 98 393 517 932) and TONCLAY SERVICES TRUST (ABN 86 726 924 905) filed a joint modern slavery statement with the Australian Modern Slavery Register for the reporting period 2024-07-01 to 2025-06-30. The reporting entities are headquartered in Australia. The reporting entities have an annual revenue band of 500-600M. The reporting entities operate in the industry sectors: Professional, Scientific and Technical Services. The statement also covers the included entities: BUDAGE PTY LIMITED, CU SERVICES PTY LIMITED, CU SHAREHOLDING PTY LIMITED. Register entry: https://modernslaveryregister.gov.au/statements/26424/.'}"
Modern slavery statement 2021-983: PACIFIC HEALTH SUPPLIES HOLDCO PTY LIMITED & PACIFIC HEALTH SUPPLIES TOPCO1 PTY LIMITED,document,{'content': 'PACIFIC HEALTH SUPPLIES HOLDCO PTY LIMITED (ABN 93 624 033 450) and PACIFIC HEALTH SUPPLIES TOPCO1 PTY LIMITED (ABN 49 624 030 897) filed a joint modern slavery statement with the Australian Modern Slavery Register for the reporting period 2019-07-01 to 2020-06-30. The reporting entities are headquartered in Australia. The reporting entities have an annual revenue band of 200-250M. The reporting entities operate in the industry sectors: Other. Register entry: https://modernslaveryregister.gov.au/statements/2771/.'}
Modern slavery statement 2023-1094: HEALTHSCOPE OPERATIONS PTY LTD,document,{'content': 'HEALTHSCOPE OPERATIONS PTY LTD (ABN 85 006 405 152) filed a single modern slavery statement with the Australian Modern Slavery Register for the reporting period 2022-01-01 to 2022-12-31. The reporting entity is headquartered in Australia. The reporting entity has an annual revenue band of 1BN+. The reporting entity operates in the industry sectors: Healthcare and pharmaceuticals. Register entry: https://modernslaveryregister.gov.au/statements/13697/.'}
Modern slavery statement 2025-2537: GEELONG GRAMMAR FOUNDATION LIMITED & GEELONG GRAMMAR SCHOOL & The Trustee for Geelong Grammar School Endowment Trust et al.,document,"{'content': 'GEELONG GRAMMAR FOUNDATION LIMITED (ABN 56 005 211 076), GEELONG GRAMMAR SCHOOL (ABN 92 004 971 500), The Trustee for Geelong Grammar School Endowment Trust (ABN 15 790 631 443), The Trustee for Geelong Grammar School Scholarship Fund (ABN 15 711 430 906) and The Trustee for THE GEELONG GRAMMAR BUILDING FUND (ABN 50 285 447 478) filed a joint modern slavery statement with the Australian Modern Slavery Register for the reporting period 2023-01-01 to 2024-12-31. The reporting entities are headquartered in Australia. The reporting entities have an annual revenue band of 100-150M. The reporting entities operate in the industry sectors: Education and Training. Register entry: https://modernslaveryregister.gov.au/statements/25213/.'}"
Modern slavery statement 2024-1501: THE UNIVERSITY OF WOLLONGONG,document,{'content': 'THE UNIVERSITY OF WOLLONGONG (ABN 61 060 567 686) filed a single modern slavery statement with the Australian Modern Slavery Register for the reporting period 2023-01-01 to 2023-12-31. The reporting entity is headquartered in Australia. The reporting entity has an annual revenue band of 700-800M. The reporting entity operates in the industry sectors: Education and research. The statement also covers the included entities: UOWGE LTD. Register entry: https://modernslaveryregister.gov.au/statements/18813/.'}
Modern slavery statement 2021-2663: Townsville Catholic Education Office,document,{'content': 'Townsville Catholic Education Office (ABN 13 622 319 794) filed a single modern slavery statement with the Australian Modern Slavery Register for the reporting period 2020-01-01 to 2020-12-31. The reporting entity is headquartered in Australia. The reporting entity has an annual revenue band of 700-800M. The reporting entity operates in the industry sectors: Education and research. Register entry: https://modernslaveryregister.gov.au/statements/5458/.'}
Modern slavery statement 2022-2176: THE TRUSTEE FOR CARE SUPER,document,"{'content': 'THE TRUSTEE FOR CARE SUPER (ABN 98 172 275 725) filed a single modern slavery statement with the Australian Modern Slavery Register for the reporting period 2021-07-01 to 2022-06-30. The reporting entity is headquartered in Australia. The reporting entity has an annual revenue band of 0-99M. The reporting entity operates in the industry sectors: Financial, insurance and real estate activities. Register entry: https://modernslaveryregister.gov.au/statements/10889/.'}"
Modern slavery statement 2026-19: BRL HOLDINGS PTY LTD,document,"{'content': 'BRL HOLDINGS PTY LTD (ABN 79 067 554 563) filed a single modern slavery statement with the Australian Modern Slavery Register for the reporting period 2024-07-01 to 2025-06-30. The reporting entity is headquartered in Australia. The reporting entity has an annual revenue band of 100-150M. The reporting entity operates in the industry sectors: Transport, Postal and Warehousing. Register entry: https://modernslaveryregister.gov.au/statements/27055/.'}"
Modern slavery statement 2024-1092: RINGCENTRAL AUSTRALIA PTY LTD,document,{'content': 'RINGCENTRAL AUSTRALIA PTY LTD (ABN 32 611 310 948) filed a single modern slavery statement with the Australian Modern Slavery Register for the reporting period 2023-01-01 to 2023-12-31. The reporting entity is headquartered in United States of America. The reporting entity has an annual revenue band of 0-99M. The reporting entity operates in the industry sectors: Information technology and telecommunication. Register entry: https://modernslaveryregister.gov.au/statements/18377/.'}
Modern slavery statement 2025-2615: DARWALLA MILLING CO. PTY. LTD.,document,"{'content': 'DARWALLA MILLING CO. PTY. LTD. (ABN 64 009 698 631) filed a single modern slavery statement with the Australian Modern Slavery Register for the reporting period 2024-07-01 to 2025-06-30. The reporting entity is headquartered in Australia. The reporting entity has an annual revenue band of 200-250M. The reporting entity operates in the industry sectors: Agriculture, Forestry and Fishing. The statement also covers the included entities: BENFER HOLDINGS PTY. LTD. (35 009 699 316), DARWALLA EGG PRODUCERS PTY. LTD. (47 009 698 560), DARWALLA FARMING & PLANT CO. PTY. LTD. (60 009 709 942), DARWALLA POULTRY DISTRIBUTORS PTY. LTD. (20 009 717 873), DARWALLA POULTRY PRODUCERS PTY. LTD. (62 009 698 622), GOLDEN COCKEREL (1962) PTY. LTD. (22 009 717 882), GOLDEN EGG PRODUCERS PTY. LTD. (34 009 761 228). Register entry: https://modernslaveryregister.gov.au/statements/25341/.'}"
Modern slavery statement 2023-227: QUANTUM TECHNOLOGY PTY LTD & SEEING EYE DOGS AUSTRALIA PTY LTD & The Trustee for Vision Australia Trust et al.,document,"{'content': 'QUANTUM TECHNOLOGY PTY LTD (ABN 29 001 381 728), SEEING EYE DOGS AUSTRALIA PTY LTD (ABN 28 004 758 641), The Trustee for Vision Australia Trust (ABN 88 646 584 335), VISION AUSTRALIA FOUNDATION (ABN 91 007 428 284) and VISION AUSTRALIA LIMITED (ABN 67 108 391 831) filed a joint modern slavery statement with the Australian Modern Slavery Register for the reporting period 2022-01-01 to 2022-12-31. The reporting entities are headquartered in Australia. The reporting entities have an annual revenue band of 100-150M. The reporting entities operate in the industry sectors: Charitable / not-for-profit activities. Register entry: https://modernslaveryregister.gov.au/statements/12402/.'}"
Modern slavery statement 2022-519: BCS AIRPORT SYSTEMS PTY LIMITED & BCS INFRASTRUCTURE SUPPORT PTY LIMITED & BCS LOGISTICS SOLUTIONS PTY LIMITED,document,"{'content': 'BCS AIRPORT SYSTEMS PTY LIMITED (ABN 63 097 441 882), BCS INFRASTRUCTURE SUPPORT PTY LIMITED (ABN 61 097 441 873) and BCS LOGISTICS SOLUTIONS PTY LIMITED (ABN 44 131 499 413) filed a joint modern slavery statement with the Australian Modern Slavery Register for the reporting period 2021-01-01 to 2021-12-31. The reporting entities are headquartered in New Zealand. The reporting entities have an annual revenue band of 0-99M. The reporting entities operate in the industry sectors: Transportation, logistics, and storage. Register entry: https://modernslaveryregister.gov.au/statements/8491/.'}"
"Modern slavery statement 2021-1428: Auckland Airport Holdings, Auckland Airport Holdings Limited, Auckland Airport Holdings (No 3) Limited, Auckland Airport Limited, Auckland International Airport Limited",document,"{'content': 'Auckland Airport Holdings, Auckland Airport Holdings Limited, Auckland Airport Holdings (No 3) Limited, Auckland Airport Limited, Auckland International Airport Limited filed a joint modern slavery statement with the Australian Modern Slavery Register for the reporting period 2019-07-01 to 2020-06-30. The reporting entity is headquartered in New Zealand. The reporting entity has an annual revenue band of 500-600M. The reporting entity operates in the industry sectors: Construction, civil engineering and building products Transportation, logistics, and storage Consumer services, including accommodation, hospitality, tourism and leisure. Register entry: https://modernslaveryregister.gov.au/statements/3396/.'}"
Modern slavery statement 2024-2308: VICTORIAN RAIL TRACK,document,"{'content': 'VICTORIAN RAIL TRACK (ABN 55 047 316 805) filed a single modern slavery statement with the Australian Modern Slavery Register for the reporting period 2023-07-01 to 2024-06-30. The reporting entity is headquartered in Australia. The reporting entity has an annual revenue band of 200-250M. The reporting entity operates in the industry sectors: Transportation, logistics, and storage Information technology and telecommunication Government Sector. The statement also covers the included entities: ROLLING STOCK HOLDINGS (VICTORIA) PTY LIMITED (74 104 780 056), ROLLING STOCK (VICTORIA-VL) PTY LIMITED (23 093 317 992), ROLLING STOCK (VL-1) PTY LIMITED (35 093 563 412), ROLLING STOCK (VL-2) PTY LIMITED (31 093 563 458), ROLLING STOCK (VL-3) PTY LIMITED (35 093 563 476). Register entry: https://modernslaveryregister.gov.au/statements/19942/.'}"
Modern slavery statement 2023-236: CONSTRUCCIONES Y AUXILIAR DE FERROCARRILES SA,document,"{'content': 'CONSTRUCCIONES Y AUXILIAR DE FERROCARRILES SA (ABN 80 398 386 054) filed a joint modern slavery statement with the Australian Modern Slavery Register for the reporting period 2022-01-01 to 2022-12-31. The reporting entity is headquartered in Spain. The reporting entity has an annual revenue band of 1BN+. The reporting entity operates in the industry sectors: Transportation, logistics, and storage. Register entry: https://modernslaveryregister.gov.au/statements/12419/.'}"
Modern slavery statement 2025-3678: DEGREE C PTY LTD & FAIRBROTHER PTY LTD,document,{'content': 'DEGREE C PTY LTD (ABN 16 009 587 008) and FAIRBROTHER PTY LTD (ABN 51 009 510 561) filed a joint modern slavery statement with the Australian Modern Slavery Register for the reporting period 2024-07-01 to 2025-06-30. The reporting entities are headquartered in Australia. The reporting entities have an annual revenue band of 350-400M. The reporting entities operate in the industry sectors: Construction. Register entry: https://modernslaveryregister.gov.au/statements/26776/.'}
Modern slavery statement 2023-752: FUGRO HOLDINGS (AUSTRALIA) PTY LTD,document,"{'content': 'FUGRO HOLDINGS (AUSTRALIA) PTY LTD (ABN 99 003 010 099) filed a joint modern slavery statement with the Australian Modern Slavery Register for the reporting period 2022-01-01 to 2022-12-31. The reporting entity is headquartered in Australia. The reporting entity has an annual revenue band of 150-200M. The reporting entity operates in the industry sectors: Mining, metals, chemicals and resources (including oil and gas) Utilities: gas, water and electricity Information technology and telecommunication. Register entry: https://modernslaveryregister.gov.au/statements/13211/.'}"
Modern slavery statement 2024-3291: Cancer Institute (NSW) & HEALTH ADMINISTRATION CORPORATION & HEALTHSHARE NSW et al.,document,"{'content': ""Cancer Institute (NSW) (ABN 48 538 442 594), HEALTH ADMINISTRATION CORPORATION (ABN 45 100 538 161), HEALTHSHARE NSW (ABN 82 901 548 116), NSW HEALTH SERVICE - JUSTICE HEALTH AND FORENSIC MENTAL HEALTH NETWORK (ABN 89 253 845 892) and THE SYDNEY CHILDREN'S HOSPITALS NETWORK (RANDWICK AND WESTMEAD) (INCORPORATING THE ROYAL ALEXANDRA HOSPITAL FOR CHILDREN) (ABN 53 188 579 090) filed a joint modern slavery statement with the Australian Modern Slavery Register for the reporting period 2023-07-01 to 2024-06-30. The reporting entities are headquartered in Australia. The reporting entities have an annual revenue band of 1BN+. The reporting entities operate in the industry sectors: Healthcare and pharmaceuticals. Register entry: https://modernslaveryregister.gov.au/statements/21245/.""}"
Modern slavery statement 2022-1850: MPA HOLDINGS (AUST.) PTY LIMITED,document,"{'content': 'MPA HOLDINGS (AUST.) PTY LIMITED (ABN 20 609 473 421) filed a single modern slavery statement with the Australian Modern Slavery Register for the reporting period 2021-07-01 to 2022-06-30. The reporting entity is headquartered in Australia. The reporting entity has an annual revenue band of 250-300M. The reporting entity operates in the industry sectors: Construction, civil engineering and building products. Register entry: https://modernslaveryregister.gov.au/statements/10416/.'}"
Modern slavery statement 2022-2607: WRIGHT PROSPECTING PTY LTD,document,"{'content': 'WRIGHT PROSPECTING PTY LTD (ABN 35 008 677 021) filed a single modern slavery statement with the Australian Modern Slavery Register for the reporting period 2021-07-01 to 2022-06-30. The reporting entity is headquartered in Australia. The reporting entity has an annual revenue band of 400-450M. The reporting entity operates in the industry sectors: Mining, metals, chemicals and resources (including oil and gas). Register entry: https://modernslaveryregister.gov.au/statements/11459/.'}"
Modern slavery statement 2021-3911: ESRI-AUSTRALIA PTY LTD,document,{'content': 'ESRI-AUSTRALIA PTY LTD (ABN 16 008 852 775) filed a joint modern slavery statement with the Australian Modern Slavery Register for the reporting period 2020-07-01 to 2021-06-30. The reporting entity is headquartered in Australia. The reporting entity has an annual revenue band of 100-150M. The reporting entity operates in the industry sectors: Information technology and telecommunication. Register entry: https://modernslaveryregister.gov.au/statements/7362/.'}
Modern slavery statement 2025-1613: SUNSHINE STATE POWER B.V. & SUNSHINE STATE POWER (NO.2) B.V.,document,"{'content': 'SUNSHINE STATE POWER B.V. (ABN 40 062 295 425) and SUNSHINE STATE POWER (NO.2) B.V. (ABN 27 063 382 829) filed a joint modern slavery statement with the Australian Modern Slavery Register for the reporting period 2024-01-01 to 2024-12-31. The reporting entities are headquartered in Netherlands. The reporting entities have an annual revenue band of 250-300M. The reporting entities operate in the industry sectors: Utilities: gas, water and electricity. Register entry: https://modernslaveryregister.gov.au/statements/23867/.'}"
Modern slavery statement 2023-766: CATHOLIC SCHOOLS BROKEN BAY,document,{'content': 'CATHOLIC SCHOOLS BROKEN BAY (ABN 19 542 675 092) filed a single modern slavery statement with the Australian Modern Slavery Register for the reporting period 2022-01-01 to 2022-12-31. The reporting entity is headquartered in Australia. The reporting entity has an annual revenue band of 250-300M. The reporting entity operates in the industry sectors: Education and research. Register entry: https://modernslaveryregister.gov.au/statements/13228/.'}
Modern slavery statement 2022-2729: CROWN RESORTS LIMITED,document,"{'content': 'CROWN RESORTS LIMITED (ABN 39 125 709 953) filed a single modern slavery statement with the Australian Modern Slavery Register for the reporting period 2021-07-01 to 2022-06-30. The reporting entity is headquartered in Australia. The reporting entity has an annual revenue band of 1BN+. The reporting entity operates in the industry sectors: Consumer services, including accommodation, hospitality, tourism and leisure Other. Register entry: https://modernslaveryregister.gov.au/statements/11608/.'}"
Modern slavery statement 2022-31: OMYA AUSTRALIA PTY LIMITED,document,"{'content': 'OMYA AUSTRALIA PTY LIMITED (ABN 97 001 682 533) filed a single modern slavery statement with the Australian Modern Slavery Register for the reporting period 2022-01-01 to 2022-06-30. The reporting entity is headquartered in Australia. The reporting entity has an annual revenue band of 150-200M. The reporting entity operates in the industry sectors: Mining, metals, chemicals and resources (including oil and gas). Register entry: https://modernslaveryregister.gov.au/statements/7736/.'}"
Modern slavery statement 2025-1201: FRESENIUS KABI AUSTRALIA PTY LIMITED,document,{'content': 'FRESENIUS KABI AUSTRALIA PTY LIMITED (ABN 39 109 383 593) filed a single modern slavery statement with the Australian Modern Slavery Register for the reporting period 2024-01-01 to 2024-12-31. The reporting entity is headquartered in Germany. The reporting entity has an annual revenue band of 150-200M. The reporting entity operates in the industry sectors: Healthcare and pharmaceuticals. Register entry: https://modernslaveryregister.gov.au/statements/23429/.'}
Modern slavery statement 2024-2193: THE TRUSTEE FOR CARE SUPER,document,"{'content': 'THE TRUSTEE FOR CARE SUPER (ABN 98 172 275 725) filed a single modern slavery statement with the Australian Modern Slavery Register for the reporting period 2023-07-01 to 2024-06-30. The reporting entity is headquartered in Australia. The reporting entity has an annual revenue band of 1BN+. The reporting entity operates in the industry sectors: Financial, insurance and real estate activities. Register entry: https://modernslaveryregister.gov.au/statements/19787/.'}"
Modern slavery statement 2023-2833: CTC PRECAST PTY LTD,document,"{'content': 'CTC PRECAST PTY LTD (ABN 12 614 966 059) filed a joint modern slavery statement with the Australian Modern Slavery Register for the reporting period 2022-07-01 to 2023-06-30. The reporting entity is headquartered in Australia. The reporting entity has an annual revenue band of 250-300M. The reporting entity operates in the industry sectors: Construction, civil engineering and building products. The statement also covers the included entities: CONCRETE SOLUTIONS HOLDINGS PTY LTD (53 651 776 251), CONCRETE SOLUTIONS OPERATIONS PTY LTD (89 651 777 212), CTC MANAGEMENT PTY LTD (16 652 733 947), PRECAST CIVIL INDUSTRIES PTY LTD (78 615 726 924), ROCLA PTY LIMITED (31 000 032 191), TRANSFAB HOLDINGS PTY LTD (53 662 386 441). Register entry: https://modernslaveryregister.gov.au/statements/16013/.'}"
Modern slavery statement 2024-3251: REGIS RESOURCES LIMITED,document,"{'content': 'REGIS RESOURCES LIMITED (ABN 28 009 174 761) filed a single modern slavery statement with the Australian Modern Slavery Register for the reporting period 2023-07-01 to 2024-06-30. The reporting entity is headquartered in Australia. The reporting entity has an annual revenue band of 1BN+. The reporting entity operates in the industry sectors: Mining, metals, chemicals and resources (including oil and gas). The statement also covers the included entities: AFB RESOURCES PTY LTD (71 649 001 623), AFB RESOURCES SPV PTY LTD (49 648 999 277), ARTANE MINERALS N.L. (16 008 978 336), DUKETON RESOURCES PTY LTD (27 008 952 449), LFB RESOURCES NL (90 073 478 574), ROSEMONT GOLD MINES PTY LTD (65 081 716 092). Register entry: https://modernslaveryregister.gov.au/statements/21190/.'}"
Modern slavery statement 2025-1410: NZME LIMITED,document,"{'content': 'NZME LIMITED filed a single modern slavery statement with the Australian Modern Slavery Register for the reporting period 2024-01-01 to 2024-12-31. The reporting entity is headquartered in New Zealand. The reporting entity has an annual revenue band of 300-350M. The reporting entity operates in the industry sectors: Media, publishing, arts and entertainment. Register entry: https://modernslaveryregister.gov.au/statements/23613/.'}"
Modern slavery statement 2024-800: PPG INDUSTRIES AUSTRALIA PTY LIMITED,document,"{'content': 'PPG INDUSTRIES AUSTRALIA PTY LIMITED (ABN 82 055 500 939) filed a single modern slavery statement with the Australian Modern Slavery Register for the reporting period 2023-01-01 to 2023-12-31. The reporting entity is headquartered in Australia. The reporting entity has an annual revenue band of 500-600M. The reporting entity operates in the industry sectors: Mining, metals, chemicals and resources (including oil and gas). The statement also covers the included entities: BARRIER CHEMICALS PTY. LIMITED (75 008 210 160), PPG SharePlan Nominees Pty Ltd, PRC - DESOTO AUSTRALIA PTY LTD (74 050 106 217), PROTEC PTY. LTD. (41 007 857 392). Register entry: https://modernslaveryregister.gov.au/statements/17947/.'}"
"Modern slavery statement 2025-3681: MIDWAY LIMITED, RCM ROLLCO LTD",document,"{'content': 'MIDWAY LIMITED, RCM ROLLCO LTD (ABN 63 682 218 579) filed a joint modern slavery statement with the Australian Modern Slavery Register for the reporting period 2024-07-01 to 2025-06-30. The reporting entity is headquartered in Australia. The reporting entity has an annual revenue band of 250-300M. The reporting entity operates in the industry sectors: Agriculture, Forestry and Fishing. The statement also covers the included entities: MIDWAY TASMANIA PTY LTD (58 614 635 764), Plantation Management Partners Pty Ltd (12 138 414 687), QUEENSLAND COMMODITY EXPORTS PTY. LIMITED (87 010 906 331), South West Fibre Pty Ltd (26 127 951 991). Register entry: https://modernslaveryregister.gov.au/statements/26456/.'}"
Modern slavery statement 2025-952: POLESTAR AUTOMOTIVE AUSTRALIA PTY LTD,document,"{'content': 'POLESTAR AUTOMOTIVE AUSTRALIA PTY LTD filed a single modern slavery statement with the Australian Modern Slavery Register for the reporting period 2024-01-01 to 2024-12-31. The reporting entity is headquartered in Sweden. The reporting entity has an annual revenue band of 0-99M. The reporting entity operates in the industry sectors: Automotive, machinery and heavy electrical equipment. Register entry: https://modernslaveryregister.gov.au/statements/23082/.'}"
Modern slavery statement 2021-2144: OPTIVER AUSTRALIA HOLDINGS PTY LIMITED,document,"{'content': 'OPTIVER AUSTRALIA HOLDINGS PTY LIMITED (ABN 35 077 364 286) filed a single modern slavery statement with the Australian Modern Slavery Register for the reporting period 2020-01-01 to 2020-12-31. The reporting entity is headquartered in Australia. The reporting entity has an annual revenue band of 1BN+. The reporting entity operates in the industry sectors: Financial, insurance and real estate activities. Register entry: https://modernslaveryregister.gov.au/statements/4677/.'}"
Modern slavery statement 2024-1552: COVER-MORE INSURANCE SERVICES PTY. LTD.,document,"{'content': 'COVER-MORE INSURANCE SERVICES PTY. LTD. (ABN 95 003 114 145) filed a single modern slavery statement with the Australian Modern Slavery Register for the reporting period 2023-07-01 to 2024-06-30. The reporting entity is headquartered in Australia. The reporting entity has an annual revenue band of 900M-1BN. The reporting entity operates in the industry sectors: Financial, insurance and real estate activities. Register entry: https://modernslaveryregister.gov.au/statements/18873/.'}"
Modern slavery statement 2024-2234: A & S WHOLESALE FRUIT & VEGETABLES PTY LTD,document,"{'content': 'A & S WHOLESALE FRUIT & VEGETABLES PTY LTD (ABN 60 006 598 796) filed a single modern slavery statement with the Australian Modern Slavery Register for the reporting period 2022-07-01 to 2023-06-30. The reporting entity is headquartered in Australia. The reporting entity has an annual revenue band of 100-150M. The reporting entity operates in the industry sectors: Food and beverages, agriculture and fishing. The statement also covers the included entities: ALL ASIA AUSTRALIA PTY LTD (25 637 091 635), ECOLOGICAL RECYCLING PTY LTD (65 616 809 468), MARKETPLACE FRESH WHOLESALE PTY LTD (76 629 555 246), MPF ADMIN PTY LTD (60 633 691 844), MPF DANDENONG PTY LTD (56 633 691 826), TEMPLESTOWE DELI PTY LTD (24 656 499 759), The Trustee for All Asia Cranbourne Unit Trust (50 201 221 086), The Trustee for All Asia Dandenong Unit Trust (33 450 188 005), The Trustee for Dandenong Grocery Unit Trust (41 399 408 234), The Trustee for EFW UNIT TRUST (37 831 020 334), The Trustee for MPF Cranbourne Unit Trust (93 991 763 282), The Trustee for MPF Mernda Unit Trust (67 244 969 225), The Trustee for MPF TEMPLESTOWE UNIT TRUST (44 757 100 219), The Trustee for The MPF Essendon Unit Trust (79 505 343 098), The Trustee for The MPF Karingal Unit Trust (38 416 902 735), The Trustee for The MPF Oakleigh Unit Trust (43 952 095 980), The Trustee for The MPF Woden Unit Trust (45 737 432 711). Register entry: https://modernslaveryregister.gov.au/statements/19818/.'}"
Modern slavery statement 2021-1672: MLC LIMITED,document,"{'content': 'MLC LIMITED (ABN 90 000 000 402) filed a single modern slavery statement with the Australian Modern Slavery Register for the reporting period 2020-01-01 to 2020-12-31. The reporting entity is headquartered in Australia. The reporting entity has an annual revenue band of 1BN+. The reporting entity operates in the industry sectors: Financial, insurance and real estate activities. Register entry: https://modernslaveryregister.gov.au/statements/3586/.'}"
Modern slavery statement 2022-3134: DHP CONSOLIDATED NO. 2 PTY LTD,document,"{'content': 'DHP CONSOLIDATED NO. 2 PTY LTD (ABN 63 627 160 310) filed a single modern slavery statement with the Australian Modern Slavery Register for the reporting period 2021-07-01 to 2022-06-30. The reporting entity is headquartered in Australia. The reporting entity has an annual revenue band of 100-150M. The reporting entity operates in the industry sectors: Food and beverages, agriculture and fishing. Register entry: https://modernslaveryregister.gov.au/statements/10482/.'}"
Modern slavery statement 2023-2909: The Trustee for the Australian Renewables Income Fund,document,"{'content': 'The Trustee for the Australian Renewables Income Fund (ABN 48 382 828 148) filed a single modern slavery statement with the Australian Modern Slavery Register for the reporting period 2022-07-01 to 2023-06-30. The reporting entity is headquartered in Australia. The reporting entity has an annual revenue band of 150-200M. The reporting entity operates in the industry sectors: Financial, insurance and real estate activities. Register entry: https://modernslaveryregister.gov.au/statements/15876/.'}"
Modern slavery statement 2023-1636: THE BOSTON CONSULTING GROUP PTY LTD,document,"{'content': 'THE BOSTON CONSULTING GROUP PTY LTD (ABN 70 007 347 131) filed a single modern slavery statement with the Australian Modern Slavery Register for the reporting period 2022-01-01 to 2022-12-31. The reporting entity is headquartered in Australia. The reporting entity has an annual revenue band of 250-300M. The reporting entity operates in the industry sectors: Professional and administrative services and supplies, including legal, consulting and accounting services. Register entry: https://modernslaveryregister.gov.au/statements/14373/.'}"
Modern slavery statement 2023-755: HERMES - AUSTRALIA PTY LIMITED,document,"{'content': 'HERMES - AUSTRALIA PTY LIMITED (ABN 88 003 558 085) filed a single modern slavery statement with the Australian Modern Slavery Register for the reporting period 2022-01-01 to 2022-12-31. The reporting entity is headquartered in France. The reporting entity has an annual revenue band of 350-400M. The reporting entity operates in the industry sectors: Fashion, textiles, apparel and luxury goods. Register entry: https://modernslaveryregister.gov.au/statements/12854/.'}"
Modern slavery statement 2022-1002: CBRE PTY LIMITED,document,{'content': 'CBRE PTY LIMITED (ABN 57 057 373 574) filed a single modern slavery statement with the Australian Modern Slavery Register for the reporting period 2021-01-01 to 2021-12-31. The reporting entity is headquartered in Australia. The reporting entity has an annual revenue band of 700-800M. The reporting entity operates in the industry sectors: Other. Register entry: https://modernslaveryregister.gov.au/statements/9227/.'}
Modern slavery statement 2023-2155: BREATHE SOFTWARE PTY LTD & ELMO SOFTWARE LIMITED & HRONBOARD PTY LTD et al.,document,"{'content': 'BREATHE SOFTWARE PTY LTD (ABN 27 643 981 579), ELMO SOFTWARE LIMITED (ABN 13 102 455 087), HRONBOARD PTY LTD (ABN 40 156 667 364), PIVOT REMESYS PTY LTD (ABN 85 615 913 687), The Trustee for Hero Brands Trust (ABN 27 885 167 045), The Trustee for ROSE CLASS UNIT TRUST (ABN 19 331 898 382) and WEBEXPENSES PTY LTD (ABN 11 609 537 877) filed a joint modern slavery statement with the Australian Modern Slavery Register for the reporting period 2022-07-01 to 2023-06-30. The reporting entities are headquartered in Australia. The reporting entities have an annual revenue band of 150-200M. The reporting entities operate in the industry sectors: Information technology and telecommunication. Register entry: https://modernslaveryregister.gov.au/statements/15111/.'}"
Modern slavery statement 2023-2996: MUTUAL MARKETPLACE PTY. LTD.,document,"{'content': 'MUTUAL MARKETPLACE PTY. LTD. (ABN 35 615 297 820) filed a joint modern slavery statement with the Australian Modern Slavery Register for the reporting period 2022-07-01 to 2023-06-30. The reporting entity is headquartered in Australia. The reporting entity has an annual revenue band of 200-250M. The reporting entity operates in the industry sectors: Financial, insurance and real estate activities. The statement also covers the included entities: MUTUAL MARKETPLACE LEGAL PTY LTD (39 658 736 540), MUTUAL MARKETPLACE PROPERTY PTY LTD (45 100 215 932). Register entry: https://modernslaveryregister.gov.au/statements/16249/.'}"
Modern slavery statement 2022-2443: AERIS RESOURCES LIMITED,document,"{'content': 'AERIS RESOURCES LIMITED (ABN 30 147 131 977) filed a single modern slavery statement with the Australian Modern Slavery Register for the reporting period 2021-07-01 to 2022-06-30. The reporting entity is headquartered in Australia. The reporting entity has an annual revenue band of 350-400M. The reporting entity operates in the industry sectors: Mining, metals, chemicals and resources (including oil and gas). Register entry: https://modernslaveryregister.gov.au/statements/11248/.'}"
Modern slavery statement 2022-1487: NATIONAL TILES CO PTY LTD,document,"{'content': 'NATIONAL TILES CO PTY LTD (ABN 57 007 381 599) filed a single modern slavery statement with the Australian Modern Slavery Register for the reporting period 2020-07-01 to 2021-06-30. The reporting entity is headquartered in Australia. The reporting entity has an annual revenue band of 150-200M. The reporting entity operates in the industry sectors: Construction, civil engineering and building products. Register entry: https://modernslaveryregister.gov.au/statements/9855/.'}"
Modern slavery statement 2024-1159: LOGOS AUSTRALIA COMPANY PTY LIMITED,document,"{'content': 'LOGOS AUSTRALIA COMPANY PTY LIMITED (ABN 39 601 746 516) filed a single modern slavery statement with the Australian Modern Slavery Register for the reporting period 2023-01-01 to 2023-12-31. The reporting entity is headquartered in Australia. The reporting entity has an annual revenue band of 150-200M. The reporting entity operates in the industry sectors: Construction, civil engineering and building products Financial, insurance and real estate activities Other. The statement also covers the included entities: LOGOS Australia Group Pty Ltd, LOGOS Development Management Pty Ltd, LOGOS Investment Management II Pty Ltd, LOGOS Investment Management Pty Ltd, LOGOS Investment Manager Pty Ltd, LOGOS MLP Development Management Pty Ltd, LOGOS MLP Management Pty Ltd, LOGOS New Zealand Development Management Pty Ltd, LOGOS NZ Management Pty Ltd, LOGOS Property Management Pty Ltd, LOGOS Southport Development Management Pty Ltd. Register entry: https://modernslaveryregister.gov.au/statements/18438/.'}"
Modern slavery statement 2023-2702: BISALLOY STEEL GROUP LTD & BISALLOY STEELS PTY. LTD.,document,"{'content': 'BISALLOY STEEL GROUP LTD (ABN 22 098 674 545) and BISALLOY STEELS PTY. LTD. (ABN 27 001 641 292) filed a joint modern slavery statement with the Australian Modern Slavery Register for the reporting period 2022-07-01 to 2023-06-30. The reporting entities are headquartered in Australia. The reporting entities have an annual revenue band of 100-150M. The reporting entities operate in the industry sectors: Mining, metals, chemicals and resources (including oil and gas). The statement also covers the included entities: BISALLOY STEELS PTY. LTD. (27 001 641 292). Register entry: https://modernslaveryregister.gov.au/statements/15888/.'}"
Modern slavery statement 2025-3367: LIPMAN PTY. LTD.,document,{'content': 'LIPMAN PTY. LTD. (ABN 84 001 548 830) filed a single modern slavery statement with the Australian Modern Slavery Register for the reporting period 2024-07-01 to 2025-06-30. The reporting entity is headquartered in Australia. The reporting entity has an annual revenue band of 200-250M. The reporting entity operates in the industry sectors: Construction. Register entry: https://modernslaveryregister.gov.au/statements/26410/.'}
Modern slavery statement 2024-625: SWINBURNE UNIVERSITY OF TECHNOLOGY,document,"{'content': 'SWINBURNE UNIVERSITY OF TECHNOLOGY (ABN 13 628 586 699) filed a single modern slavery statement with the Australian Modern Slavery Register for the reporting period 2023-01-01 to 2023-12-31. The reporting entity is headquartered in Australia. The reporting entity has an annual revenue band of 800-900M. The reporting entity operates in the industry sectors: Education and research. The statement also covers the included entities: CAPSULAR TECHNOLOGIES PTY. LTD. (67 615 605 742), NATIONAL INSTITUTE OF CIRCUS ARTS LIMITED (80 084 913 235), SWINBURNE INTERNATIONAL (HOLDINGS) PTY LTD (13 627 351 768), Swinburne Student Amenities Association Limited (35 117 060 232), SWINBURNE VENTURES LTD (47 096 584 404). Register entry: https://modernslaveryregister.gov.au/statements/17672/.'}"
Modern slavery statement 2024-391: GLADSTONE PORTS CORPORATION LIMITED,document,"{'content': 'GLADSTONE PORTS CORPORATION LIMITED (ABN 96 263 788 242) filed a single modern slavery statement with the Australian Modern Slavery Register for the reporting period 2022-07-01 to 2023-06-30. The reporting entity is headquartered in Australia. The reporting entity has an annual revenue band of 500-600M. The reporting entity operates in the industry sectors: Transportation, logistics, and storage. The statement also covers the included entities: GLADSTONE MARINE PILOT SERVICES PTY LTD (26 165 996 967). Register entry: https://modernslaveryregister.gov.au/statements/17335/.'}"
Modern slavery statement 2022-802: STORA ENSO AUSTRALIA PTY LTD,document,"{'content': 'STORA ENSO AUSTRALIA PTY LTD (ABN 64 099 948 491) filed a single modern slavery statement with the Australian Modern Slavery Register for the reporting period 2021-01-01 to 2021-12-31. The reporting entity is headquartered in Finland. The reporting entity has an annual revenue band of 200-250M. The reporting entity operates in the industry sectors: Forestry, timber products, paper and containers and packaging. Register entry: https://modernslaveryregister.gov.au/statements/8949/.'}"
Modern slavery statement 2021-1993: AUSTRALIAN BAKELS (PTY) LTD,document,"{'content': 'AUSTRALIAN BAKELS (PTY) LTD (ABN 35 000 112 836) filed a single modern slavery statement with the Australian Modern Slavery Register for the reporting period 2021-06-28 to 2022-06-24. The reporting entity is headquartered in Australia. The reporting entity has an annual revenue band of 100-150M. The reporting entity operates in the industry sectors: Food and beverages, agriculture and fishing. Register entry: https://modernslaveryregister.gov.au/statements/4500/.'}"
Modern slavery statement 2021-936: BIRCH; CARROLL & COYLE LIMITED & EVENT HOSPITALITY AND ENTERTAINMENT LTD & QT HOTELS AND RESORTS PTY LIMITED et al.,document,"{'content': 'BIRCH; CARROLL & COYLE LIMITED (ABN 40 009 659 643), EVENT HOSPITALITY AND ENTERTAINMENT LTD (ABN 51 000 005 103), QT HOTELS AND RESORTS PTY LIMITED (ABN 23 140 595 624), RYDGES HOTELS LTD (ABN 48 050 035 268) and THE GREATER UNION ORGANISATION PTY LTD (ABN 99 000 024 439) filed a joint modern slavery statement with the Australian Modern Slavery Register for the reporting period 2019-07-01 to 2020-06-30. The reporting entities are headquartered in Australia. The reporting entities have an annual revenue band of 1BN+. The reporting entities operate in the industry sectors: Consumer services, including accommodation, hospitality, tourism and leisure. Register entry: https://modernslaveryregister.gov.au/statements/2762/.'}"
Modern slavery statement 2021-2575: MELBOURNE POLYTECHNIC,document,{'content': 'MELBOURNE POLYTECHNIC (ABN 50 230 165 243) filed a single modern slavery statement with the Australian Modern Slavery Register for the reporting period 2020-07-01 to 2021-06-30. The reporting entity is headquartered in Australia. The reporting entity has an annual revenue band of 0-99M. The reporting entity operates in the industry sectors: Education and research. Register entry: https://modernslaveryregister.gov.au/statements/5312/.'}
Modern slavery statement 2023-2479: FREMANTLE PORT AUTHORITY,document,"{'content': 'FREMANTLE PORT AUTHORITY (ABN 78 187 229 472) filed a single modern slavery statement with the Australian Modern Slavery Register for the reporting period 2022-07-01 to 2023-06-30. The reporting entity is headquartered in Australia. The reporting entity has an annual revenue band of 200-250M. The reporting entity operates in the industry sectors: Transportation, logistics, and storage. Register entry: https://modernslaveryregister.gov.au/statements/15582/.'}"
Modern slavery statement 2022-1436: GLOBALIZATION PARTNERS PTY. LTD.,document,"{'content': 'GLOBALIZATION PARTNERS PTY. LTD. (ABN 24 609 771 146) filed a single modern slavery statement with the Australian Modern Slavery Register for the reporting period 2021-07-01 to 2022-06-30. The reporting entity is headquartered in Australia, United States of America. The reporting entity has an annual revenue band of 100-150M. The reporting entity operates in the industry sectors: Professional and administrative services and supplies, including legal, consulting and accounting services Other. Register entry: https://modernslaveryregister.gov.au/statements/9773/.'}"
Modern slavery statement 2021-1246: COUNTRY ROAD CLOTHING PTY. LTD. & COUNTRY ROAD GROUP PTY LTD & MIMCO PTY LTD et al.,document,"{'content': 'COUNTRY ROAD CLOTHING PTY. LTD. (ABN 84 005 419 447), COUNTRY ROAD GROUP PTY LTD (ABN 78 006 759 182), MIMCO PTY LTD (ABN 13 067 573 291), WITCHERY AUSTRALIA HOLDINGS PTY LIMITED (ABN 64 120 925 368), WITCHERY FASHIONS PTY. LTD. (ABN 70 006 897 230), Witchery Holdings Pty Ltd (ABN 84 120 830 613) and WOOLWORTHS INTERNATIONAL (AUSTRALIA) PTY LIMITED (ABN 21 078 178 220) filed a joint modern slavery statement with the Australian Modern Slavery Register for the reporting period 2019-07-01 to 2020-06-30. The reporting entities are headquartered in Australia. The reporting entities have an annual revenue band of 1BN+. The reporting entities operate in the industry sectors: Fashion, textiles, apparel and luxury goods. Register entry: https://modernslaveryregister.gov.au/statements/2175/.'}"
Modern slavery statement 2025-916: ENSIGN (AUSTRALIA) HOLDINGS PTY LTD & ENSIGN AUSTRALIA PTY LIMITED,document,"{'content': 'ENSIGN (AUSTRALIA) HOLDINGS PTY LTD (ABN 71 100 195 426) and ENSIGN AUSTRALIA PTY LIMITED (ABN 94 000 385 704) filed a joint modern slavery statement with the Australian Modern Slavery Register for the reporting period 2024-01-01 to 2024-12-31. The reporting entities are headquartered in Australia. The reporting entities have an annual revenue band of 150-200M. The reporting entities operate in the industry sectors: Mining, metals, chemicals and resources (including oil and gas). The statement also covers the included entities: ENSIGN INTERNATIONAL ENERGY SERVICES PTY LIMITED (12 000 675 721). Register entry: https://modernslaveryregister.gov.au/statements/23033/.'}"
Modern slavery statement 2021-1090: LOVISA HOLDINGS LIMITED & LOVISA PTY LIMITED,document,"{'content': 'LOVISA HOLDINGS LIMITED (ABN 34 602 304 503) and LOVISA PTY LIMITED (ABN 62 120 675 890) filed a joint modern slavery statement with the Australian Modern Slavery Register for the reporting period 2019-07-01 to 2020-06-30. The reporting entities are headquartered in Australia. The reporting entities have an annual revenue band of 300-350M. The reporting entities operate in the industry sectors: Fashion, textiles, apparel and luxury goods. Register entry: https://modernslaveryregister.gov.au/statements/2813/.'}"
Modern slavery statement 2023-520: AFL NORTHERN TERRITORY LIMITED & AFL (NSW/ACT) COMMISSION LIMITED & AFL QUEENSLAND LIMITED et al.,document,"{'content': 'AFL NORTHERN TERRITORY LIMITED (ABN 81 097 620 525), AFL (NSW/ACT) COMMISSION LIMITED (ABN 53 086 839 385), AFL QUEENSLAND LIMITED (ABN 66 090 629 342), AUSTRALIAN FOOTBALL LEAGUE (ABN 97 489 912 318), AUSTRALIAN FOOTBALL LEAGUE (VICTORIA) LIMITED (ABN 24 147 664 579), FOOTBALL TASMANIA LIMITED (ABN 93 085 213 350) and MELBOURNE STADIUMS LIMITED (ABN 37 098 476 594) filed a joint modern slavery statement with the Australian Modern Slavery Register for the reporting period 2021-11-01 to 2022-10-31. The reporting entities are headquartered in Australia. The reporting entities have an annual revenue band of 800-900M. The reporting entities operate in the industry sectors: Other. Register entry: https://modernslaveryregister.gov.au/statements/12841/.'}"
"Modern slavery statement 2025-992: AQUACULTURE AUSTRALIA HOLDCO PTY LTD & AQUACULTURE AUSTRALIA MIDCO 1 PTY LTD, DE COSTI SEAFOODS PTY LTD, TASSAL OPERATIONS PTY. LTD.",document,"{'content': 'AQUACULTURE AUSTRALIA HOLDCO PTY LTD (ABN 57 660 056 440) and AQUACULTURE AUSTRALIA MIDCO 1 PTY LTD, DE COSTI SEAFOODS PTY LTD, TASSAL OPERATIONS PTY. LTD. filed a joint modern slavery statement with the Australian Modern Slavery Register for the reporting period 2024-01-01 to 2024-12-31. The reporting entities are headquartered in Australia. The reporting entities have an annual revenue band of 700-800M. The reporting entities operate in the industry sectors: Agriculture, Forestry and Fishing. The statement also covers the included entities: AQUACULTURE AUSTRALIA COMPANY PTY LTD, AQUACULTURE AUSTRALIA MIDCO 2 PTY LTD, AQUATAS PTY LTD, MPA FISH FARMS PTY LTD, Tassal Group Limited. Register entry: https://modernslaveryregister.gov.au/statements/23131/.'}"
Modern slavery statement 2024-2025: RICHEMONT AUSTRALIA PTY LIMITED,document,"{'content': 'RICHEMONT AUSTRALIA PTY LIMITED (ABN 99 003 432 504) filed a single modern slavery statement with the Australian Modern Slavery Register for the reporting period 2023-04-01 to 2024-03-31. The reporting entity is headquartered in Australia. The reporting entity has an annual revenue band of 500-600M. The reporting entity operates in the industry sectors: Fashion, textiles, apparel and luxury goods. Register entry: https://modernslaveryregister.gov.au/statements/19538/.'}"
Modern slavery statement 2023-562: MAGNIT GLOBAL AUSTRALIA PTY LTD,document,"{'content': 'MAGNIT GLOBAL AUSTRALIA PTY LTD (ABN 98 625 410 915) filed a single modern slavery statement with the Australian Modern Slavery Register for the reporting period 2022-04-01 to 2023-03-30. The reporting entity is headquartered in United States of America. The reporting entity has an annual revenue band of 900M-1BN. The reporting entity operates in the industry sectors: Professional and administrative services and supplies, including legal, consulting and accounting services. Register entry: https://modernslaveryregister.gov.au/statements/12923/.'}"
Modern slavery statement 2021-1844: UNIVERSITY OF SOUTHERN QUEENSLAND,document,{'content': 'UNIVERSITY OF SOUTHERN QUEENSLAND (ABN 40 234 732 081) filed a single modern slavery statement with the Australian Modern Slavery Register for the reporting period 2020-01-01 to 2020-12-31. The reporting entity is headquartered in Australia. The reporting entity has an annual revenue band of 300-350M. The reporting entity operates in the industry sectors: Education and research. Register entry: https://modernslaveryregister.gov.au/statements/4194/.'}
"Modern slavery statement 2024-1482: MTA AUSTRALASIA PTY LTD & Thermo King Enterprise Hong Kong LLC, Thermo King LLC, TRANE TECHNOLOGIES INTERNATIONAL LIMITED & TRANE THERMO KING PTY LTD.",document,"{'content': 'MTA AUSTRALASIA PTY LTD (ABN 64 094 467 124), Thermo King Enterprise Hong Kong LLC, Thermo King LLC, TRANE TECHNOLOGIES INTERNATIONAL LIMITED (ABN 95 621 114 645) and TRANE THERMO KING PTY LTD. (ABN 67 636 031 064) filed a joint modern slavery statement with the Australian Modern Slavery Register for the reporting period 2023-01-01 to 2023-12-31. The reporting entities are headquartered in Australia, Ireland. The reporting entities have an annual revenue band of 0-99M. The reporting entities operate in the industry sectors: Automotive, machinery and heavy electrical equipment Construction, civil engineering and building products. Register entry: https://modernslaveryregister.gov.au/statements/18255/.'}"
Modern slavery statement 2026-63: CENTRAL AUSTRALIAN ABORIGINAL CONGRESS ABORIGINAL CORPORATION,document,{'content': 'CENTRAL AUSTRALIAN ABORIGINAL CONGRESS ABORIGINAL CORPORATION (ABN 76 210 591 710) filed a single modern slavery statement with the Australian Modern Slavery Register for the reporting period 2024-07-01 to 2025-06-30. The reporting entity is headquartered in Australia. The reporting entity has an annual revenue band of 100-150M. The reporting entity operates in the industry sectors: Health Care and Social Assistance. Register entry: https://modernslaveryregister.gov.au/statements/27125/.'}
Modern slavery statement 2022-2887: POINTSBET HOLDINGS LIMITED,document,"{'content': 'POINTSBET HOLDINGS LIMITED (ABN 68 621 179 351) filed a single modern slavery statement with the Australian Modern Slavery Register for the reporting period 2021-07-01 to 2022-06-30. The reporting entity is headquartered in Australia. The reporting entity has an annual revenue band of 250-300M. The reporting entity operates in the industry sectors: Media, publishing, arts and entertainment Other. Register entry: https://modernslaveryregister.gov.au/statements/11793/.'}"
Modern slavery statement 2025-818: UTS COLLEGE LTD,document,"{'content': 'UTS COLLEGE LTD (ABN 39 001 425 065) filed a single modern slavery statement with the Australian Modern Slavery Register for the reporting period 2024-01-01 to 2024-12-31. The reporting entity is headquartered in Australia. The reporting entity has an annual revenue band of 0-99M. The reporting entity operates in the industry sectors: Education and research. The statement also covers the included entities: INSEARCH EDUCATION INTERNATIONAL PTY LTD, INSEARCH GLOBAL PTY LTD, Insearch India Limited Liability Partnership, Insearch Lanka (Private) Limited, Insearch Limited Representative Office, Vietnam, Insearch (Shanghai) Limited. Register entry: https://modernslaveryregister.gov.au/statements/22874/.'}"
Modern slavery statement 2023-1036: NORTHROP GRUMMAN AUSTRALIA PTY LIMITED,document,{'content': 'NORTHROP GRUMMAN AUSTRALIA PTY LIMITED (ABN 78 156 458 981) filed a joint modern slavery statement with the Australian Modern Slavery Register for the reporting period 2022-01-01 to 2022-12-31. The reporting entity is headquartered in United States of America. The reporting entity has an annual revenue band of 300-350M. The reporting entity operates in the industry sectors: Defence and aerospace. Register entry: https://modernslaveryregister.gov.au/statements/13616/.'}
Modern slavery statement 2021-825: THE TRUSTEE FOR LOCAL GOVERNMENT SUPER,document,"{'content': 'THE TRUSTEE FOR LOCAL GOVERNMENT SUPER (ABN 28 901 371 321) filed a single modern slavery statement with the Australian Modern Slavery Register for the reporting period 2020-01-01 to 2020-12-31. The reporting entity is headquartered in Australia. The reporting entity has an annual revenue band of 100-150M. The reporting entity operates in the industry sectors: Financial, insurance and real estate activities. Register entry: https://modernslaveryregister.gov.au/statements/2580/.'}"
Modern slavery statement 2021-324: AB FOOD & BEVERAGES AUSTRALIA PTY LIMITED & AB MAURI ROW HOLDINGS PTY LIMITED & FOOD INVESTMENTS PTY. LIMITED,document,"{'content': 'AB FOOD & BEVERAGES AUSTRALIA PTY LIMITED (ABN 93 100 637 849), AB MAURI ROW HOLDINGS PTY LIMITED (ABN 12 115 524 886) and FOOD INVESTMENTS PTY. LIMITED (ABN 85 008 426 177) filed a joint modern slavery statement with the Australian Modern Slavery Register for the reporting period 2019-09-01 to 2020-08-31. The reporting entities are headquartered in Australia. The reporting entities have an annual revenue band of 1BN+. The reporting entities operate in the industry sectors: Food and beverages, agriculture and fishing. Register entry: https://modernslaveryregister.gov.au/statements/1650/.'}"
Modern slavery statement 2024-961: RENAISSANCERE EUROPE AG,document,"{'content': 'RENAISSANCERE EUROPE AG (ABN 12 146 546 661) filed a single modern slavery statement with the Australian Modern Slavery Register for the reporting period 2023-01-01 to 2023-12-31. The reporting entity is headquartered in Switzerland. The reporting entity has an annual revenue band of 1BN+. The reporting entity operates in the industry sectors: Financial, insurance and real estate activities. Register entry: https://modernslaveryregister.gov.au/statements/18174/.'}"
Modern slavery statement 2023-774: RED BULL AUSTRALIA PTY. LTD.,document,"{'content': 'RED BULL AUSTRALIA PTY. LTD. (ABN 67 085 840 259) filed a single modern slavery statement with the Australian Modern Slavery Register for the reporting period 2022-01-01 to 2022-12-31. The reporting entity is headquartered in Austria. The reporting entity has an annual revenue band of 250-300M. The reporting entity operates in the industry sectors: Food and beverages, agriculture and fishing. Register entry: https://modernslaveryregister.gov.au/statements/13243/.'}"
"Modern slavery statement 2022-1032: BRIGIDINE COLLEGE, INDOOROOPILLY & BRIGIDINE COLLEGE, ST IVES & KILDARE EDUCATION MINISTRIES LIMITED et al.",document,"{'content': 'BRIGIDINE COLLEGE, INDOOROOPILLY (ABN 89 109 598 905), BRIGIDINE COLLEGE, ST IVES (ABN 15 085 694 695), KILDARE EDUCATION MINISTRIES LIMITED (ABN 34 169 198 421), PRESENTATION SISTERS VICTORIA (PRESENTATION FAMILY CENTRE) INCORPORATED (ABN 83 121 768 426), STAR OF THE SEA COLLEGE INC (ABN 29 411 978 418), The Trustee for THE BRIGIDINE ASYLUM SEEKERS AND REFUGEE TRUST (ABN 24 830 510 866), Trustees of Kildare Ministries (ABN 80 991 443 722) and WELLSPRINGS FOR WOMEN INCORPORATED (ABN 18 282 739 596) filed a joint modern slavery statement with the Australian Modern Slavery Register for the reporting period 2021-01-01 to 2021-12-31. The reporting entities are headquartered in Australia. The reporting entities have an annual revenue band of 300-350M. The reporting entities operate in the industry sectors: Education and research Charitable / not-for-profit activities. Register entry: https://modernslaveryregister.gov.au/statements/9265/.'}"
Modern slavery statement 2023-1798: R&K MECHANICAL REPAIRS PTY LTD,document,"{'content': 'R&K MECHANICAL REPAIRS PTY LTD (ABN 36 667 931 268) filed a single modern slavery statement with the Australian Modern Slavery Register for the reporting period 2022-07-01 to 2023-06-30. The reporting entity is headquartered in Australia. The reporting entity has an annual revenue band of 0-99M. The reporting entity operates in the industry sectors: Automotive, machinery and heavy electrical equipment. Register entry: https://modernslaveryregister.gov.au/statements/14623/.'}"
Modern slavery statement 2024-989: INDUSTRIAL AND COMMERCIAL BANK OF CHINA LIMITED,document,"{'content': 'INDUSTRIAL AND COMMERCIAL BANK OF CHINA LIMITED (ABN 57 086 866 506) filed a single modern slavery statement with the Australian Modern Slavery Register for the reporting period 2023-01-01 to 2023-12-31. The reporting entity is headquartered in China. The reporting entity has an annual revenue band of 350-400M. The reporting entity operates in the industry sectors: Financial, insurance and real estate activities. Register entry: https://modernslaveryregister.gov.au/statements/18188/.'}"
Modern slavery statement 2025-1237: VANGUARD INVESTMENTS AUSTRALIA LTD,document,"{'content': 'VANGUARD INVESTMENTS AUSTRALIA LTD (ABN 72 072 881 086) filed a single modern slavery statement with the Australian Modern Slavery Register for the reporting period 2024-01-01 to 2024-12-31. The reporting entity is headquartered in Australia. The reporting entity has an annual revenue band of 300-350M. The reporting entity operates in the industry sectors: Financial, insurance and real estate activities. Register entry: https://modernslaveryregister.gov.au/statements/23468/.'}"
"Modern slavery statement 2025-1958: MIKI SHOKO CO., LTD.",document,"{'content': 'MIKI SHOKO CO., LTD. filed a single modern slavery statement with the Australian Modern Slavery Register for the reporting period 2024-03-01 to 2025-02-28. The reporting entity is headquartered in Japan. The reporting entity has an annual revenue band of 150-200M. The reporting entity operates in the industry sectors: Wholesale Trade Manufacturing. Register entry: https://modernslaveryregister.gov.au/statements/24322/.'}"
Modern slavery statement 2024-2897: The Trustee for UNISUPER,document,"{'content': 'The Trustee for UNISUPER (ABN 91 385 943 850) filed a single modern slavery statement with the Australian Modern Slavery Register for the reporting period 2023-07-01 to 2024-06-30. The reporting entity is headquartered in Australia. The reporting entity has an annual revenue band of 1BN+. The reporting entity operates in the industry sectors: Financial, insurance and real estate activities Professional and administrative services and supplies, including legal, consulting and accounting services. The statement also covers the included entities: UNISUPER MANAGEMENT PTY. LTD. (91 006 961 799). Register entry: https://modernslaveryregister.gov.au/statements/20731/.'}"
Modern slavery statement 2024-2011: TATA CONSULTANCY SERVICES LIMITED,document,{'content': 'TATA CONSULTANCY SERVICES LIMITED (ABN 28 109 981 777) filed a single modern slavery statement with the Australian Modern Slavery Register for the reporting period 2023-04-01 to 2024-03-31. The reporting entity is headquartered in India. The reporting entity has an annual revenue band of 1BN+. The reporting entity operates in the industry sectors: Information technology and telecommunication. Register entry: https://modernslaveryregister.gov.au/statements/19526/.'}
Modern slavery statement 2021-488: SYDNEY AIRPORT LIMITED & The Trustee for SYDNEY AIRPORT TRUST 1,document,"{'content': 'SYDNEY AIRPORT LIMITED (ABN 18 165 056 360) and The Trustee for SYDNEY AIRPORT TRUST 1 (ABN 97 358 592 466) filed a joint modern slavery statement with the Australian Modern Slavery Register for the reporting period 2020-01-01 to 2020-12-31. The reporting entities are headquartered in Australia. The reporting entities have an annual revenue band of 1BN+. The reporting entities operate in the industry sectors: Transportation, logistics, and storage. Register entry: https://modernslaveryregister.gov.au/statements/1947/.'}"
Modern slavery statement 2023-3239: CTI LOGISTICS LIMITED,document,"{'content': 'CTI LOGISTICS LIMITED (ABN 69 008 778 925) filed a joint modern slavery statement with the Australian Modern Slavery Register for the reporting period 2022-07-01 to 2023-06-30. The reporting entity is headquartered in Australia. The reporting entity has an annual revenue band of 300-350M. The reporting entity operates in the industry sectors: Transportation, logistics, and storage Cleaning and security services. The statement also covers the included entities: ACTION LOGISTICS (WA) PTY LTD (74 009 151 008), BRING TRANSPORT INDUSTRIES PTY LTD (73 008 767 155), CTI COURIERS PTY LTD (17 051 430 338), CTI FREIGHTLINES PTY LTD (22 009 291 310), CTI FREIGHT MANAGEMENT PTY LTD (34 009 391 431), CTI FREIGHT SYSTEMS PTY LTD (66 009 472 628), CTI LOGISTICS (NSW) PTY LTD (82 153 063 382), CTI LOGISTICS (VIC) PTY LTD (26 063 795 568), CTI NATIONWIDE LOGISTICS PTY LTD (86 009 265 347), CTI RECORDS MANAGEMENT PTY LTD (71 083 767 999), CTI SECURITY SERVICES PTY LTD (83 009 236 104), CTI SECURITY SYSTEMS PTY LTD (72 009 302 032), CTI TAXI TRUCKS PTY LTD (82 008 777 731), CTI TRANSPORT SERVICES PTY LTD (44 009 238 439), CTI TRANSPORT SYSTEMS PTY LTD (76 009 139 315), CTI XPRESS SYSTEMS PTY LTD (45 067 742 714), FOXLINE LOGISTICS PTY LTD (96 086 449 952), G.M. KANE & SONS PTY LTD (17 000 408 800), MERCURY MESSENGERS PTY LTD (21 008 779 093). Register entry: https://modernslaveryregister.gov.au/statements/16464/.'}"
Modern slavery statement 2025-3185: THE TRUSTEE FOR FIRST SUPER,document,{'content': 'THE TRUSTEE FOR FIRST SUPER (ABN 56 286 625 181) filed a single modern slavery statement with the Australian Modern Slavery Register for the reporting period 2024-07-01 to 2025-06-30. The reporting entity is headquartered in Australia. The reporting entity has an annual revenue band of 450-500M. The reporting entity operates in the industry sectors: Financial and Insurance Services. Register entry: https://modernslaveryregister.gov.au/statements/26153/.'}
Modern slavery statement 2021-4013: Simba Global Pty Ltd,document,"{'content': 'Simba Global Pty Ltd filed a single modern slavery statement with the Australian Modern Slavery Register for the reporting period 2020-07-01 to 2021-06-30. The reporting entity is headquartered in Australia. The reporting entity has an annual revenue band of 100-150M. The reporting entity operates in the industry sectors: Fashion, textiles, apparel and luxury goods. Register entry: https://modernslaveryregister.gov.au/statements/7475/.'}"
Modern slavery statement 2023-1730: L'OREAL AUSTRALIA PTY LTD,document,"{'content': ""L'OREAL AUSTRALIA PTY LTD filed a single modern slavery statement with the Australian Modern Slavery Register for the reporting period 2022-07-01 to 2023-06-30. The reporting entity is headquartered in Australia. The reporting entity has an annual revenue band of 800-900M. The reporting entity operates in the industry sectors: Cosmetics and toiletries. Register entry: https://modernslaveryregister.gov.au/statements/14515/.""}"
"Modern slavery statement 2023-731: CITIBANK, N.A. & CITIGROUP GLOBAL MARKETS AUSTRALIA HOLDINGS PTY LIMITED & CITIGROUP GLOBAL MARKETS AUSTRALIA PTY LIMITED et al.",document,"{'content': 'CITIBANK, N.A. (ABN 34 072 814 058), CITIGROUP GLOBAL MARKETS AUSTRALIA HOLDINGS PTY LIMITED (ABN 56 081 472 684), CITIGROUP GLOBAL MARKETS AUSTRALIA PTY LIMITED (ABN 64 003 114 832) and CITIGROUP PTY LIMITED (ABN 88 004 325 080) filed a joint modern slavery statement with the Australian Modern Slavery Register for the reporting period 2022-01-01 to 2022-12-31. The reporting entities are headquartered in United States of America. The reporting entities have an annual revenue band of 1BN+. The reporting entities operate in the industry sectors: Financial, insurance and real estate activities. Register entry: https://modernslaveryregister.gov.au/statements/13161/.'}"
Modern slavery statement 2025-3542: THE ENVIRONMENTAL GROUP LIMITED,document,"{'content': 'THE ENVIRONMENTAL GROUP LIMITED filed a single modern slavery statement with the Australian Modern Slavery Register for the reporting period 2024-07-01 to 2025-06-30. The reporting entity is headquartered in Australia. The reporting entity has an annual revenue band of 100-150M. The reporting entity operates in the industry sectors: Professional, Scientific and Technical Services. Register entry: https://modernslaveryregister.gov.au/statements/26610/.'}"
Modern slavery statement 2023-3299: LAURENT BAKERY GROUP PTY LTD & LAURENT BAKERY RETAIL PTY LTD & PROVENCE GROUP HOLDINGS PTY LTD,document,"{'content': 'LAURENT BAKERY GROUP PTY LTD (ABN 27 652 749 829), LAURENT BAKERY RETAIL PTY LTD (ABN 48 652 749 918) and PROVENCE GROUP HOLDINGS PTY LTD filed a joint modern slavery statement with the Australian Modern Slavery Register for the reporting period 2022-07-01 to 2023-06-30. The reporting entities are headquartered in Australia. The reporting entities have an annual revenue band of 150-200M. The reporting entities operate in the industry sectors: Food and beverages, agriculture and fishing. The statement also covers the included entities: PROVENCE BIDCO PTY LTD, PROVENCE FINCO PTY LTD, PROVENCE MIDCO PTY LTD. Register entry: https://modernslaveryregister.gov.au/statements/16577/.'}"
Modern slavery statement 2023-1810: CPC GROUP HOLDINGS PTY LTD,document,"{'content': 'CPC GROUP HOLDINGS PTY LTD (ABN 28 644 449 758) filed a joint modern slavery statement with the Australian Modern Slavery Register for the reporting period 2022-04-01 to 2023-03-30. The reporting entity is headquartered in Australia. The reporting entity has an annual revenue band of 150-200M. The reporting entity operates in the industry sectors: Food and beverages, agriculture and fishing. Register entry: https://modernslaveryregister.gov.au/statements/14640/.'}"
Modern slavery statement 2022-2218: CREDIT UNION AUSTRALIA LTD,document,"{'content': 'CREDIT UNION AUSTRALIA LTD (ABN 44 087 650 959) filed a single modern slavery statement with the Australian Modern Slavery Register for the reporting period 2021-07-01 to 2022-06-30. The reporting entity is headquartered in Australia. The reporting entity has an annual revenue band of 500-600M. The reporting entity operates in the industry sectors: Financial, insurance and real estate activities. Register entry: https://modernslaveryregister.gov.au/statements/10907/.'}"
Modern slavery statement 2024-3035: WESTFUND LIMITED,document,"{'content': 'WESTFUND LIMITED (ABN 55 002 080 864) filed a single modern slavery statement with the Australian Modern Slavery Register for the reporting period 2023-07-01 to 2024-06-30. The reporting entity is headquartered in Australia. The reporting entity has an annual revenue band of 250-300M. The reporting entity operates in the industry sectors: Financial, insurance and real estate activities. Register entry: https://modernslaveryregister.gov.au/statements/20914/.'}"
Modern slavery statement 2023-895: ANDREWS MEAT INDUSTRIES PTY LTD & AUSTRALIAN CONSOLIDATED FOOD HOLDINGS PTY LIMITED & BAYBRICK PTY. LTD. et al.,document,"{'content': 'ANDREWS MEAT INDUSTRIES PTY LTD (ABN 16 600 428 537), AUSTRALIAN CONSOLIDATED FOOD HOLDINGS PTY LIMITED (ABN 74 152 947 101), BAYBRICK PTY. LTD. (ABN 97 067 220 017), DIAMOND VALLEY PORK PTY LTD (ABN 17 095 045 695), HUON AQUACULTURE COMPANY PTY LTD (ABN 86 067 386 109), HUON AQUACULTURE GROUP PTY LTD (ABN 79 114 456 781), INDUSTRY PARK PTY. LTD. (ABN 24 007 256 215), JBS AQUACULTURE PTY LTD (ABN 22 653 348 700), JBS AUSTRALIA FINANCE 1 PTY LTD (ABN 37 609 968 989), JBS AUSTRALIA FINANCE PTY LTD (ABN 86 609 765 371), JBS AUSTRALIA PTY LIMITED (ABN 14 011 062 338), PREMIER BEEHIVE HOLDCO PTY LTD (ABN 91 609 698 606), PRIMO FOODS PTY LTD (ABN 67 002 781 142), RIVALEA (AUSTRALIA) PTY LTD (ABN 53 004 892 835), RIVALEA HOLDINGS PTY LIMITED (ABN 37 097 393 112) and WHITE STRIPE FOODS PTY LTD (ABN 44 105 781 977) filed a joint modern slavery statement with the Australian Modern Slavery Register for the reporting period 2021-12-27 to 2022-12-25. The reporting entities are headquartered in Australia. The reporting entities have an annual revenue band of 1BN+. The reporting entities operate in the industry sectors: Food and beverages, agriculture and fishing. Register entry: https://modernslaveryregister.gov.au/statements/13360/.'}"
Modern slavery statement 2023-943: JANUS HENDERSON GROUP PLC & JANUS HENDERSON INVESTORS (AUSTRALIA) FUNDS MANAGEMENT LIMITED & JANUS HENDERSON INVESTORS (AUSTRALIA) INSTITUTIONAL FUNDS MANAGEMENT LIMITED et al.,document,"{'content': 'JANUS HENDERSON GROUP PLC (ABN 67 133 992 766), JANUS HENDERSON INVESTORS (AUSTRALIA) FUNDS MANAGEMENT LIMITED (ABN 43 164 177 244), JANUS HENDERSON INVESTORS (AUSTRALIA) INSTITUTIONAL FUNDS MANAGEMENT LIMITED (ABN 16 165 119 531), JANUS HENDERSON INVESTORS (AUSTRALIA) LIMITED (ABN 47 124 279 518) and Kapstream Capital Pty Limited (ABN 19 122 076 117) filed a joint modern slavery statement with the Australian Modern Slavery Register for the reporting period 2022-01-01 to 2022-12-31. The reporting entities are headquartered in United Kingdom. The reporting entities have an annual revenue band of 1BN+. The reporting entities operate in the industry sectors: Financial, insurance and real estate activities. Register entry: https://modernslaveryregister.gov.au/statements/13382/.'}"
Modern slavery statement 2026-403: DRAKE SUPERMARKETS PTY LTD,document,{'content': 'DRAKE SUPERMARKETS PTY LTD (ABN 57 109 544 416) filed a single modern slavery statement with the Australian Modern Slavery Register for the reporting period 2024-07-01 to 2025-06-30. The reporting entity is headquartered in Australia. The reporting entity has an annual revenue band of 900M-1BN. The reporting entity operates in the industry sectors: Retail Trade. Register entry: https://modernslaveryregister.gov.au/statements/27666/.'}
Modern slavery statement 2024-2662: BREMICK PTY LTD,document,"{'content': 'BREMICK PTY LTD (ABN 68 000 496 131) filed a single modern slavery statement with the Australian Modern Slavery Register for the reporting period 2023-07-01 to 2024-06-30. The reporting entity is headquartered in Australia. The reporting entity has an annual revenue band of 150-200M. The reporting entity operates in the industry sectors: Construction, civil engineering and building products. Register entry: https://modernslaveryregister.gov.au/statements/20273/.'}"
Modern slavery statement 2021-2127: LG ELECTRONICS AUSTRALIA PTY LIMITED,document,"{'content': 'LG ELECTRONICS AUSTRALIA PTY LIMITED (ABN 98 064 531 264) filed a single modern slavery statement with the Australian Modern Slavery Register for the reporting period 2020-01-01 to 2020-12-31. The reporting entity is headquartered in Republic of Korea (South Korea). The reporting entity has an annual revenue band of 900M-1BN. The reporting entity operates in the industry sectors: Durable consumer goods, including electronics and appliances, home furnishings and other accessories. Register entry: https://modernslaveryregister.gov.au/statements/4707/.'}"
Modern slavery statement 2023-2009: Lightspeed Commerce Inc.,document,{'content': 'Lightspeed Commerce Inc. (ABN 55 745 962 487) filed a joint modern slavery statement with the Australian Modern Slavery Register for the reporting period 2022-04-01 to 2023-03-30. The reporting entity is headquartered in Canada. The reporting entity has an annual revenue band of 100-150M. The reporting entity operates in the industry sectors: Information technology and telecommunication. Register entry: https://modernslaveryregister.gov.au/statements/14499/.'}
Modern slavery statement 2023-164: LEWIS LAND HOLDINGS PTY LIMITED,document,"{'content': 'LEWIS LAND HOLDINGS PTY LIMITED (ABN 68 008 522 496) filed a single modern slavery statement with the Australian Modern Slavery Register for the reporting period 2021-07-01 to 2022-06-30. The reporting entity is headquartered in Australia. The reporting entity has an annual revenue band of 150-200M. The reporting entity operates in the industry sectors: Consumer services, including accommodation, hospitality, tourism and leisure Financial, insurance and real estate activities. Register entry: https://modernslaveryregister.gov.au/statements/12317/.'}"
Modern slavery statement 2024-2609: MAXGAMING HOLDINGS PTY LTD. & SKY CHANNEL PTY. LTD. & TABCORP ASSETS PTY LTD et al.,document,"{'content': 'MAXGAMING HOLDINGS PTY LTD. (ABN 86 079 909 541), SKY CHANNEL PTY. LTD. (ABN 77 009 136 010), TABCORP ASSETS PTY LTD (ABN 73 064 303 920), TABCORP FINANCE PTY LTD (ABN 74 108 197 084), TABCORP HOLDINGS LIMITED (ABN 66 063 780 709), TABCORP INTERNATIONAL NO. 4 PTY LTD (ABN 41 146 788 614), TABCORP INTERNATIONAL PTY LTD (ABN 26 006 574 652), TABCORP MAXGAMING HOLDINGS LIMITED (ABN 19 108 686 040), TABCORP WAGERING PARTICIPANT (VIC) PTY LTD (ABN 59 154 418 489), Tabcorp Wagering (Vic) Pty Ltd (ABN 37 134 587 107), TAB LIMITED (ABN 17 081 765 308) and UBET QLD LIMITED (ABN 84 085 691 738) filed a joint modern slavery statement with the Australian Modern Slavery Register for the reporting period 2023-07-01 to 2024-06-30. The reporting entities are headquartered in Australia. The reporting entities have an annual revenue band of 1BN+. The reporting entities operate in the industry sectors: Consumer services, including accommodation, hospitality, tourism and leisure. The statement also covers the included entities: 2KY BROADCASTERS PTY LTD (54 000 820 057), AUSSIE FAIR PLAY COALITION PTY LTD (30 064 304 105), BYTECRAFT SYSTEMS (NSW) PTY LIMITED (31 002 595 128), Bytecraft Systems (NZ) Limited, BYTECRAFT SYSTEMS PTY. LTD. (31 007 136 361), COPL PTY LIMITED (18 604 570 023), LUXBET PTY LTD (69 092 104 786), MAXGAMING INVESTMENTS PTY LTD (22 060 353 326), MAXGAMING NSW PTY LTD. (51 078 250 423), MAXGAMING QLD PTY LTD. (93 078 963 050), MAXGAMING TAS PTY LTD (60 661 770 430), Premier Gateway International Limited, Premier Gateway Services Limited, REAFTIN PTY LTD (93 100 540 510), Sky Australia International Racing Pty Ltd, Sky Channel Marketing Pty Ltd, Sky Racing World GP, Sky Racing World Holdco, LLC, Sky Racing World, LLC, TABCORP ACT PTY LTD (19 167 957 002), TABCORP EMPLOYEE SHARE ADMINISTRATION PTY LTD (62 064 458 224), Tabcorp Europe Holdings Limited, Tabcorp Europe Limited, TABCORP GAMING HOLDINGS PTY LTD (91 136 582 806), Tabcorp International No.6 Pty Ltd, TABCORP SERVICES PTY LTD (94 065 600 446), TABCORP TRAINING PTY LTD (43 164 783 199), TABCORP VENTURES AUSTRALIA 1 PTY LTD (42 662 277 036), TABCORP VENTURES PTY LTD (99 623 474 215), TABCORP VIC PTY LTD (95 668 057 056), TABCORP WAGERING ASSETS (VIC) PTY LTD (57 154 419 226), TABCORP WAGERING HOLDINGS PTY LTD (83 138 672 581), TABCORP WAGERING MANAGER (VIC) PTY LTD (84 154 419 342), Tabusa, LLC, TASRADIO PTY. LTD. (61 009 477 098), UBET ENTERPRISES PTY LTD (71 601 073 901), UBET NT PTY LTD (32 092 655 831), UBET RADIO PTY LTD (55 010 033 806), UBET SA PTY LTD (22 097 719 107), UBET TAS PTY LTD (62 095 972 106). Register entry: https://modernslaveryregister.gov.au/statements/20350/.'}"
Modern slavery statement 2021-2098: CARDTRONICS AUSTRALASIA PTY LTD,document,"{'content': 'CARDTRONICS AUSTRALASIA PTY LTD (ABN 87 097 550 519) filed a single modern slavery statement with the Australian Modern Slavery Register for the reporting period 2020-01-01 to 2020-12-31. The reporting entity is headquartered in United Kingdom. The reporting entity has an annual revenue band of 0-99M. The reporting entity operates in the industry sectors: Financial, insurance and real estate activities. Register entry: https://modernslaveryregister.gov.au/statements/4658/.'}"
Modern slavery statement 2021-804: THE TRUSTEE FOR ARLEC UNIT TRUST,document,"{'content': 'THE TRUSTEE FOR ARLEC UNIT TRUST (ABN 59 399 836 281) filed a joint modern slavery statement with the Australian Modern Slavery Register for the reporting period 2019-07-01 to 2020-06-30. The reporting entity is headquartered in Australia. The reporting entity has an annual revenue band of 300-350M. The reporting entity operates in the industry sectors: Durable consumer goods, including electronics and appliances, home furnishings and other accessories. Register entry: https://modernslaveryregister.gov.au/statements/2549/.'}"
Modern slavery statement 2022-444: HUNTER DOUGLAS HOLDINGS LIMITED,document,{'content': 'HUNTER DOUGLAS HOLDINGS LIMITED (ABN 47 000 238 451) filed a single modern slavery statement with the Australian Modern Slavery Register for the reporting period 2020-07-01 to 2021-06-30. The reporting entity is headquartered in Australia. The reporting entity has an annual revenue band of 150-200M. The reporting entity operates in the industry sectors: Other. Register entry: https://modernslaveryregister.gov.au/statements/8355/.'}
Modern slavery statement 2021-3069: TECHNOLOGY ONE LIMITED,document,{'content': 'TECHNOLOGY ONE LIMITED (ABN 84 010 487 180) filed a single modern slavery statement with the Australian Modern Slavery Register for the reporting period 2020-10-01 to 2021-09-30. The reporting entity is headquartered in Australia. The reporting entity has an annual revenue band of 300-350M. The reporting entity operates in the industry sectors: Information technology and telecommunication. Register entry: https://modernslaveryregister.gov.au/statements/6070/.'}
Modern slavery statement 2020-167: Chilada Pty Ltd,document,"{'content': 'Chilada Pty Ltd (ABN 55 128 692 893) filed a single modern slavery statement with the Australian Modern Slavery Register for the reporting period 2019-07-01 to 2020-06-30. The reporting entity is headquartered in Australia. The reporting entity has an annual revenue band of 0-99M. The reporting entity operates in the industry sectors: Fashion, textiles, apparel and luxury goods. Register entry: https://modernslaveryregister.gov.au/statements/508/.'}"
Modern slavery statement 2022-1494: Unigrain Pty Ltd,document,"{'content': 'Unigrain Pty Ltd (ABN 67 120 061 841) filed a single modern slavery statement with the Australian Modern Slavery Register for the reporting period 2021-07-01 to 2022-06-30. The reporting entity is headquartered in Australia. The reporting entity has an annual revenue band of 0-99M. The reporting entity operates in the industry sectors: Food and beverages, agriculture and fishing. Register entry: https://modernslaveryregister.gov.au/statements/9862/.'}"
Modern slavery statement 2024-116: QMETCO LIMITED,document,"{'content': 'QMETCO LIMITED (ABN 98 008 124 025) filed a single modern slavery statement with the Australian Modern Slavery Register for the reporting period 2023-01-01 to 2023-12-31. The reporting entity is headquartered in Australia. The reporting entity has an annual revenue band of 600-700M. The reporting entity operates in the industry sectors: Mining, metals, chemicals and resources (including oil and gas). The statement also covers the included entities: FOXLEIGH COAL PTY LTD (24 125 986 549). Register entry: https://modernslaveryregister.gov.au/statements/16884/.'}"
Modern slavery statement 2022-83: Fulton Hogan Australia Pty Ltd,document,"{'content': 'Fulton Hogan Australia Pty Ltd (ABN 42 135 849 115) filed a single modern slavery statement with the Australian Modern Slavery Register for the reporting period 2021-01-01 to 2021-12-31. The reporting entity is headquartered in Australia. The reporting entity has an annual revenue band of 1BN+. The reporting entity operates in the industry sectors: Construction, civil engineering and building products. Register entry: https://modernslaveryregister.gov.au/statements/7799/.'}"
Modern slavery statement 2024-3080: BITUPAVE LTD & BORAL CEMENT LIMITED & BORAL LIMITED et al.,document,"{'content': 'BITUPAVE LTD (ABN 53 000 102 376), BORAL CEMENT LIMITED (ABN 62 008 528 523), BORAL LIMITED (ABN 13 008 421 761), BORAL RESOURCES (COUNTRY) PTY. LIMITED (ABN 51 000 187 002), BORAL RESOURCES (NSW) PTY LTD (ABN 51 000 756 507), BORAL RESOURCES (QLD) PTY. LIMITED (ABN 46 009 671 809), BORAL RESOURCES (SA) LIMITED (ABN 72 007 516 494), BORAL RESOURCES (VIC.) PTY. LIMITED (ABN 87 004 620 731), BORAL RESOURCES (W.A.) LTD (ABN 57 008 686 904), CONCRITE PTY LTD (ABN 86 000 795 166) and DE MARTIN & GASPARINI PTY LIMITED (ABN 81 000 205 372) filed a joint modern slavery statement with the Australian Modern Slavery Register for the reporting period 2023-07-01 to 2024-06-30. The reporting entities are headquartered in Australia. The reporting entities have an annual revenue band of 1BN+. The reporting entities operate in the industry sectors: Construction, civil engineering and building products. Register entry: https://modernslaveryregister.gov.au/statements/20961/.'}"
Modern slavery statement 2025-3248: The Trustee for Metrics Credit Partners Diversified Australian Senior Loan Fund,document,{'content': 'The Trustee for Metrics Credit Partners Diversified Australian Senior Loan Fund (ABN 72 575 264 654) filed a single modern slavery statement with the Australian Modern Slavery Register for the reporting period 2024-07-01 to 2025-06-30. The reporting entity is headquartered in Australia. The reporting entity has an annual revenue band of 600-700M. The reporting entity operates in the industry sectors: Financial and Insurance Services. Register entry: https://modernslaveryregister.gov.au/statements/26264/.'}
Modern slavery statement 2022-2323: AVENG AUSTRALIA HOLDINGS PTY LTD & BUILT ENVIRONS PTY. LTD. & MCCONNELL DOWELL CONSTRUCTORS (AUST) PTY LTD et al.,document,"{'content': 'AVENG AUSTRALIA HOLDINGS PTY LTD (ABN 33 108 058 331), BUILT ENVIRONS PTY. LTD. (ABN 74 008 125 111), MCCONNELL DOWELL CONSTRUCTORS (AUST) PTY LTD (ABN 71 002 929 017), MCCONNELL DOWELL CORPORATION LIMITED (ABN 11 008 444 880) and MCCONNELL DOWELL HOLDINGS PTY. LIMITED (ABN 87 003 207 270) filed a joint modern slavery statement with the Australian Modern Slavery Register for the reporting period 2021-07-01 to 2022-06-30. The reporting entities are headquartered in Australia. The reporting entities have an annual revenue band of 1BN+. The reporting entities operate in the industry sectors: Construction, civil engineering and building products. Register entry: https://modernslaveryregister.gov.au/statements/11095/.'}"
Modern slavery statement 2020-147: ICON WATER LIMITED,document,"{'content': 'ICON WATER LIMITED (ABN 86 069 381 960) filed a single modern slavery statement with the Australian Modern Slavery Register for the reporting period 2019-07-01 to 2020-06-30. The reporting entity is headquartered in Australia. The reporting entity has an annual revenue band of 400-450M. The reporting entity operates in the industry sectors: Utilities: gas, water and electricity. Register entry: https://modernslaveryregister.gov.au/statements/452/.'}"
Modern slavery statement 2021-2239: FERROVIAL CONSTRUCTION (AUSTRALIA) PTY. LTD.,document,"{'content': 'FERROVIAL CONSTRUCTION (AUSTRALIA) PTY. LTD. (ABN 98 150 820 116) filed a single modern slavery statement with the Australian Modern Slavery Register for the reporting period 2020-01-01 to 2020-12-31. The reporting entity is headquartered in Australia. The reporting entity has an annual revenue band of 0-99M. The reporting entity operates in the industry sectors: Construction, civil engineering and building products. Register entry: https://modernslaveryregister.gov.au/statements/4870/.'}"
Modern slavery statement 2021-116: ESSENTIAL ENERGY,document,"{'content': 'ESSENTIAL ENERGY (ABN 37 428 185 226) filed a single modern slavery statement with the Australian Modern Slavery Register for the reporting period 2019-07-01 to 2020-06-30. The reporting entity is headquartered in Australia. The reporting entity has an annual revenue band of 1BN+. The reporting entity operates in the industry sectors: Utilities: gas, water and electricity. Register entry: https://modernslaveryregister.gov.au/statements/1256/.'}"
Modern slavery statement 2025-1243: Goldwind Australia Pty Ltd & GOLDWIND QUEENSLAND CONSTRUCTIONS PTY LTD,document,"{'content': 'Goldwind Australia Pty Ltd (ABN 32 140 108 390) and GOLDWIND QUEENSLAND CONSTRUCTIONS PTY LTD (ABN 30 647 057 903) filed a joint modern slavery statement with the Australian Modern Slavery Register for the reporting period 2024-01-01 to 2024-12-31. The reporting entities are headquartered in China. The reporting entities have an annual revenue band of 450-500M. The reporting entities operate in the industry sectors: Utilities: gas, water and electricity. Register entry: https://modernslaveryregister.gov.au/statements/23487/.'}"
"Modern slavery statement 2024-990: ING BANK (AUSTRALIA) LIMITED, ING BANK N.V., The Trustee for IBAL Covered Bond Trust & The Trustee for IDS TRUST 2008-1",document,"{'content': 'ING BANK (AUSTRALIA) LIMITED, ING BANK N.V., The Trustee for IBAL Covered Bond Trust (ABN 25 870 839 351) and The Trustee for IDS TRUST 2008-1 (ABN 52 214 488 355) filed a joint modern slavery statement with the Australian Modern Slavery Register for the reporting period 2023-01-01 to 2023-12-31. The reporting entities are headquartered in Netherlands. The reporting entities have an annual revenue band of 1BN+. The reporting entities operate in the industry sectors: Financial, insurance and real estate activities. Register entry: https://modernslaveryregister.gov.au/statements/18225/.'}"
Modern slavery statement 2021-1675: ISS FACILITY SERVICES AUSTRALIA LIMITED,document,{'content': 'ISS FACILITY SERVICES AUSTRALIA LIMITED (ABN 87 001 827 041) filed a single modern slavery statement with the Australian Modern Slavery Register for the reporting period 2020-01-01 to 2020-12-31. The reporting entity is headquartered in Denmark. The reporting entity has an annual revenue band of 800-900M. The reporting entity operates in the industry sectors: Cleaning and security services. Register entry: https://modernslaveryregister.gov.au/statements/3838/.'}
Modern slavery statement 2021-3072: WATER NSW & WATERNSW INFRASTRUCTURE PTY LTD,document,"{'content': 'WATER NSW (ABN 21 147 934 787) and WATERNSW INFRASTRUCTURE PTY LTD (ABN 93 629 813 270) filed a joint modern slavery statement with the Australian Modern Slavery Register for the reporting period 2020-07-01 to 2021-06-30. The reporting entities are headquartered in Australia. The reporting entities have an annual revenue band of 300-350M. The reporting entities operate in the industry sectors: Utilities: gas, water and electricity. Register entry: https://modernslaveryregister.gov.au/statements/6076/.'}"
Modern slavery statement 2024-3615: BEST & LESS GROUP HOLDINGS PTY LTD & BEST & LESS PTY LIMITED,document,"{'content': 'BEST & LESS GROUP HOLDINGS PTY LTD (ABN 76 642 843 221) and BEST & LESS PTY LIMITED (ABN 29 003 724 696) filed a joint modern slavery statement with the Australian Modern Slavery Register for the reporting period 2023-07-01 to 2024-06-30. The reporting entities are headquartered in Australia. The reporting entities have an annual revenue band of 600-700M. The reporting entities operate in the industry sectors: Fashion, textiles, apparel and luxury goods. The statement also covers the included entities: Best and Less IP Pty Ltd, BEST & LESS GROUP PTY LTD. Register entry: https://modernslaveryregister.gov.au/statements/21581/.'}"
Modern slavery statement 2025-2974: L1 LONG SHORT FUND LIMITED,document,{'content': 'L1 LONG SHORT FUND LIMITED (ABN 47 623 418 539) filed a single modern slavery statement with the Australian Modern Slavery Register for the reporting period 2024-07-01 to 2025-06-30. The reporting entity is headquartered in Australia. The reporting entity has an annual revenue band of 400-450M. The reporting entity operates in the industry sectors: Financial and Insurance Services. Register entry: https://modernslaveryregister.gov.au/statements/25854/.'}
Modern slavery statement 2025-2797: AAI LIMITED & Suncorp Group Limited & SUNCORP INSURANCE (GENERAL OVERSEAS) PTY LTD et al.,document,"{'content': 'AAI LIMITED (ABN 48 005 297 807), Suncorp Group Limited (ABN 66 145 290 124), SUNCORP INSURANCE (GENERAL OVERSEAS) PTY LTD (ABN 49 102 606 708), Suncorp Insurance Holdings Limited (ABN 99 123 023 334), SUNCORP INSURANCE (LIFE OVERSEAS) PTY LTD (ABN 66 114 577 418) and SUNCORP LIFE HOLDINGS LIMITED (ABN 87 064 490 795) filed a joint modern slavery statement with the Australian Modern Slavery Register for the reporting period 2024-07-01 to 2025-06-30. The reporting entities are headquartered in Australia. The reporting entities have an annual revenue band of 1BN+. The reporting entities operate in the industry sectors: Financial and Insurance Services. The statement also covers the included entities: SUNCORP CORPORATE SERVICES PTY LTD (69 074 966 466), SUNCORP STAFF PTY LTD (31 010 869 726). Register entry: https://modernslaveryregister.gov.au/statements/25543/.'}"
Modern slavery statement 2021-2207: INSIGHT ENTERPRISES AUSTRALIA PTY LTD,document,{'content': 'INSIGHT ENTERPRISES AUSTRALIA PTY LTD (ABN 47 058 645 677) filed a joint modern slavery statement with the Australian Modern Slavery Register for the reporting period 2019-07-01 to 2020-06-30. The reporting entity is headquartered in United States of America. The reporting entity has an annual revenue band of 100-150M. The reporting entity operates in the industry sectors: Information technology and telecommunication. Register entry: https://modernslaveryregister.gov.au/statements/4813/.'}
Modern slavery statement 2021-2589: TOSHIBA INTERNATIONAL CORPORATION PTY LTD,document,"{'content': 'TOSHIBA INTERNATIONAL CORPORATION PTY LTD (ABN 29 001 555 068) filed a single modern slavery statement with the Australian Modern Slavery Register for the reporting period 2020-07-01 to 2021-06-30. The reporting entity is headquartered in Australia. The reporting entity has an annual revenue band of 200-250M. The reporting entity operates in the industry sectors: Automotive, machinery and heavy electrical equipment Utilities: gas, water and electricity. Register entry: https://modernslaveryregister.gov.au/statements/5345/.'}"
Modern slavery statement 2025-1055: SUNPOWER CORPORATION AUSTRALIA PTY LIMITED,document,"{'content': 'SUNPOWER CORPORATION AUSTRALIA PTY LIMITED (ABN 67 009 066 380) filed a single modern slavery statement with the Australian Modern Slavery Register for the reporting period 2024-01-01 to 2024-12-31. The reporting entity is headquartered in Australia. The reporting entity has an annual revenue band of 0-99M. The reporting entity operates in the industry sectors: Durable consumer goods, including electronics and appliances, home furnishings and other accessories. Register entry: https://modernslaveryregister.gov.au/statements/22725/.'}"
Modern slavery statement 2022-976: ROMAN CATHOLIC TRUST CORPORATION FOR THE DIOCESE OF CAIRNS,document,{'content': 'ROMAN CATHOLIC TRUST CORPORATION FOR THE DIOCESE OF CAIRNS (ABN 50 681 607 010) filed a joint modern slavery statement with the Australian Modern Slavery Register for the reporting period 2021-01-01 to 2021-12-31. The reporting entity is headquartered in Australia. The reporting entity has an annual revenue band of 250-300M. The reporting entity operates in the industry sectors: Education and research Charitable / not-for-profit activities Other. Register entry: https://modernslaveryregister.gov.au/statements/9191/.'}
sumitomo mitsui banking corporation,entity,{}
2024 1848,entity,{}
australian modern slavery register,entity,{}
2023 04 01 to 2024 03 31,entity,{}
japan,entity,{}
1bn,entity,{}
financial  insurance and real estate activities,entity,{}
https   modernslaveryregister gov au statements 19282,entity,{}
wei chih steel industrial co   ltd,entity,{}
3516,entity,{}
2023 01 01 to 2023 12 31,entity,{}
taiwan,entity,{}
400 450m,entity,{}
construction  civil engineering and building products,entity,{}
https   modernslaveryregister gov au statements 21482,entity,{}
j l beaumont   others,entity,{}
27 975 255 196,entity,{}
2019 07 01 to 2020 06 30,entity,{}
australia,entity,{}
100 150m,entity,{}
professional and administrative services and supplies  including legal  consulting and accounting services,entity,{}
https   modernslaveryregister gov au statements 5057,entity,{}
quad services pty ltd,entity,{}
58 000 308 592,entity,{}
2023 07 01 to 2024 06 30,entity,{}
cleaning and security services,entity,{}
https   modernslaveryregister gov au statements 21994,entity,{}
jowett motor group trading co pty ltd,entity,{}
40 639 117 507,entity,{}
2022 07 01 to 2023 06 30,entity,{}
automotive  machinery and heavy electrical equipment,entity,{}
jowett motor group corporate services pty ltd,entity,{}
21 087 911 180,entity,{}
the trustee for adelaide dealership trust,entity,{}
32 115 071 209,entity,{}
the trustee for eastern dealership trust,entity,{}
59 836 624 579,entity,{}
the trustee for epping dealership trust,entity,{}
74 620 604 915,entity,{}
the trustee for south yarra dealership trust,entity,{}
27 477 113 037,entity,{}
the trustee for the berwick dealership trust,entity,{}
92 518 098 740,entity,{}
the trustee for the brighton honda unit trust,entity,{}
93 637 069 028,entity,{}
the trustee for waverley dealership trust,entity,{}
19 218 335 130,entity,{}
fluence corporation limited,entity,{}
52 127 734 196,entity,{}
2022 01 01 to 2022 12 31,entity,{}
united states of america,entity,{}
other,entity,{}
https   modernslaveryregister gov au statements 13951,entity,{}
zen energy holdings pty ltd,entity,{}
42 639 972 973,entity,{}
zen energy pty ltd,entity,{}
13 644 924 729,entity,{}
zen energy retail pty ltd,entity,{}
54 615 751 052,entity,{}
burragorang valley green energy pty ltd,entity,{}
46 002 984 438,entity,{}
sunshot industries pty ltd,entity,{}
84 646 269 632,entity,{}
zen energy derivatives pty ltd,entity,{}
61 635 219 055,entity,{}
zen energy environmental pty ltd,entity,{}
94 655 078 416,entity,{}
zen energy finance pty ltd,entity,{}
n a,entity,{}
zen energy future pty ltd,entity,{}
69 634 921 896,entity,{}
zen energy markets pty ltd,entity,{}
27 633 808 778,entity,{}
zen energy wholesale pty ltd,entity,{}
61 633 808 483,entity,{}
2024 07 01 to 2025 06 30,entity,{}
300 350m,entity,{}
electricity  gas  water and waste services,entity,{}
https   modernslaveryregister gov au statements 26813,entity,{}
landis   gyr holdings pty ltd,entity,{}
landis   gyr pty ltd,entity,{}
2024 04 01 to 2025 03 31,entity,{}
switzerland,entity,{}
https   modernslaveryregister gov au statements 24541,entity,{}
lucas total contract solutions,entity,{}
79 137 901 752,entity,{}
2021 07 01 to 2022 06 30,entity,{}
150 200m,entity,{}
mining  metals  chemicals and resources  including oil and gas,entity,{}
https   modernslaveryregister gov au statements 9662,entity,{}
electranet pty limited,entity,{}
41 094 482 416,entity,{}
electranet transmission investments pty ltd,entity,{}
12 119 027 262,entity,{}
350 400m,entity,{}
utilities  gas  water and electricity,entity,{}
https   modernslaveryregister gov au statements 1571,entity,{}
scania australia pty  limited,entity,{}
44 000 537 333,entity,{}
2025 01 01 to 2025 12 31,entity,{}
700 800m,entity,{}
manufacturing,entity,{}
https   modernslaveryregister gov au statements 18979,entity,{}
cse global  australia  pty ltd,entity,{}
85 109 958 090,entity,{}
2020 01 01 to 2020 12 31,entity,{}
information technology and telecommunication,entity,{}
https   modernslaveryregister gov au statements 5123,entity,{}
akd nsw pty limited,entity,{}
38 091 574 060,entity,{}
akd queensland pty ltd,entity,{}
18 620 713 760,entity,{}
associated kiln driers pty  limited,entity,{}
34 004 341 048,entity,{}
500 600m,entity,{}
forestry  timber products  paper and containers and packaging,entity,{}
akd victoria pty ltd,entity,{}
https   modernslaveryregister gov au statements 20594,entity,{}
intrec management pty ltd,entity,{}
23 073 821 217,entity,{}
https   modernslaveryregister gov au statements 10086,entity,{}
ched services pty ltd,entity,{}
14 112 304 622,entity,{}
citipower pty ltd,entity,{}
76 064 651 056,entity,{}
energy solutions pty ltd,entity,{}
32 610 914 059,entity,{}
powercor australia ltd,entity,{}
89 064 651 109,entity,{}
power network services pty ltd,entity,{}
94 123 230 240,entity,{}
the trustee for the citipower trust,entity,{}
75 569 155 798,entity,{}
victoria power networks  finance  pty ltd,entity,{}
68 101 392 161,entity,{}
victoria power networks pty ltd,entity,{}
37 116 940 820,entity,{}
https   modernslaveryregister gov au statements 17881,entity,{}
mitsui   co  iron ore exploration   mining pty  ltd,entity,{}
15 164 171 448,entity,{}
https   modernslaveryregister gov au statements 19558,entity,{}
andrews meat industries pty ltd,entity,{}
674,entity,{}
australian consolidated food holdings pty limited,entity,{}
1,entity,{}
baybrick pty  ltd,entity,{}
2,entity,{}
diamond valley pork pty ltd,entity,{}
3,entity,{}
huon aquaculture company pty ltd,entity,{}
4,entity,{}
huon aquaculture group pty ltd,entity,{}
5,entity,{}
industry park pty  ltd,entity,{}
6,entity,{}
jbs aquaculture pty ltd,entity,{}
7,entity,{}
jbs australia finance 1 pty ltd,entity,{}
8,entity,{}
jbs australia finance pty ltd,entity,{}
9,entity,{}
jbs australia pty limited,entity,{}
10,entity,{}
premier beehive holdco pty ltd,entity,{}
11,entity,{}
primo foods pty ltd,entity,{}
12,entity,{}
rivalea  australia  pty ltd,entity,{}
13,entity,{}
rivalea holdings pty limited,entity,{}
14,entity,{}
s c australia holdco pty ltd,entity,{}
15,entity,{}
s c australia investments pty ltd,entity,{}
16,entity,{}
seven point pork pty ltd,entity,{}
17,entity,{}
white stripe foods pty ltd,entity,{}
18,entity,{}
2024 01 01 to 2024 12 29,entity,{}
food and beverages  agriculture and fishing,entity,{}
https   modernslaveryregister gov au statements 22622,entity,{}
cubic defence australia pty limited,entity,{}
88 122 798 207,entity,{}
cubic transportation systems  australia  pty limited,entity,{}
82 003 617 561,entity,{}
2019 10 01 to 2020 09 30,entity,{}
transportation  logistics  and storage  information technology and telecommunication  defence and aerospace,entity,{}
https   modernslaveryregister gov au statements 2992,entity,{}
rga reinsurance company of australia limited,entity,{}
14 072 292 712,entity,{}
2021 01 01 to 2021 12 31,entity,{}
450 500m,entity,{}
https   modernslaveryregister gov au statements 8795,entity,{}
capitol south yarra pty ltd,entity,{}
200 250m,entity,{}
https   modernslaveryregister gov au statements 1401,entity,{}
green s foods holdings pty limited,entity,{}
81 160 202 200,entity,{}
green s general foods pty limited,entity,{}
56 001 553 564,entity,{}
kin group pty ltd,entity,{}
11 095 313 714,entity,{}
kinrise pty ltd,entity,{}
43 143 389 404,entity,{}
2020 07 01 to 2021 06 30,entity,{}
900m 1bn,entity,{}
food and beverages  agriculture and fishing financial  insurance and real estate activities,entity,{}
united equipment pty limited,entity,{}
48 115 672 841,entity,{}
https   modernslaveryregister gov au statements 11127,entity,{}
eclipx group limited,entity,{}
85 131 557 901,entity,{}
fleet holding  australia  pty limited,entity,{}
37 121 167 815,entity,{}
fleet partners pty limited,entity,{}
63 006 706 832,entity,{}
leasing finance  australia  pty limited,entity,{}
39 121 167 824,entity,{}
pacific leasing solutions  australia  pty limited,entity,{}
84 121 168 447,entity,{}
transportation  logistics  and storage financial  insurance and real estate activities,entity,{}
https   modernslaveryregister gov au statements 3184,entity,{}
clearview life assurance limited,entity,{}
12 000 021 581,entity,{}
clearview wealth limited,entity,{}
83 106 248 248,entity,{}
https   modernslaveryregister gov au statements 11724,entity,{}
the trustee for lovelight unit trust,entity,{}
26 596 489 876,entity,{}
0 99m,entity,{}
durable consumer goods  including electronics and appliances  home furnishings and other accessories,entity,{}
https   modernslaveryregister gov au statements 7377,entity,{}
the trustee for blue asset partner trust   others,entity,{}
48 622 605 040,entity,{}
the trustee for blue op partner trust   others,entity,{}
78 508 211 731,entity,{}
modern slavery statement 2022 2396,entity,{}
https   modernslaveryregister gov au statements 11187,entity,{}
spc global ltd,entity,{}
73 633 389 394,entity,{}
spc operations pty ltd,entity,{}
53 633 532 162,entity,{}
the good meal co pty ltd,entity,{}
44 623 746 592,entity,{}
the kuisine company pty ltd,entity,{}
59 147 334 101,entity,{}
https   modernslaveryregister gov au statements 11757,entity,{}
north queensland export terminal holdings pty ltd,entity,{}
17 154 644 685,entity,{}
nqxt port pty ltd,entity,{}
61 150 498 098,entity,{}
north queensland export terminal holding pty ltd,entity,{}
2019 04 01 to 2020 03 30,entity,{}
transportation  logistics  and storage,entity,{}
https   modernslaveryregister gov au statements 2590,entity,{}
police bank ltd,entity,{}
95 087 650 799,entity,{}
financial and insurance services,entity,{}
https   modernslaveryregister gov au statements 25612,entity,{}
freedom energy holdings pty ltd,entity,{}
24 093 243 844,entity,{}
https   modernslaveryregister gov au statements 1313,entity,{}
gtn limited,entity,{}
38 606 841 801,entity,{}
media  publishing  arts and entertainment,entity,{}
https   modernslaveryregister gov au statements 10350,entity,{}
vestas   australian wind technology pty  limited,entity,{}
1553,entity,{}
2024 01 01 to 2024 12 31,entity,{}
denmark,entity,{}
https   modernslaveryregister gov au statements 23822,entity,{}
coca cola south pacific pty ltd,entity,{}
50 003 029 794,entity,{}
https   modernslaveryregister gov au statements 13440,entity,{}
the trustee for exemplar health  frankston  trust,entity,{}
57 118 894 818,entity,{}
https   modernslaveryregister gov au statements 19996,entity,{}
complete office supplies pty ltd,entity,{}
92 001 634 715,entity,{}
https   modernslaveryregister gov au statements 7353,entity,{}
specsavers pty  ltd,entity,{}
2024 03 01 to 2025 02 28,entity,{}
retail trade health care and social assistance,entity,{}
https   modernslaveryregister gov au statements 24341,entity,{}
cognizant technology solutions australia pty ltd,entity,{}
74 100 749 997,entity,{}
https   modernslaveryregister gov au statements 3655,entity,{}
telix international pty ltd,entity,{}
26 616 657 839,entity,{}
telix pharmaceuticals limited,entity,{}
85 616 620 369,entity,{}
healthcare and pharmaceuticals,entity,{}
https   modernslaveryregister gov au statements 12942,entity,{}
workforce international group pty limited,entity,{}
29 141 197 097,entity,{}
trafficca road services pty ltd,entity,{}
47 611 369 352,entity,{}
trafficca road services  vic  pty ltd,entity,{}
99 662 534 483,entity,{}
traffic group australia pty limited,entity,{}
49 143 304 796,entity,{}
workforce international  office services  pty limited,entity,{}
14 104 458 675,entity,{}
workforce recruitment and labour services pty ltd,entity,{}
33 142 782 296,entity,{}
workforce road services pty limited,entity,{}
36 136 999 374,entity,{}
workforce road services qld pty  ltd,entity,{}
30 644 543 279,entity,{}
https   modernslaveryregister gov au statements 22403,entity,{}
glassons australia limited,entity,{}
15 074 774 637,entity,{}
new zealand,entity,{}
fashion  textiles  apparel and luxury goods,entity,{}
https   modernslaveryregister gov au statements 5217,entity,{}
dws pty ltd,entity,{}
83 085 656 088,entity,{}
hcl australia services pty  limited,entity,{}
72 081 196 983,entity,{}
2022 04 01 to 2023 03 30,entity,{}
https   modernslaveryregister gov au statements 14609,entity,{}
acciona energy australia global pty ltd,entity,{}
54 600 910 647,entity,{}
acciona energy oceania construction pty ltd,entity,{}
85 164 011 723,entity,{}
karara holdings pty ltd,entity,{}
https   modernslaveryregister gov au statements 23195,entity,{}
coal mines insurance pty ltd,entity,{}
70 000 011 727,entity,{}
coal services pty limited,entity,{}
98 099 078 234,entity,{}
financial and insurance services health care and social assistance mining,entity,{}
mines rescue pty limited,entity,{}
https   modernslaveryregister gov au statements 26858,entity,{}
the trustee for the core trust,entity,{}
74 250 505 261,entity,{}
https   modernslaveryregister gov au statements 9393,entity,{}
jax coal pty ltd,entity,{}
89 133 499 500,entity,{}
northern hub  drake  pty ltd,entity,{}
86 609 547 033,entity,{}
qcoal pty ltd,entity,{}
99 010 911 234,entity,{}
acme foods pty ltd,entity,{}
250 300m,entity,{}
https   modernslaveryregister gov au statements 5675,entity,{}
gbst holdings ltd,entity,{}
85 010 488 874,entity,{}
https   modernslaveryregister gov au statements 2284,entity,{}
bligh coal limited,entity,{}
20 010 186 393,entity,{}
boggabri coal pty limited,entity,{}
77 122 087 398,entity,{}
ensham coal sales pty  ltd,entity,{}
13 050 411 713,entity,{}
idemitsu australia pty ltd,entity,{}
45 010 236 272,entity,{}
idemitsu coal marketing australia pty ltd,entity,{}
52 003 671 707,entity,{}
https   modernslaveryregister gov au statements 8714,entity,{}
capgemini australia pty limited,entity,{}
11 092 284 314,entity,{}
france,entity,{}
https   modernslaveryregister gov au statements 4483,entity,{}
covetrus australia,entity,{}
provet nz pty ltd   provet pty ltd,entity,{}
60 099 854 065,entity,{}
provet nz pty ltd,entity,{}
provet pty ltd,entity,{}
46 076 468 481,entity,{}
pelican acquisition company pty ltd,entity,{}
94 146 841 027,entity,{}
provet holdings limited,entity,{}
91 092 593 774,entity,{}
provet queensland pty ltd,entity,{}
52 076 437 280,entity,{}
https   modernslaveryregister gov au statements 23051,entity,{}
nec australia pty ltd,entity,{}
86 001 217 527,entity,{}
nec it services australia pty ltd,entity,{}
27 096 278 198,entity,{}
nec it solutions australia pty ltd,entity,{}
58 009 378 643,entity,{}
https   modernslaveryregister gov au statements 14806,entity,{}
agco australia limited,entity,{}
89 004 092 684,entity,{}
71 005 437 150,entity,{}
sparex australia pty ltd,entity,{}
https   modernslaveryregister gov au statements 22860,entity,{}
toshiba  australia  pty ltd,entity,{}
19 001 320 421,entity,{}
https   modernslaveryregister gov au statements 19475,entity,{}
james cook university,entity,{}
46 253 211 955,entity,{}
education and research,entity,{}
https   modernslaveryregister gov au statements 3985,entity,{}
f  mayer  imports  pty ltd,entity,{}
51 000 697 889,entity,{}
https   modernslaveryregister gov au statements 15920,entity,{}
queensland titles registry pty ltd,entity,{}
23 648 568 101,entity,{}
https   modernslaveryregister gov au statements 10702,entity,{}
ausnet pty ltd,entity,{}
45 603 317 559,entity,{}
australian energy holdings no 1 pty ltd,entity,{}
18 654 672 670,entity,{}
ausnet electricity services pty ltd,entity,{}
ausnet gas services pty ltd,entity,{}
ausnet services  distribution  pty ltd,entity,{}
ausnet services holdings pty ltd,entity,{}
ausnet services  transmission  pty ltd,entity,{}
ausnet transmission group pty ltd,entity,{}
australian energy holdings no 2 pty ltd,entity,{}
australian energy holdings no 3 pty ltd,entity,{}
australian energy holdings no 4 pty ltd,entity,{}
https   modernslaveryregister gov au statements 23551,entity,{}
onepath general insurance pty limited,entity,{}
56 072 892 365,entity,{}
zurich assure australia pty limited,entity,{}
58 657 804 736,entity,{}
zurich australia limited,entity,{}
92 000 010 195,entity,{}
zurich australian insurance limited,entity,{}
13 000 296 640,entity,{}
zurich financial services australia limited,entity,{}
11 008 423 372,entity,{}
zurich investment management limited,entity,{}
56 063 278 400,entity,{}
zurich services  australia  pty limited,entity,{}
17 627 298 337,entity,{}
https   modernslaveryregister gov au statements 13603,entity,{}
n able australia pty ltd,entity,{}
78 644 615 574,entity,{}
https   modernslaveryregister gov au statements 18748,entity,{}
aware financial services australia limited,entity,{}
86 003 742 756,entity,{}
aware super pty ltd,entity,{}
11 118 202 672,entity,{}
fsssp financial services pty limited,entity,{}
99 612 452 598,entity,{}
https   modernslaveryregister gov au statements 2508,entity,{}
bowen   pomeroy proprietary limited,entity,{}
78 004 174 887,entity,{}
https   modernslaveryregister gov au statements 7927,entity,{}
expedia  inc,entity,{}
hotels com  l p,entity,{}
stayz pty limited,entity,{}
trivago nv,entity,{}
consumer services  including accommodation  hospitality  tourism and leisure,entity,{}
https   modernslaveryregister gov au statements 23384,entity,{}
apex building products pty ltd,entity,{}
27 078 974 115,entity,{}
apex building products  nsw  pty ltd,entity,{}
apex buildings products  qld  pty ltd,entity,{}
apex steel pty ltd,entity,{}
apex steel   shed supplies pty ltd,entity,{}
apex steel supplies darwin pty ltd,entity,{}
apex steel supplies pty ltd,entity,{}
https   modernslaveryregister gov au statements 22701,entity,{}
the trustee for realindex global share fund  screened,entity,{}
15 541 594 372,entity,{}
https   modernslaveryregister gov au statements 16362,entity,{}
objective corporation limited,entity,{}
16 050 539 350,entity,{}
alpha 88 limited,entity,{}
objective corporation north america inc,entity,{}
objective corporation singapore pte limited,entity,{}
objective corporation solutions nz limited,entity,{}
objective corporation uk limited,entity,{}
objective corporation usa inc,entity,{}
objective regtech pty limited,entity,{}
https   modernslaveryregister gov au statements 21512,entity,{}
aetv pty ltd,entity,{}
29 123 391 613,entity,{}
hydro electric corporation,entity,{}
48 072 377 158,entity,{}
momentum energy pty limited,entity,{}
42 100 569 159,entity,{}
https   modernslaveryregister gov au statements 6871,entity,{}
mobis parts australia pty limited,entity,{}
34 107 778 156,entity,{}
republic of korea  south korea,entity,{}
automotive  machinery and heavy electrical equipment other,entity,{}
https   modernslaveryregister gov au statements 19200,entity,{}
canberra data centres proprietary limited,entity,{}
59 125 710 394,entity,{}
2020 04 01 to 2021 03 30,entity,{}
https   modernslaveryregister gov au statements 5728,entity,{}
dyno nobel asia pacific pty limited,entity,{}
38 003 269 010,entity,{}
dyno nobel moranbah pty ltd,entity,{}
63 115 650 649,entity,{}
dyno nobel pty limited,entity,{}
44 117 733 463,entity,{}
incitec fertilisers operations pty ltd,entity,{}
56 103 709 155,entity,{}
incitec pivot explosives holdings pty limited,entity,{}
88 124 351 328,entity,{}
incitec pivot fertilisers limited,entity,{}
30 004 936 850,entity,{}
incitec pivot investments 1 pty ltd,entity,{}
18 130 242 090,entity,{}
incitec pivot investments 2 pty ltd,entity,{}
97 130 242 045,entity,{}
incitec pivot limited,entity,{}
42 004 080 264,entity,{}
2021 10 01 to 2022 09 30,entity,{}
https   modernslaveryregister gov au statements 12106,entity,{}
the trustee for cay s family trust,entity,{}
49 613 977 502,entity,{}
https   modernslaveryregister gov au statements 14460,entity,{}
imcd australia pty ltd,entity,{}
44 000 005 578,entity,{}
netherlands,entity,{}
https   modernslaveryregister gov au statements 14384,entity,{}
envirolab services pty ltd,entity,{}
37 112 535 645,entity,{}
envirolab services  wa  pty ltd,entity,{}
53 140 099 207,entity,{}
https   modernslaveryregister gov au statements 10255,entity,{}
decjuba pty ltd,entity,{}
22 611 918 873,entity,{}
https   modernslaveryregister gov au statements 20910,entity,{}
paccar australia pty  ltd,entity,{}
43 004 669 667,entity,{}
https   modernslaveryregister gov au statements 9417,entity,{}
jera australia pty ltd,entity,{}
68 140 147 048,entity,{}
https   modernslaveryregister gov au statements 13313,entity,{}
kiwa australia 1 pty ltd,entity,{}
22 654 686 021,entity,{}
2022 07 01 to 2022 12 31,entity,{}
https   modernslaveryregister gov au statements 12899,entity,{}
airport development group pty limited,entity,{}
77 081 422 915,entity,{}
defence and aerospace,entity,{}
adgi asset company  no  1  pty ltd,entity,{}
adgi holding company pty ltd,entity,{}
adgi operating company  no 1  pty ltd,entity,{}
adgi pty ltd,entity,{}
alice springs airport pty limited,entity,{}
darwin airport resort asset company pty ltd,entity,{}
darwin airport resort operating company pty ltd,entity,{}
darwin international airport pty limited,entity,{}
northern territory airports pty limited,entity,{}
tennant creek airport pty limited,entity,{}
the trustee for afp development site trust,entity,{}
the trustee for dia development holding trust,entity,{}
the trustee for recap iv management no 1 trust,entity,{}
https   modernslaveryregister gov au statements 15733,entity,{}
hudson global resources  aust  pty limited,entity,{}
21 002 888 762,entity,{}
upper ground  aust  pty ltd,entity,{}
upper ground holdings pty ltd,entity,{}
https   modernslaveryregister gov au statements 18512,entity,{}
news australia holdings pty limited,entity,{}
32 105 197 028,entity,{}
news corp australia pty limited,entity,{}
73 163 992 774,entity,{}
news pay tv financing pty ltd,entity,{}
36 157 820 338,entity,{}
nxe australia pty limited,entity,{}
85 625 190 990,entity,{}
https   modernslaveryregister gov au statements 10990,entity,{}
hancock victorian plantations pty limited,entity,{}
20 084 801 132,entity,{}
https   modernslaveryregister gov au statements 6572,entity,{}
a  a  company pty  ltd,entity,{}
australian agricultural company limited,entity,{}
600 700m,entity,{}
agriculture  forestry and fishing,entity,{}
https   modernslaveryregister gov au statements 24622,entity,{}
cue   co pty ltd,entity,{}
57 000 725 306,entity,{}
cue design pty ltd,entity,{}
71 000 655 336,entity,{}
cue international  nz  pty  limited,entity,{}
97 640 585 904,entity,{}
cue nz pty limited,entity,{}
22 080 049 798,entity,{}
https   modernslaveryregister gov au statements 21325,entity,{}
coronado curragh pty ltd,entity,{}
90 009 362 565,entity,{}
curragh queensland mining pty ltd,entity,{}
55 095 450 418,entity,{}
https   modernslaveryregister gov au statements 13949,entity,{}
wormall civil pty ltd,entity,{}
60 162 970 863,entity,{}
https   modernslaveryregister gov au statements 20710,entity,{}
corporate travel management group pty ltd,entity,{}
1000 mile travel group pty ltd,entity,{}
corporate travel management limited,entity,{}
communico services pty limited,entity,{}
ctm finance pty ltd,entity,{}
granted worldwide pty ltd,entity,{}
nexus point travel pty limited,entity,{}
qbt pty limited,entity,{}
tramada holdings pty ltd,entity,{}
show group pty ltd,entity,{}
tramada international pty ltd,entity,{}
tramada systems pty ltd,entity,{}
travelcorp  aust  pty ltd,entity,{}
traveledge pty  limited,entity,{}
unknown,entity,{}
other services,entity,{}
https   modernslaveryregister gov au statements 26790,entity,{}
danone nutricia nz limited,entity,{}
99 076 246 752,entity,{}
nutricia australia pty limited,entity,{}
800 900m,entity,{}
food and beverages  agriculture and fishing healthcare and pharmaceuticals,entity,{}
https   modernslaveryregister gov au statements 9538,entity,{}
kubota australia pty ltd,entity,{}
72 005 300 621,entity,{}
https   modernslaveryregister gov au statements 7784,entity,{}
electricity networks corporation,entity,{}
18 540 492 861,entity,{}
https   modernslaveryregister gov au statements 15048,entity,{}
anzfof3 nz pty limited,entity,{}
68 623 472 088,entity,{}
the trustee for forestry investment trust,entity,{}
83 970 141 211,entity,{}
the trustee for new forests australia new zealand forest investment fund 2,entity,{}
19 113 311 307,entity,{}
the trustee for new forests australia new zealand forest investment fund 3,entity,{}
51 588 422 670,entity,{}
the trustee for new forests australia new zeland forest investment fund,entity,{}
27 160 021 980,entity,{}
the trustee for tasmanian forest investment trust,entity,{}
77 886 087 159,entity,{}
the trustee for tasmanian forest operating trust,entity,{}
43 827 359 657,entity,{}
the trustee for new forests australia new zealand forest operating fund,entity,{}
18 541 900 549,entity,{}
the trustee for new forests australia new zealand forest operating fund 2,entity,{}
42 581 769 764,entity,{}
the trustee for new forests australia new zealand forest operating fund 3,entity,{}
49 619 583 992,entity,{}
https   modernslaveryregister gov au statements 7233,entity,{}
690 wph pty ltd,entity,{}
20 614 450 412,entity,{}
https   modernslaveryregister gov au statements 13189,entity,{}
chichester metals pty ltd,entity,{}
83 109 264 262,entity,{}
fmg solomon pty ltd,entity,{}
95 128 959 179,entity,{}
fortescue ltd,entity,{}
57 002 594 872,entity,{}
the pilbara infrastructure pty ltd,entity,{}
52 103 096 340,entity,{}
fortescue zero limited  uk,entity,{}
wisetech global  australia  pty ltd,entity,{}
23 112 936 991,entity,{}
wisetech global limited,entity,{}
41 065 894 724,entity,{}
please refer to pages 144 146 of the wisetech global limited annual report for a complete list of the entities that comprise the wisetech group,entity,{}
https   modernslaveryregister gov au statements 20198,entity,{}
rondo building services pty ltd,entity,{}
https   modernslaveryregister gov au statements 20659,entity,{}
blacqua pte  ltd,entity,{}
62 169 810 011,entity,{}
hardwick processors proprietary limited,entity,{}
45 005 920 678,entity,{}
kilcoy industries australia pty ltd,entity,{}
16 125 927 308,entity,{}
kilcoy pastoral company limited,entity,{}
89 009 671 112,entity,{}
kyneton food solutions pty ltd,entity,{}
58 650 391 530,entity,{}
the trustee for hardwick brothers wholesale unit trust,entity,{}
38 384 732 025,entity,{}
https   modernslaveryregister gov au statements 8772,entity,{}
tourism holdings australia pty limited,entity,{}
94 001 789 957,entity,{}
tourism holdings limited,entity,{}
australia  new zealand,entity,{}
amh products pty limited,entity,{}
apollo investments pty ltd,entity,{}
apollo motorhome holidays pty ltd,entity,{}
apollo motorhome industries pty ltd,entity,{}
apollo rv service   repair centre pty ltd,entity,{}
apollo rv west pty ltd,entity,{}
g r l enterprises pty ltd,entity,{}
outdoria pty ltd,entity,{}
sydney rv group pty limited,entity,{}
thl group  australia  pty  ltd,entity,{}
https   modernslaveryregister gov au statements 16901,entity,{}
china everbright bank co  ltd,entity,{}
69 322 403 457,entity,{}
china,entity,{}
https   modernslaveryregister gov au statements 12798,entity,{}
the trustee for terra australis partners iii trust,entity,{}
66 126 532 937,entity,{}
https   modernslaveryregister gov au statements 7243,entity,{}
lenovo  australia   new zealand  pty ltd,entity,{}
70 112 394 411,entity,{}
lenovo global technology  australia   new zealand  pty ltd,entity,{}
90 614 012 985,entity,{}
motorola mobility australia pty  ltd,entity,{}
86 139 208 361,entity,{}
register entry,entity,{}
https   modernslaveryregister gov au statements 19841,entity,{}
fluidra holdings australia pty ltd,entity,{}
fluidra group australia pty ltd,entity,{}
srs australia pty  ltd,entity,{}
sunbather pty ltd,entity,{}
https   modernslaveryregister gov au statements 18607,entity,{}
iselect limited,entity,{}
48 124 302 932,entity,{}
https   modernslaveryregister gov au statements 11109,entity,{}
2022 3018,entity,{}
modern slavery statement,entity,{}
zip co limited,entity,{}
50 139 546 428,entity,{}
zipmoney payments pty ltd,entity,{}
58 164 440 993,entity,{}
https   modernslaveryregister gov au statements 11949,entity,{}
hastings deering  australia  limited,entity,{}
36 658 101 832,entity,{}
sime darby industrial australia pty ltd,entity,{}
mining construction other services,entity,{}
austchrome pty ltd,entity,{}
decoda digital services pty ltd,entity,{}
haynes mechanical pty ltd,entity,{}
hmg hardchrome pty ltd,entity,{}
salmon earthmoving holdings pty ltd,entity,{}
tfp engineering pty limited,entity,{}
https   modernslaveryregister gov au statements 26156,entity,{}
now finance group holdings limited,entity,{}
54 651 802 596,entity,{}
nf broker finance pty ltd,entity,{}
nf finco 11 pty ltd,entity,{}
nf finco 2 pty ltd,entity,{}
nf finco 7 pty ltd,entity,{}
nf nim warehouse pty ltd,entity,{}
nf rrm pty ltd,entity,{}
nf rrs pty ltd,entity,{}
nf securities pty ltd,entity,{}
now finance group pty ltd,entity,{}
wcf marketing pty ltd,entity,{}
wcf medical pty ltd,entity,{}
https   modernslaveryregister gov au statements 23900,entity,{}
kinetic it pty ltd,entity,{}
97 072 941 943,entity,{}
https   modernslaveryregister gov au statements 19304,entity,{}
geofabrics australasia pty  ltd,entity,{}
23 005 479 961,entity,{}
https   modernslaveryregister gov au statements 5818,entity,{}
mitsui sumitomo insurance company  limited,entity,{}
49 000 525 637,entity,{}
https   modernslaveryregister gov au statements 24169,entity,{}
stirlings performance steels pty ltd,entity,{}
79 625 765 200,entity,{}
https   modernslaveryregister gov au statements 20627,entity,{}
western suburbs  n cle  leagues club ltd,entity,{}
24 000 973 919,entity,{}
knights rugby league pty ltd,entity,{}
83 169 964 523,entity,{}
the executive inn pty limited,entity,{}
82 080 880 691,entity,{}
2023 02 01 to 2024 01 31,entity,{}
https   modernslaveryregister gov au statements 17252,entity,{}
21st century resorts holdings pty limited,entity,{}
balmoral pastoral investments pty  ltd,entity,{}
balmoral pastoral pty  ltd,entity,{}
food and beverages  agriculture and fishing consumer services  including accommodation  hospitality  tourism and leisure financial  insurance and real estate activities,entity,{}
hamilton island enterprises limited,entity,{}
https   modernslaveryregister gov au statements 21106,entity,{}
the envest group pty ltd,entity,{}
73 645 319 820,entity,{}
a c n  645 214 811 pty ltd,entity,{}
acumen insurance pty ltd,entity,{}
alba risk services pty ltd,entity,{}
all parks insurance pty ltd,entity,{}
allstate insurance pty ltd,entity,{}
allstate underwriting agencies pty ltd,entity,{}
ardonagh bidco pty ltd,entity,{}
ardonagh fin co pty ltd,entity,{}
ardonagh midco 2 pty ltd,entity,{}
ardonagh midco pty ltd,entity,{}
arete risk   insurance partners pty ltd,entity,{}
asset risk management pty ltd,entity,{}
aster underwriting pty ltd,entity,{}
atl holdings group pty ltd,entity,{}
australian eagle holdings pty ltd,entity,{}
australian risk applications pty ltd,entity,{}
aviso all points pty ltd,entity,{}
aviso broking group pty ltd,entity,{}
aviso broking pty ltd,entity,{}
aviso group pty ltd,entity,{}
aviso holdco pty ltd,entity,{}
aviso select investments pty ltd,entity,{}
aviso select pty ltd,entity,{}
cgsc holdings  australia  pty ltd,entity,{}
challenge insurance services pty ltd,entity,{}
club 4x4 pty  ltd,entity,{}
coastwise insurance solutions pty ltd,entity,{}
cookvest pty ltd,entity,{}
cornerstone risk group pty ltd,entity,{}
cps general insurance agencies pty  limited,entity,{}
eagle insurance brokers pty ltd,entity,{}
eda  aust  pty ltd,entity,{}
envest direct agencies pty ltd,entity,{}
envest pty ltd,entity,{}
epsilon insurance broking services pty ltd,entity,{}
erasmus bidco pty ltd,entity,{}
erasmus midco pty ltd,entity,{}
ethos partner holdings pty ltd,entity,{}
fassifern insurance services pty ltd,entity,{}
fitzpatrick   company insurance brokers pty  ltd,entity,{}
focussed assessing pty ltd,entity,{}
focussed claims management pty ltd,entity,{}
for tomorrow partners pty ltd,entity,{}
gilmour risk advisory pty ltd,entity,{}
grange insurance solutions pty ltd,entity,{}
hayes insurance services pty ltd,entity,{}
insurance mentor pty ltd,entity,{}
insurance mentor si pty ltd,entity,{}
insure my 4x4 pty ltd,entity,{}
insuret pty limited,entity,{}
ironguard insurance services pty ltd,entity,{}
jacvic investments pty ltd,entity,{}
lifestyle insurance group pty ltd,entity,{}
london australia underwriting pty ltd,entity,{}
mesh insurance services pty ltd,entity,{}
muscatwood pty  ltd,entity,{}
north queensland insurance brokers pty ltd,entity,{}
o donohue nominees pty  ltd,entity,{}
pi plus  aust  pty ltd,entity,{}
pma general pty ltd,entity,{}
portclip pty  limited,entity,{}
professional insurance agencies pty ltd,entity,{}
qsure investments pty ltd,entity,{}
resilium bidco pty ltd,entity,{}
resilium insurance broking pty ltd,entity,{}
resilium investco 1 pty ltd,entity,{}
resilium investco 2 pty ltd,entity,{}
resilium investco 3 pty ltd,entity,{}
resilium investco 4 pty ltd,entity,{}
resilium investco 5 pty ltd,entity,{}
resilium partners pty ltd,entity,{}
resilium partners southern pty ltd,entity,{}
risk consulting services pty ltd,entity,{}
tac investments  aust  pty ltd,entity,{}
the proplab group pty ltd,entity,{}
the trustee for insurance aid general brokers partnership unit trust  86 879 274 457,entity,{}
viz insurance pty ltd,entity,{}
wellington underwriting agencies pty ltd,entity,{}
wib investments pty ltd,entity,{}
wymark insurance brokers pty ltd,entity,{}
wymark risk services pty ltd,entity,{}
wymark specialty pty ltd,entity,{}
https   modernslaveryregister gov au statements 18212,entity,{}
allianz technology se,entity,{}
68 344 730 676,entity,{}
germany,entity,{}
https   modernslaveryregister gov au statements 21914,entity,{}
2construct pty  ltd,entity,{}
28 109 517 188,entity,{}
https   modernslaveryregister gov au statements 6229,entity,{}
hydro aluminium australia pty ltd,entity,{}
42 001 872 215,entity,{}
norsk hydro asa,entity,{}
norway,entity,{}
https   modernslaveryregister gov au statements 11036,entity,{}
northconnex company pty ltd,entity,{}
2023 3075,entity,{}
northwestern roads group nominees pty ltd,entity,{}
northwestern roads group pty ltd,entity,{}
wso co pty limited,entity,{}
https   modernslaveryregister gov au statements 16328,entity,{}
busy bees australia bidco pty ltd,entity,{}
63 625 478 015,entity,{}
busy bees australia holding pty ltd,entity,{}
82 625 449 809,entity,{}
busy bees early learning australia pty ltd,entity,{}
20 168 187 979,entity,{}
fitzgerald constructions australia pty ltd,entity,{}
11 087 331 164,entity,{}
https   modernslaveryregister gov au statements 17147,entity,{}
the trustee for strawman land trust,entity,{}
79 559 090 276,entity,{}
https   modernslaveryregister gov au statements 21263,entity,{}
mutual marketplace pty  ltd,entity,{}
35 615 297 820,entity,{}
professional  scientific and technical services,entity,{}
https   modernslaveryregister gov au statements 27057,entity,{}
leaks road rockbank pty ltd,entity,{}
93 122 773 924,entity,{}
https   modernslaveryregister gov au statements 8481,entity,{}
sigma company limited,entity,{}
44 004 132 923,entity,{}
sigma healthcare limited,entity,{}
15 088 417 403,entity,{}
2024 02 01 to 2025 01 31,entity,{}
wholesale trade health care and social assistance,entity,{}
mps hold co  pty ltd,entity,{}
https   modernslaveryregister gov au statements 24112,entity,{}
aqua terra oil and mineral service and supply company pty  ltd,entity,{}
39 009 347 399,entity,{}
atom supply group pty limited,entity,{}
69 118 879 806,entity,{}
feel j investments pty ltd,entity,{}
76 159 018 998,entity,{}
mota investments pty ltd,entity,{}
98 158 946 144,entity,{}
the caprice unit trust,entity,{}
73 011 735 977,entity,{}
durable consumer goods  including electronics and appliances  home furnishings and other accessories fashion  textiles  apparel and luxury goods,entity,{}
https   modernslaveryregister gov au statements 15002,entity,{}
panasonic australia pty limited,entity,{}
83 001 592 187,entity,{}
wholesale trade,entity,{}
https   modernslaveryregister gov au statements 27034,entity,{}
victoria amateur turf club  incorporating the melbourne racing club,entity,{}
96 267 203 634,entity,{}
charitable   not for profit activities,entity,{}
melbourne racing club f b limited,entity,{}
melbourne racing club investments pty ltd,entity,{}
mrc foundation limited,entity,{}
the trustee for the mrc foundation,entity,{}
yadnum unit trust,entity,{}
https   modernslaveryregister gov au statements 20255,entity,{}
dwyer engineering   construction pty ltd,entity,{}
80 090 586 539,entity,{}
https   modernslaveryregister gov au statements 22585,entity,{}
todd devine homes pty  ltd,entity,{}
21 104 128 583,entity,{}
https   modernslaveryregister gov au statements 15179,entity,{}
roberts co  nsw  pty ltd,entity,{}
61 620 108 483,entity,{}
roberts co  vic  pty ltd,entity,{}
68 627 689 418,entity,{}
https   modernslaveryregister gov au statements 21119,entity,{}
shield mercantile pty ltd,entity,{}
48 082 737 442,entity,{}
https   modernslaveryregister gov au statements 14364,entity,{}
all energy contracting pty ltd,entity,{}
96 623 989 453,entity,{}
construction,entity,{}
https   modernslaveryregister gov au statements 27080,entity,{}
structural challenge pty  ltd,entity,{}
38 094 640 347,entity,{}
2023 10 01 to 2024 09 30,entity,{}
https   modernslaveryregister gov au statements 20996,entity,{}
organon pharma pty ltd,entity,{}
54 637 107 512,entity,{}
https   modernslaveryregister gov au statements 22840,entity,{}
feltex carpets pty ltd,entity,{}
60 068 166 843,entity,{}
godfrey hirst australia pty ltd,entity,{}
58 000 849 758,entity,{}
premium floors australia pty limited,entity,{}
15 152 867 984,entity,{}
https   modernslaveryregister gov au statements 9291,entity,{}
australian red cross society,entity,{}
50 169 561 394,entity,{}
https   modernslaveryregister gov au statements 3047,entity,{}
leader computers pty ltd,entity,{}
24 093 139 354,entity,{}
wholesale trade manufacturing,entity,{}
https   modernslaveryregister gov au statements 26856,entity,{}
agricultural bank of china limited  sydney branch,entity,{}
48 848 300 367,entity,{}
https   modernslaveryregister gov au statements 3638,entity,{}
the trustee for regal investment fund,entity,{}
47 612 857 252,entity,{}
https   modernslaveryregister gov au statements 7481,entity,{}
vanguard investments australia ltd,entity,{}
72 072 881 086,entity,{}
https   modernslaveryregister gov au statements 13757,entity,{}
transport asset holding entity of new south wales,entity,{}
59 325 778 353,entity,{}
https   modernslaveryregister gov au statements 21269,entity,{}
ricoh australia pty ltd,entity,{}
30 000 593 171,entity,{}
durable consumer goods  including electronics and appliances  home furnishings and other accessories information technology and telecommunication,entity,{}
https   modernslaveryregister gov au statements 10248,entity,{}
focus on furniture pty ltd,entity,{}
14 089 394 712,entity,{}
https   modernslaveryregister gov au statements 7662,entity,{}
media super limited,entity,{}
30 059 502 948,entity,{}
https   modernslaveryregister gov au statements 6351,entity,{}
future generation investment company limited,entity,{}
97 063 935 553,entity,{}
https   modernslaveryregister gov au statements 9102,entity,{}
e p financial group limited,entity,{}
54 609 913 457,entity,{}
https   modernslaveryregister gov au statements 11290,entity,{}
itochu australia ltd,entity,{}
63 000 192 790,entity,{}
food and beverages  agriculture and fishing forestry  timber products  paper and containers and packaging mining  metals  chemicals and resources  including oil and gas  utilities  gas  water and electricity transportation  logistics  and storage,entity,{}
https   modernslaveryregister gov au statements 949,entity,{}
puma australia pty ltd,entity,{}
52 050 539 501,entity,{}
retail trade,entity,{}
https   modernslaveryregister gov au statements 25021,entity,{}
blujay solutions  australia  pty ltd,entity,{}
55 113 156 175,entity,{}
blujay solutions pty ltd,entity,{}
38 103 248 120,entity,{}
expedient software pty limited,entity,{}
20 079 873 626,entity,{}
2021 03 01 to 2022 02 28,entity,{}
https   modernslaveryregister gov au statements 12585,entity,{}
world vision australia,entity,{}
28 004 778 081,entity,{}
https   modernslaveryregister gov au statements 12370,entity,{}
samsung electronics australia pty ltd,entity,{}
1171,entity,{}
https   modernslaveryregister gov au statements 18448,entity,{}
crown worldwide  australia  pty ltd,entity,{}
12 127 193 757,entity,{}
gcw holdings pty ltd,entity,{}
90 070 345 845,entity,{}
grace ff e installations pty ltd,entity,{}
93 057 403 620,entity,{}
grace records management  australia  pty ltd,entity,{}
93 097 110 257,entity,{}
grace removals  australia  pty ltd,entity,{}
35 083 330 223,entity,{}
intercept information solutions pty ltd,entity,{}
83 098 988 348,entity,{}
move dynamics pty ltd,entity,{}
grace records management  s e  qld  pty ltd,entity,{}
43 081 253 483,entity,{}
one rail australia finance pty ltd,entity,{}
24 615 317 130,entity,{}
one rail australia holdings pty ltd,entity,{}
53 132 989 998,entity,{}
one rail australia  north  pty ltd,entity,{}
92 144 081 774,entity,{}
one rail australia  nsw  pty limited,entity,{}
11 079 546 777,entity,{}
one rail australia pty ltd,entity,{}
17 079 444 296,entity,{}
one rail australia  sa holdings  pty ltd,entity,{}
37 094 819 806,entity,{}
https   modernslaveryregister gov au statements 3301,entity,{}
ricegrowers limited,entity,{}
55 007 481 156,entity,{}
riviana foods pty  ltd,entity,{}
97 061 388 092,entity,{}
2022 05 01 to 2023 04 30,entity,{}
https   modernslaveryregister gov au statements 15037,entity,{}
blackrock australia holdco pty  ltd,entity,{}
22 139 463 693,entity,{}
blackrock investment management  australia  limited,entity,{}
13 006 165 975,entity,{}
https   modernslaveryregister gov au statements 23640,entity,{}
unisys australia pty limited,entity,{}
31 105 642 902,entity,{}
29 147 490 819,entity,{}
unisys mortgage processing  no 1  pty ltd,entity,{}
https   modernslaveryregister gov au statements 18777,entity,{}
blue yonder group  inc,entity,{}
blue yonder australia pty ltd,entity,{}
doddle australia pty ltd,entity,{}
https   modernslaveryregister gov au statements 27272,entity,{}
neumann steel pty  ltd,entity,{}
59 009 818 035,entity,{}
https   modernslaveryregister gov au statements 22383,entity,{}
ryowa development ii pty  limited,entity,{}
ryowa development pty  ltd,entity,{}
ryowa ii gps pty  limited,entity,{}
https   modernslaveryregister gov au statements 19547,entity,{}
eureka street pty  ltd,entity,{}
41 010 764 833,entity,{}
https   modernslaveryregister gov au statements 26440,entity,{}
unibail rodamco westfield n v,entity,{}
unibail rodamco westfield se,entity,{}
construction  civil engineering and building products consumer services  including accommodation  hospitality  tourism and leisure,entity,{}
https   modernslaveryregister gov au statements 4565,entity,{}
royan group bidco pty limited,entity,{}
56 638 670 470,entity,{}
royan group holdco pty limited,entity,{}
91 638 670 238,entity,{}
royan group midco pty limited,entity,{}
25 638 670 336,entity,{}
bill o brien smash repairs pty ltd,entity,{}
royans brisbane pty limited,entity,{}
royans dandenong pty limited,entity,{}
royans dubbo pty limited,entity,{}
royans melbourne pty ltd,entity,{}
royans newcastle pty ltd,entity,{}
royans wagga pty limited,entity,{}
royans wodonga pty limited,entity,{}
royan truck   trailer repairs pty ltd,entity,{}
royan group bidco ptly limited,entity,{}
tfi group pty ltd,entity,{}
trucking supplies bidco pty limited,entity,{}
https   modernslaveryregister gov au statements 20413,entity,{}
the trustee for scape core fund trust,entity,{}
63 915 418 438,entity,{}
https   modernslaveryregister gov au statements 18148,entity,{}
horticulture innovation australia limited,entity,{}
71 602 100 149,entity,{}
https   modernslaveryregister gov au statements 11045,entity,{}
latrobe health services limited,entity,{}
94 137 187 010,entity,{}
maryvale private hospital proprietary limited,entity,{}
44 007 374 629,entity,{}
https   modernslaveryregister gov au statements 16025,entity,{}
intelerad medical systems incorporated,entity,{}
41 118 359 649,entity,{}
intelerad oceania pty ltd,entity,{}
2024 08 01 to 2025 07 31,entity,{}
australia  canada,entity,{}
health care and social assistance,entity,{}
dicom grid  inc  dba ambra health,entity,{}
digisonics  inc,entity,{}
heart imaging technologies  llc,entity,{}
insignia medical systems ltd,entity,{}
life image  inc,entity,{}
lumedx corporation,entity,{}
penrad technologies  inc,entity,{}
https   modernslaveryregister gov au statements 27245,entity,{}
the toro company,entity,{}
26 837 744 078,entity,{}
2019 11 01 to 2020 10 31,entity,{}
https   modernslaveryregister gov au statements 3281,entity,{}
auscan holdings pty limited,entity,{}
70 084 400 886,entity,{}
csl australia pty ltd,entity,{}
24 080 378 614,entity,{}
csl ship management pty limited,entity,{}
98 126 128 961,entity,{}
https   modernslaveryregister gov au statements 19376,entity,{}
adchem  australia  pty  ltd,entity,{}
87 069 180 258,entity,{}
https   modernslaveryregister gov au statements 26421,entity,{}
oji oceania management  aus  pty ltd,entity,{}
52 169 111 362,entity,{}
https   modernslaveryregister gov au statements 4659,entity,{}
loyalty pacific pty ltd,entity,{}
82 057 931 334,entity,{}
https   modernslaveryregister gov au statements 11803,entity,{}
allnex australia holding pty ltd,entity,{}
81 614 712 364,entity,{}
allnex australia pty  ltd,entity,{}
24 160 397 768,entity,{}
allnex resins australia pty ltd,entity,{}
25 000 045 572,entity,{}
nuplex resins  vietnam  pty ltd,entity,{}
https   modernslaveryregister gov au statements 18303,entity,{}
australian agribusiness  holdings  pty ltd,entity,{}
61 135 355 958,entity,{}
food and beverages  agriculture and fishing mining  metals  chemicals and resources  including oil and gas,entity,{}
accensi pty ltd,entity,{}
utr investments pty limited,entity,{}
94 079 875 184,entity,{}
14 138 086 209,entity,{}
https   modernslaveryregister gov au statements 19029,entity,{}
image resources nl,entity,{}
57 063 977 579,entity,{}
craton resources pty ltd,entity,{}
titan dr resources pty ltd,entity,{}
titan sr resources pty ltd,entity,{}
titon resources pty ltd,entity,{}
https   modernslaveryregister gov au statements 18076,entity,{}
bendigo kangan institute,entity,{}
74 802 942 886,entity,{}
2021 04 01 to 2022 03 30,entity,{}
https   modernslaveryregister gov au statements 9542,entity,{}
cover syndicate pty ltd,entity,{}
54 614 038 765,entity,{}
https   modernslaveryregister gov au statements 10327,entity,{}
edmi pty ltd,entity,{}
65 010 061 391,entity,{}
edmi gas pty ltd,entity,{}
99 128 174 658,entity,{}
https   modernslaveryregister gov au statements 23444,entity,{}
cedar pacific investment management pty ltd,entity,{}
89 608 750 438,entity,{}
https   modernslaveryregister gov au statements 5104,entity,{}
omnicom media group australia pty ltd,entity,{}
74 129 754 883,entity,{}
hearts and science pty  ltd,entity,{}
56 100 552 510,entity,{}
omnet australia pty ltd,entity,{}
16 115 238 974,entity,{}
optimum media direction pty  ltd,entity,{}
29 075 944 777,entity,{}
phd networks pty ltd,entity,{}
63 076 525 614,entity,{}
resolution media network pty ltd,entity,{}
91 121 725 764,entity,{}
trkkn australia pty ltd,entity,{}
75 661 139 555,entity,{}
https   modernslaveryregister gov au statements 18387,entity,{}
peter maccallum cancer institute,entity,{}
42 100 504 883,entity,{}
cell therapies pty ltd,entity,{}
15 100 285 916,entity,{}
the trustee for peter maccallum cancer foundation,entity,{}
14 786 237 480,entity,{}
https   modernslaveryregister gov au statements 16716,entity,{}
ethos beathchapman australia pty ltd,entity,{}
15 628 088 451,entity,{}
https   modernslaveryregister gov au statements 10441,entity,{}
xero australia pty limited,entity,{}
89 124 215 247,entity,{}
xero limited,entity,{}
81 160 661 183,entity,{}
https   modernslaveryregister gov au statements 5444,entity,{}
zf friedrichshafen ag,entity,{}
1257,entity,{}
trw australia holdings pty ltd,entity,{}
trw australia pty ltd,entity,{}
wabco australia pty  ltd,entity,{}
zf holdings australia pty  ltd,entity,{}
zf services australia pty  ltd,entity,{}
https   modernslaveryregister gov au statements 22968,entity,{}
the trustee for allan gray australia equity fund,entity,{}
30 077 263 138,entity,{}
https   modernslaveryregister gov au statements 16567,entity,{}
lsh auto  brisbane  pty ltd,entity,{}
66 606 816 497,entity,{}
lsh auto  melbourne  pty ltd,entity,{}
77 618 554 635,entity,{}
lsh auto  sydney  pty ltd,entity,{}
25 604 103 915,entity,{}
hong kong,entity,{}
https   modernslaveryregister gov au statements 24223,entity,{}
sgsp  australia  assets pty ltd,entity,{}
60 126 327 624,entity,{}
jemena limited,entity,{}
zinfra pty ltd,entity,{}
95 052 167 405,entity,{}
98 156 517 305,entity,{}
https   modernslaveryregister gov au statements 18060,entity,{}
robert half australia pty limited,entity,{}
32 081 257 052,entity,{}
https   modernslaveryregister gov au statements 23041,entity,{}
barbeques galore pty limited,entity,{}
https   modernslaveryregister gov au statements 19655,entity,{}
hudson rpo  aust  pty ltd,entity,{}
29 622 996 918,entity,{}
https   modernslaveryregister gov au statements 7158,entity,{}
morgan stanley  australia  securities holdings pty limited,entity,{}
75 106 503 799,entity,{}
https   modernslaveryregister gov au statements 8560,entity,{}
clifford hallam healthcare pty limited,entity,{}
38 001 655 554,entity,{}
cosmetics and toiletries healthcare and pharmaceuticals,entity,{}
https   modernslaveryregister gov au statements 11573,entity,{}
the trustee for chp holdings unit trust,entity,{}
64 144 220 710,entity,{}
the trustee for chp unit trust,entity,{}
39 144 988 542,entity,{}
image holdco pty ltd,entity,{}
18 623 028 740,entity,{}
i med new south wales pty limited,entity,{}
45 095 617 244,entity,{}
i med queensland pty ltd,entity,{}
79 010 928 613,entity,{}
i med regional pty limited,entity,{}
81 095 630 792,entity,{}
i med victoria pty limited,entity,{}
19 080 845 594,entity,{}
https   modernslaveryregister gov au statements 15736,entity,{}
simplot australia pty limited,entity,{}
98 070 579 609,entity,{}
https   modernslaveryregister gov au statements 3589,entity,{}
bluescope distribution pty ltd,entity,{}
88 096 380 068,entity,{}
bluescope steel  ais  pty  ltd,entity,{}
19 000 019 625,entity,{}
bluescope steel americas holdings pty ltd,entity,{}
13 073 776 271,entity,{}
bluescope steel asia holdings pty ltd,entity,{}
25 102 832 100,entity,{}
bluescope steel  finance  limited,entity,{}
53 098 842 338,entity,{}
bluescope steel limited,entity,{}
16 000 011 058,entity,{}
glenbrook holdings pty  ltd,entity,{}
62 007 258 059,entity,{}
lysaght building solutions pty ltd,entity,{}
61 103 232 444,entity,{}
orrcon manufacturing pty ltd,entity,{}
15 113 998 066,entity,{}
lorna jane pty ltd,entity,{}
91 065 384 616,entity,{}
https   modernslaveryregister gov au statements 2774,entity,{}
ignite limited,entity,{}
43 002 724 334,entity,{}
government sector,entity,{}
https   modernslaveryregister gov au statements 10471,entity,{}
azelis australia pty limited,entity,{}
54 091 997 027,entity,{}
agspec australia pty ltd,entity,{}
chemcolour industries australia pty limited,entity,{}
chemiplas australia pty ltd,entity,{}
cw pacific pty ltd,entity,{}
cw pacific specialties pty limited,entity,{}
eb1 pty limited,entity,{}
elle bee exports pty ltd,entity,{}
timtechchem australia pty ltd,entity,{}
https   modernslaveryregister gov au statements 17768,entity,{}
just eat  acquisitions  pty limited,entity,{}
acquisitions,entity,{}
menulog group limited,entity,{}
menulog pty ltd,entity,{}
https   modernslaveryregister gov au statements 27488,entity,{}
mccosker contracting pty ltd,entity,{}
42 070 997 787,entity,{}
https   modernslaveryregister gov au statements 20636,entity,{}
prime media group limited,entity,{}
97 000 764 867,entity,{}
https   modernslaveryregister gov au statements 2539,entity,{}
prl global ltd,entity,{}
2023 3424,entity,{}
phosphate resources limited,entity,{}
https   modernslaveryregister gov au statements 16565,entity,{}
anz staff superannuation  australia  pty  limited,entity,{}
92 006 680 664,entity,{}
https   modernslaveryregister gov au statements 18678,entity,{}
nike australia pty  ltd,entity,{}
99 055 141 743,entity,{}
https   modernslaveryregister gov au statements 10716,entity,{}
amotiv limited,entity,{}
99 004 400 891,entity,{}
autopacific australia pty ltd,entity,{}
60 004 546 543,entity,{}
autopacific group bidco pty ltd,entity,{}
45 635 465 682,entity,{}
autopacific group holdco pty ltd,entity,{}
54 635 465 717,entity,{}
autopacific group holdings pty ltd,entity,{}
20 107 464 175,entity,{}
autopacific group midco pty ltd,entity,{}
60 635 465 744,entity,{}
autopacific group topco pty ltd,entity,{}
68 635 465 780,entity,{}
brown   watson international pty  limited,entity,{}
29 004 250 748,entity,{}
ryco group pty limited,entity,{}
13 004 237 727,entity,{}
aa gaskets pty ltd,entity,{}
acad limited,entity,{}
aecaa pty ltd,entity,{}
australian clutch services pty ltd,entity,{}
caravan electrical solutions pty ltd,entity,{}
cruisemaster australia pty ltd,entity,{}
disc brakes australia pty  limited,entity,{}
e c b pty  ltd,entity,{}
fully equipped australia pty ltd,entity,{}
infinitev australia pty limited,entity,{}
innovative mechatronics group pty ltd,entity,{}
parkside towbars pty ltd,entity,{}
uneek 4x4 australia pty ltd,entity,{}
vehicle components  2018  pty ltd,entity,{}
wesfil australia pty ltd,entity,{}
nextdc limited,entity,{}
35 143 582 521,entity,{}
https   modernslaveryregister gov au statements 11597,entity,{}
indara corporation pty ltd,entity,{}
rental  hiring and real estate services construction information media and telecommunications other services,entity,{}
ene hub pty limited,entity,{}
hub australasia pty limited,entity,{}
hub innovations pty limited,entity,{}
hub qatar pty limited,entity,{}
hub se holdings pty limited,entity,{}
hub street equipment pty ltd,entity,{}
indara administration pty ltd,entity,{}
indara asset holdco pty ltd,entity,{}
indara asset pty ltd,entity,{}
indara bidco pty ltd,entity,{}
indara corporation holdings pty ltd,entity,{}
indara finance pty ltd,entity,{}
indara holdco pty ltd,entity,{}
indara inbuilding solutions pty ltd,entity,{}
indara infrastructure holdings pty ltd,entity,{}
indara infrastructure pty ltd,entity,{}
indara properties ltd,entity,{}
indara services pty ltd,entity,{}
structel pty ltd,entity,{}
the trustee for indara asset trust  73 907 540 472,entity,{}
the trustee for the trust company australia atf indara hold trust  42 508 575 162,entity,{}
sophos pty ltd,entity,{}
41 085 792 374,entity,{}
information media and telecommunications,entity,{}
https   modernslaveryregister gov au statements 24153,entity,{}
southern cross care  sa  nt   vic  incorporated,entity,{}
53 682 143 626,entity,{}
healthcare and pharmaceuticals charitable   not for profit activities,entity,{}
https   modernslaveryregister gov au statements 10442,entity,{}
insignia financial ltd,entity,{}
49 100 103 722,entity,{}
https   modernslaveryregister gov au statements 11300,entity,{}
fisher   paykel healthcare corporation limited,entity,{}
69 098 026 281,entity,{}
fisher   paykel healthcare pty  limited,entity,{}
52 005 484 999,entity,{}
https   modernslaveryregister gov au statements 5553,entity,{}
integrated research limited,entity,{}
https   modernslaveryregister gov au statements 16955,entity,{}
anglicare victoria,entity,{}
97 397 067 466,entity,{}
https   modernslaveryregister gov au statements 14968,entity,{}
forch australia pty ltd,entity,{}
maxiparts operations pty ltd,entity,{}
https   modernslaveryregister gov au statements 14975,entity,{}
rimini street inc,entity,{}
61 898 632 956,entity,{}
https   modernslaveryregister gov au statements 12813,entity,{}
andrew johnson holdings pty ltd,entity,{}
54 089 200 448,entity,{}
https   modernslaveryregister gov au statements 26494,entity,{}
cellmark ab,entity,{}
93 613 279 155,entity,{}
sweden,entity,{}
waste management and recycling,entity,{}
cellmark australia pty limited,entity,{}
https   modernslaveryregister gov au statements 18510,entity,{}
https   modernslaveryregister gov au statements 8030,entity,{}
eml payments limited,entity,{}
93 104 757 904,entity,{}
ireland,entity,{}
united kingdom,entity,{}
https   modernslaveryregister gov au statements 1506,entity,{}
dsm nutritional products australia pty limited,entity,{}
36 000 991 793,entity,{}
https   modernslaveryregister gov au statements 4965,entity,{}
kestrel coal group pty ltd,entity,{}
kestrel coal holdings pty ltd,entity,{}
kestrel coal midco pty ltd,entity,{}
kestrel coal resources pty ltd,entity,{}
kestrel coal subsidiary pty ltd,entity,{}
https   modernslaveryregister gov au statements 17808,entity,{}
health insurance fund of australia limited,entity,{}
84 607 276 950,entity,{}
hif pty ltd,entity,{}
63 167 067 478,entity,{}
https   modernslaveryregister gov au statements 26753,entity,{}
gamma investments holdco pty ltd,entity,{}
30 635 098 690,entity,{}
https   modernslaveryregister gov au statements 3214,entity,{}
viridian glass pty ltd,entity,{}
68 006 904 052,entity,{}
don mathieson   staff glass pty  ltd,entity,{}
sa independent glass pty ltd,entity,{}
viridian glass international pty limited,entity,{}
viridian glass operations pty limited,entity,{}
viridian glazing pty ltd,entity,{}
viridian properties limited,entity,{}
vivid glass  windows   doors pty ltd,entity,{}
https   modernslaveryregister gov au statements 19566,entity,{}
98 114 053 459,entity,{}
https   modernslaveryregister gov au statements 10099,entity,{}
sedgwick australia pty limited,entity,{}
49 003 437 161,entity,{}
direct health solutions australia pty ltd,entity,{}
30 600 165 339,entity,{}
direct health solutions group pty ltd,entity,{}
41 646 785 873,entity,{}
sedgwick australia finance pty limited,entity,{}
60 006 984 292,entity,{}
https   modernslaveryregister gov au statements 22599,entity,{}
my place wa ltd,entity,{}
80 784 853 864,entity,{}
https   modernslaveryregister gov au statements 24115,entity,{}
standard chartered bank,entity,{}
standard chartered grindlays pty ltd,entity,{}
https   modernslaveryregister gov au statements 22017,entity,{}
collagis australia pty ltd,entity,{}
23 634 258 683,entity,{}
the trustee for collagis unit trust,entity,{}
87 965 704 329,entity,{}
the trustee for pepworldwide anz unit trust,entity,{}
25 979 109 551,entity,{}
https   modernslaveryregister gov au statements 4031,entity,{}
basware pty ltd,entity,{}
52 096 671 528,entity,{}
finland,entity,{}
https   modernslaveryregister gov au statements 13151,entity,{}
edgewell personal care australia pty ltd,entity,{}
32 601 894 795,entity,{}
australia  united kingdom,entity,{}
cosmetics and toiletries,entity,{}
https   modernslaveryregister gov au statements 2649,entity,{}
datacom australia holdings pty limited,entity,{}
45 094 235 373,entity,{}
datacom connect pty ltd,entity,{}
16 103 112 303,entity,{}
datacom data centres pty ltd,entity,{}
58 110 978 179,entity,{}
datacom new zealand limited,entity,{}
95 875 120 116,entity,{}
datacom systems  au  pty ltd,entity,{}
39 135 427 075,entity,{}
information technology and telecommunication  professional and administrative services and supplies  including legal  consulting and accounting services,entity,{}
https   modernslaveryregister gov au statements 5470,entity,{}
baby bunting group limited,entity,{}
58 128 533 693,entity,{}
baby bunting pty ltd,entity,{}
43 128 546 154,entity,{}
https   modernslaveryregister gov au statements 14403,entity,{}
internet services australia 1 pty limited,entity,{}
50 152 631 082,entity,{}
durable consumer goods  including electronics and appliances  home furnishings and other accessories cosmetics and toiletries fashion  textiles  apparel and luxury goods,entity,{}
https   modernslaveryregister gov au statements 13651,entity,{}
hazell bros group pty ltd,entity,{}
27 088 345 804,entity,{}
hazell bros  qld  pty ltd,entity,{}
46 145 228 986,entity,{}
hazell bros resources pty ltd,entity,{}
16 150 374 280,entity,{}
construction mining transport  postal and warehousing,entity,{}
clarke s sands pty ltd,entity,{}
crossroads civil contracting pty  ltd,entity,{}
crossroads concrete pty ltd,entity,{}
hazell bros civil contracting pty  ltd,entity,{}
hazell bros concrete pty ltd,entity,{}
hazell bros plant hire  qld  pty ltd,entity,{}
hazell bros raeburn quarry pty ltd,entity,{}
h b m i  pty  ltd,entity,{}
kerbline pty ltd,entity,{}
qualtech  tas  pty ltd,entity,{}
https   modernslaveryregister gov au statements 27059,entity,{}
blackhawk network  australia  pty ltd,entity,{}
84 123 251 703,entity,{}
https   modernslaveryregister gov au statements 9709,entity,{}
clareville pty limited,entity,{}
42 003 038 668,entity,{}
https   modernslaveryregister gov au statements 6686,entity,{}
autism spectrum australia  aspect,entity,{}
12 000 637 267,entity,{}
https   modernslaveryregister gov au statements 17918,entity,{}
procter   gamble australia pty  limited,entity,{}
91 008 396 245,entity,{}
durable consumer goods  including electronics and appliances  home furnishings and other accessories cosmetics and toiletries,entity,{}
https   modernslaveryregister gov au statements 15485,entity,{}
saunders international limited,entity,{}
14 050 287 431,entity,{}
saunders asset services pty limited,entity,{}
saunders automation pty ltd,entity,{}
saunders civilbuild pty ltd,entity,{}
saunders piping solutions pty limited,entity,{}
saunders plantweave pty limited,entity,{}
saunders property  nsw  pty ltd,entity,{}
https   modernslaveryregister gov au statements 21515,entity,{}
bell financial group limited,entity,{}
bell potter securities limited,entity,{}
https   modernslaveryregister gov au statements 13429,entity,{}
z energy ltd,entity,{}
367,entity,{}
https   modernslaveryregister gov au statements 765,entity,{}
mtu maintenance berlin brandenburg gmbh,entity,{}
61 310 577 059,entity,{}
https   modernslaveryregister gov au statements 24013,entity,{}
peninsula health,entity,{}
52 892 860 159,entity,{}
https   modernslaveryregister gov au statements 20247,entity,{}
the hospitals contribution fund of australia ltd,entity,{}
68 000 026 746,entity,{}
h c f life insurance company pty ltd,entity,{}
https   modernslaveryregister gov au statements 21783,entity,{}
michael hill international limited,entity,{}
25 610 937 598,entity,{}
fine jewellery retail au pty ltd,entity,{}
medley jewellery pty ltd,entity,{}
https   modernslaveryregister gov au statements 16051,entity,{}
virgin australia holdings pty ltd,entity,{}
54 100 686 226,entity,{}
virgin australia international holdings pty ltd,entity,{}
23 155 860 021,entity,{}
transportation  logistics  and storage consumer services  including accommodation  hospitality  tourism and leisure,entity,{}
bc hart company pty ltd,entity,{}
vbnc5 pty ltd,entity,{}
vb pdp 2010 11 pty ltd,entity,{}
velocity frequent flyer 1 pty ltd,entity,{}
velocity frequent flyer 2 pty ltd,entity,{}
velocity frequent flyer holdco pty ltd,entity,{}
velocity frequent flyer pty ltd,entity,{}
virgin australia airlines holdings pty ltd,entity,{}
virgin australia airlines pty ltd,entity,{}
virgin australia international airlines pty ltd,entity,{}
virgin australia regional airlines pty ltd,entity,{}
https   modernslaveryregister gov au statements 16374,entity,{}
activision blizzard pty ltd,entity,{}
90 054 096 883,entity,{}
activision publishing  inc,entity,{}
blizzard entertainment  inc,entity,{}
activision publishing  inc   blizzard entertainment  inc,entity,{}
activision blizzard pty ltd  blizzard entertainment  inc,entity,{}
https   modernslaveryregister gov au statements 14076,entity,{}
birch  carroll   coyle limited,entity,{}
40 009 659 643,entity,{}
qt hotels and resorts pty limited,entity,{}
23 140 595 624,entity,{}
rydges hotels ltd,entity,{}
48 050 035 268,entity,{}
the greater union organisation pty ltd,entity,{}
99 000 024 439,entity,{}
https   modernslaveryregister gov au statements 11762,entity,{}
volvo car australia pty ltd,entity,{}
18 004 830 611,entity,{}
https   modernslaveryregister gov au statements 13534,entity,{}
knight frank australia holdings pty ltd,entity,{}
28 114 923 938,entity,{}
knight frank australia pty ltd,entity,{}
17 004 973 684,entity,{}
knight frank licensing pty ltd,entity,{}
knight frank nsw valuations and advisory pty ltd,entity,{}
knight frank occupier services pty ltd,entity,{}
https   modernslaveryregister gov au statements 16372,entity,{}
cki utilities development limited   others,entity,{}
13 332 330 749,entity,{}
enerven energy infrastructure pty ltd,entity,{}
31 621 124 909,entity,{}
etsa utilities finance pty ltd,entity,{}
78 091 701 825,entity,{}
utilities management pty ltd,entity,{}
25 090 664 878,entity,{}
enerven energy solutions pty ltd,entity,{}
etsa ancillary pty ltd,entity,{}
etsa frc pty ltd,entity,{}
https   modernslaveryregister gov au statements 27484,entity,{}
australian broadcasting corporation,entity,{}
52 429 278 345,entity,{}
https   modernslaveryregister gov au statements 25736,entity,{}
spark investment holdco pty ltd,entity,{}
98 626 001 394,entity,{}
eve australia pty ltd,entity,{}
ev investments bidco pty ltd,entity,{}
intellihub assets pty ltd,entity,{}
intellihub australia pty ltd,entity,{}
intellihub btm holdings pty ltd,entity,{}
intellihub holdings pty ltd,entity,{}
intellihub ip holdings pty ltd,entity,{}
intellihub metering pty ltd,entity,{}
intellihub newco 2 pty ltd,entity,{}
intellihub pty  ltd,entity,{}
pacific 2022 bidco c pty limited,entity,{}
pacific community infrastructure bidco pty ltd,entity,{}
pacific community infrastructure holdco pty ltd,entity,{}
pacific community infrastructure midco pty ltd,entity,{}
pacific community infrastructure topco pty ltd,entity,{}
pooled pty ltd,entity,{}
spark a holdco pty ltd,entity,{}
spark investment midco pty ltd,entity,{}
https   modernslaveryregister gov au statements 22324,entity,{}
indigenous essential services pty ltd,entity,{}
50 105 269 636,entity,{}
power and water corporation,entity,{}
15 947 352 360,entity,{}
https   modernslaveryregister gov au statements 24899,entity,{}
intowork australia ltd,entity,{}
85 006 162 152,entity,{}
australian trade college north brisbane ltd,entity,{}
australian trade training college limited,entity,{}
capricornia training company limited,entity,{}
gippsland group training limited,entity,{}
go2 recruitment pty ltd,entity,{}
hospitality training network ltd,entity,{}
hume employment service limited,entity,{}
interact australia ltd,entity,{}
mas national limited,entity,{}
mrael limited,entity,{}
nara training and assessing pty ltd,entity,{}
plus recruitment pty ltd,entity,{}
skill hire wa pty ltd,entity,{}
toowoomba regional group apprenticeship company pty  limited,entity,{}
work   training limited,entity,{}
https   modernslaveryregister gov au statements 17753,entity,{}
coopers brewery limited,entity,{}
13 007 871 409,entity,{}
https   modernslaveryregister gov au statements 2683,entity,{}
lazard asset management pacific co,entity,{}
13 064 523 619,entity,{}
https   modernslaveryregister gov au statements 9490,entity,{}
tasmanian water   sewerage corporation pty ltd,entity,{}
47 162 220 653,entity,{}
https   modernslaveryregister gov au statements 20614,entity,{}
water corporation,entity,{}
28 003 434 917,entity,{}
https   modernslaveryregister gov au statements 2147,entity,{}
australasian performing right association ltd,entity,{}
42 000 016 099,entity,{}
https   modernslaveryregister gov au statements 1804,entity,{}
dataminr  inc,entity,{}
00 000 000 000,entity,{}
https   modernslaveryregister gov au statements 13166,entity,{}
https   modernslaveryregister gov au statements 13312,entity,{}
bhca1 pty ltd,entity,{}
61 611 057 991,entity,{}
canada,entity,{}
https   modernslaveryregister gov au statements 9438,entity,{}
walker corporation pty limited,entity,{}
95 001 176 263,entity,{}
walker group holdings pty limited,entity,{}
81 001 215 069,entity,{}
https   modernslaveryregister gov au statements 3045,entity,{}
heath newton family trust,entity,{}
56 211 021 320,entity,{}
https   modernslaveryregister gov au statements 14474,entity,{}
2022 1659,entity,{}
ibs software europe limited,entity,{}
28 624 066 459,entity,{}
https   modernslaveryregister gov au statements 10127,entity,{}
angelic aged care services group,entity,{}
60 082 451 992,entity,{}
https   modernslaveryregister gov au statements 2066,entity,{}
hassell australia limited,entity,{}
34 128 785 080,entity,{}
hassell ltd,entity,{}
24 007 711 435,entity,{}
https   modernslaveryregister gov au statements 16240,entity,{}
sompo japan insurance inc,entity,{}
31 000 837 801,entity,{}
https   modernslaveryregister gov au statements 9130,entity,{}
modern slavery statement 2022 926,entity,{}
seagrass holdco pty ltd,entity,{}
91 634 224 936,entity,{}
6head services pty ltd,entity,{}
6 head wa pty ltd,entity,{}
h b parramatta pty ltd,entity,{}
hunter and barrel the fox restaurant llc,entity,{}
hunter and barrel the hills restaurant llc,entity,{}
hunter   barrel services pty ltd,entity,{}
infinity eight pty ltd,entity,{}
meat   wine services pty ltd,entity,{}
mw adelaide pty ltd,entity,{}
mw castlereagh st pty ltd,entity,{}
mw chadstone pty ltd,entity,{}
mw norwest pty ltd,entity,{}
mw parra pty ltd,entity,{}
mw south yarra pty ltd,entity,{}
palace mw pty ltd,entity,{}
rs hunter pty ltd,entity,{}
seagrass holdings pty limited,entity,{}
seagrass international pty ltd,entity,{}
seagrass management pty ltd,entity,{}
seagrass  melbourne  support pty ltd,entity,{}
seagrass middle east hospitality llc,entity,{}
seagrass operations pty ltd,entity,{}
seagrass uae pty limited,entity,{}
snb vic pty ltd,entity,{}
the meat and wine co  aerial  pty ltd,entity,{}
the meat and wine co  melbourne  pty limited,entity,{}
the meat   wine co   intercontinental pty ltd,entity,{}
w grill cq pty ltd,entity,{}
https   modernslaveryregister gov au statements 21627,entity,{}
foxleigh coal pty ltd,entity,{}
24 125 986 549,entity,{}
qmetco limited,entity,{}
98 008 124 025,entity,{}
https   modernslaveryregister gov au statements 8489,entity,{}
broadcom inc,entity,{}
2024 644,entity,{}
2022 10 31 to 2023 10 29,entity,{}
all its consolidated subsidiaries,entity,{}
https   modernslaveryregister gov au statements 17699,entity,{}
export finance and insurance corp,entity,{}
96 874 024 697,entity,{}
https   modernslaveryregister gov au statements 26372,entity,{}
chobani pty ltd,entity,{}
53 096 731 467,entity,{}
https   modernslaveryregister gov au statements 13958,entity,{}
the royal children s hospital,entity,{}
35 655 720 546,entity,{}
https   modernslaveryregister gov au statements 2894,entity,{}
southern steel group pty  limited,entity,{}
43 003 067 838,entity,{}
https   modernslaveryregister gov au statements 12656,entity,{}
bosch rexroth pty ltd,entity,{}
89 003 258 384,entity,{}
https   modernslaveryregister gov au statements 5474,entity,{}
fujitsu general  aust   pty limited,entity,{}
55 001 229 554,entity,{}
australia  japan,entity,{}
https   modernslaveryregister gov au statements 9879,entity,{}
hemmes group pty limited,entity,{}
53 105 332 376,entity,{}
hemmes trading pty limited,entity,{}
29 105 332 652,entity,{}
accommodation and food services,entity,{}
https   modernslaveryregister gov au statements 27138,entity,{}
halliburton consolidated pty ltd,entity,{}
67 101 049 521,entity,{}
halliburton australia pty ltd,entity,{}
https   modernslaveryregister gov au statements 23385,entity,{}
https   modernslaveryregister gov au statements 10046,entity,{}
hannover rueck se,entity,{}
88 002 927 031,entity,{}
https   modernslaveryregister gov au statements 17275,entity,{}
indorama ventures oxides australia pty limited,entity,{}
67 083 984 187,entity,{}
thailand,entity,{}
https   modernslaveryregister gov au statements 17573,entity,{}
graphic packaging international australia converting ltd,entity,{}
56 107 485 898,entity,{}
https   modernslaveryregister gov au statements 18007,entity,{}
racing victoria limited,entity,{}
racing com media pty ltd,entity,{}
racing com pty ltd,entity,{}
rvl media pty ltd,entity,{}
thoroughbred racing productions  vic  pty ltd,entity,{}
vtri property pty ltd,entity,{}
https   modernslaveryregister gov au statements 15458,entity,{}
volvo group australia pty ltd,entity,{}
1501,entity,{}
australia  sweden,entity,{}
automotive  machinery and heavy electrical equipment transportation  logistics  and storage,entity,{}
https   modernslaveryregister gov au statements 23751,entity,{}
churches of christ in queensland,entity,{}
28 953 930 342,entity,{}
https   modernslaveryregister gov au statements 25187,entity,{}
totalenergies ep australia,entity,{}
96 832 035 151,entity,{}
totalenergies ep ichthys b v,entity,{}
68 590 123 627,entity,{}
totalenergies ep ichthys pty ltd,entity,{}
89 660 136 827,entity,{}
totalenergies glng australia,entity,{}
11 978 897 527,entity,{}
totalenergies ep ichthys b v    totalenergies ep ichthys pty ltd et al,entity,{}
https   modernslaveryregister gov au statements 18657,entity,{}
al ko international pty limited,entity,{}
96 003 066 813,entity,{}
https   modernslaveryregister gov au statements 13227,entity,{}
automatic data processing limited,entity,{}
70 003 924 945,entity,{}
https   modernslaveryregister gov au statements 15168,entity,{}
park24 australia pty ltd,entity,{}
58 616 101 341,entity,{}
secure parking pty ltd,entity,{}
94 108 043 689,entity,{}
2024 10 01 to 2025 09 30,entity,{}
japan  australia,entity,{}
https   modernslaveryregister gov au statements 27628,entity,{}
pearl corporation of australia pty  ltd,entity,{}
33 009 623 081,entity,{}
https   modernslaveryregister gov au statements 15815,entity,{}
alceon capital pty ltd,entity,{}
41 163 867 016,entity,{}
financial and insurance services  rental  hiring and real estate services,entity,{}
alceon group pty ltd,entity,{}
alceon investment management pty ltd,entity,{}
alceon liquid strategies pty ltd,entity,{}
alceon private equity pty ltd,entity,{}
the trustee for alceon capital investment trust,entity,{}
the trustee for the alceon group trust,entity,{}
https   modernslaveryregister gov au statements 25994,entity,{}
accent air pty limited,entity,{}
28 062 383 224,entity,{}
aquamax australia pty limited,entity,{}
37 138 189 689,entity,{}
raypak australia pty ltd,entity,{}
65 078 743 414,entity,{}
rheem australia pty limited,entity,{}
21 098 823 511,entity,{}
solahart industries pty  ltd,entity,{}
45 064 945 848,entity,{}
https   modernslaveryregister gov au statements 13451,entity,{}
gpc asia pacific holdings pty ltd,entity,{}
1492,entity,{}
food and beverages  agriculture and fishing forestry  timber products  paper and containers and packaging mining  metals  chemicals and resources  including oil and gas  automotive  machinery and heavy electrical equipment,entity,{}
https   modernslaveryregister gov au statements 14147,entity,{}
starcorp holdings  nsw  pty ltd,entity,{}
51 089 450 368,entity,{}
https   modernslaveryregister gov au statements 14940,entity,{}
eighth gate capital management pty ltd,entity,{}
58 165 734 510,entity,{}
eighth gate pty ltd,entity,{}
94 165 730 227,entity,{}
ingenia communities holdings limited,entity,{}
92 154 444 925,entity,{}
ingenia communities re limited,entity,{}
46 154 464 990,entity,{}
sungenia development pty limited,entity,{}
32 629 790 343,entity,{}
sungenia landco pty limited,entity,{}
83 629 787 828,entity,{}
sungenia opco pty limited,entity,{}
89 629 791 457,entity,{}
https   modernslaveryregister gov au statements 21041,entity,{}
cerebral palsy alliance,entity,{}
45 000 062 288,entity,{}
https   modernslaveryregister gov au statements 6326,entity,{}
copyright agency ltd,entity,{}
53 001 228 799,entity,{}
https   modernslaveryregister gov au statements 2728,entity,{}
de lage landen pty limited,entity,{}
20 101 692 040,entity,{}
agco finance pty limited,entity,{}
42 107 653 878,entity,{}
https   modernslaveryregister gov au statements 18089,entity,{}
jb hi fi  a  pty ltd,entity,{}
3132,entity,{}
jb hi fi  b  pty ltd,entity,{}
jb hi fi group pty ltd,entity,{}
jb hi fi limited,entity,{}
muir investment unit trust,entity,{}
the good guys discount warehouses  australia  pty ltd,entity,{}
https   modernslaveryregister gov au statements 21047,entity,{}
asgard independence plan   division 2,entity,{}
90 194 410 365,entity,{}
bt funds management limited,entity,{}
63 002 916 458,entity,{}
bt portfolio services limited,entity,{}
73 095 055 208,entity,{}
capital finance australia limited,entity,{}
23 069 663 136,entity,{}
the trustee for bt managed portfolios trust,entity,{}
99 722 392 257,entity,{}
the trustee for crusade trust no 2p of 2008,entity,{}
54 656 327 299,entity,{}
the trustee for series 2008 1m wst trust,entity,{}
77 653 434 334,entity,{}
the trustee for series 2024 1 wst trust,entity,{}
71 389 981 696,entity,{}
the trustee for westpac covered bonds trust,entity,{}
41 372 138 093,entity,{}
westpac banking corporation,entity,{}
33 007 457 141,entity,{}
westpac equity holdings pty ltd,entity,{}
77 003 018 559,entity,{}
westpac financial services group pty limited,entity,{}
50 000 326 312,entity,{}
westpac overseas holdings no  2 pty limited,entity,{}
90 121 257 510,entity,{}
westpac securitisation holdings pty limited,entity,{}
95 112 457 762,entity,{}
westpac equity holding pty ltd,entity,{}
https   modernslaveryregister gov au statements 27456,entity,{}
liberty mutual insurance company,entity,{}
61 086 083 605,entity,{}
https   modernslaveryregister gov au statements 5434,entity,{}
sdi limited,entity,{}
27 008 075 581,entity,{}
https   modernslaveryregister gov au statements 15623,entity,{}
lululemon athletica australia holding pty ltd,entity,{}
45 131 437 468,entity,{}
2020 02 01 to 2021 01 31,entity,{}
https   modernslaveryregister gov au statements 5929,entity,{}
the law society of new south wales,entity,{}
98 696 304 966,entity,{}
https   modernslaveryregister gov au statements 6593,entity,{}
infotrack pty limited,entity,{}
36 092 724 251,entity,{}
https   modernslaveryregister gov au statements 6891,entity,{}
cargotec australia pty ltd,entity,{}
72 097 663 431,entity,{}
cargotec automation solutions australia pty ltd,entity,{}
17 126 580 103,entity,{}
inver port services pty ltd,entity,{}
15 087 079 347,entity,{}
kalmar equipment  australia  pty  ltd,entity,{}
64 078 885 613,entity,{}
https   modernslaveryregister gov au statements 5144,entity,{}
norton gold fields pty ltd,entity,{}
23 112 287 797,entity,{}
paddington gold pty limited,entity,{}
98 008 585 886,entity,{}
https   modernslaveryregister gov au statements 3987,entity,{}
urbis pty ltd,entity,{}
50 105 256 228,entity,{}
australia  singapore,entity,{}
construction  civil engineering and building products professional and administrative services and supplies  including legal  consulting and accounting services,entity,{}
https   modernslaveryregister gov au statements 7266,entity,{}
https   modernslaveryregister gov au statements 20715,entity,{}
afterpay australia pty ltd,entity,{}
15 169 342 947,entity,{}
square au pty ltd,entity,{}
38 167 106 176,entity,{}
https   modernslaveryregister gov au statements 17724,entity,{}
https   modernslaveryregister gov au statements 22160,entity,{}
kia australia pty ltd,entity,{}
97 110 483 353,entity,{}
https   modernslaveryregister gov au statements 19687,entity,{}
dats pty ltd,entity,{}
26 001 733 697,entity,{}
https   modernslaveryregister gov au statements 10207,entity,{}
huhtamaki australia pty limited,entity,{}
43 003 122 843,entity,{}
huhtamaki tailored packaging pty ltd,entity,{}
98 625 661 216,entity,{}
https   modernslaveryregister gov au statements 10361,entity,{}
legal aid queensland,entity,{}
69 062 423 924,entity,{}
professional and administrative services and supplies  including legal  consulting and accounting services charitable   not for profit activities government sector,entity,{}
https   modernslaveryregister gov au statements 20746,entity,{}
contact energy limited,entity,{}
68 080 480 477,entity,{}
https   modernslaveryregister gov au statements 24240,entity,{}
export trading group australia pty ltd,entity,{}
92 168 116 041,entity,{}
https   modernslaveryregister gov au statements 27427,entity,{}
adani mining pty ltd,entity,{}
27 145 455 205,entity,{}
2022 04 01 to 2023 03 31,entity,{}
https   modernslaveryregister gov au statements 14731,entity,{}
brickworks ltd,entity,{}
17 000 028 526,entity,{}
nubrik pty ltd,entity,{}
59 004 028 559,entity,{}
the austral brick co pty ltd,entity,{}
52 000 005 550,entity,{}
brickworks supply llc  glen gery corporation  nubrik pty ltd  the austral brick co pty ltd,entity,{}
brickworks supply llc,entity,{}
brickworks ltd  glen gery corporation  nubrik pty ltd  the austral brick co pty ltd,entity,{}
glen gery corporation,entity,{}
brickworks ltd  brickworks supply llc  nubrik pty ltd  the austral brick co pty ltd,entity,{}
brickworks ltd  brickworks supply llc  glen gery corporation  the austral brick co pty ltd,entity,{}
brickworks ltd  brickworks supply llc  glen gery corporation  nubrik pty ltd,entity,{}
2022 08 01 to 2023 07 31,entity,{}
https   modernslaveryregister gov au statements 15108,entity,{}
wpp aunz ltd,entity,{}
84 001 657 370,entity,{}
https   modernslaveryregister gov au statements 4714,entity,{}
champion iron limited,entity,{}
34 119 770 142,entity,{}
quebec iron ore inc,entity,{}
https   modernslaveryregister gov au statements 17643,entity,{}
ama group limited,entity,{}
50 113 883 560,entity,{}
https   modernslaveryregister gov au statements 14597,entity,{}
multigate medical products pty ltd,entity,{}
98 003 283 529,entity,{}
https   modernslaveryregister gov au statements 3129,entity,{}
bgc  australia  pty ltd,entity,{}
62 005 736 005,entity,{}
esther investment proprietary limited,entity,{}
68 004 459 536,entity,{}
atlas building  wa  pty ltd,entity,{}
bgc residential pty ltd,entity,{}
j corp  pty ltd,entity,{}
midland brick pty ltd,entity,{}
ventura home group pty ltd,entity,{}
https   modernslaveryregister gov au statements 20851,entity,{}
fujifilm australia pty ltd,entity,{}
80 000 064 433,entity,{}
fujifilm business innovation australia pty ltd,entity,{}
63 000 341 819,entity,{}
fujifilm csg limited,entity,{}
64 123 989 631,entity,{}
fujifilm holdings australasia pty ltd,entity,{}
58 008 443 892,entity,{}
https   modernslaveryregister gov au statements 10638,entity,{}
sime darby motors group  australia  pty limited,entity,{}
65 134 394 442,entity,{}
sime darby transport holdings australia pty ltd,entity,{}
https   modernslaveryregister gov au statements 7383,entity,{}
pilbara minerals limited,entity,{}
95 112 425 788,entity,{}
https   modernslaveryregister gov au statements 10747,entity,{}
allgas energy pty limited,entity,{}
allgas pipelines operations 1 pty limited,entity,{}
allgas pipelines operations pty limited,entity,{}
allgas toowoomba pty limited,entity,{}
gdi  eii  pty limited,entity,{}
https   modernslaveryregister gov au statements 25886,entity,{}
pbs property group pty ltd,entity,{}
39 099 677 844,entity,{}
https   modernslaveryregister gov au statements 3098,entity,{}
2021 1187,entity,{}
https   modernslaveryregister gov au statements 14992,entity,{}
australian venue co  holdings limited,entity,{}
90 619 977 070,entity,{}
australian venue co limited,entity,{}
14 607 666 348,entity,{}
avc operations pty limited,entity,{}
81 607 832 299,entity,{}
avc sapphire holdings pty ltd,entity,{}
31 629 977 966,entity,{}
canoe bidco pty limited,entity,{}
94 619 977 589,entity,{}
canoe mezzco pty limited,entity,{}
58 619 977 374,entity,{}
canoe midco pty limited,entity,{}
79 619 977 463,entity,{}
queensland venue co  pty ltd,entity,{}
57 079 861 626,entity,{}
food and beverages  agriculture and fishing consumer services  including accommodation  hospitality  tourism and leisure,entity,{}
https   modernslaveryregister gov au statements 11670,entity,{}
forico pty limited,entity,{}
https   modernslaveryregister gov au statements 16847,entity,{}
https   modernslaveryregister gov au statements 12682,entity,{}
kapitol group pty ltd,entity,{}
62 622 444 544,entity,{}
https   modernslaveryregister gov au statements 7830,entity,{}
goodyear   dunlop tyres  aust  pty ltd,entity,{}
86 004 098 346,entity,{}
goodyear earthmover pty limited,entity,{}
15 008 581 351,entity,{}
https   modernslaveryregister gov au statements 4273,entity,{}
udemy  inc,entity,{}
63 624 502 122,entity,{}
udemy australia pty limited,entity,{}
66 651 352 215,entity,{}
https   modernslaveryregister gov au statements 22836,entity,{}
united rentals australia pty ltd,entity,{}
38 069 244 417,entity,{}
australia  united states of america,entity,{}
https   modernslaveryregister gov au statements 12688,entity,{}
hofmann engineering pty ltd,entity,{}
39 114 806 969,entity,{}
https   modernslaveryregister gov au statements 3524,entity,{}
commonwealth superannuation corporation,entity,{}
48 882 817 243,entity,{}
https   modernslaveryregister gov au statements 11042,entity,{}
mercedes benz financial services australia pty ltd,entity,{}
73 074 134 517,entity,{}
https   modernslaveryregister gov au statements 23828,entity,{}
d m    m t  nolan pty  ltd,entity,{}
29 009 767 766,entity,{}
https   modernslaveryregister gov au statements 18989,entity,{}
probiotec limited,entity,{}
91 075 170 151,entity,{}
https   modernslaveryregister gov au statements 22498,entity,{}
97 100 767 851,entity,{}
44 609 705 615,entity,{}
2021 12 27 to 2022 12 25,entity,{}
https   modernslaveryregister gov au statements 13418,entity,{}
buildsoft pty ltd,entity,{}
99 003 024 253,entity,{}
mitek australia ltd,entity,{}
98 004 564 587,entity,{}
platinum global services pty ltd,entity,{}
67 007 355 660,entity,{}
https   modernslaveryregister gov au statements 17133,entity,{}
aub group limited,entity,{}
60 000 000 715,entity,{}
austagencies pty ltd,entity,{}
76 006 090 464,entity,{}
austbrokers pty limited,entity,{}
72 005 541 266,entity,{}
aub group services pty ltd,entity,{}
sura pty ltd,entity,{}
https   modernslaveryregister gov au statements 21510,entity,{}
aluminium specialties group pty  ltd,entity,{}
63 001 252 259,entity,{}
https   modernslaveryregister gov au statements 6037,entity,{}
quality logistic services australia pty ltd,entity,{}
52 107 976 250,entity,{}
https   modernslaveryregister gov au statements 10023,entity,{}
reliance rail pty limited,entity,{}
18 111 280 427,entity,{}
https   modernslaveryregister gov au statements 1098,entity,{}
https   modernslaveryregister gov au statements 11979,entity,{}
lockheed martin australia pty limited,entity,{}
30 008 425 509,entity,{}
sikorsky aircraft australia ltd,entity,{}
82 003 031 909,entity,{}
defence and aerospace other,entity,{}
https   modernslaveryregister gov au statements 4672,entity,{}
jacobs douwe egberts au pty ltd,entity,{}
82 051 278 409,entity,{}
https   modernslaveryregister gov au statements 9317,entity,{}
veritone  inc,entity,{}
broadbean technology limited,entity,{}
broadbean technology pty ltd,entity,{}
veritone uk ltd,entity,{}
https   modernslaveryregister gov au statements 17610,entity,{}
konica minolta business solutions australia pty ltd,entity,{}
50 001 065 096,entity,{}
https   modernslaveryregister gov au statements 19454,entity,{}
collection house limited,entity,{}
74 010 230 716,entity,{}
credit corp financial services pty limited,entity,{}
39 146 525 706,entity,{}
credit corp group limited,entity,{}
33 092 697 151,entity,{}
credit corp services pty limited,entity,{}
95 082 928 872,entity,{}
https   modernslaveryregister gov au statements 12070,entity,{}
chamberlain holdings limited,entity,{}
85 008 688 202,entity,{}
john deere financial limited,entity,{}
55 078 714 646,entity,{}
2021 11 01 to 2022 10 30,entity,{}
https   modernslaveryregister gov au statements 12679,entity,{}
anabelle bits pty ltd,entity,{}
40 068 649 972,entity,{}
bearena pty limited,entity,{}
the trustee for forward it  australia,entity,{}
the trustee for mit investments trust,entity,{}
tristate computer services pty ltd,entity,{}
https   modernslaveryregister gov au statements 16326,entity,{}
cavpower pty ltd,entity,{}
22 007 735 300,entity,{}
cavrent pty ltd,entity,{}
12 082 028 082,entity,{}
mining rental  hiring and real estate services transport  postal and warehousing agriculture  forestry and fishing construction,entity,{}
national affordable housing consortium ltd,entity,{}
30 132 604 552,entity,{}
buy assist australia pty ltd,entity,{}
14 613 543 249,entity,{}
hers property ltd,entity,{}
86 630 088 238,entity,{}
home equity and rental services ltd,entity,{}
80 607 324 792,entity,{}
https   modernslaveryregister gov au statements 21509,entity,{}
rental  hiring and real estate services other services,entity,{}
the trustee for darnlee business unit trust,entity,{}
29 992 584 243,entity,{}
the trustee for the blue cross group unit trust,entity,{}
69 939 338 435,entity,{}
the trustee for third age australia unit trust,entity,{}
12 759 034 857,entity,{}
https   modernslaveryregister gov au statements 3133,entity,{}
data 3 limited,entity,{}
31 010 545 267,entity,{}
business aspect group pty ltd,entity,{}
business aspect pty ltd,entity,{}
discovery technology pty ltd,entity,{}
https   modernslaveryregister gov au statements 26474,entity,{}
university of the sunshine coast,entity,{}
28 441 859 157,entity,{}
https   modernslaveryregister gov au statements 13137,entity,{}
beyond blue limited,entity,{}
https   modernslaveryregister gov au statements 839,entity,{}
ace rental cars pty ltd,entity,{}
25 010 918 224,entity,{}
ha fleet pty ltd,entity,{}
31 004 407 087,entity,{}
hertz australia pty  limited,entity,{}
31 126 115 204,entity,{}
acrental cars pty ltd,entity,{}
https   modernslaveryregister gov au statements 12540,entity,{}
aurelia metals limited,entity,{}
37 108 476 384,entity,{}
https   modernslaveryregister gov au statements 1914,entity,{}
big river group pty ltd,entity,{}
72 000 009 754,entity,{}
https   modernslaveryregister gov au statements 20337,entity,{}
knox grammar school,entity,{}
54 645 113 104,entity,{}
education and research charitable   not for profit activities,entity,{}
https   modernslaveryregister gov au statements 23376,entity,{}
australian prime property fund commercial passive,entity,{}
55 197 181 326,entity,{}
https   modernslaveryregister gov au statements 11571,entity,{}
transport  postal and warehousing,entity,{}
royans riverina pty limited,entity,{}
transport accident response pty limited,entity,{}
https   modernslaveryregister gov au statements 27042,entity,{}
collgar wind farm pty ltd,entity,{}
27 130 586 088,entity,{}
https   modernslaveryregister gov au statements 9476,entity,{}
bfx ho pty ltd,entity,{}
33 129 437 930,entity,{}
durable consumer goods  including electronics and appliances  home furnishings and other accessories education and research,entity,{}
bfx furniture australia pty ltd,entity,{}
bfx manufacturing pty ltd,entity,{}
famios pty ltd,entity,{}
https   modernslaveryregister gov au statements 19339,entity,{}
san miguel yamamura australasia pty ltd,entity,{}
49 099 994 162,entity,{}
https   modernslaveryregister gov au statements 18465,entity,{}
exact contracting group pty ltd,entity,{}
65 057 760 353,entity,{}
exact contracting pty ltd,entity,{}
24 607 096 515,entity,{}
exact contracting services pty ltd,entity,{}
13 080 117 291,entity,{}
exact water pty ltd,entity,{}
98 662 615 036,entity,{}
https   modernslaveryregister gov au statements 20470,entity,{}
idemitsu international  asia  pte  ltd,entity,{}
singapore,entity,{}
https   modernslaveryregister gov au statements 13443,entity,{}
zebra technologies australia pty ltd,entity,{}
14 153 920 462,entity,{}
https   modernslaveryregister gov au statements 13157,entity,{}
metro trains melbourne pty  ltd,entity,{}
43 136 429 948,entity,{}
https   modernslaveryregister gov au statements 25835,entity,{}
derni pty ltd,entity,{}
41 002 263 872,entity,{}
generic publications pty limited,entity,{}
35 104 215 241,entity,{}
harvey norman holdings ltd,entity,{}
54 003 237 545,entity,{}
yoogalu pty ltd,entity,{}
other services administrative and support services retail trade,entity,{}
https   modernslaveryregister gov au statements 26640,entity,{}
dendrobium coal pty ltd,entity,{}
85 098 744 088,entity,{}
endeavour coal pty limited,entity,{}
38 099 830 476,entity,{}
groote eylandt mining company proprietary limited,entity,{}
26 004 618 491,entity,{}
illawarra coal holdings pty ltd,entity,{}
69 093 857 286,entity,{}
illawarra services proprietary limited,entity,{}
12 003 996 370,entity,{}
south32 aluminium  holdings  pty ltd,entity,{}
58 169 411 974,entity,{}
south32 aluminium  raa  pty ltd,entity,{}
54 095 831 119,entity,{}
south32 aluminium  worsley  pty ltd,entity,{}
33 088 336 921,entity,{}
south32 australia investment 3 pty ltd,entity,{}
31 088 336 976,entity,{}
south32  bmsa  pty ltd,entity,{}
44 125 530 949,entity,{}
south32 cannington proprietary limited,entity,{}
48 125 530 967,entity,{}
south32 chile copper holdings pty ltd,entity,{}
49 654 187 667,entity,{}
south32 group operations pty ltd,entity,{}
74 601 343 202,entity,{}
south32 international investment holdings proprietary limited,entity,{}
28 601 444 704,entity,{}
south32 international investment proprietary limited,entity,{}
46 601 452 064,entity,{}
south32 limited,entity,{}
84 093 732 597,entity,{}
south32 royalty investments pty ltd,entity,{}
27 601 349 562,entity,{}
https   modernslaveryregister gov au statements 15061,entity,{}
cooper energy limited,entity,{}
93 096 170 295,entity,{}
https   modernslaveryregister gov au statements 11385,entity,{}
university of south australia,entity,{}
37 191 313 308,entity,{}
https   modernslaveryregister gov au statements 4646,entity,{}
australian finance group ltd,entity,{}
11 066 385 822,entity,{}
australian finance group securities pty ltd,entity,{}
51 099 029 428,entity,{}
https   modernslaveryregister gov au statements 6203,entity,{}
coventry group limited,entity,{}
37 008 670 102,entity,{}
boltmasters pty ltd,entity,{}
90 010 667 400,entity,{}
nubco proprietary limited,entity,{}
14 009 543 248,entity,{}
profast pty ltd,entity,{}
17 094 933 052,entity,{}
retail trade other services manufacturing,entity,{}
https   modernslaveryregister gov au statements 27614,entity,{}
stephen edwards constructions pty ltd,entity,{}
65 001 824 139,entity,{}
https   modernslaveryregister gov au statements 14242,entity,{}
westcon group pty limited,entity,{}
77 050 539 672,entity,{}
2019 03 01 to 2020 02 29,entity,{}
https   modernslaveryregister gov au statements 574,entity,{}
capricorn copper holdings pty ltd,entity,{}
60 608 241 121,entity,{}
https   modernslaveryregister gov au statements 4995,entity,{}
australian parcels group pty ltd,entity,{}
21 649 001 409,entity,{}
australian parcels pty ltd,entity,{}
23 649 001 418,entity,{}
ipec pty ltd,entity,{}
15 084 157 666,entity,{}
strait link australia holdings pty ltd,entity,{}
62 649 025 963,entity,{}
strait link australia pty ltd,entity,{}
87 649 026 059,entity,{}
strait link qs holdings pty ltd,entity,{}
89 649 023 638,entity,{}
strait link qs pty ltd,entity,{}
84 649 025 614,entity,{}
taslink logistics pty ltd,entity,{}
74 138 616 645,entity,{}
https   modernslaveryregister gov au statements 10211,entity,{}
iss facility services australia limited,entity,{}
87 001 827 041,entity,{}
cleaning and security services other,entity,{}
https   modernslaveryregister gov au statements 9333,entity,{}
j borensztajn   p chester   k f frawley   h d lanzer   m m leibler   r a paterson   s l sharp   l zwier,entity,{}
30 331 510 906,entity,{}
https   modernslaveryregister gov au statements 7955,entity,{}
cla trading pty ltd,entity,{}
81 082 220 399,entity,{}
https   modernslaveryregister gov au statements 21338,entity,{}
henry haymes proprietary limited,entity,{}
14 004 201 638,entity,{}
manufacturing retail trade,entity,{}
https   modernslaveryregister gov au statements 26764,entity,{}
icon water limited,entity,{}
86 069 381 960,entity,{}
https   modernslaveryregister gov au statements 21232,entity,{}
utilities of australia pty ltd,entity,{}
55 063 384 127,entity,{}
https   modernslaveryregister gov au statements 6955,entity,{}
asset security concepts pty limited,entity,{}
70 113 813 595,entity,{}
secom australia pty  limited,entity,{}
91 050 293 420,entity,{}
secom technical services pty ltd,entity,{}
97 319 699 425,entity,{}
https   modernslaveryregister gov au statements 9728,entity,{}
gme pty ltd,entity,{}
373,entity,{}
https   modernslaveryregister gov au statements 27624,entity,{}
minova australia pty ltd,entity,{}
78 084 965 962,entity,{}
orica australia pty ltd,entity,{}
99 004 117 828,entity,{}
orica investments pty ltd,entity,{}
69 009 781 257,entity,{}
orica limited,entity,{}
24 004 145 868,entity,{}
orica mining services pilbara pty ltd,entity,{}
65 158 151 369,entity,{}
https   modernslaveryregister gov au statements 578,entity,{}
zenviron pty ltd,entity,{}
87 612 344 313,entity,{}
https   modernslaveryregister gov au statements 1905,entity,{}
pricewaterhousecoopers,entity,{}
52 780 433 757,entity,{}
pricewaterhousecoopers aseanz consulting pty limited,entity,{}
77 606 603 436,entity,{}
pricewaterhousecoopers securities ltd,entity,{}
54 003 311 617,entity,{}
scyne advisory pty ltd,entity,{}
20 607 773 295,entity,{}
the trustee for the pricewaterhousecoopers services trust,entity,{}
52 864 604 756,entity,{}
https   modernslaveryregister gov au statements 14116,entity,{}
sky network television limited,entity,{}
70 653 143 224,entity,{}
https   modernslaveryregister gov au statements 11709,entity,{}
ballestrin construction services pty ltd,entity,{}
97 114 575 932,entity,{}
intract australia pty limited,entity,{}
32 164 014 368,entity,{}
mcmahon services australia pty ltd,entity,{}
75 097 072 565,entity,{}
https   modernslaveryregister gov au statements 7153,entity,{}
servcorp limited,entity,{}
97 089 222 506,entity,{}
https   modernslaveryregister gov au statements 2109,entity,{}
fmc australasia pty ltd,entity,{}
45 095 326 891,entity,{}
https   modernslaveryregister gov au statements 9274,entity,{}
china construction bank corporation,entity,{}
24 125 167 553,entity,{}
https   modernslaveryregister gov au statements 18408,entity,{}
strandbags holdings pty ltd,entity,{}
99 128 842 482,entity,{}
2022 03 01 to 2023 02 28,entity,{}
https   modernslaveryregister gov au statements 14922,entity,{}
the east hwl practice trust   the warat hwl practice trust   the marin hwl practice trust   others,entity,{}
37 246 549 189,entity,{}
hwl ebsworth leasing pty  ltd,entity,{}
hwl ebsworth pty  ltd,entity,{}
hwle consulting pty ltd,entity,{}
hwle finance pty ltd,entity,{}
https   modernslaveryregister gov au statements 26631,entity,{}
itc infotech india limited,entity,{}
india,entity,{}
https   modernslaveryregister gov au statements 15633,entity,{}
south australian health and medical research institute limited,entity,{}
54 141 228 346,entity,{}
australian bragg centre for proton therapy and research limited,entity,{}
12 639 942 804,entity,{}
be well co  pty ltd,entity,{}
85 640 506 896,entity,{}
sahmri foundation limited,entity,{}
70 609 329 508,entity,{}
sahmri investments pty ltd,entity,{}
49 164 339 271,entity,{}
https   modernslaveryregister gov au statements 18229,entity,{}
alliancebernstein investment management australia limited,entity,{}
58 007 212 606,entity,{}
the trustee for ab concentrated australian equities fund,entity,{}
56 985 400 398,entity,{}
the trustee for ab global research insights fund,entity,{}
86 142 870 727,entity,{}
the trustee for ab sustainable global thematic equities fund,entity,{}
29 624 639 410,entity,{}
the trustee for alliancebernstein dynamic global fixed income fund,entity,{}
37 358 774 355,entity,{}
the trustee for alliancebernstein global equities fund,entity,{}
82 077 556 575,entity,{}
the trustee for alliancebernstein managed volatility equities fund,entity,{}
89 434 615 493,entity,{}
https   modernslaveryregister gov au statements 18552,entity,{}
murdoch university,entity,{}
61 616 369 313,entity,{}
https   modernslaveryregister gov au statements 9270,entity,{}
morgan stanley wealth management australia pty ltd,entity,{}
19 009 145 555,entity,{}
https   modernslaveryregister gov au statements 4127,entity,{}
darlot mining company pty ltd,entity,{}
78 165 235 245,entity,{}
greenstone resources  wa  pty ltd,entity,{}
58 100 341 599,entity,{}
red 5 limited,entity,{}
73 068 647 610,entity,{}
https   modernslaveryregister gov au statements 12362,entity,{}
wesley mission queensland,entity,{}
28 746 881 862,entity,{}
https   modernslaveryregister gov au statements 10447,entity,{}
conocophillips australia investments pty ltd,entity,{}
45 636 736 199,entity,{}
https   modernslaveryregister gov au statements 4716,entity,{}
goldcorp australia,entity,{}
49 230 812 547,entity,{}
https   modernslaveryregister gov au statements 14637,entity,{}
vgi partners global investments limited,entity,{}
19937,entity,{}
https   modernslaveryregister gov au statements 19937,entity,{}
silver lake  deflector  pty ltd,entity,{}
72 101 224 999,entity,{}
silver lake resources limited,entity,{}
38 108 779 782,entity,{}
https   modernslaveryregister gov au statements 7664,entity,{}
teradata australia pty ltd,entity,{}
77 125 071 374,entity,{}
https   modernslaveryregister gov au statements 9259,entity,{}
usinch1 pty limited,entity,{}
24 060 571 673,entity,{}
usinch pty limited,entity,{}
https   modernslaveryregister gov au statements 11702,entity,{}
common fund no 5  eqt growth fund,entity,{}
80 981 422 715,entity,{}
eqt holdings limited,entity,{}
22 607 797 615,entity,{}
eqt services pty ltd,entity,{}
93 611 941 845,entity,{}
australian executor trustees limited,entity,{}
eqt responsible entity services ltd,entity,{}
equity trustees limited,entity,{}
equity trustees superannuation limited,entity,{}
equity trustees wealth services limited,entity,{}
htfs nominees pty ltd,entity,{}
ventura motors proprietary limited,entity,{}
https   modernslaveryregister gov au statements 27239,entity,{}
sanwa pty ltd,entity,{}
96 000 904 987,entity,{}
wholesale trade construction,entity,{}
https   modernslaveryregister gov au statements 26741,entity,{}
west australian football commission inc,entity,{}
51 167 923 136,entity,{}
2020 11 01 to 2021 10 31,entity,{}
https   modernslaveryregister gov au statements 12080,entity,{}
dalrymple bay infrastructure limited,entity,{}
76 643 302 032,entity,{}
dalrymple bay infrastructure management pty ltd,entity,{}
16 097 698 916,entity,{}
https   modernslaveryregister gov au statements 18308,entity,{}
assetlink services pty limited,entity,{}
89 061 914 556,entity,{}
https   modernslaveryregister gov au statements 12892,entity,{}
acm autos pty ltd,entity,{}
66 121 604 082,entity,{}
acm liverpool pty ltd,entity,{}
60 121 604 055,entity,{}
adtrans automotive group pty ltd,entity,{}
83 007 866 917,entity,{}
ahg newcastle pty ltd,entity,{}
21 600 832 755,entity,{}
ahg wa  2015  pty ltd,entity,{}
67 603 598 750,entity,{}
a p  ford pty  ltd,entity,{}
43 010 602 383,entity,{}
a p  motors  no 3  pty  ltd,entity,{}
99 010 585 252,entity,{}
austral pty ltd,entity,{}
89 009 662 202,entity,{}
basw pty ltd,entity,{}
63 601 452 199,entity,{}
bill buckle autos pty ltd,entity,{}
75 000 388 054,entity,{}
cardiff car city pty limited,entity,{}
43 062 072 299,entity,{}
cfd  2012  pty ltd,entity,{}
84 158 508 233,entity,{}
city auto  2016  pty ltd,entity,{}
96 611 928 968,entity,{}
easy auto 123 pty ltd,entity,{}
29 148 136 314,entity,{}
essendon auto  2017  pty ltd,entity,{}
29 616 989 596,entity,{}
falconet pty  ltd,entity,{}
65 008 936 409,entity,{}
highland autos pty ltd,entity,{}
13 121 604 297,entity,{}
mb vic pty ltd,entity,{}
12 608 791 877,entity,{}
motors tas pty ltd,entity,{}
69 608 791 680,entity,{}
perth auto alliance pty ltd,entity,{}
93 089 353 346,entity,{}
pt  2013  pty ltd,entity,{}
85 162 030 015,entity,{}
shemapel 2005 pty ltd,entity,{}
50 112 854 412,entity,{}
southeast automotive group pty ltd,entity,{}
69 103 071 290,entity,{}
the trustee for mounts bay unit trust,entity,{}
68 758 597 671,entity,{}
the trustee for osborne park unit trust,entity,{}
57 065 956 507,entity,{}
the trustee for swgt unit trust,entity,{}
45 237 703 739,entity,{}
ws motors pty ltd,entity,{}
99 608 791 804,entity,{}
zupps aspley pty  ltd,entity,{}
65 009 900 298,entity,{}
temple   webster group ltd,entity,{}
69 608 595 660,entity,{}
https   modernslaveryregister gov au statements 3179,entity,{}
credit suisse ag,entity,{}
17 061 700 712,entity,{}
credit suisse holdings  australia  limited,entity,{}
abn not provided,entity,{}
credit suisse management  australia  pty limited,entity,{}
ubs ag,entity,{}
47 088 129 613,entity,{}
ubs asset management  australia  ltd,entity,{}
31 003 146 290,entity,{}
ubs holdings pty ltd,entity,{}
50 050 101 249,entity,{}
ubs optimus foundation australia international ltd,entity,{}
52 669 614 957,entity,{}
ubs optimus foundation trustee pty ltd,entity,{}
49 117 649 251,entity,{}
ubs securities australia ltd,entity,{}
62 008 586 481,entity,{}
credit suisse holdings  australia  limited  credit suisse management  australia  pty limited  ubs ag  ubs asset management  australia  ltd et al,entity,{}
https   modernslaveryregister gov au statements 18009,entity,{}
mpa holdings  aust   pty limited,entity,{}
20 609 473 421,entity,{}
https   modernslaveryregister gov au statements 2374,entity,{}
west gippsland healthcare group,entity,{}
39 261 883 406,entity,{}
https   modernslaveryregister gov au statements 16639,entity,{}
primaplas pty  limited,entity,{}
94 003 720 474,entity,{}
https   modernslaveryregister gov au statements 19997,entity,{}
turners automotive group limited,entity,{}
2021 2820,entity,{}
financial  insurance and real estate activities other,entity,{}
https   modernslaveryregister gov au statements 5692,entity,{}
hep australia holdings pty ltd,entity,{}
22 129 428 155,entity,{}
https   modernslaveryregister gov au statements 5642,entity,{}
gourmet food finance pty ltd,entity,{}
30 626 971 971,entity,{}
gourmet food holdings pty ltd,entity,{}
20 626 971 962,entity,{}
gourmet food operations pty ltd,entity,{}
32 626 971 980,entity,{}
maxfoods pty ltd,entity,{}
53 137 612 081,entity,{}
https   modernslaveryregister gov au statements 2562,entity,{}
abergeldie holdings pty limited,entity,{}
76 126 110 594,entity,{}
abergeldie complex infrastructure pty ltd,entity,{}
abergeldie constructions pty limited,entity,{}
abergeldie contractors pty limited,entity,{}
abergeldie energy pty ltd,entity,{}
abergeldie personnel pty ltd,entity,{}
abergeldie pipeline renewals pty ltd,entity,{}
abergeldie plant pty ltd,entity,{}
abergeldie rail pty ltd,entity,{}
abergeldie structural fabrications pty ltd,entity,{}
abergeldie underground pty ltd,entity,{}
https   modernslaveryregister gov au statements 23787,entity,{}
82 097 147 932,entity,{}
healthcare and pharmaceuticals other,entity,{}
https   modernslaveryregister gov au statements 3285,entity,{}
lynch group holdings limited,entity,{}
35 608 542 219,entity,{}
https   modernslaveryregister gov au statements 16124,entity,{}
vinarchy australia limited,entity,{}
3779,entity,{}
https   modernslaveryregister gov au statements 26326,entity,{}
rugby farming group pty ltd,entity,{}
79 135 426 434,entity,{}
rugby farm pty ltd,entity,{}
29 114 643 613,entity,{}
rugby marketing pty ltd,entity,{}
51 114 745 836,entity,{}
rugby employment pty ltd,entity,{}
32 096 900 604,entity,{}
rugby equipment pty ltd,entity,{}
31 114 643 622,entity,{}
rugby regional employment pty ltd,entity,{}
19 641 632 457,entity,{}
rugby transport equipment pty ltd,entity,{}
24 118 963 849,entity,{}
rugby transport pty ltd,entity,{}
34 118 963 830,entity,{}
https   modernslaveryregister gov au statements 25059,entity,{}
aurora energy pty ltd,entity,{}
85 082 464 622,entity,{}
https   modernslaveryregister gov au statements 20946,entity,{}
chorus limited,entity,{}
3071,entity,{}
chorus new zealand limited,entity,{}
https   modernslaveryregister gov au statements 25993,entity,{}
awh pty ltd,entity,{}
81 069 066 842,entity,{}
iwd pty  ltd,entity,{}
99 064 681 572,entity,{}
https   modernslaveryregister gov au statements 19766,entity,{}
container exchange  qld  limited,entity,{}
90 622 570 209,entity,{}
https   modernslaveryregister gov au statements 9706,entity,{}
queensland teachers  union health fund limited,entity,{}
38 085 150 376,entity,{}
https   modernslaveryregister gov au statements 11335,entity,{}
coles group limited,entity,{}
11 004 089 936,entity,{}
https   modernslaveryregister gov au statements 5505,entity,{}
queensland bulk water supply authority,entity,{}
75 450 239 876,entity,{}
https   modernslaveryregister gov au statements 10715,entity,{}
judo bank pty ltd,entity,{}
11 615 995 581,entity,{}
judo capital holdings limited,entity,{}
71 612 862 727,entity,{}
https   modernslaveryregister gov au statements 25678,entity,{}
kane constructions pty ltd,entity,{}
49 007 354 396,entity,{}
kane constructions  qld  pty ltd,entity,{}
84 625 262 633,entity,{}
https   modernslaveryregister gov au statements 12275,entity,{}
aon corporation australia limited,entity,{}
58 004 756 772,entity,{}
https   modernslaveryregister gov au statements 10892,entity,{}
pedal group pty ltd,entity,{}
67 131 402 278,entity,{}
https   modernslaveryregister gov au statements 7672,entity,{}
australian health practitioner regulation agency,entity,{}
78 685 433 429,entity,{}
https   modernslaveryregister gov au statements 15144,entity,{}
kingsgate capital pty ltd,entity,{}
23 095 220 607,entity,{}
kingsgate consolidated limited,entity,{}
42 000 837 472,entity,{}
dominion copper pty ltd,entity,{}
dominion mining ltd,entity,{}
gawler gold mining pty ltd,entity,{}
kingsgate chile nl,entity,{}
kingsgate nominees pty limited,entity,{}
kingsgate south america pty ltd,entity,{}
kingsgate treasury pty ltd,entity,{}
laguna exploration pty ltd,entity,{}
yilgarn metals pty ltd,entity,{}
https   modernslaveryregister gov au statements 20506,entity,{}
damco australia pty ltd,entity,{}
70 006 211 052,entity,{}
svitzer australia pty ltd,entity,{}
86 000 045 009,entity,{}
https   modernslaveryregister gov au statements 4077,entity,{}
eden unit trust,entity,{}
29 385 212 665,entity,{}
https   modernslaveryregister gov au statements 1010,entity,{}
deakin university,entity,{}
56 721 584 203,entity,{}
deakin residential services pty  ltd,entity,{}
22 145 979 344,entity,{}
institute for regional security ltd,entity,{}
48 110 456 856,entity,{}
unilink limited,entity,{}
72 005 382 954,entity,{}
universal motion simulator pty ltd,entity,{}
58 622 763 240,entity,{}
https   modernslaveryregister gov au statements 17664,entity,{}
settlement services international limited,entity,{}
38 031 375 761,entity,{}
access community enterprises limited,entity,{}
79 108 738 629,entity,{}
access community services limited,entity,{}
45 149 783 639,entity,{}
brisbane multicultural arts centre limited,entity,{}
80 964 149 832,entity,{}
multicultural centre for mental health   well being inc,entity,{}
36 566 115 721,entity,{}
ssi legal pty ltd,entity,{}
15 672 115 990,entity,{}
https   modernslaveryregister gov au statements 20236,entity,{}
webuild s p a,entity,{}
83 159 573 896,entity,{}
italy,entity,{}
https   modernslaveryregister gov au statements 5138,entity,{}
detmold holdings pty ltd,entity,{}
87 007 527 022,entity,{}
https   modernslaveryregister gov au statements 1942,entity,{}
access commercial security pty ltd,entity,{}
31 115 389 707,entity,{}
access corporate services pty ltd,entity,{}
19 142 688 284,entity,{}
access doors  tas  pty ltd,entity,{}
30 145 480 771,entity,{}
access hardware holdings pty  ltd,entity,{}
36 123 214 611,entity,{}
access hardware pty  ltd,entity,{}
34 006 426 820,entity,{}
access hardware  tas  pty  ltd,entity,{}
36 080 370 109,entity,{}
https   modernslaveryregister gov au statements 11591,entity,{}
dell australia pty limited,entity,{}
2024 969,entity,{}
https   modernslaveryregister gov au statements 18128,entity,{}
retail employees superannuation pty  limited,entity,{}
39 001 987 739,entity,{}
rest ampci equity holdings pty limited,entity,{}
40 164 610 511,entity,{}
rest holdings no 1 pty limited,entity,{}
17 655 938 328,entity,{}
rest infrastructure pty ltd,entity,{}
80 131 919 581,entity,{}
rest nominees no 1 pty limited,entity,{}
43 101 519 288,entity,{}
rest nominees no 2 pty ltd,entity,{}
14 164 610 842,entity,{}
rest nominees no 3 pty ltd,entity,{}
91 168 617 070,entity,{}
rest nominees no 4 pty limited,entity,{}
20 611 506 051,entity,{}
super investment management pty limited,entity,{}
86 079 706 657,entity,{}
the trustee for rest ampci debt holding trust,entity,{}
47 446 736 906,entity,{}
the trustee for rest credit strategies holding trust,entity,{}
20 554 393 598,entity,{}
the trustee for rest direct property holding trust,entity,{}
14 684 828 185,entity,{}
the trustee for rest endeavour holding trust,entity,{}
17 435 877 387,entity,{}
the trustee for rest equities strategies trust,entity,{}
21 640 123 058,entity,{}
the trustee for rest finance trust,entity,{}
43 799 852 625,entity,{}
the trustee for rest fixed interest holding trust,entity,{}
33 952 398 724,entity,{}
the trustee for rest infrastructure investments holding trust,entity,{}
17 732 993 018,entity,{}
the trustee for rest infrastructure no 2 trust,entity,{}
64 635 454 087,entity,{}
the trustee for rest private equity trust,entity,{}
42 113 953 945,entity,{}
the trustee for rest property finance trust,entity,{}
50 553 841 788,entity,{}
the trustee for rest us investments holding trust,entity,{}
86 710 773 370,entity,{}
https   modernslaveryregister gov au statements 15406,entity,{}
tech data advanced solutions  anz  limited,entity,{}
77 107 656 833,entity,{}
https   modernslaveryregister gov au statements 5251,entity,{}
sedco forex international limited,entity,{}
bermuda,entity,{}
https   modernslaveryregister gov au statements 23650,entity,{}
oliver j  nilsen  australia  limited,entity,{}
38 004 275 030,entity,{}
https   modernslaveryregister gov au statements 6426,entity,{}
2019 07 01 to 2020 06 28,entity,{}
https   modernslaveryregister gov au statements 350,entity,{}
hitachi vantara asia pacific pty limited,entity,{}
92 004 855 734,entity,{}
hitachi vantara australia pty limited,entity,{}
65 005 610 079,entity,{}
https   modernslaveryregister gov au statements 10215,entity,{}
pillow talk pty  ltd,entity,{}
69 010 861 711,entity,{}
https   modernslaveryregister gov au statements 10472,entity,{}
greyhound racing control board,entity,{}
76 642 748 029,entity,{}
arts and recreation services,entity,{}
https   modernslaveryregister gov au statements 25250,entity,{}
gibson s limited,entity,{}
23 009 476 064,entity,{}
https   modernslaveryregister gov au statements 8950,entity,{}
fresh produce group of australia pty limited,entity,{}
87 055 359 601,entity,{}
fresh produce group western australia pty limited,entity,{}
81 152 973 932,entity,{}
fruitico farms pty ltd,entity,{}
51 608 318 921,entity,{}
fruitico pty ltd,entity,{}
49 608 313 604,entity,{}
kimberley asparagus pty ltd,entity,{}
38 633 328 417,entity,{}
kimberley table grapes pty ltd,entity,{}
17 635 953 187,entity,{}
sb tasmania pty ltd,entity,{}
25 605 860 017,entity,{}
smart berries mundubbera pty ltd,entity,{}
30 164 124 903,entity,{}
smart berries pty ltd,entity,{}
39 164 122 945,entity,{}
treviso farm management pty ltd,entity,{}
31 144 899 276,entity,{}
tumut grove farm management pty ltd,entity,{}
46 619 756 115,entity,{}
https   modernslaveryregister gov au statements 20905,entity,{}
crown equipment pty  limited,entity,{}
crown lift trucks australia pty  limited,entity,{}
https   modernslaveryregister gov au statements 19579,entity,{}
swatch group  australia  pty  ltd,entity,{}
20 004 287 110,entity,{}
https   modernslaveryregister gov au statements 9224,entity,{}
melior investment management pty ltd,entity,{}
16 629 013 896,entity,{}
https   modernslaveryregister gov au statements 6280,entity,{}
hammondcare,entity,{}
48 000 026 219,entity,{}
hammondcare health and hospitals limited,entity,{}
72 074 354 028,entity,{}
https   modernslaveryregister gov au statements 25961,entity,{}
hermes   australia pty limited,entity,{}
88 003 558 085,entity,{}
https   modernslaveryregister gov au statements 8584,entity,{}
mufg bank  ltd,entity,{}
75 103 418 882,entity,{}
mufg bank ltd,entity,{}
https   modernslaveryregister gov au statements 19160,entity,{}
crisp bros    haywards pty ltd,entity,{}
88 009 483 694,entity,{}
2024 03 04 to 2025 03 03,entity,{}
https   modernslaveryregister gov au statements 22259,entity,{}
queensland university of technology,entity,{}
83 791 742 622,entity,{}
qut advisory pty ltd,entity,{}
82 099 110 924,entity,{}
the trustee for qut bluebox trust,entity,{}
97 041 405 905,entity,{}
the trustee for qut enterprise holdings trust,entity,{}
28 928 640 473,entity,{}
the trustee for qut student managed investment fund,entity,{}
92 718 723 234,entity,{}
https   modernslaveryregister gov au statements 18110,entity,{}
silk hospitality pty ltd,entity,{}
16 139 223 895,entity,{}
https   modernslaveryregister gov au statements 16643,entity,{}
japara healthcare limited,entity,{}
54 168 631 052,entity,{}
https   modernslaveryregister gov au statements 1204,entity,{}
hellers australia pty ltd,entity,{}
17 627 366 750,entity,{}
hlrs bidco pty ltd,entity,{}
37 628 177 266,entity,{}
hlrs holdco pty ltd,entity,{}
32 628 433 134,entity,{}
https   modernslaveryregister gov au statements 15595,entity,{}
marleyspoon pty ltd,entity,{}
chefgood pty ltd,entity,{}
https   modernslaveryregister gov au statements 18081,entity,{}
14 163 131 771,entity,{}
28 603 969 571,entity,{}
15 514 076 960,entity,{}
48 107 431 069,entity,{}
52 105 212 422,entity,{}
58 107 431 050,entity,{}
64 090 027 044,entity,{}
82 662 061 798,entity,{}
algae harvest pty ltd,entity,{}
innovative chiropractic learning pty ltd,entity,{}
murdoch investments company pty ltd,entity,{}
murdoch retirement services pty ltd,entity,{}
murdoch ventures pty ltd,entity,{}
the trustee for the alan   iris peacocke research foundation,entity,{}
https   modernslaveryregister gov au statements 18585,entity,{}
fes coal pty ltd,entity,{}
35 626 773 911,entity,{}
okr technical services australia pty ltd,entity,{}
52 612 348 222,entity,{}
one key holdings pty ltd,entity,{}
42 150 149 643,entity,{}
one key resources pty ltd,entity,{}
30 141 650 259,entity,{}
agri employment pty ltd,entity,{}
95 674 371 816,entity,{}
agri projects jv pty ltd,entity,{}
71 674 370 088,entity,{}
agri staff solutions australia pty ltd,entity,{}
20 674 371 058,entity,{}
fes mining services pty ltd,entity,{}
14 617 223 079,entity,{}
okr coal australia pty ltd,entity,{}
24 612 320 108,entity,{}
okr staff pty ltd,entity,{}
73 671 024 338,entity,{}
one key qld pty ltd,entity,{}
29 619 191 463,entity,{}
one key resources  mining  pty ltd,entity,{}
94 156 475 615,entity,{}
one key resources  nsw  pty ltd,entity,{}
92 156 475 606,entity,{}
one key resources  qld  pty ltd,entity,{}
39 156 459 184,entity,{}
2022 09 01 to 2023 08 31,entity,{}
carisma solutions private limited,entity,{}
15 622 810 842,entity,{}
purple quay pty ltd,entity,{}
https   modernslaveryregister gov au statements 17195,entity,{}
trafigura asia trading pte  ltd,entity,{}
34 819 252 694,entity,{}
trafigura pte ltd,entity,{}
44 221 744 224,entity,{}
https   modernslaveryregister gov au statements 22161,entity,{}
city beach trust,entity,{}
11 885 795 792,entity,{}
https   modernslaveryregister gov au statements 21224,entity,{}
midway limited,entity,{}
44 005 616 044,entity,{}
midway tasmania pty ltd,entity,{}
58 614 635 764,entity,{}
plantation management partners pty ltd,entity,{}
12 138 414 687,entity,{}
queensland commodity exports pty  limited,entity,{}
87 010 906 331,entity,{}
south west fibre pty ltd,entity,{}
26 127 951 991,entity,{}
https   modernslaveryregister gov au statements 15765,entity,{}
power partnership pty limited,entity,{}
48 070 061 282,entity,{}
united energy distribution holdings pty limited,entity,{}
15 104 381 660,entity,{}
united energy distribution pty limited,entity,{}
70 064 651 029,entity,{}
united energy services pty ltd,entity,{}
55 630 720 213,entity,{}
power partneship pty limited,entity,{}
https   modernslaveryregister gov au statements 22819,entity,{}
d   e air conditioning pty limited,entity,{}
24 158 631 979,entity,{}
https   modernslaveryregister gov au statements 12718,entity,{}
2023 08 01 to 2024 07 31,entity,{}
https   modernslaveryregister gov au statements 21725,entity,{}
the trustee for lendlease retirement living trust,entity,{}
44 349 706 307,entity,{}
https   modernslaveryregister gov au statements 7347,entity,{}
sage automation pty ltd,entity,{}
58 093 581 330,entity,{}
sage group holdings ltd,entity,{}
addinsight pty ltd,entity,{}
embedded expertise pty limited,entity,{}
nukon pty ltd,entity,{}
sage automation pty ltd  59 104 119 833,entity,{}
sage capital fund pty ltd,entity,{}
skills lab pty ltd,entity,{}
tillit pty ltd,entity,{}
traffic control systems pty ltd,entity,{}
https   modernslaveryregister gov au statements 16386,entity,{}
applus pty ltd,entity,{}
55 008 946 969,entity,{}
https   modernslaveryregister gov au statements 9091,entity,{}
williams sonoma australia pty ltd,entity,{}
75 157 917 783,entity,{}
https   modernslaveryregister gov au statements 21381,entity,{}
ck william australia bidco pty ltd,entity,{}
30 613 693 182,entity,{}
ck william australia holdings pty ltd,entity,{}
14 613 690 243,entity,{}
duet company pty limited,entity,{}
93 163 100 061,entity,{}
the trustee for diversified utility and energy trust 1,entity,{}
83 495 791 796,entity,{}
the trustee for diversified utility and energy trust 2,entity,{}
85 482 841 876,entity,{}
https   modernslaveryregister gov au statements 4560,entity,{}
modnium pty ltd,entity,{}
14 614 369 023,entity,{}
https   modernslaveryregister gov au statements 11111,entity,{}
good goods pty  ltd,entity,{}
67 154 870 452,entity,{}
https   modernslaveryregister gov au statements 15832,entity,{}
https   modernslaveryregister gov au statements 10308,entity,{}
bayer australia ltd,entity,{}
22 000 138 714,entity,{}
bayer cropscience pty ltd,entity,{}
87 000 226 022,entity,{}
monsanto australia pty ltd,entity,{}
86 006 725 560,entity,{}
https   modernslaveryregister gov au statements 4106,entity,{}
grampians health,entity,{}
39 089 584 391,entity,{}
https   modernslaveryregister gov au statements 7464,entity,{}
red hat asia pacific pty  ltd,entity,{}
35 090 438 485,entity,{}
https   modernslaveryregister gov au statements 13552,entity,{}
royal melbourne institute of technology,entity,{}
49 781 030 034,entity,{}
rmit holdings pty ltd,entity,{}
rmit online pty ltd,entity,{}
rmit spain s l,entity,{}
rmit training pty ltd,entity,{}
rmit university vietnam llc,entity,{}
https   modernslaveryregister gov au statements 18057,entity,{}
bluewaters power 1 pty ltd,entity,{}
93 106 034 879,entity,{}
bluewaters power 2 pty ltd,entity,{}
57 122 896 968,entity,{}
bluewaters power services pty ltd,entity,{}
29 603 887 387,entity,{}
https   modernslaveryregister gov au statements 5577,entity,{}
winning appliances pty ltd,entity,{}
94 002 193 688,entity,{}
forestry  timber products  paper and containers and packaging durable consumer goods  including electronics and appliances  home furnishings and other accessories,entity,{}
https   modernslaveryregister gov au statements 7611,entity,{}
gusherd pty ltd,entity,{}
16 093 033 197,entity,{}
john mcgrath holden pty ltd,entity,{}
47 628 781 582,entity,{}
j   v mcgrath holdings pty limited,entity,{}
81 122 411 778,entity,{}
mcgrath canberra pty ltd,entity,{}
78 093 024 107,entity,{}
https   modernslaveryregister gov au statements 14372,entity,{}
art group services ltd,entity,{}
50 125 248 286,entity,{}
art people services pty ltd,entity,{}
90 601 938 774,entity,{}
australian retirement trust,entity,{}
60 905 115 063,entity,{}
australian retirement trust pty ltd,entity,{}
88 010 720 840,entity,{}
precision administration services pty ltd,entity,{}
47 098 977 667,entity,{}
qinsure limited,entity,{}
79 607 345 853,entity,{}
qsuper global assets pty ltd,entity,{}
qsuper investment holdings pty ltd,entity,{}
the trustee for sunsuper pooled superannuation trust,entity,{}
14 732 571 880,entity,{}
https   modernslaveryregister gov au statements 15700,entity,{}
ontex manufacturing pty ltd,entity,{}
16 145 822 528,entity,{}
belgium,entity,{}
https   modernslaveryregister gov au statements 3969,entity,{}
modern slavery statement 2021 1760,entity,{}
ucc coffee australia limited,entity,{}
49 000 254 660,entity,{}
https   modernslaveryregister gov au statements 10141,entity,{}
lycopodium limited,entity,{}
83 098 556 159,entity,{}
https   modernslaveryregister gov au statements 8668,entity,{}
redox limited,entity,{}
92 000 762 345,entity,{}
redox chemicals sdn bhd,entity,{}
redox inc,entity,{}
redox ingredientes mexico  s a de c v,entity,{}
redox ingredients pte  ltd,entity,{}
redox investments,entity,{}
redox  uk  ltd,entity,{}
https   modernslaveryregister gov au statements 16274,entity,{}
essential energy,entity,{}
37 428 185 226,entity,{}
https   modernslaveryregister gov au statements 25990,entity,{}
carsales com limited,entity,{}
91 074 444 018,entity,{}
automotive  machinery and heavy electrical equipment information technology and telecommunication,entity,{}
https   modernslaveryregister gov au statements 2473,entity,{}
cox architecture pty ltd,entity,{}
cox architecture ltd,entity,{}
https   modernslaveryregister gov au statements 19783,entity,{}
nomura financial products europe gmbh,entity,{}
https   modernslaveryregister gov au statements 24522,entity,{}
mtr corporation  sydney  smcsw pty limited,entity,{}
2024 1279,entity,{}
https   modernslaveryregister gov au statements 23526,entity,{}
tasmanian networks pty ltd,entity,{}
24 167 357 299,entity,{}
https   modernslaveryregister gov au statements 12141,entity,{}
topco investments australia pty limited,entity,{}
78 622 116 992,entity,{}
topco instruments australia pty ltd,entity,{}
australian pet brands pty ltd,entity,{}
consolidated manufacturing enterprise pty ltd,entity,{}
game meat processing pty ltd,entity,{}
people for pets pty ltd,entity,{}
pin whistle pty ltd,entity,{}
real pet food company pty ltd,entity,{}
rpfcbidco pty limited,entity,{}
the trustee for swanbrook road holding trust,entity,{}
vetco australia pty ltd,entity,{}
vet s best products pty ltd,entity,{}
v i p  petfoods  aust   pty  ltd,entity,{}
https   modernslaveryregister gov au statements 19738,entity,{}
compassion australia,entity,{}
67 001 692 566,entity,{}
https   modernslaveryregister gov au statements 25071,entity,{}
tt club mutual insurance limited,entity,{}
31 129 394 618,entity,{}
https   modernslaveryregister gov au statements 18341,entity,{}
healthcare australia pty ltd,entity,{}
95 108 180 589,entity,{}
https   modernslaveryregister gov au statements 23585,entity,{}
berkshire hathaway specialty insurance company,entity,{}
84 600 643 034,entity,{}
https   modernslaveryregister gov au statements 9210,entity,{}
defence health limited,entity,{}
80 008 629 481,entity,{}
https   modernslaveryregister gov au statements 26152,entity,{}
fuchs lubricants  australasia  pty ltd,entity,{}
88 005 681 916,entity,{}
https   modernslaveryregister gov au statements 4630,entity,{}
asurion australia pty limited,entity,{}
18 155 388 275,entity,{}
https   modernslaveryregister gov au statements 18475,entity,{}
bm alliance coal operations pty limited,entity,{}
67 096 412 752,entity,{}
https   modernslaveryregister gov au statements 10191,entity,{}
magi enterprises pty ltd,entity,{}
49 154 423 613,entity,{}
2022 10 01 to 2023 09 30,entity,{}
https   modernslaveryregister gov au statements 15393,entity,{}
https   modernslaveryregister gov au statements 15407,entity,{}
https   modernslaveryregister gov au statements 16419,entity,{}
daikin australia pty ltd,entity,{}
62 000 172 967,entity,{}
https   modernslaveryregister gov au statements 2444,entity,{}
medical indemnity protection society limited,entity,{}
64 007 067 281,entity,{}
https   modernslaveryregister gov au statements 27686,entity,{}
canon australia pty  ltd,entity,{}
66 005 002 951,entity,{}
durable consumer goods  including electronics and appliances  home furnishings and other accessories information technology and telecommunication professional and administrative services and supplies  including legal  consulting and accounting services,entity,{}
https   modernslaveryregister gov au statements 4804,entity,{}
agl electricity  vic  pty limited,entity,{}
62 070 182 099,entity,{}
agl energy limited,entity,{}
74 115 061 375,entity,{}
agl generation holdco pty ltd,entity,{}
46 155 768 291,entity,{}
agl loy yang partnership,entity,{}
80 716 340 603,entity,{}
agl loy yang pty ltd,entity,{}
62 077 985 758,entity,{}
agl macquarie pty limited,entity,{}
18 167 859 494,entity,{}
agl retail energy limited,entity,{}
21 074 839 464,entity,{}
agl sales pty limited,entity,{}
88 090 538 337,entity,{}
agl south australia pty limited,entity,{}
49 091 105 092,entity,{}
agl wholesale gas limited,entity,{}
26 072 948 504,entity,{}
perth energy holdings pty  ltd,entity,{}
20 611 228 221,entity,{}
perth energy pty ltd,entity,{}
39 087 386 445,entity,{}
segh pty ltd,entity,{}
66 604 691 867,entity,{}
southern phone company limited,entity,{}
42 100 901 184,entity,{}
sustainable business energy solutions pty ltd,entity,{}
21 131 625 600,entity,{}
victorian energy pty limited,entity,{}
97 069 892 379,entity,{}
energy 360 pty ltd,entity,{}
21 143 440 260,entity,{}
ovo energy pty ltd,entity,{}
99 623 475 089,entity,{}
https   modernslaveryregister gov au statements 21075,entity,{}
https   modernslaveryregister gov au statements 10835,entity,{}
oracle corporation australia pty limited,entity,{}
oracle global services australia pty ltd,entity,{}
2023 06 01 to 2024 05 31,entity,{}
https   modernslaveryregister gov au statements 20252,entity,{}
bpw transpec pty ltd,entity,{}
63 006 645 272,entity,{}
https   modernslaveryregister gov au statements 3447,entity,{}
pip australia pty ltd,entity,{}
632 076 487,entity,{}
2022 02 01 to 2023 01 31,entity,{}
https   modernslaveryregister gov au statements 12649,entity,{}
2023 399,entity,{}
lumo energy australia pty ltd,entity,{}
69 100 528 327,entity,{}
red energy pty  limited,entity,{}
60 107 479 372,entity,{}
snowy hydro limited,entity,{}
17 090 574 431,entity,{}
https   modernslaveryregister gov au statements 26328,entity,{}
bdo group holdings limited,entity,{}
77 133 657 833,entity,{}
h argiris   j bresolin   p r cheeseman   t fazio   c d freckmann   d j garvey   b e greenacre   m c leonard   j a mooney   c moretti   g m pyne   g f saxon   a c sloan   g b wakeman,entity,{}
83 236 985 726,entity,{}
https   modernslaveryregister gov au statements 3749,entity,{}
slade  david   the trustee for the d slade pharmacies unit trust   w h  mccarthy pty ltd,entity,{}
ram hill pharmacy pty ltd   the trustee for d slade pharmacies unit trust,entity,{}
69 315 076 159,entity,{}
the trustee for the d slade pharmacies unit trust,entity,{}
58 689 652 969,entity,{}
w h  mccarthy pty ltd,entity,{}
73 000 004 893,entity,{}
slade  david,entity,{}
46 741 078 217,entity,{}
https   modernslaveryregister gov au statements 20466,entity,{}
clayton utz,entity,{}
35 740 217 343,entity,{}
the trustee for the cu services trust,entity,{}
98 393 517 932,entity,{}
tonclay services trust,entity,{}
86 726 924 905,entity,{}
cu services pty limited,entity,{}
cu shareholding pty limited,entity,{}
budage pty limited,entity,{}
https   modernslaveryregister gov au statements 26424,entity,{}
pacific health supplies holdco pty limited,entity,{}
93 624 033 450,entity,{}
pacific health supplies topco1 pty limited,entity,{}
49 624 030 897,entity,{}
https   modernslaveryregister gov au statements 2771,entity,{}
healthscope operations pty ltd,entity,{}
85 006 405 152,entity,{}
https   modernslaveryregister gov au statements 13697,entity,{}
geelong grammar foundation limited,entity,{}
56 005 211 076,entity,{}
geelong grammar school,entity,{}
92 004 971 500,entity,{}
the trustee for geelong grammar school endowment trust,entity,{}
15 790 631 443,entity,{}
the trustee for geelong grammar school scholarship fund,entity,{}
15 711 430 906,entity,{}
the trustee for the geelong grammar building fund,entity,{}
50 285 447 478,entity,{}
2023 01 01 to 2024 12 31,entity,{}
education and training,entity,{}
https   modernslaveryregister gov au statements 25213,entity,{}
the university of wollongong,entity,{}
61 060 567 686,entity,{}
uowge ltd,entity,{}
https   modernslaveryregister gov au statements 18813,entity,{}
townsville catholic education office,entity,{}
13 622 319 794,entity,{}
https   modernslaveryregister gov au statements 5458,entity,{}
the trustee for care super,entity,{}
98 172 275 725,entity,{}
https   modernslaveryregister gov au statements 10889,entity,{}
brl holdings pty ltd,entity,{}
79 067 554 563,entity,{}
https   modernslaveryregister gov au statements 27055,entity,{}
ringcentral australia pty ltd,entity,{}
32 611 310 948,entity,{}
https   modernslaveryregister gov au statements 18377,entity,{}
darwalla milling co  pty  ltd,entity,{}
64 009 698 631,entity,{}
benfer holdings pty  ltd,entity,{}
darwalla egg producers pty  ltd,entity,{}
darwalla farming   plant co  pty  ltd,entity,{}
darwalla poultry distributors pty  ltd,entity,{}
darwalla poultry producers pty  ltd,entity,{}
golden cockerel  1962  pty  ltd,entity,{}
golden egg producers pty  ltd,entity,{}
https   modernslaveryregister gov au statements 25341,entity,{}
quantum technology pty ltd,entity,{}
29 001 381 728,entity,{}
seeing eye dogs australia pty ltd,entity,{}
28 004 758 641,entity,{}
the trustee for vision australia trust,entity,{}
88 646 584 335,entity,{}
vision australia foundation,entity,{}
91 007 428 284,entity,{}
vision australia limited,entity,{}
67 108 391 831,entity,{}
https   modernslaveryregister gov au statements 12402,entity,{}
bcs airport systems pty limited,entity,{}
63 097 441 882,entity,{}
bcs infrastructure support pty limited,entity,{}
61 097 441 873,entity,{}
bcs logistics solutions pty limited,entity,{}
44 131 499 413,entity,{}
https   modernslaveryregister gov au statements 8491,entity,{}
auckland airport holdings,entity,{}
auckland airport holdings  no 3  limited,entity,{}
auckland airport limited,entity,{}
auckland international airport limited,entity,{}
construction  civil engineering and building products transportation  logistics  and storage consumer services  including accommodation  hospitality  tourism and leisure,entity,{}
victorian rail track,entity,{}
55 047 316 805,entity,{}
rolling stock holdings  victoria  pty limited,entity,{}
74 104 780 056,entity,{}
rolling stock  victoria vl  pty limited,entity,{}
23 093 317 992,entity,{}
rolling stock  vl 1  pty limited,entity,{}
35 093 563 412,entity,{}
rolling stock  vl 2  pty limited,entity,{}
31 093 563 458,entity,{}
rolling stock  vl 3  pty limited,entity,{}
35 093 563 476,entity,{}
transportation  logistics  and storage  information technology and telecommunication  government sector,entity,{}
https   modernslaveryregister gov au statements 19942,entity,{}
construcciones y auxiliar de ferrocarriles sa,entity,{}
80 398 386 054,entity,{}
spain,entity,{}
https   modernslaveryregister gov au statements 12419,entity,{}
degree c pty ltd,entity,{}
16 009 587 008,entity,{}
fairbrother pty ltd,entity,{}
51 009 510 561,entity,{}
https   modernslaveryregister gov au statements 26776,entity,{}
fugro holdings  australia  pty ltd,entity,{}
99 003 010 099,entity,{}
https   modernslaveryregister gov au statements 13211,entity,{}
cancer institute  nsw,entity,{}
48 538 442 594,entity,{}
health administration corporation,entity,{}
45 100 538 161,entity,{}
healthshare nsw,entity,{}
82 901 548 116,entity,{}
nsw health service   justice health and forensic mental health network,entity,{}
89 253 845 892,entity,{}
the sydney children s hospitals network  randwick and westmead   incorporating the royal alexandra hospital for children,entity,{}
53 188 579 090,entity,{}
https   modernslaveryregister gov au statements 21245,entity,{}
health share nsw,entity,{}
https   modernslaveryregister gov au statements 10416,entity,{}
wright prospecting pty ltd,entity,{}
35 008 677 021,entity,{}
https   modernslaveryregister gov au statements 11459,entity,{}
esri australia pty ltd,entity,{}
16 008 852 775,entity,{}
https   modernslaveryregister gov au statements 7362,entity,{}
sunshine state power b v,entity,{}
40 062 295 425,entity,{}
sunshine state power  no 2  b v,entity,{}
27 063 382 829,entity,{}
https   modernslaveryregister gov au statements 23867,entity,{}
catholic schools broken bay,entity,{}
19 542 675 092,entity,{}
https   modernslaveryregister gov au statements 13228,entity,{}
crown resorts limited,entity,{}
39 125 709 953,entity,{}
consumer services  including accommodation  hospitality  tourism and leisure other,entity,{}
https   modernslaveryregister gov au statements 11608,entity,{}
omya australia pty limited,entity,{}
97 001 682 533,entity,{}
2022 01 01 to 2022 06 30,entity,{}
https   modernslaveryregister gov au statements 7736,entity,{}
fresenius kabi australia pty limited,entity,{}
39 109 383 593,entity,{}
https   modernslaveryregister gov au statements 23429,entity,{}
https   modernslaveryregister gov au statements 19787,entity,{}
ctc precast pty ltd,entity,{}
12 614 966 059,entity,{}
concrete solutions holdings pty ltd,entity,{}
concrete solutions operations pty ltd,entity,{}
ctc management pty ltd,entity,{}
precast civil industries pty ltd,entity,{}
rocla pty limited,entity,{}
transfab holdings pty ltd,entity,{}
https   modernslaveryregister gov au statements 16013,entity,{}
regis resources limited,entity,{}
28 009 174 761,entity,{}
afb resources pty ltd,entity,{}
71 649 001 623,entity,{}
afb resources spv pty ltd,entity,{}
49 648 999 277,entity,{}
artane minerals n l,entity,{}
16 008 978 336,entity,{}
duketon resources pty ltd,entity,{}
27 008 952 449,entity,{}
lfb resources nl,entity,{}
90 073 478 574,entity,{}
rosemont gold mines pty ltd,entity,{}
65 081 716 092,entity,{}
https   modernslaveryregister gov au statements 21190,entity,{}
nzme limited,entity,{}
2024 1410,entity,{}
https   modernslaveryregister gov au statements 23613,entity,{}
ppg industries australia pty limited,entity,{}
82 055 500 939,entity,{}
barrier chemicals pty  limited,entity,{}
75 008 210 160,entity,{}
prc   desoto australia pty ltd,entity,{}
74 050 106 217,entity,{}
protec pty  ltd,entity,{}
41 007 857 392,entity,{}
https   modernslaveryregister gov au statements 17947,entity,{}
63 682 218 579,entity,{}
rcm rollco ltd,entity,{}
https   modernslaveryregister gov au statements 26456,entity,{}
polestar automotive australia pty ltd,entity,{}
https   modernslaveryregister gov au statements 23082,entity,{}
optiver australia holdings pty limited,entity,{}
35 077 364 286,entity,{}
https   modernslaveryregister gov au statements 4677,entity,{}
cover more insurance services pty  ltd,entity,{}
95 003 114 145,entity,{}
https   modernslaveryregister gov au statements 18873,entity,{}
a   s wholesale fruit   vegetables pty ltd,entity,{}
60 006 598 796,entity,{}
all asia australia pty ltd,entity,{}
ecological recycling pty ltd,entity,{}
marketplace fresh wholesale pty ltd,entity,{}
mpf admin pty ltd,entity,{}
mpf dandenong pty ltd,entity,{}
templestowe deli pty ltd,entity,{}
the trustee for all asia cranbourne unit trust,entity,{}
the trustee for all asia dandenong unit trust,entity,{}
the trustee for dandenong grocery unit trust,entity,{}
the trustee for efw unit trust,entity,{}
the trustee for mpf cranbourne unit trust,entity,{}
the trustee for mpf mernda unit trust,entity,{}
the trustee for mpf templestowe unit trust,entity,{}
the trustee for the mpf essendon unit trust,entity,{}
the trustee for the mpf karingal unit trust,entity,{}
the trustee for the mpf oakleigh unit trust,entity,{}
the trustee for the mpf woden unit trust,entity,{}
https   modernslaveryregister gov au statements 19818,entity,{}
mlc limited,entity,{}
90 000 000 402,entity,{}
https   modernslaveryregister gov au statements 3586,entity,{}
dhp consolidated no  2 pty ltd,entity,{}
63 627 160 310,entity,{}
https   modernslaveryregister gov au statements 10482,entity,{}
the trustee for the australian renewables income fund,entity,{}
48 382 828 148,entity,{}
https   modernslaveryregister gov au statements 15876,entity,{}
the boston consulting group pty ltd,entity,{}
70 007 347 131,entity,{}
https   modernslaveryregister gov au statements 14373,entity,{}
https   modernslaveryregister gov au statements 12854,entity,{}
cbre pty limited,entity,{}
57 057 373 574,entity,{}
https   modernslaveryregister gov au statements 9227,entity,{}
breathe software pty ltd,entity,{}
27 643 981 579,entity,{}
elmo software limited,entity,{}
13 102 455 087,entity,{}
hronboard pty ltd,entity,{}
40 156 667 364,entity,{}
pivot remesys pty ltd,entity,{}
85 615 913 687,entity,{}
the trustee for hero brands trust,entity,{}
27 885 167 045,entity,{}
the trustee for rose class unit trust,entity,{}
19 331 898 382,entity,{}
webexpenses pty ltd,entity,{}
11 609 537 877,entity,{}
https   modernslaveryregister gov au statements 15111,entity,{}
mutual marketplace legal pty ltd,entity,{}
mutual marketplace property pty ltd,entity,{}
https   modernslaveryregister gov au statements 16249,entity,{}
39 658 736 540,entity,{}
45 100 215 932,entity,{}
aeris resources limited,entity,{}
30 147 131 977,entity,{}
https   modernslaveryregister gov au statements 11248,entity,{}
national tiles co pty ltd,entity,{}
57 007 381 599,entity,{}
https   modernslaveryregister gov au statements 9855,entity,{}
logos australia company pty limited,entity,{}
39 601 746 516,entity,{}
construction  civil engineering and building products financial  insurance and real estate activities other,entity,{}
logos australia group pty ltd,entity,{}
logos development management pty ltd,entity,{}
logos investment management ii pty ltd,entity,{}
logos investment management pty ltd,entity,{}
logos investment manager pty ltd,entity,{}
logos mlp development management pty ltd,entity,{}
logos mlp management pty ltd,entity,{}
logos nz management pty ltd,entity,{}
logos new zealand development management pty ltd,entity,{}
logos property management pty ltd,entity,{}
logos southport development management pty ltd,entity,{}
https   modernslaveryregister gov au statements 18438,entity,{}
bisalloy steel group ltd,entity,{}
22 098 674 545,entity,{}
bisalloy steels pty  ltd,entity,{}
27 001 641 292,entity,{}
https   modernslaveryregister gov au statements 15888,entity,{}
lipman pty  ltd,entity,{}
84 001 548 830,entity,{}
https   modernslaveryregister gov au statements 26410,entity,{}
swinburne university of technology,entity,{}
13 628 586 699,entity,{}
capsular technologies pty  ltd,entity,{}
national institute of circus arts limited,entity,{}
swinburne international  holdings  pty ltd,entity,{}
swinburne student amenities association limited,entity,{}
swinburne ventures ltd,entity,{}
https   modernslaveryregister gov au statements 17672,entity,{}
gladstone ports corporation limited,entity,{}
96 263 788 242,entity,{}
gladstone marine pilot services pty ltd,entity,{}
26 165 996 967,entity,{}
https   modernslaveryregister gov au statements 17335,entity,{}
stora enso australia pty ltd,entity,{}
64 099 948 491,entity,{}
https   modernslaveryregister gov au statements 8949,entity,{}
australian bakels  pty  ltd,entity,{}
35 000 112 836,entity,{}
2021 06 28 to 2022 06 24,entity,{}
https   modernslaveryregister gov au statements 4500,entity,{}
birch,entity,{}
carroll   coyle limited,entity,{}
event hospitality and entertainment ltd,entity,{}
https   modernslaveryregister gov au statements 2762,entity,{}
melbourne polytechnic,entity,{}
50 230 165 243,entity,{}
https   modernslaveryregister gov au statements 5312,entity,{}
fremantle port authority,entity,{}
78 187 229 472,entity,{}
https   modernslaveryregister gov au statements 15582,entity,{}
globalization partners pty  ltd,entity,{}
24 609 771 146,entity,{}
professional and administrative services and supplies  including legal  consulting and accounting services other,entity,{}
https   modernslaveryregister gov au statements 9773,entity,{}
country road clothing pty  ltd,entity,{}
84 005 419 447,entity,{}
country road group pty ltd,entity,{}
78 006 759 182,entity,{}
mimco pty ltd,entity,{}
13 067 573 291,entity,{}
witchery australia holdings pty limited,entity,{}
64 120 925 368,entity,{}
witchery fashions pty  ltd,entity,{}
70 006 897 230,entity,{}
witchery holdings pty ltd,entity,{}
84 120 830 613,entity,{}
woolworths international  australia  pty limited,entity,{}
21 078 178 220,entity,{}
https   modernslaveryregister gov au statements 2175,entity,{}
ensign  australia  holdings pty ltd,entity,{}
71 100 195 426,entity,{}
ensign australia pty limited,entity,{}
94 000 385 704,entity,{}
ensign international energy services pty limited,entity,{}
https   modernslaveryregister gov au statements 23033,entity,{}
lovisa holdings limited,entity,{}
34 602 304 503,entity,{}
lovisa pty limited,entity,{}
62 120 675 890,entity,{}
https   modernslaveryregister gov au statements 2813,entity,{}
12841,entity,{}
modern slavery statement 2023 520,entity,{}
afl northern territory limited,entity,{}
81 097 620 525,entity,{}
afl  nsw act  commission limited,entity,{}
53 086 839 385,entity,{}
afl queensland limited,entity,{}
66 090 629 342,entity,{}
australian football league,entity,{}
97 489 912 318,entity,{}
australian football league  victoria  limited,entity,{}
24 147 664 579,entity,{}
football tasmania limited,entity,{}
93 085 213 350,entity,{}
melbourne stadiums limited,entity,{}
37 098 476 594,entity,{}
2021 11 01 to 2022 10 31,entity,{}
aquaculture australia holdco pty ltd,entity,{}
57 660 056 440,entity,{}
aquaculture australia midco 1 pty ltd,entity,{}
de costi seafoods pty ltd,entity,{}
tassal operations pty  ltd,entity,{}
aquaculture australia company pty ltd,entity,{}
aquaculture australia midco 2 pty ltd,entity,{}
aquatas pty ltd,entity,{}
mpa fish farms pty ltd,entity,{}
tassal group limited,entity,{}
aquaculture australia midco 1 pty ltd  de costi seafoods pty ltd  tassal operations pty  ltd,entity,{}
aquaculture australia holdco pty ltd  de costi seafoods pty ltd  tassal operations pty  ltd,entity,{}
aquaculture australia holdco pty ltd  aquaculture australia midco 1 pty ltd  tassal operations pty  ltd,entity,{}
aquaculture australia holdco pty ltd  aquaculture australia midco 1 pty ltd  de costi seafoods pty ltd,entity,{}
modern slavery register,entity,{}
https   modernslaveryregister gov au statements 23131,entity,{}
richemont australia pty limited,entity,{}
99 003 432 504,entity,{}
https   modernslaveryregister gov au statements 19538,entity,{}
magnit global australia pty ltd,entity,{}
98 625 410 915,entity,{}
https   modernslaveryregister gov au statements 12923,entity,{}
university of southern queensland,entity,{}
40 234 732 081,entity,{}
https   modernslaveryregister gov au statements 4194,entity,{}
thermo king llc,entity,{}
na,entity,{}
mta australasia pty ltd,entity,{}
thermo king enterprise hong kong llc  thermo king llc  trane technologies international limited  trane thermo king pty ltd,entity,{}
thermo king enterprise hong kong llc,entity,{}
mta australasia pty ltd  thermo king llc  trane technologies international limited  trane thermo king pty ltd,entity,{}
mta australasia pty ltd  thermo king enterprise hong kong llc  trane technologies international limited  trane thermo king pty ltd,entity,{}
trane technologies international limited,entity,{}
mta australasia pty ltd  thermo king enterprise hong kong llc  thermo king llc  trane thermo king pty ltd,entity,{}
trane thermo king pty ltd,entity,{}
mta australasia pty ltd  thermo king enterprise hong kong llc  thermo king llc  trane technologies international limited,entity,{}
https   modernslaveryregister gov au statements 18255,entity,{}
central australian aboriginal congress aboriginal corporation,entity,{}
76 210 591 710,entity,{}
https   modernslaveryregister gov au statements 27125,entity,{}
2022 2887,entity,{}
pointsbet holdings limited,entity,{}
68 621 179 351,entity,{}
media  publishing  arts and entertainment other,entity,{}
https   modernslaveryregister gov au statements 11793,entity,{}
uts college ltd,entity,{}
39 001 425 065,entity,{}
insearch education international pty ltd,entity,{}
insearch global pty ltd,entity,{}
insearch  shanghai  limited,entity,{}
insearch india limited liability partnership,entity,{}
insearch lanka  private  limited,entity,{}
insearch limited representative office  vietnam,entity,{}
https   modernslaveryregister gov au statements 22874,entity,{}
northrop grumman australia pty limited,entity,{}
78 156 458 981,entity,{}
https   modernslaveryregister gov au statements 13616,entity,{}
the trustee for local government super,entity,{}
28 901 371 321,entity,{}
https   modernslaveryregister gov au statements 2580,entity,{}
ab food   beverages australia pty limited,entity,{}
93 100 637 849,entity,{}
ab mauri row holdings pty limited,entity,{}
12 115 524 886,entity,{}
food investments pty  limited,entity,{}
85 008 426 177,entity,{}
2019 09 01 to 2020 08 31,entity,{}
food investations pty  limited,entity,{}
https   modernslaveryregister gov au statements 1650,entity,{}
renaissancere europe ag,entity,{}
12 146 546 661,entity,{}
https   modernslaveryregister gov au statements 18174,entity,{}
red bull australia pty  ltd,entity,{}
67 085 840 259,entity,{}
austria,entity,{}
https   modernslaveryregister gov au statements 13243,entity,{}
brigidine college  indooroopilly,entity,{}
89 109 598 905,entity,{}
brigidine college  st ives,entity,{}
15 085 694 695,entity,{}
kildare education ministries limited,entity,{}
34 169 198 421,entity,{}
presentation sisters victoria  presentation family centre  incorporated,entity,{}
83 121 768 426,entity,{}
star of the sea college inc,entity,{}
29 411 978 418,entity,{}
the trustee for the brigidine asylum seekers and refugee trust,entity,{}
24 830 510 866,entity,{}
trustees of kildare ministries,entity,{}
80 991 443 722,entity,{}
wellsprings for women incorporated,entity,{}
18 282 739 596,entity,{}
https   modernslaveryregister gov au statements 9265,entity,{}
r k mechanical repairs pty ltd,entity,{}
36 667 931 268,entity,{}
https   modernslaveryregister gov au statements 14623,entity,{}
industrial and commercial bank of china limited,entity,{}
57 086 866 506,entity,{}
https   modernslaveryregister gov au statements 18188,entity,{}
https   modernslaveryregister gov au statements 23468,entity,{}
miki shoko co   ltd,entity,{}
https   modernslaveryregister gov au statements 24322,entity,{}
the trustee for unisuper,entity,{}
91 385 943 850,entity,{}
unisuper management pty  ltd,entity,{}
91 006 961 799,entity,{}
financial  insurance and real estate activities professional and administrative services and supplies  including legal  consulting and accounting services,entity,{}
https   modernslaveryregister gov au statements 20731,entity,{}
tata consultancy services limited,entity,{}
28 109 981 777,entity,{}
https   modernslaveryregister gov au statements 19526,entity,{}
sydney airport limited,entity,{}
18 165 056 360,entity,{}
the trustee for sydney airport trust 1,entity,{}
97 358 592 466,entity,{}
https   modernslaveryregister gov au statements 1947,entity,{}
cti logistics limited,entity,{}
69 008 778 925,entity,{}
transportation  logistics  and storage cleaning and security services,entity,{}
action logistics  wa  pty ltd,entity,{}
bring transport industries pty ltd,entity,{}
cti couriers pty ltd,entity,{}
cti freightlines pty ltd,entity,{}
cti freight management pty ltd,entity,{}
cti freight systems pty ltd,entity,{}
cti logistics  nsw  pty ltd,entity,{}
cti logistics  vic  pty ltd,entity,{}
cti nationwide logistics pty ltd,entity,{}
cti records management pty ltd,entity,{}
cti security services pty ltd,entity,{}
cti security systems pty ltd,entity,{}
cti taxi trucks pty ltd,entity,{}
cti transport services pty ltd,entity,{}
cti transport systems pty ltd,entity,{}
cti xpress systems pty ltd,entity,{}
foxline logistics pty ltd,entity,{}
g m  kane   sons pty ltd,entity,{}
mercury messengers pty ltd,entity,{}
https   modernslaveryregister gov au statements 16464,entity,{}
the trustee for first super,entity,{}
56 286 625 181,entity,{}
https   modernslaveryregister gov au statements 26153,entity,{}
simba global pty ltd,entity,{}
2021 4013,entity,{}
https   modernslaveryregister gov au statements 7475,entity,{}
l oreal australia pty ltd,entity,{}
https   modernslaveryregister gov au statements 14515,entity,{}
citibank  n a,entity,{}
34 072 814 058,entity,{}
citigroup global markets australia holdings pty limited,entity,{}
56 081 472 684,entity,{}
citigroup global markets australia pty limited,entity,{}
64 003 114 832,entity,{}
citigroup pty limited,entity,{}
88 004 325 080,entity,{}
citigroup global markets austriala holdings pty limited,entity,{}
https   modernslaveryregister gov au statements 13161,entity,{}
the environmental group limited,entity,{}
https   modernslaveryregister gov au statements 26610,entity,{}
3542,entity,{}
laurent bakery group pty ltd,entity,{}
27 652 749 829,entity,{}
laurent bakery retail pty ltd,entity,{}
48 652 749 918,entity,{}
provence group holdings pty ltd,entity,{}
652 749 829,entity,{}
provence bidco pty ltd,entity,{}
provence finco pty ltd,entity,{}
provence midco pty ltd,entity,{}
https   modernslaveryregister gov au statements 16577,entity,{}
cpc group holdings pty ltd,entity,{}
28 644 449 758,entity,{}
https   modernslaveryregister gov au statements 14640,entity,{}
credit union australia ltd,entity,{}
44 087 650 959,entity,{}
https   modernslaveryregister gov au statements 10907,entity,{}
westfund limited,entity,{}
55 002 080 864,entity,{}
https   modernslaveryregister gov au statements 20914,entity,{}
16 600 428 537,entity,{}
74 152 947 101,entity,{}
97 067 220 017,entity,{}
17 095 045 695,entity,{}
86 067 386 109,entity,{}
79 114 456 781,entity,{}
24 007 256 215,entity,{}
22 653 348 700,entity,{}
37 609 968 989,entity,{}
86 609 765 371,entity,{}
14 011 062 338,entity,{}
91 609 698 606,entity,{}
67 002 781 142,entity,{}
53 004 892 835,entity,{}
37 097 393 112,entity,{}
44 105 781 977,entity,{}
https   modernslaveryregister gov au statements 13360,entity,{}
janus henderson group plc,entity,{}
67 133 992 766,entity,{}
janus henderson investors  australia  funds management limited,entity,{}
43 164 177 244,entity,{}
janus henderson investors  australia  institutional funds management limited,entity,{}
16 165 119 531,entity,{}
janus henderson investors  australia  limited,entity,{}
47 124 279 518,entity,{}
kapstream capital pty limited,entity,{}
19 122 076 117,entity,{}
https   modernslaveryregister gov au statements 13382,entity,{}
drake supermarkets pty ltd,entity,{}
57 109 544 416,entity,{}
https   modernslaveryregister gov au statements 27666,entity,{}
bremick pty ltd,entity,{}
68 000 496 131,entity,{}
https   modernslaveryregister gov au statements 20273,entity,{}
lg electronics australia pty limited,entity,{}
98 064 531 264,entity,{}
https   modernslaveryregister gov au statements 4707,entity,{}
lightspeed commerce inc,entity,{}
55 745 962 487,entity,{}
https   modernslaveryregister gov au statements 14499,entity,{}
lewis land holdings pty limited,entity,{}
68 008 522 496,entity,{}
https   modernslaveryregister gov au statements 12317,entity,{}
cardtronics australasia pty ltd,entity,{}
87 097 550 519,entity,{}
https   modernslaveryregister gov au statements 4658,entity,{}
the trustee for arlec unit trust,entity,{}
59 399 836 281,entity,{}
https   modernslaveryregister gov au statements 2549,entity,{}
hunter douglas holdings limited,entity,{}
47 000 238 451,entity,{}
https   modernslaveryregister gov au statements 8355,entity,{}
technology one limited,entity,{}
84 010 487 180,entity,{}
2020 10 01 to 2021 09 30,entity,{}
https   modernslaveryregister gov au statements 6070,entity,{}
chilada pty ltd,entity,{}
55 128 692 893,entity,{}
https   modernslaveryregister gov au statements 508,entity,{}
unigrain pty ltd,entity,{}
67 120 061 841,entity,{}
https   modernslaveryregister gov au statements 9862,entity,{}
https   modernslaveryregister gov au statements 16884,entity,{}
fulton hogan australia pty ltd,entity,{}
42 135 849 115,entity,{}
https   modernslaveryregister gov au statements 7799,entity,{}
bitupave ltd,entity,{}
53 000 102 376,entity,{}
boral cement limited,entity,{}
62 008 528 523,entity,{}
boral limited,entity,{}
13 008 421 761,entity,{}
boral resources  country  pty  limited,entity,{}
51 000 187 002,entity,{}
boral resources  nsw  pty ltd,entity,{}
51 000 756 507,entity,{}
boral resources  qld  pty  limited,entity,{}
46 009 671 809,entity,{}
boral resources  sa  limited,entity,{}
72 007 516 494,entity,{}
boral resources  vic   pty  limited,entity,{}
87 004 620 731,entity,{}
boral resources  w a   ltd,entity,{}
57 008 686 904,entity,{}
concrite pty ltd,entity,{}
86 000 795 166,entity,{}
de martin   gasparini pty limited,entity,{}
81 000 205 372,entity,{}
https   modernslaveryregister gov au statements 20961,entity,{}
the trustee for metrics credit partners diversified australian senior loan fund,entity,{}
72 575 264 654,entity,{}
https   modernslaveryregister gov au statements 26264,entity,{}
aveng australia holdings pty ltd,entity,{}
33 108 058 331,entity,{}
built environs pty  ltd,entity,{}
74 008 125 111,entity,{}
mcconnell dowell constructors  aust  pty ltd,entity,{}
71 002 929 017,entity,{}
mcconnell dowell corporation limited,entity,{}
11 008 444 880,entity,{}
mcconnell dowell holdings pty  limited,entity,{}
87 003 207 270,entity,{}
https   modernslaveryregister gov au statements 11095,entity,{}
https   modernslaveryregister gov au statements 452,entity,{}
ferrovial construction  australia  pty  ltd,entity,{}
98 150 820 116,entity,{}
https   modernslaveryregister gov au statements 4870,entity,{}
https   modernslaveryregister gov au statements 1256,entity,{}
goldwind australia pty ltd,entity,{}
32 140 108 390,entity,{}
goldwind queensland constructions pty ltd,entity,{}
30 647 057 903,entity,{}
https   modernslaveryregister gov au statements 23487,entity,{}
ing bank  australia  limited,entity,{}
25 870 839 351,entity,{}
ing bank n v,entity,{}
52 214 488 355,entity,{}
the trustee for ibal covered bond trust,entity,{}
the trustee for ids trust 2008 1,entity,{}
https   modernslaveryregister gov au statements 18225,entity,{}
https   modernslaveryregister gov au statements 3838,entity,{}
water nsw,entity,{}
21 147 934 787,entity,{}
waternsw infrastructure pty ltd,entity,{}
93 629 813 270,entity,{}
https   modernslaveryregister gov au statements 6076,entity,{}
l1 long short fund limited,entity,{}
47 623 418 539,entity,{}
https   modernslaveryregister gov au statements 25854,entity,{}
aai limited,entity,{}
48 005 297 807,entity,{}
suncorp group limited,entity,{}
66 145 290 124,entity,{}
suncorp insurance  general overseas  pty ltd,entity,{}
49 102 606 708,entity,{}
suncorp insurance holdings limited,entity,{}
99 123 023 334,entity,{}
suncorp insurance  life overseas  pty ltd,entity,{}
66 114 577 418,entity,{}
suncorp life holdings limited,entity,{}
87 064 490 795,entity,{}
suncorp corporate services pty ltd,entity,{}
69 074 966 466,entity,{}
suncorp staff pty ltd,entity,{}
31 010 869 726,entity,{}
https   modernslaveryregister gov au statements 25543,entity,{}
insight enterprises australia pty ltd,entity,{}
47 058 645 677,entity,{}
https   modernslaveryregister gov au statements 4813,entity,{}
toshiba international corporation pty ltd,entity,{}
29 001 555 068,entity,{}
automotive  machinery and heavy electrical equipment utilities  gas  water and electricity,entity,{}
https   modernslaveryregister gov au statements 5345,entity,{}
sunpower corporation australia pty limited,entity,{}
67 009 066 380,entity,{}
https   modernslaveryregister gov au statements 22725,entity,{}
roman catholic trust corporation for the diocese of cairns,entity,{}
50 681 607 010,entity,{}
2021 01 01 to 2021 12 30,entity,{}
education and research charitable   not for profit activities other,entity,{}
https   modernslaveryregister gov au statements 9191,entity,{}
