name,type,attributes
Modern slavery statement 2024-2061: BACARDI-MARTINI AUSTRALIA PTY LTD,document,"{'content': 'BACARDI-MARTINI AUSTRALIA PTY LTD (ABN 40 103 911 146) filed a single modern slavery statement with the Australian Modern Slavery Register for the reporting period 2023-04-01 to 2024-03-31. The reporting entity is headquartered in Australia. The reporting entity has an annual revenue band of 0-99M. The reporting entity operates in the industry sectors: Food and beverages, agriculture and fishing. Register entry: https://modernslaveryregister.gov.au/statements/19582/.'}"
Modern slavery statement 2022-1104: EQUINIX AUSTRALIA PTY LIMITED,document,{'content': 'EQUINIX AUSTRALIA PTY LIMITED (ABN 25 092 807 264) filed a single modern slavery statement with the Australian Modern Slavery Register for the reporting period 2021-04-01 to 2022-03-30. The reporting entity is headquartered in Australia. The reporting entity has an annual revenue band of 350-400M. The reporting entity operates in the industry sectors: Information technology and telecommunication. Register entry: https://modernslaveryregister.gov.au/statements/9226/.'}
Modern slavery statement 2022-2604: COMMERCIAL & GENERAL PTY LTD,document,"{'content': 'COMMERCIAL & GENERAL PTY LTD (ABN 14 600 978 103) filed a single modern slavery statement with the Australian Modern Slavery Register for the reporting period 2021-07-01 to 2022-06-30. The reporting entity is headquartered in Australia. The reporting entity has an annual revenue band of 100-150M. The reporting entity operates in the industry sectors: Construction, civil engineering and building products Financial, insurance and real estate activities. Register entry: https://modernslaveryregister.gov.au/statements/11172/.'}"
Modern slavery statement 2022-503: HUNTER DOUGLAS HOLDINGS LIMITED,document,{'content': 'HUNTER DOUGLAS HOLDINGS LIMITED (ABN 47 000 238 451) filed a single modern slavery statement with the Australian Modern Slavery Register for the reporting period 2021-04-01 to 2022-03-30. The reporting entity is headquartered in Australia. The reporting entity has an annual revenue band of 250-300M. The reporting entity operates in the industry sectors: Other. Register entry: https://modernslaveryregister.gov.au/statements/8464/.'}
Modern slavery statement 2022-1058: GE HEALTHCARE AUSTRALIA HOLDINGS PTY LTD & GE HEALTHCARE AUSTRALIA PTY LIMITED & GENERAL ELECTRIC INTERNATIONAL INC et al.,document,"{'content': 'GE HEALTHCARE AUSTRALIA HOLDINGS PTY LTD (ABN 57 079 127 307), GE HEALTHCARE AUSTRALIA PTY LIMITED (ABN 32 001 408 402), GENERAL ELECTRIC INTERNATIONAL INC (ABN 85 002 420 751) and GE RENEWABLE ENERGY AUSTRALIA PTY LTD (ABN 47 003 760 790) filed a joint modern slavery statement with the Australian Modern Slavery Register for the reporting period 2021-01-01 to 2021-12-31. The reporting entities are headquartered in Australia, United States of America. The reporting entities have an annual revenue band of 1BN+. The reporting entities operate in the industry sectors: Automotive, machinery and heavy electrical equipment Defence and aerospace Healthcare and pharmaceuticals. Register entry: https://modernslaveryregister.gov.au/statements/9255/.'}"
Modern slavery statement 2022-299: UNITED MALT GROUP LIMITED,document,"{'content': 'UNITED MALT GROUP LIMITED (ABN 61 140 174 189) filed a joint modern slavery statement with the Australian Modern Slavery Register for the reporting period 2020-10-01 to 2021-09-30. The reporting entity is headquartered in Australia. The reporting entity has an annual revenue band of 1BN+. The reporting entity operates in the industry sectors: Food and beverages, agriculture and fishing. Register entry: https://modernslaveryregister.gov.au/statements/8132/.'}"
Modern slavery statement 2022-2000: EVOLUTION MINING LIMITED,document,"{'content': 'EVOLUTION MINING LIMITED (ABN 74 084 669 036) filed a single modern slavery statement with the Australian Modern Slavery Register for the reporting period 2021-07-01 to 2022-06-30. The reporting entity is headquartered in Australia. The reporting entity has an annual revenue band of 1BN+. The reporting entity operates in the industry sectors: Mining, metals, chemicals and resources (including oil and gas). Register entry: https://modernslaveryregister.gov.au/statements/10632/.'}"
Modern slavery statement 2022-2785: OAKMOORE PTY. LTD.,document,"{'content': 'OAKMOORE PTY. LTD. (ABN 13 056 159 570) filed a single modern slavery statement with the Australian Modern Slavery Register for the reporting period 2021-07-01 to 2022-06-30. The reporting entity is headquartered in Australia. The reporting entity has an annual revenue band of 150-200M. The reporting entity operates in the industry sectors: Automotive, machinery and heavy electrical equipment Construction, civil engineering and building products. Register entry: https://modernslaveryregister.gov.au/statements/11682/.'}"
Modern slavery statement 2024-3642: SYNERGY GROUP AUSTRALIA HOLDINGS PTY LTD,document,"{'content': 'SYNERGY GROUP AUSTRALIA HOLDINGS PTY LTD (ABN 38 662 711 551) filed a single modern slavery statement with the Australian Modern Slavery Register for the reporting period 2023-07-01 to 2024-06-30. The reporting entity is headquartered in Australia. The reporting entity has an annual revenue band of 100-150M. The reporting entity operates in the industry sectors: Professional and administrative services and supplies, including legal, consulting and accounting services. The statement also covers the included entities: SYNERGY GROUP AUSTRALIA PTY LTD (65 119 369 827), SYNERGY GROUP LAW PTY LTD (27 654 575 569), THINKPLACE AUSTRALIA PTY LTD (28 673 168 244). Register entry: https://modernslaveryregister.gov.au/statements/21348/.'}"
Modern slavery statement 2022-1185: NEWMONT AUSTRALIA PTY LTD & NEWMONT BODDINGTON PTY LTD & NEWMONT MINING SERVICES PTY LTD et al.,document,"{'content': 'NEWMONT AUSTRALIA PTY LTD (ABN 95 099 040 507), NEWMONT BODDINGTON PTY LTD (ABN 32 062 936 547), NEWMONT MINING SERVICES PTY LTD (ABN 22 008 087 778), NEWMONT TANAMI PTY LTD (ABN 39 007 688 093) and Saddleback Investments Pty Ltd (ABN 96 134 978 224) filed a joint modern slavery statement with the Australian Modern Slavery Register for the reporting period 2021-01-01 to 2021-12-31. The reporting entities are headquartered in Australia. The reporting entities have an annual revenue band of 1BN+. The reporting entities operate in the industry sectors: Mining, metals, chemicals and resources (including oil and gas). Register entry: https://modernslaveryregister.gov.au/statements/9463/.'}"
Modern slavery statement 2024-1843: MITSUI BUSSAN WOODCHIP OCEANIA PTY. LTD.,document,"{'content': 'MITSUI BUSSAN WOODCHIP OCEANIA PTY. LTD. filed a single modern slavery statement with the Australian Modern Slavery Register for the reporting period 2023-04-01 to 2024-03-31. The reporting entity is headquartered in Australia. The reporting entity has an annual revenue band of 100-150M. The reporting entity operates in the industry sectors: Forestry, timber products, paper and containers and packaging. The statement also covers the included entities: BUNBURY FIBRE EXPORTS PTY LTD. Register entry: https://modernslaveryregister.gov.au/statements/19303/.'}"
Modern slavery statement 2023-1626: New Zealand King Salmon Investments Limited,document,"{'content': 'New Zealand King Salmon Investments Limited filed a single modern slavery statement with the Australian Modern Slavery Register for the reporting period 2022-02-01 to 2023-01-31. The reporting entity is headquartered in New Zealand. The reporting entity has an annual revenue band of 150-200M. The reporting entity operates in the industry sectors: Food and beverages, agriculture and fishing. Register entry: https://modernslaveryregister.gov.au/statements/14358/.'}"
Modern slavery statement 2021-3755: POSTSUPER PTY LTD,document,"{'content': 'POSTSUPER PTY LTD (ABN 85 064 225 841) filed a joint modern slavery statement with the Australian Modern Slavery Register for the reporting period 2020-07-01 to 2021-06-30. The reporting entity is headquartered in Australia. The reporting entity has an annual revenue band of Unknown. The reporting entity operates in the industry sectors: Financial, insurance and real estate activities. Register entry: https://modernslaveryregister.gov.au/statements/7129/.'}"
Modern slavery statement 2024-1669: CH ROBINSON WORLDWIDE (AUSTRALIA) PTY LIMITED,document,"{'content': 'CH ROBINSON WORLDWIDE (AUSTRALIA) PTY LIMITED (ABN 51 135 205 551) filed a single modern slavery statement with the Australian Modern Slavery Register for the reporting period 2023-01-01 to 2023-12-31. The reporting entity is headquartered in United States of America. The reporting entity has an annual revenue band of 800-900M. The reporting entity operates in the industry sectors: Transportation, logistics, and storage. The statement also covers the included entities: C.H. ROBINSON (AUSTRALIA) PTY LTD, C.H. ROBINSON TRADE MANAGEMENT PTY LTD, C.H. ROBINSON WORLDWIDE (AU) PTY LTD (52 006 246 260), C.H. ROBINSON WORLDWIDE (OCEANIA) PTY LTD. Register entry: https://modernslaveryregister.gov.au/statements/19046/.'}"
Modern slavery statement 2025-866: COGNIZANT TECHNOLOGY SOLUTIONS AUSTRALIA PTY LTD,document,"{'content': 'COGNIZANT TECHNOLOGY SOLUTIONS AUSTRALIA PTY LTD (ABN 74 100 749 997) filed a single modern slavery statement with the Australian Modern Slavery Register for the reporting period 2024-01-01 to 2024-12-31. The reporting entity is headquartered in Australia, United States of America. The reporting entity has an annual revenue band of 350-400M. The reporting entity operates in the industry sectors: Information technology and telecommunication. The statement also covers the included entities: CONTINO PTY LTD, SERVIAN GROUP (HOLDINGS) PTY LTD, SERVIAN MANAGED SERVICES PTY LTD, Servian Pty Ltd, SERVIAN (VICTORIA) PTY LIMITED, SVN BIDCO PTY LTD, SVN HOLDCO PTY LTD (75 626 028 037), THIRDERA AUS PTY LTD (71 648 996 061), VIBRATO PTY LTD. Register entry: https://modernslaveryregister.gov.au/statements/22949/.'}"
Modern slavery statement 2025-2787: BLUM AUSTRALIA PTY LTD,document,{'content': 'BLUM AUSTRALIA PTY LTD filed a single modern slavery statement with the Australian Modern Slavery Register for the reporting period 2024-07-01 to 2025-06-30. The reporting entity is headquartered in Austria. The reporting entity has an annual revenue band of 150-200M. The reporting entity operates in the industry sectors: Other Services. Register entry: https://modernslaveryregister.gov.au/statements/25593/.'}
Modern slavery statement 2021-513: PHARM-A-CARE LABORATORIES PTY. LIMITED,document,{'content': 'PHARM-A-CARE LABORATORIES PTY. LIMITED (ABN 99 003 468 219) filed a single modern slavery statement with the Australian Modern Slavery Register for the reporting period 2019-07-01 to 2020-06-30. The reporting entity is headquartered in Australia. The reporting entity has an annual revenue band of 500-600M. The reporting entity operates in the industry sectors: Healthcare and pharmaceuticals. Register entry: https://modernslaveryregister.gov.au/statements/2024/.'}
Modern slavery statement 2024-960: Aspen Insurance UK Limited,document,"{'content': 'Aspen Insurance UK Limited (ABN 33 128 637 650) filed a single modern slavery statement with the Australian Modern Slavery Register for the reporting period 2023-01-01 to 2023-12-31. The reporting entity is headquartered in United Kingdom. The reporting entity has an annual revenue band of 500-600M. The reporting entity operates in the industry sectors: Financial, insurance and real estate activities. Register entry: https://modernslaveryregister.gov.au/statements/18173/.'}"
"Modern slavery statement 2025-1059: Avetta, LLC",document,"{'content': 'Avetta, LLC filed a single modern slavery statement with the Australian Modern Slavery Register for the reporting period 2024-01-01 to 2024-12-31. The reporting entity is headquartered in United States of America. The reporting entity has an annual revenue band of 300-350M. The reporting entity operates in the industry sectors: Information technology and telecommunication Professional and administrative services and supplies, including legal, consulting and accounting services Other. Register entry: https://modernslaveryregister.gov.au/statements/23227/.'}"
Modern slavery statement 2024-1021: KINGS CHRISTIAN EDUCATION LTD.,document,{'content': 'KINGS CHRISTIAN EDUCATION LTD. (ABN 84 010 547 994) filed a single modern slavery statement with the Australian Modern Slavery Register for the reporting period 2023-01-01 to 2023-12-31. The reporting entity is headquartered in Australia. The reporting entity has an annual revenue band of 100-150M. The reporting entity operates in the industry sectors: Education and research. Register entry: https://modernslaveryregister.gov.au/statements/18265/.'}
Modern slavery statement 2022-2494: FAIRBROTHER PTY LTD,document,"{'content': 'FAIRBROTHER PTY LTD (ABN 51 009 510 561) filed a joint modern slavery statement with the Australian Modern Slavery Register for the reporting period 2021-07-01 to 2022-06-30. The reporting entity is headquartered in Australia. The reporting entity has an annual revenue band of 350-400M. The reporting entity operates in the industry sectors: Construction, civil engineering and building products. Register entry: https://modernslaveryregister.gov.au/statements/11311/.'}"
Modern slavery statement 2024-1101: Betashares Capital Ltd & BETASHARES FINANCIAL GROUP PTY LTD & BETASHARES HOLDINGS PTY LTD,document,"{'content': 'Betashares Capital Ltd (ABN 78 139 566 868), BETASHARES FINANCIAL GROUP PTY LTD (ABN 58 646 305 517) and BETASHARES HOLDINGS PTY LTD (ABN 93 136 545 107) filed a joint modern slavery statement with the Australian Modern Slavery Register for the reporting period 2023-01-01 to 2023-12-31. The reporting entities are headquartered in Australia. The reporting entities have an annual revenue band of 100-150M. The reporting entities operate in the industry sectors: Financial, insurance and real estate activities. The statement also covers the included entities: Betashares Capital Ltd (78 139 566 868), BETASHARES HOLDINGS PTY LTD (93 136 545 107). Register entry: https://modernslaveryregister.gov.au/statements/18398/.'}"
Modern slavery statement 2022-2818: NEPEAN BUILDING & INFRASTRUCTURE PTY LTD & NEPEAN NO1 PTY LTD,document,"{'content': 'NEPEAN BUILDING & INFRASTRUCTURE PTY LTD (ABN 54 125 224 302) and NEPEAN NO1 PTY LTD (ABN 15 606 791 931) filed a joint modern slavery statement with the Australian Modern Slavery Register for the reporting period 2021-07-01 to 2022-06-30. The reporting entities are headquartered in Australia. The reporting entities have an annual revenue band of 350-400M. The reporting entities operate in the industry sectors: Mining, metals, chemicals and resources (including oil and gas) Automotive, machinery and heavy electrical equipment Construction, civil engineering and building products. Register entry: https://modernslaveryregister.gov.au/statements/11713/.'}"
Modern slavery statement 2025-2038: The Trustee for Kent Relocation Group Pty Ltd As Trustee for the DACE trust,document,"{'content': 'The Trustee for Kent Relocation Group Pty Ltd As Trustee for the DACE trust (ABN 54 712 591 712) filed a single modern slavery statement with the Australian Modern Slavery Register for the reporting period 2024-07-01 to 2025-06-30. The reporting entity is headquartered in Australia. The reporting entity has an annual revenue band of 150-200M. The reporting entity operates in the industry sectors: Transport, Postal and Warehousing. Register entry: https://modernslaveryregister.gov.au/statements/24459/.'}"
Modern slavery statement 2022-1314: COBHAM AVIATION SERVICES AUSTRALIA PTY LTD & COBHAM SAR SERVICES PTY LTD & NATIONAL JET EXPRESS PTY LTD et al.,document,"{'content': 'COBHAM AVIATION SERVICES AUSTRALIA PTY LTD (ABN 34 003 469 574), COBHAM SAR SERVICES PTY LTD (ABN 18 082 387 835), NATIONAL JET EXPRESS PTY LTD (ABN 46 063 561 482) and SURVEILLANCE AUSTRALIA PTY. LTD. (ABN 20 050 021 308) filed a joint modern slavery statement with the Australian Modern Slavery Register for the reporting period 2021-01-01 to 2021-12-31. The reporting entities are headquartered in Australia. The reporting entities have an annual revenue band of 1BN+. The reporting entities operate in the industry sectors: Transportation, logistics, and storage Defence and aerospace Government Sector Other. Register entry: https://modernslaveryregister.gov.au/statements/9601/.'}"
Modern slavery statement 2022-37: MCCORMICK FOODS AUSTRALIA PTY. LTD.,document,"{'content': 'MCCORMICK FOODS AUSTRALIA PTY. LTD. (ABN 62 004 763 259) filed a joint modern slavery statement with the Australian Modern Slavery Register for the reporting period 2020-07-01 to 2021-06-30. The reporting entity is headquartered in United States of America. The reporting entity has an annual revenue band of 200-250M. The reporting entity operates in the industry sectors: Food and beverages, agriculture and fishing. Register entry: https://modernslaveryregister.gov.au/statements/7749/.'}"
Modern slavery statement 2021-958: TENNIS AUSTRALIA LIMITED,document,{'content': 'TENNIS AUSTRALIA LIMITED (ABN 61 006 281 125) filed a single modern slavery statement with the Australian Modern Slavery Register for the reporting period 2019-07-01 to 2020-06-30. The reporting entity is headquartered in Australia. The reporting entity has an annual revenue band of 450-500M. The reporting entity operates in the industry sectors: Other. Register entry: https://modernslaveryregister.gov.au/statements/2625/.'}
Modern slavery statement 2022-2069: RIDLEY CORPORATION LIMITED,document,"{'content': 'RIDLEY CORPORATION LIMITED (ABN 33 006 708 765) filed a joint modern slavery statement with the Australian Modern Slavery Register for the reporting period 2021-07-01 to 2022-06-30. The reporting entity is headquartered in Australia. The reporting entity has an annual revenue band of 900M-1BN. The reporting entity operates in the industry sectors: Food and beverages, agriculture and fishing. Register entry: https://modernslaveryregister.gov.au/statements/10735/.'}"
Modern slavery statement 2022-1579: STATEWIDE INDEPENDENT WHOLESALERS LIMITED & WOOLWORTHS GROUP LIMITED,document,"{'content': 'STATEWIDE INDEPENDENT WHOLESALERS LIMITED (ABN 51 009 519 546) and WOOLWORTHS GROUP LIMITED (ABN 88 000 014 675) filed a joint modern slavery statement with the Australian Modern Slavery Register for the reporting period 2021-07-01 to 2022-06-30. The reporting entities are headquartered in Australia. The reporting entities have an annual revenue band of 1BN+. The reporting entities operate in the industry sectors: Food and beverages, agriculture and fishing Fashion, textiles, apparel and luxury goods. Register entry: https://modernslaveryregister.gov.au/statements/10009/.'}"
Modern slavery statement 2021-2228: DIOCESE OF SALE CATHOLIC EDUCATION LIMITED,document,{'content': 'DIOCESE OF SALE CATHOLIC EDUCATION LIMITED (ABN 91 621 266 993) filed a single modern slavery statement with the Australian Modern Slavery Register for the reporting period 2020-01-01 to 2020-12-31. The reporting entity is headquartered in Australia. The reporting entity has an annual revenue band of 300-350M. The reporting entity operates in the industry sectors: Education and research. Register entry: https://modernslaveryregister.gov.au/statements/4386/.'}
Modern slavery statement 2025-3048: ANZFOF3 NZ PTY LIMITED & NEW FORESTS ASSET MANAGEMENT PTY LIMITED & The trustee for ANZFOF Sub 1 et al.,document,"{'content': 'ANZFOF3 NZ PTY LIMITED (ABN 68 623 472 088), NEW FORESTS ASSET MANAGEMENT PTY LIMITED (ABN 42 114 545 283), The trustee for ANZFOF Sub 1 (ABN 85 656 600 279), The trustee for Forestry Investment Trust (ABN 83 970 141 211), The trustee for Green Triangle Forest Investment Trust (ABN 48 430 631 141), The trustee for Green Triangle Forest Operating Trust (ABN 83 034 357 762), The Trustee for New Forests Australia New Zealand Forest Investment Fund 3 (ABN 51 588 422 670), The trustee for New Forests Australia New Zealand Forest Operating Fund (ABN 18 541 900 549), The Trustee for New Forests Australia New Zealand Forest Operating Fund 3 (ABN 49 619 583 992), The trustee for New Forests Australia New Zeland Forest Investment Fund (ABN 27 160 021 980), The Trustee for Tasmanian Forest Investment Trust (ABN 77 886 087 159), The Trustee for Tasmanian Forest Operating Sub Trust (ABN 70 572 091 783) and The Trustee for Tasmanian Forest Operating Trust (ABN 43 827 359 657) filed a joint modern slavery statement with the Australian Modern Slavery Register for the reporting period 2024-07-01 to 2025-06-30. The reporting entities are headquartered in Australia. The reporting entities have an annual revenue band of 1BN+. The reporting entities operate in the industry sectors: Agriculture, Forestry and Fishing. Register entry: https://modernslaveryregister.gov.au/statements/25872/.'}"
"Modern slavery statement 2022-1637: Sands Capital Management, LLC",document,"{'content': 'Sands Capital Management, LLC filed a single modern slavery statement with the Australian Modern Slavery Register for the reporting period 2021-01-01 to 2021-12-31. The reporting entity is headquartered in United States of America. The reporting entity has an annual revenue band of Unknown. The reporting entity operates in the industry sectors: Financial, insurance and real estate activities. Register entry: https://modernslaveryregister.gov.au/statements/10094/.'}"
"Modern slavery statement 2024-1794: APL KWIKFORM PTY LIMITED trading as UNITED SCAFFOLDING GROUP & KWIKFORM INDUSTRIAL SERVICES PTY LIMITED, KWIKFORM LABOUR SERVICES PTY LTD, KWIKFORM MAINTENANCE SERVICES PTY LIMITED, STAR LABOUR SERVICES PTY LTD, WACO KWIKFORM LEASING PTY LIMITED & WACO KWIKFORM LIMITED et al.",document,"{'content': 'APL KWIKFORM PTY LIMITED trading as UNITED SCAFFOLDING GROUP (ABN 65 010 795 785), KWIKFORM INDUSTRIAL SERVICES PTY LIMITED, KWIKFORM LABOUR SERVICES PTY LTD, KWIKFORM MAINTENANCE SERVICES PTY LIMITED, STAR LABOUR SERVICES PTY LTD, WACO KWIKFORM LEASING PTY LIMITED (ABN 98 073 932 135), WACO KWIKFORM LIMITED (ABN 48 002 835 396) and WACO KWIKFORM LIMITED trading as STAR SCAFFOLDS (ABN 48 002 835 396) filed a joint modern slavery statement with the Australian Modern Slavery Register for the reporting period 2023-07-01 to 2024-06-30. The reporting entities are headquartered in Australia. The reporting entities have an annual revenue band of 150-200M. The reporting entities operate in the industry sectors: Construction, civil engineering and building products. The statement also covers the included entities: APL KWIKFORM PTY LIMITED (65 010 795 785), KWIKFORM INDUSTRIAL SERVICES PTY LIMITED, KWIKFORM LABOUR SERVICES PTY LTD, KWIKFORM MAINTENANCE SERVICES PTY LIMITED, STAR LABOUR SERVICES PTY LTD, WACO KWIKFORM LEASING PTY LIMITED (98 073 932 135), WACO KWIKFORM LIMITED (48 002 835 396). Register entry: https://modernslaveryregister.gov.au/statements/19230/.'}"
Modern slavery statement 2025-2821: Queensland Bulk Water Supply authority,document,"{'content': 'Queensland Bulk Water Supply authority (ABN 75 450 239 876) filed a single modern slavery statement with the Australian Modern Slavery Register for the reporting period 2024-07-01 to 2025-06-30. The reporting entity is headquartered in Australia. The reporting entity has an annual revenue band of 1BN+. The reporting entity operates in the industry sectors: Electricity, Gas, Water and Waste Services. Register entry: https://modernslaveryregister.gov.au/statements/25614/.'}"
Modern slavery statement 2025-2443: SHAW AND PARTNERS LIMITED,document,{'content': 'SHAW AND PARTNERS LIMITED (ABN 24 003 221 583) filed a single modern slavery statement with the Australian Modern Slavery Register for the reporting period 2024-07-01 to 2025-06-30. The reporting entity is headquartered in Australia. The reporting entity has an annual revenue band of 150-200M. The reporting entity operates in the industry sectors: Financial and Insurance Services. Register entry: https://modernslaveryregister.gov.au/statements/25085/.'}
Modern slavery statement 2024-2479: ELMO SOFTWARE PTY LTD,document,"{'content': 'ELMO SOFTWARE PTY LTD filed a single modern slavery statement with the Australian Modern Slavery Register for the reporting period 2023-07-01 to 2024-06-30. The reporting entity is headquartered in Australia. The reporting entity has an annual revenue band of 100-150M. The reporting entity operates in the industry sectors: Information technology and telecommunication. The statement also covers the included entities: BREATHE SOFTWARE PTY LTD, HRONBOARD PTY LTD, PIVOT REMESYS PTY LTD, The Trustee for Hero Brands Trust (27 885 167 045), VOCAM PTY LTD. Register entry: https://modernslaveryregister.gov.au/statements/20154/.'}"
Modern slavery statement 2025-1844: MAPEI AUSTRALIA PTY. LTD.,document,"{'content': 'MAPEI AUSTRALIA PTY. LTD. filed a single modern slavery statement with the Australian Modern Slavery Register for the reporting period 2024-01-01 to 2024-12-31. The reporting entity is headquartered in Italy. The reporting entity has an annual revenue band of 100-150M. The reporting entity operates in the industry sectors: Construction, civil engineering and building products. Register entry: https://modernslaveryregister.gov.au/statements/24154/.'}"
Modern slavery statement 2025-3722: AAW GROUP HOLDINGS PTY LTD,document,"{'content': 'AAW GROUP HOLDINGS PTY LTD (ABN 14 007 257 865) filed a single modern slavery statement with the Australian Modern Slavery Register for the reporting period 2024-07-01 to 2025-06-30. The reporting entity is headquartered in Australia. The reporting entity has an annual revenue band of 100-150M. The reporting entity operates in the industry sectors: Transport, Postal and Warehousing. The statement also covers the included entities: AAW BULK LIQUID LOGISTICS PTY LTD (77 668 554 710), AAW GLOBAL LOGISTICS (AUSTRALIA) PTY LTD (55 668 555 048), COASTALBRIDGE PTY LTD (50 668 259 818), HOYER LOGISTICS AUSTRALIA PTY LTD (70 625 946 232), REGIONAL SHIPPING SERVICES PTY LTD (69 087 872 580). Register entry: https://modernslaveryregister.gov.au/statements/26811/.'}"
Modern slavery statement 2021-1725: ADECCO AUSTRALIA PTY LTD & ADECCO HOLDINGS PTY LTD & LEE HECHT HARRISON PTY LIMITED et al.,document,"{'content': 'ADECCO AUSTRALIA PTY LTD (ABN 91 006 253 336), ADECCO HOLDINGS PTY LTD (ABN 11 003 652 088), LEE HECHT HARRISON PTY LIMITED (ABN 18 001 292 584), MODIS CONSULTING PTY LTD (ABN 25 076 517 354), MODIS STAFFING PTY LTD (ABN 14 007 145 637) and SPRING GROUP AUSTRALIA PTY LIMITED (ABN 16 065 183 351) filed a joint modern slavery statement with the Australian Modern Slavery Register for the reporting period 2020-01-01 to 2020-12-31. The reporting entities are headquartered in Australia, Switzerland. The reporting entities have an annual revenue band of 500-600M. The reporting entities operate in the industry sectors: Professional and administrative services and supplies, including legal, consulting and accounting services. Register entry: https://modernslaveryregister.gov.au/statements/3884/.'}"
Modern slavery statement 2022-2925: SAVEBA HOSPITALITY PTY LTD & SAVEBA PTY LTD,document,"{'content': 'SAVEBA HOSPITALITY PTY LTD (ABN 31 602 350 292) and SAVEBA PTY LTD (ABN 64 002 728 985) filed a joint modern slavery statement with the Australian Modern Slavery Register for the reporting period 2021-07-01 to 2022-06-30. The reporting entities are headquartered in Australia. The reporting entities have an annual revenue band of 150-200M. The reporting entities operate in the industry sectors: Consumer services, including accommodation, hospitality, tourism and leisure. Register entry: https://modernslaveryregister.gov.au/statements/11843/.'}"
"Modern slavery statement 2023-690: LOPIZZO, PAUL",document,"{'content': 'LOPIZZO, PAUL (ABN 13 203 167 857) filed a single modern slavery statement with the Australian Modern Slavery Register for the reporting period 2022-04-01 to 2023-03-30. The reporting entity is headquartered in Australia. The reporting entity has an annual revenue band of 0-99M. The reporting entity operates in the industry sectors: Professional and administrative services and supplies, including legal, consulting and accounting services. Register entry: https://modernslaveryregister.gov.au/statements/13122/.'}"
Modern slavery statement 2022-574: RB (HYGIENE HOME) AUSTRALIA PTY LTD & Reckitt Benckiser Group plc,document,"{'content': 'RB (HYGIENE HOME) AUSTRALIA PTY LTD (ABN 58 629 549 506) and Reckitt Benckiser Group plc filed a joint modern slavery statement with the Australian Modern Slavery Register for the reporting period 2021-01-01 to 2021-12-31. The reporting entities are headquartered in Australia, United Kingdom. The reporting entities have an annual revenue band of 1BN+. The reporting entities operate in the industry sectors: Other. Register entry: https://modernslaveryregister.gov.au/statements/8562/.'}"
Modern slavery statement 2020-444: SUMMIT AUTO LEASE AUSTRALIA PTY LIMITED,document,"{'content': 'SUMMIT AUTO LEASE AUSTRALIA PTY LIMITED (ABN 87 054 704 737) filed a single modern slavery statement with the Australian Modern Slavery Register for the reporting period 2019-04-01 to 2020-03-30. The reporting entity is headquartered in Australia. The reporting entity has an annual revenue band of 100-150M. The reporting entity operates in the industry sectors: Financial, insurance and real estate activities. Register entry: https://modernslaveryregister.gov.au/statements/971/.'}"
Modern slavery statement 2024-2272: COLIBAN REGION WATER CORPORATION,document,"{'content': 'COLIBAN REGION WATER CORPORATION (ABN 96 549 082 360) filed a single modern slavery statement with the Australian Modern Slavery Register for the reporting period 2023-07-01 to 2024-06-30. The reporting entity is headquartered in Australia. The reporting entity has an annual revenue band of 100-150M. The reporting entity operates in the industry sectors: Utilities: gas, water and electricity. Register entry: https://modernslaveryregister.gov.au/statements/19887/.'}"
Modern slavery statement 2023-1870: Police Health Limited,document,"{'content': 'Police Health Limited (ABN 86 135 221 519) filed a single modern slavery statement with the Australian Modern Slavery Register for the reporting period 2022-07-01 to 2023-06-30. The reporting entity is headquartered in Australia. The reporting entity has an annual revenue band of 200-250M. The reporting entity operates in the industry sectors: Financial, insurance and real estate activities. Register entry: https://modernslaveryregister.gov.au/statements/14723/.'}"
Modern slavery statement 2025-3544: EASTERN HEALTH,document,{'content': 'EASTERN HEALTH (ABN 68 223 819 017) filed a single modern slavery statement with the Australian Modern Slavery Register for the reporting period 2024-07-01 to 2025-06-30. The reporting entity is headquartered in Australia. The reporting entity has an annual revenue band of 1BN+. The reporting entity operates in the industry sectors: Health Care and Social Assistance. Register entry: https://modernslaveryregister.gov.au/statements/25702/.'}
Modern slavery statement 2021-3365: SHOPPING CENTRES AUSTRALASIA PROPERTY GROUP RE LIMITED,document,"{'content': 'SHOPPING CENTRES AUSTRALASIA PROPERTY GROUP RE LIMITED (ABN 47 158 809 851) filed a single modern slavery statement with the Australian Modern Slavery Register for the reporting period 2020-07-01 to 2021-06-30. The reporting entity is headquartered in Australia. The reporting entity has an annual revenue band of 250-300M. The reporting entity operates in the industry sectors: Financial, insurance and real estate activities. Register entry: https://modernslaveryregister.gov.au/statements/6536/.'}"
Modern slavery statement 2025-767: SUNSHINE A PTY LTD,document,"{'content': 'SUNSHINE A PTY LTD filed a single modern slavery statement with the Australian Modern Slavery Register for the reporting period 2024-01-30 to 2025-02-04. The reporting entity is headquartered in Australia. The reporting entity has an annual revenue band of 250-300M. The reporting entity operates in the industry sectors: Fashion, textiles, apparel and luxury goods. Register entry: https://modernslaveryregister.gov.au/statements/22803/.'}"
Modern slavery statement 2021-1017: POLICE & NURSES LIMITED,document,"{'content': 'POLICE & NURSES LIMITED (ABN 69 087 651 876) filed a single modern slavery statement with the Australian Modern Slavery Register for the reporting period 2019-07-01 to 2020-06-30. The reporting entity is headquartered in Australia. The reporting entity has an annual revenue band of 150-200M. The reporting entity operates in the industry sectors: Financial, insurance and real estate activities. Register entry: https://modernslaveryregister.gov.au/statements/2883/.'}"
Modern slavery statement 2023-1841: AUSTRALASIAN SOLVENTS AND CHEMICALS COMPANY PTY. LTD.,document,"{'content': 'AUSTRALASIAN SOLVENTS AND CHEMICALS COMPANY PTY. LTD. (ABN 57 095 441 080) filed a joint modern slavery statement with the Australian Modern Slavery Register for the reporting period 2022-07-01 to 2023-06-30. The reporting entity is headquartered in Australia, Indonesia, Singapore, Thailand. The reporting entity has an annual revenue band of 100-150M. The reporting entity operates in the industry sectors: Mining, metals, chemicals and resources (including oil and gas). Register entry: https://modernslaveryregister.gov.au/statements/14684/.'}"
Modern slavery statement 2021-3474: WAM LEADERS LIMITED,document,"{'content': 'WAM LEADERS LIMITED (ABN 33 611 053 751) filed a single modern slavery statement with the Australian Modern Slavery Register for the reporting period 2020-07-01 to 2021-06-30. The reporting entity is headquartered in Australia. The reporting entity has an annual revenue band of 300-350M. The reporting entity operates in the industry sectors: Financial, insurance and real estate activities. Register entry: https://modernslaveryregister.gov.au/statements/6713/.'}"
"Modern slavery statement 2022-1193: International Power (Australia) Holdings 2 Pty Limited, INTERNATIONAL POWER (AUSTRALIA) HOLDINGS PTY LIMITED & INTERNATIONAL POWER (RETAIL) PTY LIMITED & IPOWER 2 PTY LIMITED & IPOWER PTY LIMITED et al.",document,"{'content': 'International Power (Australia) Holdings 2 Pty Limited, INTERNATIONAL POWER (AUSTRALIA) HOLDINGS PTY LIMITED (ABN 70 105 041 209), INTERNATIONAL POWER (RETAIL) PTY LIMITED (ABN 18 107 548 854), IPOWER 2 PTY LIMITED & IPOWER PTY LIMITED (ABN 67 269 241 237) and PELICAN POINT POWER LIMITED (ABN 11 086 411 814) filed a joint modern slavery statement with the Australian Modern Slavery Register for the reporting period 2021-01-01 to 2021-12-31. The reporting entities are headquartered in Australia. The reporting entities have an annual revenue band of 1BN+. The reporting entities operate in the industry sectors: Utilities: gas, water and electricity. Register entry: https://modernslaveryregister.gov.au/statements/9474/.'}"
Modern slavery statement 2021-1222: DEFENCE HOUSING AUSTRALIA,document,{'content': 'DEFENCE HOUSING AUSTRALIA (ABN 72 968 504 934) filed a single modern slavery statement with the Australian Modern Slavery Register for the reporting period 2019-07-01 to 2020-06-30. The reporting entity is headquartered in Australia. The reporting entity has an annual revenue band of 900M-1BN. The reporting entity operates in the industry sectors: Other. Register entry: https://modernslaveryregister.gov.au/statements/3127/.'}
Modern slavery statement 2023-1749: KINETIC IT PTY LTD,document,{'content': 'KINETIC IT PTY LTD (ABN 97 072 941 943) filed a single modern slavery statement with the Australian Modern Slavery Register for the reporting period 2022-07-01 to 2023-06-30. The reporting entity is headquartered in Australia. The reporting entity has an annual revenue band of 200-250M. The reporting entity operates in the industry sectors: Information technology and telecommunication. Register entry: https://modernslaveryregister.gov.au/statements/14543/.'}
Modern slavery statement 2025-2464: SYMAL CONTRACTORS PTY LTD & SYMAL INFRASTRUCTURE PTY LTD & UNYTE SOUTHERN PTY LTD,document,"{'content': 'SYMAL CONTRACTORS PTY LTD (ABN 69 630 027 342), SYMAL INFRASTRUCTURE PTY LTD (ABN 87 130 808 276) and UNYTE SOUTHERN PTY LTD (ABN 94 626 334 745) filed a joint modern slavery statement with the Australian Modern Slavery Register for the reporting period 2024-07-01 to 2025-06-30. The reporting entities are headquartered in Australia. The reporting entities have an annual revenue band of 800-900M. The reporting entities operate in the industry sectors: Construction. Register entry: https://modernslaveryregister.gov.au/statements/25124/.'}"
Modern slavery statement 2024-1164: FISHER & PAYKEL HEALTHCARE CORPORATION LIMITED & FISHER & PAYKEL HEALTHCARE PTY. LIMITED,document,{'content': 'FISHER & PAYKEL HEALTHCARE CORPORATION LIMITED (ABN 69 098 026 281) and FISHER & PAYKEL HEALTHCARE PTY. LIMITED (ABN 52 005 484 999) filed a joint modern slavery statement with the Australian Modern Slavery Register for the reporting period 2023-04-01 to 2024-03-31. The reporting entities are headquartered in New Zealand. The reporting entities have an annual revenue band of 1BN+. The reporting entities operate in the industry sectors: Healthcare and pharmaceuticals. Register entry: https://modernslaveryregister.gov.au/statements/17859/.'}
Modern slavery statement 2025-3205: SRG GLOBAL ASSET CARE PTY LTD & SRG GLOBAL FACADES PTY LTD & SRG GLOBAL INFRASTRUCTURE PTY LTD et al.,document,"{'content': 'SRG GLOBAL ASSET CARE PTY LTD (ABN 21 006 353 046), SRG GLOBAL FACADES PTY LTD (ABN 29 602 257 581), SRG GLOBAL INFRASTRUCTURE PTY LTD (ABN 78 089 434 220), SRG GLOBAL INTEGRATED SERVICES PTY LTD (ABN 86 604 010 639), SRG GLOBAL LIMITED (ABN 81 104 662 259), SRG GLOBAL MINING (AUSTRALIA) PTY LTD (ABN 45 006 132 823) and SRG GLOBAL UTILITIES PTY LTD (ABN 48 001 904 258) filed a joint modern slavery statement with the Australian Modern Slavery Register for the reporting period 2024-07-01 to 2025-06-30. The reporting entities are headquartered in Australia. The reporting entities have an annual revenue band of 1BN+. The reporting entities operate in the industry sectors: Administrative and Support Services Electricity, Gas, Water and Waste Services Mining Rental, Hiring and Real Estate Services Other Services Professional, Scientific and Technical Services Construction. The statement also covers the included entities: CASC CONTRACTING PTY LTD (53 616 127 756), SRG GLOBAL ASSETS PTY LTD (85 104 662 213), SRG GLOBAL (AUSTRALIA) LTD (57 006 413 574), SRG GLOBAL BUILDING (NORTHERN) PTY LTD (87 076 604 281), SRG GLOBAL BUILDING (SOUTHERN) PTY LTD (48 087 344 349), SRG GLOBAL BUILDING (WESTERN) PTY LTD (78 087 396 772), SRG GLOBAL CASC PTY LTD (98 140 773 388), SRG GLOBAL CIVIL PTY LTD (31 083 214 439), SRG GLOBAL CORPORATE (AUSTRALIA) PTY LTD (72 166 189 484), SRG GLOBAL FACADES (NSW) PTY LTD (97 602 257 929), SRG GLOBAL FACADES (QLD) PTY LTD (87 602 258 257), SRG GLOBAL FACADES (VIC) PTY LTD (47 606 869 014), SRG GLOBAL FACADES (WA) PTY LTD (25 604 493 174), SRG GLOBAL FACADES (WESTERN) PTY LTD (80 602 257 858), SRG GLOBAL INDUSTRIAL SERVICES PTY LTD (81 128 921 344), SRG GLOBAL INVESTMENTS PTY LTD (32 105 746 656), SRG GLOBAL PRODUCTS PTY LTD (80 120 405 334), SRG GLOBAL SERVICES (AUSTRALIA) PTY LTD (40 111 102 240), SRG GLOBAL SERVICES (WESTERN) PTY LTD (71 145 854 360), SRG GLOBAL STRUCTURES (VIC) PTY LTD (53 618 291 277), SRG GLOBAL STRUCTURES (WA) PTY LTD (41 008 946 469), The Trustee for SRG Employee Share Trust (60 202 572 201). Register entry: https://modernslaveryregister.gov.au/statements/26181/.'}"
Modern slavery statement 2021-3917: AWARE SUPER PTY LTD,document,"{'content': 'AWARE SUPER PTY LTD (ABN 11 118 202 672) filed a joint modern slavery statement with the Australian Modern Slavery Register for the reporting period 2020-07-01 to 2021-06-30. The reporting entity is headquartered in Australia. The reporting entity has an annual revenue band of 1BN+. The reporting entity operates in the industry sectors: Financial, insurance and real estate activities. Register entry: https://modernslaveryregister.gov.au/statements/7335/.'}"
Modern slavery statement 2024-1083: HDI GLOBAL SPECIALTY SE,document,"{'content': 'HDI GLOBAL SPECIALTY SE (ABN 58 129 395 544) filed a single modern slavery statement with the Australian Modern Slavery Register for the reporting period 2023-01-01 to 2023-12-31. The reporting entity is headquartered in Germany. The reporting entity has an annual revenue band of 450-500M. The reporting entity operates in the industry sectors: Financial, insurance and real estate activities. Register entry: https://modernslaveryregister.gov.au/statements/18367/.'}"
Modern slavery statement 2021-1982: MICHAEL PAGE INTERNATIONAL (AUSTRALIA) PTY. LIMITED,document,"{'content': 'MICHAEL PAGE INTERNATIONAL (AUSTRALIA) PTY. LIMITED (ABN 58 002 872 264) filed a single modern slavery statement with the Australian Modern Slavery Register for the reporting period 2020-01-01 to 2020-12-31. The reporting entity is headquartered in Australia, United Kingdom. The reporting entity has an annual revenue band of 150-200M. The reporting entity operates in the industry sectors: Professional and administrative services and supplies, including legal, consulting and accounting services. Register entry: https://modernslaveryregister.gov.au/statements/4474/.'}"
Modern slavery statement 2021-34: ORACLE CORPORATION AUSTRALIA PTY LIMITED & ORACLE GLOBAL SERVICES AUSTRALIA PTY LTD,document,{'content': 'ORACLE CORPORATION AUSTRALIA PTY LIMITED (ABN 80 003 074 468) and ORACLE GLOBAL SERVICES AUSTRALIA PTY LTD (ABN 43 632 743 689) filed a joint modern slavery statement with the Australian Modern Slavery Register for the reporting period 2020-01-01 to 2020-12-31. The reporting entities are headquartered in United States of America. The reporting entities have an annual revenue band of Unknown. The reporting entities operate in the industry sectors: Information technology and telecommunication. Register entry: https://modernslaveryregister.gov.au/statements/1085/.'}
Modern slavery statement 2025-3622: METRICS CREDIT HOLDINGS PTY LTD,document,"{'content': 'METRICS CREDIT HOLDINGS PTY LTD (ABN 66 150 647 091) filed a single modern slavery statement with the Australian Modern Slavery Register for the reporting period 2024-07-01 to 2025-06-30. The reporting entity is headquartered in Australia. The reporting entity has an annual revenue band of 150-200M. The reporting entity operates in the industry sectors: Financial and Insurance Services. The statement also covers the included entities: METRICS BUSINESS FINANCE HOLDINGS PTY LTD (71 638 490 776), METRICS CREDIT PARTNERS PTY LTD (27 150 646 996), METRICS REAL ESTATE PARTNERS PTY LTD, NAVALO FINANCIAL SERVICES GROUP HOLDINGS PTY LTD. Register entry: https://modernslaveryregister.gov.au/statements/26478/.'}"
Modern slavery statement 2025-1018: MACQUARIE UNIVERSITY,document,"{'content': 'MACQUARIE UNIVERSITY (ABN 90 952 801 237) filed a single modern slavery statement with the Australian Modern Slavery Register for the reporting period 2024-01-01 to 2024-12-31. The reporting entity is headquartered in Australia. The reporting entity has an annual revenue band of 1BN+. The reporting entity operates in the industry sectors: Food and beverages, agriculture and fishing Consumer services, including accommodation, hospitality, tourism and leisure Education and research Healthcare and pharmaceuticals. The statement also covers the included entities: ACCESS MACQUARIE LIMITED (59 003 849 198), MACQUARIE UNIVERSITY SERVICES LIMITED (83 153 973 481), MQ HEALTH PTY LIMITED (46 141 203 125), U@MQ Ltd (27 125 926 169). Register entry: https://modernslaveryregister.gov.au/statements/23118/.'}"
Modern slavery statement 2022-1062: RED BULL AUSTRALIA PTY. LTD.,document,"{'content': 'RED BULL AUSTRALIA PTY. LTD. (ABN 67 085 840 259) filed a single modern slavery statement with the Australian Modern Slavery Register for the reporting period 2021-01-01 to 2021-12-31. The reporting entity is headquartered in Austria. The reporting entity has an annual revenue band of 200-250M. The reporting entity operates in the industry sectors: Food and beverages, agriculture and fishing. Register entry: https://modernslaveryregister.gov.au/statements/9298/.'}"
"Modern slavery statement 2026-141: FAWKES INFRASTRUCTURE BIDCO PTY. LTD., FAWKES INFRASTRUCTURE MIDCO II PTY. LTD., FAWKES INFRASTRUCTURE MIDCO I PTY. LTD., FAWKES INFRASTRUCTURE TOPCO PTY. LTD., VENTURA MOTORS PROPRIETARY LIMITED",document,"{'content': 'FAWKES INFRASTRUCTURE BIDCO PTY. LTD., FAWKES INFRASTRUCTURE MIDCO II PTY. LTD., FAWKES INFRASTRUCTURE MIDCO I PTY. LTD., FAWKES INFRASTRUCTURE TOPCO PTY. LTD., VENTURA MOTORS PROPRIETARY LIMITED filed a joint modern slavery statement with the Australian Modern Slavery Register for the reporting period 2024-01-01 to 2024-12-31. The reporting entity is headquartered in Australia. The reporting entity has an annual revenue band of 300-350M. The reporting entity operates in the industry sectors: Transport, Postal and Warehousing. Register entry: https://modernslaveryregister.gov.au/statements/27241/.'}"
Modern slavery statement 2024-1550: UNICHARM AUSTRALASIA PTY LTD,document,{'content': 'UNICHARM AUSTRALASIA PTY LTD (ABN 33 006 884 546) filed a single modern slavery statement with the Australian Modern Slavery Register for the reporting period 2023-01-01 to 2023-12-31. The reporting entity is headquartered in Australia. The reporting entity has an annual revenue band of 100-150M. The reporting entity operates in the industry sectors: Healthcare and pharmaceuticals. Register entry: https://modernslaveryregister.gov.au/statements/18871/.'}
Modern slavery statement 2021-1711: GUCCI AUSTRALIA PTY LTD,document,"{'content': 'GUCCI AUSTRALIA PTY LTD (ABN 49 093 354 548) filed a joint modern slavery statement with the Australian Modern Slavery Register for the reporting period 2020-01-01 to 2020-12-31. The reporting entity is headquartered in France. The reporting entity has an annual revenue band of 250-300M. The reporting entity operates in the industry sectors: Fashion, textiles, apparel and luxury goods. Register entry: https://modernslaveryregister.gov.au/statements/3918/.'}"
Modern slavery statement 2024-2311: AquaSure Finance Pty Ltd & AquaSure Holdings Pty Ltd & AquaSure Pty Ltd,document,"{'content': 'AquaSure Finance Pty Ltd (ABN 35 136 072 627), AquaSure Holdings Pty Ltd (ABN 46 135 956 053) and AquaSure Pty Ltd (ABN 22 135 956 393) filed a joint modern slavery statement with the Australian Modern Slavery Register for the reporting period 2023-07-01 to 2024-06-30. The reporting entities are headquartered in Australia. The reporting entities have an annual revenue band of 450-500M. The reporting entities operate in the industry sectors: Utilities: gas, water and electricity. Register entry: https://modernslaveryregister.gov.au/statements/19944/.'}"
Modern slavery statement 2023-630: T. ROWE PRICE AUSTRALIA LIMITED,document,"{'content': 'T. ROWE PRICE AUSTRALIA LIMITED (ABN 13 620 668 895) filed a single modern slavery statement with the Australian Modern Slavery Register for the reporting period 2022-01-01 to 2022-12-31. The reporting entity is headquartered in Australia. The reporting entity has an annual revenue band of 100-150M. The reporting entity operates in the industry sectors: Financial, insurance and real estate activities. Register entry: https://modernslaveryregister.gov.au/statements/13042/.'}"
Modern slavery statement 2021-272: ACCENTURE AUSTRALIA HOLDINGS PTY LTD & ACCENTURE AUSTRALIA PTY LTD,document,{'content': 'ACCENTURE AUSTRALIA HOLDINGS PTY LTD (ABN 61 096 995 649) and ACCENTURE AUSTRALIA PTY LTD (ABN 49 096 776 895) filed a joint modern slavery statement with the Australian Modern Slavery Register for the reporting period 2019-09-01 to 2020-08-31. The reporting entities are headquartered in Australia. The reporting entities have an annual revenue band of 1BN+. The reporting entities operate in the industry sectors: Information technology and telecommunication. Register entry: https://modernslaveryregister.gov.au/statements/1298/.'}
"Modern slavery statement 2024-3492: ONEFORTYONE PLANTATIONS HOLDINGS NO. 2 PTY LTD, ONEFORTYONE PLANTATIONS HOLDINGS PTY LTD, ONEFORTYONE PLANTATIONS PTY LTD, ONEFORTYONE WOOD PRODUCTS PTY LTD",document,"{'content': 'ONEFORTYONE PLANTATIONS HOLDINGS NO. 2 PTY LTD, ONEFORTYONE PLANTATIONS HOLDINGS PTY LTD, ONEFORTYONE PLANTATIONS PTY LTD, ONEFORTYONE WOOD PRODUCTS PTY LTD filed a joint modern slavery statement with the Australian Modern Slavery Register for the reporting period 2023-07-01 to 2024-06-30. The reporting entity is headquartered in Australia. The reporting entity has an annual revenue band of 500-600M. The reporting entity operates in the industry sectors: Forestry, timber products, paper and containers and packaging. Register entry: https://modernslaveryregister.gov.au/statements/21452/.'}"
Modern slavery statement 2024-3388: ALLIED CREDIT PTY LTD,document,"{'content': 'ALLIED CREDIT PTY LTD (ABN 65 143 964 667) filed a single modern slavery statement with the Australian Modern Slavery Register for the reporting period 2023-07-01 to 2024-06-30. The reporting entity is headquartered in Australia. The reporting entity has an annual revenue band of 250-300M. The reporting entity operates in the industry sectors: Financial, insurance and real estate activities. The statement also covers the included entities: ACG ASSET SOLUTIONS PTY LTD (82 655 195 823), ALLIED CREDIT FUNDING SPV NO.1 PTY LIMITED (70 663 902 896), ALLIED CREDIT FUNDING SPV NO.2 PTY LIMITED (32 663 902 672), ALLIED CREDIT INVESTMENTS PTY LTD (12 680 550 949), ALLIED CREDIT MANAGEMENT SERVICES PTY LTD (76 614 076 998), ALLIED DISTRIBUTION FINANCE PTY LTD (72 608 777 108), ALLIED RETAIL FINANCE PTY LTD (31 609 859 985), AUTOME FINANCE PTY LTD (76 628 353 195), DEALER MOTOR FINANCE AUSTRALIA PTY LTD (49 653 477 233), FINTECH SYSTEMS PTY LTD (98 143 077 838), KMAF PTY LTD (24 143 970 094), The Trustee for Allied Credit ABS Trust 2020-1 (22 606 946 456), The Trustee for Allied Credit ABS Trust 2021-1 (97 181 304 369), The Trustee for Allied Credit ABS Trust 2022-1 (38 861 945 668), The Trustee for Allied Credit ABS Trust 2023-1 (P) (13 163 107 056), The Trustee for Allied Credit Retail Funding Trust (92 932 078 918), The Trustee for ARF Asset Trust 2 (97 581 917 809), The Trustee for the Allied Credit Floorplan Trust (20 130 010 720), The Trustee for the Allied Credit Retail Trust 2019-1 (23 913 509 634), The Trustee for the Allied Credit Retail Trust 2019-2 (71 510 721 722). Register entry: https://modernslaveryregister.gov.au/statements/21340/.'}"
Modern slavery statement 2024-605: The Trustee for Parklife Metro Holdings Unit Trust & The Trustee for Parklife Metro Unit Trust,document,"{'content': 'The Trustee for Parklife Metro Holdings Unit Trust (ABN 30 737 151 082) and The Trustee for Parklife Metro Unit Trust (ABN 50 667 445 077) filed a joint modern slavery statement with the Australian Modern Slavery Register for the reporting period 2023-01-01 to 2023-12-31. The reporting entities are headquartered in Australia. The reporting entities have an annual revenue band of 600-700M. The reporting entities operate in the industry sectors: Transportation, logistics, and storage. Register entry: https://modernslaveryregister.gov.au/statements/17641/.'}"
Modern slavery statement 2023-2419: RACT INSURANCE PTY. LTD. & RACT INVESTMENT HOLDINGS PTY LTD & RACT PTY. LTD. et al.,document,"{'content': 'RACT INSURANCE PTY. LTD. (ABN 96 068 167 804), RACT INVESTMENT HOLDINGS PTY LTD (ABN 17 651 441 548), RACT PTY. LTD. (ABN 77 009 551 615) and THE ROYAL AUTOMOBILE CLUB OF TASMANIA LIMITED (ABN 62 009 475 861) filed a joint modern slavery statement with the Australian Modern Slavery Register for the reporting period 2022-07-01 to 2023-06-30. The reporting entities are headquartered in Australia. The reporting entities have an annual revenue band of 150-200M. The reporting entities operate in the industry sectors: Financial, insurance and real estate activities Other. The statement also covers the included entities: RACT INSURANCE PTY. LTD. (96 068 167 804), RACT INVESTMENT HOLDINGS PTY LTD (17 651 441 548), RACT PTY. LTD. (77 009 551 615). Register entry: https://modernslaveryregister.gov.au/statements/15506/.'}"
Modern slavery statement 2025-3891: D'ORSOGNA LIMITED,document,"{'content': ""D'ORSOGNA LIMITED (ABN 27 063 427 752) filed a single modern slavery statement with the Australian Modern Slavery Register for the reporting period 2024-07-01 to 2025-06-30. The reporting entity is headquartered in Australia. The reporting entity has an annual revenue band of 350-400M. The reporting entity operates in the industry sectors: Manufacturing. Register entry: https://modernslaveryregister.gov.au/statements/27010/.""}"
Modern slavery statement 2025-3533: FINBAR GROUP LIMITED,document,{'content': 'FINBAR GROUP LIMITED (ABN 97 009 113 473) filed a single modern slavery statement with the Australian Modern Slavery Register for the reporting period 2024-07-01 to 2025-06-30. The reporting entity is headquartered in Australia. The reporting entity has an annual revenue band of 250-300M. The reporting entity operates in the industry sectors: Construction. Register entry: https://modernslaveryregister.gov.au/statements/26598/.'}
Modern slavery statement 2023-316: AUSTRALIAN INDEPENDENT RURAL RETAILERS PTY LTD & B. & W. RURAL PTY LIMITED & ELDERS LIMITED et al.,document,"{'content': 'AUSTRALIAN INDEPENDENT RURAL RETAILERS PTY LTD (ABN 36 112 308 835), B. & W. RURAL PTY LIMITED (ABN 33 068 943 528), ELDERS LIMITED (ABN 34 004 336 636), ELDERS RURAL SERVICES AUSTRALIA LIMITED (ABN 72 004 045 121), KILLARA FEEDLOT PTY LTD (ABN 18 081 072 746) and Titan Ag Pty Ltd (ABN 57 122 081 574) filed a joint modern slavery statement with the Australian Modern Slavery Register for the reporting period 2021-10-01 to 2022-09-30. The reporting entities are headquartered in Australia. The reporting entities have an annual revenue band of 1BN+. The reporting entities operate in the industry sectors: Food and beverages, agriculture and fishing Financial, insurance and real estate activities Professional and administrative services and supplies, including legal, consulting and accounting services Other. Register entry: https://modernslaveryregister.gov.au/statements/12521/.'}"
Modern slavery statement 2025-26: BLUJAY SOLUTIONS (AUSTRALIA) PTY LTD & EXPEDIENT SOFTWARE PTY LIMITED,document,{'content': 'BLUJAY SOLUTIONS (AUSTRALIA) PTY LTD (ABN 55 113 156 175) and EXPEDIENT SOFTWARE PTY LIMITED (ABN 20 079 873 626) filed a joint modern slavery statement with the Australian Modern Slavery Register for the reporting period 2023-03-01 to 2024-02-29. The reporting entities are headquartered in United States of America. The reporting entities have an annual revenue band of 0-99M. The reporting entities operate in the industry sectors: Information technology and telecommunication. The statement also covers the included entities: EXPEDIENT SOFTWARE PTY LIMITED (20 079 873 626). Register entry: https://modernslaveryregister.gov.au/statements/21660/.'}
Modern slavery statement 2021-30: GPT MANAGEMENT HOLDINGS LIMITED & GPT WHOLESALE OFFICE FUND NO1 & GPT WHOLESALE SHOPPING CENTRE FUND NO 1 et al.,document,"{'content': 'GPT MANAGEMENT HOLDINGS LIMITED (ABN 67 113 510 188), GPT WHOLESALE OFFICE FUND NO1 (ABN 17 049 857 761), GPT WHOLESALE SHOPPING CENTRE FUND NO 1 (ABN 54 681 099 751), IHLP LEGAL PTY LIMITED (ABN 11 164 159 728), The Trustee for DARLING PARK PROPERTY TRUST (ABN 24 054 834 260), The Trustee for DARLING PARK TRUST (ABN 57 757 023 365), The Trustee for GPT Wholesale Office Fund No.2 (ABN 27 587 898 427), The Trustee for GPT Wholesale Shopping Centre Fund No.2 (ABN 25 612 081 006) and The Trustee for MELBOURNE CENTRAL UNIT TRUST (ABN 13 352 077 842) filed a joint modern slavery statement with the Australian Modern Slavery Register for the reporting period 2019-07-01 to 2020-06-30. The reporting entities are headquartered in Australia. The reporting entities have an annual revenue band of 1BN+. The reporting entities operate in the industry sectors: Financial, insurance and real estate activities. Register entry: https://modernslaveryregister.gov.au/statements/1074/.'}"
Modern slavery statement 2024-2968: BANK OF QUEENSLAND LIMITED & BOQ EQUIPMENT FINANCE LIMITED,document,"{'content': 'BANK OF QUEENSLAND LIMITED (ABN 32 009 656 740) and BOQ EQUIPMENT FINANCE LIMITED (ABN 78 008 492 582) filed a joint modern slavery statement with the Australian Modern Slavery Register for the reporting period 2023-09-01 to 2024-08-31. The reporting entities are headquartered in Australia. The reporting entities have an annual revenue band of 1BN+. The reporting entities operate in the industry sectors: Financial, insurance and real estate activities. The statement also covers the included entities: BOQ ASSET FINANCE & LEASING PTY LTD (79 074 206 634), BOQ CREDIT PTY LIMITED (92 080 151 266), BOQF CASHFLOW FINANCE PTY LTD (68 062 762 921), BOQ FINANCE (AUST) LIMITED (56 065 745 735), BOQ FUNDING PTY LIMITED (35 079 936 495), BOQ HOME LIMITED (72 051 900 380), BOQ SPECIALIST (AUST) LIMITED (55 071 292 594), BOQ SPECIALIST PTY LTD (94 110 704 464), B.Q.L. MANAGEMENT PTY. LTD. (87 081 052 342), HOME CREDIT MANAGEMENT PTY LTD (84 009 108 123), MEMBERS EQUITY BANK LIMITED (56 070 887 679), STATEWEST FINANCIAL PLANNING PTY LTD (32 009 137 508), Virgin Money (Australia) Pty Limited (75 103 478 897), Virgin Money Financial Services Pty Ltd (51 113 285 395). Register entry: https://modernslaveryregister.gov.au/statements/20836/.'}"
Modern slavery statement 2023-2006: CONTRACT RESOURCES GROUP PTY LTD,document,"{'content': 'CONTRACT RESOURCES GROUP PTY LTD filed a joint modern slavery statement with the Australian Modern Slavery Register for the reporting period 2022-07-01 to 2023-06-30. The reporting entity is headquartered in Australia. The reporting entity has an annual revenue band of 200-250M. The reporting entity operates in the industry sectors: Mining, metals, chemicals and resources (including oil and gas). Register entry: https://modernslaveryregister.gov.au/statements/14891/.'}"
Modern slavery statement 2024-1079: ISS STOXX GmbH,document,"{'content': 'ISS STOXX GmbH filed a single modern slavery statement with the Australian Modern Slavery Register for the reporting period 2023-01-01 to 2023-12-31. The reporting entity is headquartered in Germany. The reporting entity has an annual revenue band of 900M-1BN. The reporting entity operates in the industry sectors: Financial, insurance and real estate activities. The statement also covers the included entities: Asset International Australia Pty Ltd (42 147 440 140), INSTITUTIONAL SHAREHOLDER SERVICES (AUSTRALIA) PTY. LTD. (88 081 368 327), RAINMAKER INFORMATION PTY LIMITED (86 095 610 996). Register entry: https://modernslaveryregister.gov.au/statements/18359/.'}"
Modern slavery statement 2023-2216: Tronox Limited & TRONOX MANAGEMENT PTY LTD & TRONOX MINING AUSTRALIA LIMITED et al.,document,"{'content': 'Tronox Limited (ABN 91 153 348 111), TRONOX MANAGEMENT PTY LTD (ABN 59 009 343 364), TRONOX MINING AUSTRALIA LIMITED (ABN 60 009 247 858) and TRONOX PIGMENT BUNBURY LTD (ABN 50 008 683 627) filed a joint modern slavery statement with the Australian Modern Slavery Register for the reporting period 2022-01-01 to 2022-12-31. The reporting entities are headquartered in Australia. The reporting entities have an annual revenue band of 1BN+. The reporting entities operate in the industry sectors: Mining, metals, chemicals and resources (including oil and gas). Register entry: https://modernslaveryregister.gov.au/statements/14024/.'}"
Modern slavery statement 2022-2717: GREENSTONE FINANCIAL SERVICES PTY LTD,document,"{'content': 'GREENSTONE FINANCIAL SERVICES PTY LTD (ABN 53 128 692 884) filed a single modern slavery statement with the Australian Modern Slavery Register for the reporting period 2021-07-01 to 2022-06-30. The reporting entity is headquartered in Australia. The reporting entity has an annual revenue band of 700-800M. The reporting entity operates in the industry sectors: Financial, insurance and real estate activities. Register entry: https://modernslaveryregister.gov.au/statements/11596/.'}"
Modern slavery statement 2023-1323: GOODMAN FIELDER PTY LIMITED,document,"{'content': 'GOODMAN FIELDER PTY LIMITED (ABN 51 116 399 430) filed a joint modern slavery statement with the Australian Modern Slavery Register for the reporting period 2022-01-01 to 2022-12-31. The reporting entity is headquartered in Australia. The reporting entity has an annual revenue band of 1BN+. The reporting entity operates in the industry sectors: Food and beverages, agriculture and fishing. Register entry: https://modernslaveryregister.gov.au/statements/13903/.'}"
Modern slavery statement 2024-2625: Buildcorp Holdings Pty Limited,document,"{'content': 'Buildcorp Holdings Pty Limited (ABN 51 140 508 685) filed a single modern slavery statement with the Australian Modern Slavery Register for the reporting period 2023-07-01 to 2024-06-30. The reporting entity is headquartered in Australia. The reporting entity has an annual revenue band of 600-700M. The reporting entity operates in the industry sectors: Construction, civil engineering and building products. The statement also covers the included entities: BUILDCORP CONTRACTING NSW PTY LIMITED, BUILDCORP GROUP PTY LIMITED, BUILDCORP INFRASTRUCTURE SOLUTIONS PTY LTD, BUILDCORP INTERIORS PTY. LTD., BUILDCORP SECURITIES & INVESTMENTS PTY LIMITED. Register entry: https://modernslaveryregister.gov.au/statements/20377/.'}"
Modern slavery statement 2023-299: FLUENCE ENERGY PTY LTD,document,"{'content': 'FLUENCE ENERGY PTY LTD (ABN 18 627 071 461) filed a single modern slavery statement with the Australian Modern Slavery Register for the reporting period 2021-10-01 to 2022-09-30. The reporting entity is headquartered in United States of America. The reporting entity has an annual revenue band of 150-200M. The reporting entity operates in the industry sectors: Automotive, machinery and heavy electrical equipment Utilities: gas, water and electricity Information technology and telecommunication. Register entry: https://modernslaveryregister.gov.au/statements/12498/.'}"
Modern slavery statement 2024-939: KRISPY KREME HOLDINGS PTY LIMITED,document,"{'content': 'KRISPY KREME HOLDINGS PTY LIMITED (ABN 71 134 222 727) filed a single modern slavery statement with the Australian Modern Slavery Register for the reporting period 2023-01-01 to 2023-12-31. The reporting entity is headquartered in Australia. The reporting entity has an annual revenue band of 150-200M. The reporting entity operates in the industry sectors: Food and beverages, agriculture and fishing. The statement also covers the included entities: KRISPY KREME AUSTRALIA PTY LIMITED (59 099 478 663). Register entry: https://modernslaveryregister.gov.au/statements/18146/.'}"
Modern slavery statement 2024-915: AUSTRALIA MILLING GROUP PTY LTD,document,"{'content': 'AUSTRALIA MILLING GROUP PTY LTD (ABN 57 127 428 406) filed a single modern slavery statement with the Australian Modern Slavery Register for the reporting period 2023-01-01 to 2023-12-31. The reporting entity is headquartered in Australia. The reporting entity has an annual revenue band of 250-300M. The reporting entity operates in the industry sectors: Food and beverages, agriculture and fishing. Register entry: https://modernslaveryregister.gov.au/statements/18104/.'}"
Modern slavery statement 2025-1974: Etihad Airways PJSC,document,{'content': 'Etihad Airways PJSC filed a single modern slavery statement with the Australian Modern Slavery Register for the reporting period 2024-01-01 to 2024-12-31. The reporting entity is headquartered in United Arab Emirates. The reporting entity has an annual revenue band of 1BN+. The reporting entity operates in the industry sectors: Transport Postal and Warehousing. Register entry: https://modernslaveryregister.gov.au/statements/24361/.'}
"Modern slavery statement 2023-1459: DYSON APPLIANCES (AUST.) PTY LIMITED & Dyson Limited, Dyson Technology Limited",document,"{'content': 'DYSON APPLIANCES (AUST.) PTY LIMITED (ABN 50 073 072 509) and Dyson Limited, Dyson Technology Limited filed a joint modern slavery statement with the Australian Modern Slavery Register for the reporting period 2022-01-01 to 2022-12-31. The reporting entities are headquartered in Singapore. The reporting entities have an annual revenue band of 1BN+. The reporting entities operate in the industry sectors: Durable consumer goods, including electronics and appliances, home furnishings and other accessories. Register entry: https://modernslaveryregister.gov.au/statements/13068/.'}"
Modern slavery statement 2025-2224: SOUTHERN CROSS PROTECTION PTY LTD,document,"{'content': 'SOUTHERN CROSS PROTECTION PTY LTD (ABN 93 094 077 255) filed a single modern slavery statement with the Australian Modern Slavery Register for the reporting period 2024-04-01 to 2025-03-31. The reporting entity is headquartered in Australia. The reporting entity has an annual revenue band of 100-150M. The reporting entity operates in the industry sectors: Other Services. The statement also covers the included entities: ASKARA PTY LTD, CHARTER SECURITY PROTECTIVE SERVICES PTY LTD. Register entry: https://modernslaveryregister.gov.au/statements/24727/.'}"
Modern slavery statement 2024-3530: LINFOX PROPRIETARY LIMITED,document,"{'content': 'LINFOX PROPRIETARY LIMITED (ABN 59 004 667 298) filed a single modern slavery statement with the Australian Modern Slavery Register for the reporting period 2023-07-01 to 2024-06-30. The reporting entity is headquartered in Australia. The reporting entity has an annual revenue band of 1BN+. The reporting entity operates in the industry sectors: Transportation, logistics, and storage. The statement also covers the included entities: Linfox Armaguard Pty Ltd (83 099 701 872), LINFOX ASSET MANAGEMENT PTY. LIMITED (42 008 639 478), LINFOX AUSTRALIA PTY LTD (47 004 718 647), LINFOX INTERNATIONAL GROUP PTY LTD (79 058 015 544). Register entry: https://modernslaveryregister.gov.au/statements/21411/.'}"
Modern slavery statement 2024-205: The Trustee for Collagis Unit Trust,document,"{'content': 'The Trustee for Collagis Unit Trust (ABN 87 965 704 329) filed a single modern slavery statement with the Australian Modern Slavery Register for the reporting period 2023-01-01 to 2023-12-31. The reporting entity is headquartered in Australia. The reporting entity has an annual revenue band of 0-99M. The reporting entity operates in the industry sectors: Professional and administrative services and supplies, including legal, consulting and accounting services. The statement also covers the included entities: COLLAGIS AUSTRALIA PTY LTD (23 634 258 683), COLLAGIS INTERNATIONAL PTY LTD (51 649 074 082). Register entry: https://modernslaveryregister.gov.au/statements/17041/.'}"
Modern slavery statement 2024-2489: CLOVER PIPELINES PTY LTD,document,"{'content': 'CLOVER PIPELINES PTY LTD (ABN 55 166 929 700) filed a single modern slavery statement with the Australian Modern Slavery Register for the reporting period 2023-07-01 to 2024-06-30. The reporting entity is headquartered in Australia. The reporting entity has an annual revenue band of 150-200M. The reporting entity operates in the industry sectors: Construction, civil engineering and building products. Register entry: https://modernslaveryregister.gov.au/statements/20203/.'}"
Modern slavery statement 2025-1574: Campari Australia Pty Ltd,document,"{'content': 'Campari Australia Pty Ltd filed a single modern slavery statement with the Australian Modern Slavery Register for the reporting period 2024-01-01 to 2024-12-31. The reporting entity is headquartered in Australia. The reporting entity has an annual revenue band of 250-300M. The reporting entity operates in the industry sectors: Food and beverages, agriculture and fishing. The statement also covers the included entities: Campari 612220 Ltd, Campari New Zealand Ltd. Register entry: https://modernslaveryregister.gov.au/statements/23840/.'}"
Modern slavery statement 2025-1036: RP DATA PTY LTD,document,"{'content': 'RP DATA PTY LTD filed a single modern slavery statement with the Australian Modern Slavery Register for the reporting period 2024-01-01 to 2024-12-31. The reporting entity is headquartered in United States of America. The reporting entity has an annual revenue band of 200-250M. The reporting entity operates in the industry sectors: Information technology and telecommunication. The statement also covers the included entities: AIRE SOFTWARE PTY LTD, CANDOTECH PTY LTD, CORDELL INFORMATION PTY LTD, PLEZZEL PTY LTD, PRIME ECOSYSTEM PTY LTD, Valex Group Pty Ltd, Valuation Exchange Pty Ltd. Register entry: https://modernslaveryregister.gov.au/statements/23198/.'}"
Modern slavery statement 2025-1979: AIRMASTER CORPORATION PTY LTD & DAIKIN AUSTRALIA PTY LTD,document,{'content': 'AIRMASTER CORPORATION PTY LTD (ABN 26 133 652 749) and DAIKIN AUSTRALIA PTY LTD (ABN 62 000 172 967) filed a joint modern slavery statement with the Australian Modern Slavery Register for the reporting period 2024-07-01 to 2025-06-30. The reporting entities are headquartered in Australia. The reporting entities have an annual revenue band of 1BN+. The reporting entities operate in the industry sectors: Wholesale Trade Manufacturing. The statement also covers the included entities: CONSERVE IT PTY LTD (52 122 132 512). Register entry: https://modernslaveryregister.gov.au/statements/24366/.'}
Modern slavery statement 2023-1430: SAIC MOTOR AUSTRALIA PTY LTD,document,"{'content': 'SAIC MOTOR AUSTRALIA PTY LTD (ABN 30 608 096 519) filed a joint modern slavery statement with the Australian Modern Slavery Register for the reporting period 2022-01-01 to 2022-12-31. The reporting entity is headquartered in China. The reporting entity has an annual revenue band of 1BN+. The reporting entity operates in the industry sectors: Automotive, machinery and heavy electrical equipment. Register entry: https://modernslaveryregister.gov.au/statements/14069/.'}"
Modern slavery statement 2020-273: GERALDTON BULK HANDLING PTY LTD & KOOLAN IRON ORE PTY LTD & MOUNT GIBSON IRON LIMITED et al.,document,"{'content': 'GERALDTON BULK HANDLING PTY LTD (ABN 45 100 105 388), KOOLAN IRON ORE PTY LTD (ABN 87 099 455 277), MOUNT GIBSON IRON LIMITED (ABN 87 008 670 817) and MOUNT GIBSON MINING LIMITED (ABN 32 074 575 885) filed a joint modern slavery statement with the Australian Modern Slavery Register for the reporting period 2019-07-01 to 2020-06-30. The reporting entities are headquartered in Australia. The reporting entities have an annual revenue band of 1BN+. The reporting entities operate in the industry sectors: Mining, metals, chemicals and resources (including oil and gas). Register entry: https://modernslaveryregister.gov.au/statements/717/.'}"
Modern slavery statement 2022-997: ACCIONA ENERGY AUSTRALIA GLOBAL PTY LTD & ACCIONA ENERGY OCEANIA CONSTRUCTION PTY LTD,document,"{'content': 'ACCIONA ENERGY AUSTRALIA GLOBAL PTY LTD (ABN 54 600 910 647) and ACCIONA ENERGY OCEANIA CONSTRUCTION PTY LTD (ABN 85 164 011 723) filed a joint modern slavery statement with the Australian Modern Slavery Register for the reporting period 2021-01-01 to 2021-12-31. The reporting entities are headquartered in Australia. The reporting entities have an annual revenue band of 0-99M. The reporting entities operate in the industry sectors: Utilities: gas, water and electricity. Register entry: https://modernslaveryregister.gov.au/statements/9212/.'}"
Modern slavery statement 2021-1687: AUSTRALIAN COUNTRY CHOICE HOLDINGS PTY LTD,document,"{'content': 'AUSTRALIAN COUNTRY CHOICE HOLDINGS PTY LTD (ABN 87 009 729 999) filed a joint modern slavery statement with the Australian Modern Slavery Register for the reporting period 2020-01-01 to 2020-12-31. The reporting entity is headquartered in Australia. The reporting entity has an annual revenue band of 100-150M. The reporting entity operates in the industry sectors: Food and beverages, agriculture and fishing. Register entry: https://modernslaveryregister.gov.au/statements/3846/.'}"
Modern slavery statement 2024-1680: GLOBAL PAYMENTS AUSTRALIA 1 PTY LTD,document,"{'content': 'GLOBAL PAYMENTS AUSTRALIA 1 PTY LTD (ABN 26 601 396 543) filed a single modern slavery statement with the Australian Modern Slavery Register for the reporting period 2023-01-01 to 2023-12-31. The reporting entity is headquartered in Australia. The reporting entity has an annual revenue band of 150-200M. The reporting entity operates in the industry sectors: Financial, insurance and real estate activities Education and research. The statement also covers the included entities: EZIDEBIT PTY LTD (67 096 902 813), OUR ONLINE CANTEEN PTY LTD (32 142 542 014), PIGEONHOLE SOFTWARE PTY LTD (94 602 591 140), SENTRAL PTY LTD (24 085 316 310), STORMAN SOFTWARE PTY LTD (92 168 679 525), WEB ACTIVE CORPORATION PTY LTD (32 086 209 403). Register entry: https://modernslaveryregister.gov.au/statements/19060/.'}"
Modern slavery statement 2023-265: MACQUARIE DATA CENTRES PTY LTD & MACQUARIE TELECOM GROUP LIMITED & MACQUARIE TELECOM PTY LIMITED,document,"{'content': 'MACQUARIE DATA CENTRES PTY LTD (ABN 11 612 259 391), MACQUARIE TELECOM GROUP LIMITED (ABN 72 056 712 228) and MACQUARIE TELECOM PTY LIMITED (ABN 21 082 930 916) filed a joint modern slavery statement with the Australian Modern Slavery Register for the reporting period 2022-01-01 to 2022-12-31. The reporting entities are headquartered in Australia. The reporting entities have an annual revenue band of 400-450M. The reporting entities operate in the industry sectors: Information technology and telecommunication. Register entry: https://modernslaveryregister.gov.au/statements/12462/.'}"
Modern slavery statement 2022-2346: Australia Pacific Airports Corporation,document,"{'content': 'Australia Pacific Airports Corporation (ABN 89 069 775 266) filed a single modern slavery statement with the Australian Modern Slavery Register for the reporting period 2021-07-01 to 2022-06-30. The reporting entity is headquartered in Australia. The reporting entity has an annual revenue band of 500-600M. The reporting entity operates in the industry sectors: Construction, civil engineering and building products Transportation, logistics, and storage. Register entry: https://modernslaveryregister.gov.au/statements/11117/.'}"
Modern slavery statement 2022-241: COLAS AUSTRALIA GROUP PTY LTD,document,"{'content': 'COLAS AUSTRALIA GROUP PTY LTD (ABN 11 000 388 161) filed a single modern slavery statement with the Australian Modern Slavery Register for the reporting period 2020-07-01 to 2021-06-30. The reporting entity is headquartered in Australia. The reporting entity has an annual revenue band of 450-500M. The reporting entity operates in the industry sectors: Construction, civil engineering and building products. Register entry: https://modernslaveryregister.gov.au/statements/8011/.'}"
Modern slavery statement 2026-421: RURAL PRESS PTY LIMITED,document,"{'content': 'RURAL PRESS PTY LIMITED (ABN 47 000 010 382) filed a single modern slavery statement with the Australian Modern Slavery Register for the reporting period 2024-07-01 to 2025-06-30. The reporting entity is headquartered in Australia. The reporting entity has an annual revenue band of 200-250M. The reporting entity operates in the industry sectors: Information Media and Telecommunications. The statement also covers the included entities: ACM - COMMUNITY NEWSPAPERS PTY LTD (77 000 310 654), ACM NEWS INVESTMENTS PTY LTD (36 676 479 646), ACM PRINT COMPANY PTY LTD (36 096 607 402), ACM - REGIONAL MEDIA (TASMANIA) PTY LTD (75 009 590 998), ACM - REGIONAL PRINTERS PTY LTD (25 066 327 106), ACN 115 162 975 PTY LTD (51 115 162 975), AGRICULTURAL PUBLISHERS PTY. LIMITED (55 000 560 430), AGRI GROWTH INVESTMENTS PTY LTD (36 676 480 818), AGRI MARKETPLACES PTY LTD (25 676 544 700), CREATIVE HOUSE PUBLICATIONS PTY LTD (62 128 786 005), FARMBUY PTY LTD (50 665 093 069), ILLAWARRA NEWSPAPERS HOLDINGS PTY LTD (95 000 075 025), MOUNTAIN PRESS PTY LTD (53 000 560 421), NEWCASTLE NEWSPAPERS PTY LTD (46 000 003 967), NEWSAGENTS DIRECT DISTRIBUTION PTY LTD (14 003 123 091), PORT STEPHENS PUBLISHERS PTY LTD (67 001 828 646), QUEENSLAND COMMUNITY NEWSPAPERS PTY. LTD. (34 010 272 241), REGIONAL PRINTERS PTY LIMITED (30 096 309 796), REGIONAL PUBLISHERS PTY LTD (20 000 014 700), REGIONAL PUBLISHERS (VICTORIA) PTY. LIMITED (13 007 215 287), REGIONAL PUBLISHERS (WESTERN VICTORIA) PTY. LIMITED (40 006 247 016), RURAL PRESS PRINTING PTY. LIMITED (35 009 896 146), RURAL PRESS PRINTING (VICTORIA) PTY LIMITED (55 004 810 511), RURAL PRESS QUEENSLAND PTY. LTD. (93 009 662 284), RURAL PRESS REGIONAL MEDIA (W.A.) PTY LIMITED (14 008 668 022), S.A. REGIONAL MEDIA PTY. LIMITED (87 007 983 575), STOCK JOURNAL PUBLISHERS PTY. LTD. (45 007 871 105), THE FEDERAL CAPITAL PRESS OF AUSTRALIA PTY. LIMITED (62 008 394 063), The Trustee for PORT STEPHENS PUBLISHERS TRUST (97 021 987 488), WESTERN AUSTRALIAN PRIMARY INDUSTRY PRESS PTY LTD (94 009 399 044). Register entry: https://modernslaveryregister.gov.au/statements/27629/.'}"
"Modern slavery statement 2024-1361: ANTRAK LOGISTICS PTY LTD, BOLLORE LOGISTICS AUSTRALIA PTY LTD",document,"{'content': 'ANTRAK LOGISTICS PTY LTD, BOLLORE LOGISTICS AUSTRALIA PTY LTD filed a joint modern slavery statement with the Australian Modern Slavery Register for the reporting period 2023-01-01 to 2023-12-31. The reporting entity is headquartered in France. The reporting entity has an annual revenue band of 250-300M. The reporting entity operates in the industry sectors: Transportation, logistics, and storage. Register entry: https://modernslaveryregister.gov.au/statements/18674/.'}"
Modern slavery statement 2025-2678: BARWON REGION WATER CORPORATION,document,"{'content': 'BARWON REGION WATER CORPORATION (ABN 86 348 316 514) filed a single modern slavery statement with the Australian Modern Slavery Register for the reporting period 2024-07-01 to 2025-06-30. The reporting entity is headquartered in Australia. The reporting entity has an annual revenue band of 300-350M. The reporting entity operates in the industry sectors: Electricity, Gas, Water and Waste Services. The statement also covers the included entities: BARWON ASSET SOLUTIONS PTY LTD (81 167 911 515). Register entry: https://modernslaveryregister.gov.au/statements/25424/.'}"
Modern slavery statement 2025-3485: SUNPORK CONSOLIDATED PTY LTD & SUNPORK FRESH FOODS PTY LTD & SUNPORK GROUP PTY LTD et al.,document,"{'content': ""SUNPORK CONSOLIDATED PTY LTD (ABN 32 168 995 177), SUNPORK FRESH FOODS PTY LTD (ABN 24 135 230 545), SUNPORK GROUP PTY LTD (ABN 84 131 574 091), SUNPORK PTY LTD (ABN 11 059 168 786) and SWICKER'S KINGAROY BACON FACTORY PTY. LTD. (ABN 35 009 678 693) filed a joint modern slavery statement with the Australian Modern Slavery Register for the reporting period 2024-07-01 to 2025-06-30. The reporting entities are headquartered in Australia. The reporting entities have an annual revenue band of 400-450M. The reporting entities operate in the industry sectors: Agriculture, Forestry and Fishing. The statement also covers the included entities: APFG HOLDINGS PTY LTD (88 168 996 665), APFG MANAGEMENT PTY LTD (41 168 996 843), CHM ALLIANCE PTY LTD (51 113 977 530), PAWK PET CO. PTY LTD (24 673 696 805), PIC AUSTRALASIA PTY LTD (61 080 582 074), PIG IMPROVEMENT COMPANY AUSTRALIA PTY LTD (32 058 819 328), SP BACON PTY LTD (46 681 515 364), SP FARMING PTY LTD (48 681 515 373), SP MARKETS PTY LTD (50 681 515 382), SP NORTHERN FARMING OPERATIONS PTY LTD (36 131 576 700), SP NORTHERN FARMING PIGGERIES PTY LTD (11 608 390 405), SP NORTHERN FARMING SERVICES PTY LTD (87 131 576 540), SUNPORK COMMERCIAL PIGGERIES PTY. LTD. (70 130 746 208), SUNPORK FARMS SUPPLIES PTY LTD (33 607 131 742), SUNPORK FRESH PROCESSING PTY LTD (71 602 989 275), SUNPORK WELLNESS PTY LTD (31 671 072 334). Register entry: https://modernslaveryregister.gov.au/statements/26335/.""}"
Modern slavery statement 2024-3590: SQUARE RESOURCES HOLDING PTY LTD,document,"{'content': 'SQUARE RESOURCES HOLDING PTY LTD filed a single modern slavery statement with the Australian Modern Slavery Register for the reporting period 2023-07-01 to 2024-06-30. The reporting entity is headquartered in Australia. The reporting entity has an annual revenue band of 600-700M. The reporting entity operates in the industry sectors: Mining, metals, chemicals and resources (including oil and gas). The statement also covers the included entities: EASTERN COAL MANAGEMENT PTY LTD, Eastern Coal Unincorporated JV ECJV, Square Boyne Pty Ltd, Square Eastern Pty Ltd, Square Exploration Pty Ltd, SQUARE MARKETING PTY LTD, SQUARE RESOURCES AGRI PTY LTD, SQUARE RESOURCES HOLDING (NO. 2) PTY LTD, Square Trading Pty Ltd. Register entry: https://modernslaveryregister.gov.au/statements/21555/.'}"
Modern slavery statement 2021-4050: FLEETS FLYERS PTY. LIMITED,document,"{'content': 'FLEETS FLYERS PTY. LIMITED (ABN 41 008 417 016) filed a joint modern slavery statement with the Australian Modern Slavery Register for the reporting period 2020-07-01 to 2021-06-30. The reporting entity is headquartered in Australia. The reporting entity has an annual revenue band of 100-150M. The reporting entity operates in the industry sectors: Transportation, logistics, and storage. Register entry: https://modernslaveryregister.gov.au/statements/6851/.'}"
Modern slavery statement 2025-3134: ASC AWD Shipbuilder Pty Ltd & ASC MODULES PTY LTD & ASC OPV SHIPBUILDER PTY LTD et al.,document,"{'content': 'ASC AWD Shipbuilder Pty Ltd (ABN 15 112 123 181), ASC MODULES PTY LTD (ABN 98 093 237 739), ASC OPV SHIPBUILDER PTY LTD (ABN 87 628 088 817), ASC PTY LTD (ABN 64 008 605 034), ASC SSN-AUKUS PTY LTD (ABN 97 679 807 384) and Australian Submarine Corporation Limited, Australian Submarine Corporation LLC, Deep Blue Tech Pty Ltd (ABN 13 127 163 722) filed a joint modern slavery statement with the Australian Modern Slavery Register for the reporting period 2024-07-01 to 2025-06-30. The reporting entities are headquartered in Australia, United States of America, United Kingdom. The reporting entities have an annual revenue band of 900M-1BN. The reporting entities operate in the industry sectors: Other Services. Register entry: https://modernslaveryregister.gov.au/statements/26051/.'}"
Modern slavery statement 2023-2166: QUEENSLAND ELECTRICITY TRANSMISSION CORPORATION LIMITED,document,"{'content': 'QUEENSLAND ELECTRICITY TRANSMISSION CORPORATION LIMITED (ABN 82 078 849 233) filed a single modern slavery statement with the Australian Modern Slavery Register for the reporting period 2022-07-01 to 2023-06-30. The reporting entity is headquartered in Australia. The reporting entity has an annual revenue band of 1BN+. The reporting entity operates in the industry sectors: Utilities: gas, water and electricity. Register entry: https://modernslaveryregister.gov.au/statements/15136/.'}"
Modern slavery statement 2025-2553: DEGNAN Group Pty Ltd,document,"{'content': 'DEGNAN Group Pty Ltd (ABN 47 633 651 698) filed a single modern slavery statement with the Australian Modern Slavery Register for the reporting period 2024-07-01 to 2025-06-30. The reporting entity is headquartered in Australia. The reporting entity has an annual revenue band of 100-150M. The reporting entity operates in the industry sectors: Construction. The statement also covers the included entities: DEGNAN (NSW) PTY LTD (11 001 745 348), DEGNAN (QLD) PTY LTD (58 663 659 416), DEGNAN (VIC) PTY LTD (39 663 659 336). Register entry: https://modernslaveryregister.gov.au/statements/25055/.'}"
Modern slavery statement 2024-799: AUSTRALASIAN FOOD GROUP PTY LTD,document,"{'content': 'AUSTRALASIAN FOOD GROUP PTY LTD (ABN 11 154 314 913) filed a single modern slavery statement with the Australian Modern Slavery Register for the reporting period 2023-01-01 to 2023-12-31. The reporting entity is headquartered in Australia. The reporting entity has an annual revenue band of 500-600M. The reporting entity operates in the industry sectors: Food and beverages, agriculture and fishing. Register entry: https://modernslaveryregister.gov.au/statements/17942/.'}"
Modern slavery statement 2024-2961: QANTAS SUPERANNUATION LIMITED,document,"{'content': 'QANTAS SUPERANNUATION LIMITED (ABN 47 003 806 960) filed a single modern slavery statement with the Australian Modern Slavery Register for the reporting period 2023-07-01 to 2024-06-30. The reporting entity is headquartered in Australia. The reporting entity has an annual revenue band of 700-800M. The reporting entity operates in the industry sectors: Financial, insurance and real estate activities. Register entry: https://modernslaveryregister.gov.au/statements/20829/.'}"
Modern slavery statement 2024-292: FARRELLY CONSTRUCTION SERVICES PTY LTD,document,"{'content': 'FARRELLY CONSTRUCTION SERVICES PTY LTD (ABN 19 136 719 394) filed a single modern slavery statement with the Australian Modern Slavery Register for the reporting period 2022-07-01 to 2023-06-30. The reporting entity is headquartered in Australia. The reporting entity has an annual revenue band of 100-150M. The reporting entity operates in the industry sectors: Construction, civil engineering and building products. Register entry: https://modernslaveryregister.gov.au/statements/17194/.'}"
Modern slavery statement 2024-475: L3HARRIS INTEGRATED MISSION SYSTEMS AUSTRALIA PTY LTD,document,{'content': 'L3HARRIS INTEGRATED MISSION SYSTEMS AUSTRALIA PTY LTD (ABN 28 009 019 603) filed a single modern slavery statement with the Australian Modern Slavery Register for the reporting period 2023-01-01 to 2023-12-31. The reporting entity is headquartered in United States of America. The reporting entity has an annual revenue band of 100-150M. The reporting entity operates in the industry sectors: Defence and aerospace. Register entry: https://modernslaveryregister.gov.au/statements/17468/.'}
Modern slavery statement 2022-918: TULLY SUGAR LIMITED,document,"{'content': 'TULLY SUGAR LIMITED (ABN 92 011 030 256) filed a single modern slavery statement with the Australian Modern Slavery Register for the reporting period 2021-01-01 to 2021-12-31. The reporting entity is headquartered in Australia. The reporting entity has an annual revenue band of 150-200M. The reporting entity operates in the industry sectors: Food and beverages, agriculture and fishing. Register entry: https://modernslaveryregister.gov.au/statements/9119/.'}"
"Modern slavery statement 2025-1800: John Menzies Ltd, MENZIES AVIATION (GROUND SERVICES) AUSTRALIA PTY LTD & MENZIES AVIATION HOLDINGS (AUSTRALIA) PTY LTD",document,"{'content': 'John Menzies Ltd, MENZIES AVIATION (GROUND SERVICES) AUSTRALIA PTY LTD (ABN 63 085 693 269) and MENZIES AVIATION HOLDINGS (AUSTRALIA) PTY LTD (ABN 18 102 031 836) filed a joint modern slavery statement with the Australian Modern Slavery Register for the reporting period 2024-01-01 to 2024-12-31. The reporting entities are headquartered in Australia, United Kingdom. The reporting entities have an annual revenue band of 1BN+. The reporting entities operate in the industry sectors: Transportation, logistics, and storage. The statement also covers the included entities: AIR MENZIES INTERNATIONAL (AUST) PTY LTD (75 003 227 914), MENZIES AVIATION (AUSTRALIA) PTY LTD (70 076 623 213). Register entry: https://modernslaveryregister.gov.au/statements/24100/.'}"
Modern slavery statement 2025-2172: ALBRIGHT & WILSON (AUSTRALIA) PTY LTD,document,{'content': 'ALBRIGHT & WILSON (AUSTRALIA) PTY LTD (ABN 36 004 234 137) filed a single modern slavery statement with the Australian Modern Slavery Register for the reporting period 2024-01-01 to 2024-12-31. The reporting entity is headquartered in Australia. The reporting entity has an annual revenue band of Unknown. The reporting entity operates in the industry sectors: Manufacturing. Register entry: https://modernslaveryregister.gov.au/statements/24664/.'}
Modern slavery statement 2021-3955: MIDWAY METALS PTY LTD,document,"{'content': 'MIDWAY METALS PTY LTD (ABN 88 001 831 090) filed a single modern slavery statement with the Australian Modern Slavery Register for the reporting period 2020-07-01 to 2021-06-30. The reporting entity is headquartered in Australia. The reporting entity has an annual revenue band of Unknown. The reporting entity operates in the industry sectors: Transportation, logistics, and storage. Register entry: https://modernslaveryregister.gov.au/statements/7417/.'}"
Modern slavery statement 2021-208: FIRST SUPER PTY LIMITED,document,"{'content': 'FIRST SUPER PTY LIMITED (ABN 42 053 498 472) filed a single modern slavery statement with the Australian Modern Slavery Register for the reporting period 2020-01-01 to 2020-12-31. The reporting entity is headquartered in Australia. The reporting entity has an annual revenue band of 0-99M. The reporting entity operates in the industry sectors: Forestry, timber products, paper and containers and packaging. Register entry: https://modernslaveryregister.gov.au/statements/1436/.'}"
Modern slavery statement 2021-2882: The Trustee for THE MAB UNIT TRUST,document,"{'content': 'The Trustee for THE MAB UNIT TRUST (ABN 78 917 049 883) filed a single modern slavery statement with the Australian Modern Slavery Register for the reporting period 2019-07-01 to 2020-06-30. The reporting entity is headquartered in Australia. The reporting entity has an annual revenue band of 250-300M. The reporting entity operates in the industry sectors: Financial, insurance and real estate activities. Register entry: https://modernslaveryregister.gov.au/statements/5767/.'}"
Modern slavery statement 2022-1738: THE ARNHEM LAND PROGRESS ABORIGINAL CORPORATION,document,"{'content': 'THE ARNHEM LAND PROGRESS ABORIGINAL CORPORATION (ABN 52 755 439 387) filed a single modern slavery statement with the Australian Modern Slavery Register for the reporting period 2021-07-01 to 2022-06-30. The reporting entity is headquartered in Australia. The reporting entity has an annual revenue band of 100-150M. The reporting entity operates in the industry sectors: Food and beverages, agriculture and fishing Forestry, timber products, paper and containers and packaging Durable consumer goods, including electronics and appliances, home furnishings and other accessories Construction, civil engineering and building products Consumer services, including accommodation, hospitality, tourism and leisure Information technology and telecommunication Professional and administrative services and supplies, including legal, consulting and accounting services Cleaning and security services Education and research Charitable / not-for-profit activities. Register entry: https://modernslaveryregister.gov.au/statements/10237/.'}"
Modern slavery statement 2023-2950: CHARTERED ACCOUNTANTS AUSTRALIA AND NEW ZEALAND,document,"{'content': 'CHARTERED ACCOUNTANTS AUSTRALIA AND NEW ZEALAND (ABN 50 084 642 571) filed a joint modern slavery statement with the Australian Modern Slavery Register for the reporting period 2022-07-01 to 2023-06-30. The reporting entity is headquartered in Australia. The reporting entity has an annual revenue band of 100-150M. The reporting entity operates in the industry sectors: Professional and administrative services and supplies, including legal, consulting and accounting services Education and research Charitable / not-for-profit activities. The statement also covers the included entities: CA ANZ (Malaysia) Sdn Bhd, CAANZ (UK) Limited, Chartered Accountants Australia and New Zealand (Hong Kong) Limited, Chartered Accountants Australia and New Zealand (Singapore) Private Limited, New Zealand Institute of Chartered Accountants. Register entry: https://modernslaveryregister.gov.au/statements/15955/.'}"
"Modern slavery statement 2024-2518: IAG GENERAL HOLDINGS PTY LIMITED, IAG INTERNATIONAL PTY LIMITED, INSURANCE AUSTRALIA GROUP LIMITED, INSURANCE AUSTRALIA GROUP SERVICES PTY LIMITED, INSURANCE AUSTRALIA LIMITED, INSURANCE MANUFACTURERS OF AUSTRALIA PTY LIMITED, NRMA PERSONAL LINES HOLDINGS PTY LIMITED, VEHICLE REPAIRHUB PTY LIMITED",document,"{'content': 'IAG GENERAL HOLDINGS PTY LIMITED, IAG INTERNATIONAL PTY LIMITED, INSURANCE AUSTRALIA GROUP LIMITED, INSURANCE AUSTRALIA GROUP SERVICES PTY LIMITED, INSURANCE AUSTRALIA LIMITED, INSURANCE MANUFACTURERS OF AUSTRALIA PTY LIMITED, NRMA PERSONAL LINES HOLDINGS PTY LIMITED, VEHICLE REPAIRHUB PTY LIMITED filed a joint modern slavery statement with the Australian Modern Slavery Register for the reporting period 2023-07-01 to 2024-06-30. The reporting entity is headquartered in Australia. The reporting entity has an annual revenue band of 1BN+. The reporting entity operates in the industry sectors: Financial, insurance and real estate activities. Register entry: https://modernslaveryregister.gov.au/statements/20220/.'}"
Modern slavery statement 2023-2492: Heartland Group Holdings Limited (NZ),document,"{'content': 'Heartland Group Holdings Limited (NZ) filed a joint modern slavery statement with the Australian Modern Slavery Register for the reporting period 2022-07-01 to 2023-06-30. The reporting entity is headquartered in Australia, New Zealand. The reporting entity has an annual revenue band of 500-600M. The reporting entity operates in the industry sectors: Financial, insurance and real estate activities. The statement also covers the included entities: Australian Seniors Finance, Heartland Bank Limited (NZ), Stockco (Australia) Pty Limited. Register entry: https://modernslaveryregister.gov.au/statements/15587/.'}"
Modern slavery statement 2025-3259: ALLAMBI CARE LIMITED,document,{'content': 'ALLAMBI CARE LIMITED (ABN 24 097 262 459) filed a single modern slavery statement with the Australian Modern Slavery Register for the reporting period 2022-07-01 to 2023-06-30. The reporting entity is headquartered in Australia. The reporting entity has an annual revenue band of 100-150M. The reporting entity operates in the industry sectors: Health Care and Social Assistance Other Services. Register entry: https://modernslaveryregister.gov.au/statements/26272/.'}
Modern slavery statement 2021-1274: MJCP HOLDINGS PTY LIMITED,document,"{'content': 'MJCP HOLDINGS PTY LIMITED (ABN 65 626 875 349) filed a joint modern slavery statement with the Australian Modern Slavery Register for the reporting period 2019-07-01 to 2020-06-30. The reporting entity is headquartered in Australia. The reporting entity has an annual revenue band of 100-150M. The reporting entity operates in the industry sectors: Food and beverages, agriculture and fishing. Register entry: https://modernslaveryregister.gov.au/statements/3185/.'}"
Modern slavery statement 2024-360: AURORA GLOBAL PTY LTD & AUSTWIDE COMMUNICATIONS PTY LTD & LINK CONSTRUCT PTY LTD et al.,document,"{'content': 'AURORA GLOBAL PTY LTD (ABN 55 600 473 630), AUSTWIDE COMMUNICATIONS PTY LTD (ABN 77 620 613 185), LINK CONSTRUCT PTY LTD (ABN 87 630 627 271), LINKFORCE CORPORATION PTY LTD (ABN 45 602 050 644), LINKFORCE ENGINEERING PTY LTD (ABN 57 123 543 699), LINKFORCE EQUIPMENT HIRE PTY LTD (ABN 54 643 949 295), LINKFORCE FIELD SERVICES PTY LTD (ABN 29 623 671 189), LINKFORCE INDUSTRIAL MAINTENANCE PTY LTD (ABN 45 666 545 393), LINKFORCE INDUSTRIAL SERVICES PTY LTD (ABN 53 615 813 039), LINKFORCE MAINTENANCE SERVICES PTY LTD (ABN 72 611 966 440), LINKFORCE PROCUREMENT PTY LTD (ABN 44 630 985 125), Linkforce Projects Pty Ltd (ABN 48 154 587 309), LINKFORCE SHARED SERVICES PTY LTD (ABN 79 631 066 692), LINKFORCE SITE SERVICES PTY LTD (ABN 63 615 813 020), NIGHTHAWK NOMINEES PTY LTD (ABN 50 098 640 629), The Trustee for Linkforce Work Trust (ABN 91 509 510 630) and The Trustee for Link Workforce Trust (ABN 57 554 027 585) filed a joint modern slavery statement with the Australian Modern Slavery Register for the reporting period 2022-07-01 to 2023-06-30. The reporting entities are headquartered in Australia. The reporting entities have an annual revenue band of 700-800M. The reporting entities operate in the industry sectors: Mining, metals, chemicals and resources (including oil and gas). Register entry: https://modernslaveryregister.gov.au/statements/17169/.'}"
Modern slavery statement 2025-1705: BRIDGESTONE MINING SOLUTIONS AUSTRALIA PTY LTD,document,{'content': 'BRIDGESTONE MINING SOLUTIONS AUSTRALIA PTY LTD (ABN 74 000 069 714) filed a single modern slavery statement with the Australian Modern Slavery Register for the reporting period 2024-01-01 to 2024-12-31. The reporting entity is headquartered in Australia. The reporting entity has an annual revenue band of 900M-1BN. The reporting entity operates in the industry sectors: Other. The statement also covers the included entities: OTRACO INTERNATIONAL PTY LTD (72 008 809 265). Register entry: https://modernslaveryregister.gov.au/statements/23974/.'}
Modern slavery statement 2021-1028: Vantage Fuels Pty Ltd,document,{'content': 'Vantage Fuels Pty Ltd (ABN 24 151 023 040) filed a single modern slavery statement with the Australian Modern Slavery Register for the reporting period 2019-07-01 to 2020-06-30. The reporting entity is headquartered in Australia. The reporting entity has an annual revenue band of 150-200M. The reporting entity operates in the industry sectors: Other. Register entry: https://modernslaveryregister.gov.au/statements/2743/.'}
Modern slavery statement 2021-156: VENTURA MOTORS PROPRIETARY LIMITED,document,"{'content': 'VENTURA MOTORS PROPRIETARY LIMITED (ABN 67 004 235 518) filed a joint modern slavery statement with the Australian Modern Slavery Register for the reporting period 2019-07-01 to 2020-06-30. The reporting entity is headquartered in Australia. The reporting entity has an annual revenue band of 250-300M. The reporting entity operates in the industry sectors: Transportation, logistics, and storage. Register entry: https://modernslaveryregister.gov.au/statements/1351/.'}"
Modern slavery statement 2021-3464: WAM CAPITAL LIMITED,document,"{'content': 'WAM CAPITAL LIMITED (ABN 34 086 587 395) filed a single modern slavery statement with the Australian Modern Slavery Register for the reporting period 2020-07-01 to 2021-06-30. The reporting entity is headquartered in Australia. The reporting entity has an annual revenue band of 350-400M. The reporting entity operates in the industry sectors: Financial, insurance and real estate activities. Register entry: https://modernslaveryregister.gov.au/statements/6701/.'}"
Modern slavery statement 2025-263: RAVENSDOWN SHIPPING SERVICES PTY LIMITED,document,"{'content': 'RAVENSDOWN SHIPPING SERVICES PTY LIMITED (ABN 37 149 142 807) filed a single modern slavery statement with the Australian Modern Slavery Register for the reporting period 2023-06-01 to 2024-05-31. The reporting entity is headquartered in Australia. The reporting entity has an annual revenue band of 100-150M. The reporting entity operates in the industry sectors: Transportation, logistics, and storage. Register entry: https://modernslaveryregister.gov.au/statements/22027/.'}"
Modern slavery statement 2025-3309: CELSUS HOLDING PTY LTD & CELSUS PTY LTD,document,{'content': 'CELSUS HOLDING PTY LTD (ABN 81 147 871 369) and CELSUS PTY LTD (ABN 49 147 871 172) filed a joint modern slavery statement with the Australian Modern Slavery Register for the reporting period 2024-07-01 to 2025-06-30. The reporting entities are headquartered in Australia. The reporting entities have an annual revenue band of 300-350M. The reporting entities operate in the industry sectors: Health Care and Social Assistance. Register entry: https://modernslaveryregister.gov.au/statements/26317/.'}
Modern slavery statement 2024-2712: LIFEFLIGHT AUSTRALIA LIMITED,document,"{'content': 'LIFEFLIGHT AUSTRALIA LIMITED (ABN 45 010 316 462) filed a single modern slavery statement with the Australian Modern Slavery Register for the reporting period 2023-07-01 to 2024-06-30. The reporting entity is headquartered in Australia. The reporting entity has an annual revenue band of 150-200M. The reporting entity operates in the industry sectors: Charitable / not-for-profit activities. The statement also covers the included entities: Aeromed Qld Pty Ltd (32 144 010 597), LIFEFLIGHT COMMERCIAL LIMITED (91 627 081 930), LIFEFLIGHT FOUNDATION LTD (63 618 170 184), LIFEFLIGHT RETRIEVAL MEDICINE LIMITED (83 101 511 719). Register entry: https://modernslaveryregister.gov.au/statements/20505/.'}"
Modern slavery statement 2021-2898: JOY GLOBAL AUSTRALIA HOLDING COMPANY PTY LTD & JOY GLOBAL AUSTRALIA PTY LTD,document,"{'content': 'JOY GLOBAL AUSTRALIA HOLDING COMPANY PTY LTD (ABN 70 059 870 058) and JOY GLOBAL AUSTRALIA PTY LTD (ABN 58 000 049 392) filed a joint modern slavery statement with the Australian Modern Slavery Register for the reporting period 2020-04-01 to 2021-03-30. The reporting entities are headquartered in Australia. The reporting entities have an annual revenue band of 1BN+. The reporting entities operate in the industry sectors: Mining, metals, chemicals and resources (including oil and gas) Automotive, machinery and heavy electrical equipment. Register entry: https://modernslaveryregister.gov.au/statements/5783/.'}"
Modern slavery statement 2022-2498: THE VILLAGE BUILDING CO. LIMITED,document,"{'content': 'THE VILLAGE BUILDING CO. LIMITED (ABN 97 056 509 025) filed a single modern slavery statement with the Australian Modern Slavery Register for the reporting period 2021-07-01 to 2022-06-30. The reporting entity is headquartered in Australia. The reporting entity has an annual revenue band of 150-200M. The reporting entity operates in the industry sectors: Construction, civil engineering and building products. Register entry: https://modernslaveryregister.gov.au/statements/11318/.'}"
Modern slavery statement 2024-2031: BECA PTY. LTD.,document,"{'content': 'BECA PTY. LTD. (ABN 85 004 974 341) filed a single modern slavery statement with the Australian Modern Slavery Register for the reporting period 2023-04-01 to 2024-03-31. The reporting entity is headquartered in Australia. The reporting entity has an annual revenue band of 150-200M. The reporting entity operates in the industry sectors: Construction, civil engineering and building products Professional and administrative services and supplies, including legal, consulting and accounting services. The statement also covers the included entities: BECA CONSULTANTS PTY LTD (45 003 431 089), HUNTER H2O HOLDINGS PTY LIMITED (16 602 201 552). Register entry: https://modernslaveryregister.gov.au/statements/19544/.'}"
Modern slavery statement 2025-2548: QUEENSLAND ELECTRICITY TRANSMISSION CORPORATION LIMITED,document,"{'content': 'QUEENSLAND ELECTRICITY TRANSMISSION CORPORATION LIMITED (ABN 82 078 849 233) filed a single modern slavery statement with the Australian Modern Slavery Register for the reporting period 2024-07-01 to 2025-06-30. The reporting entity is headquartered in Australia. The reporting entity has an annual revenue band of 1BN+. The reporting entity operates in the industry sectors: Electricity, Gas, Water and Waste Services. The statement also covers the included entities: COPPERSTRING 2.0 ELECTRICITY TRANSMISSION CORPORATION PTY LTD (37 665 234 702), HAROLD STREET HOLDINGS PTY LTD (34 092 874 103), POWERLINK TRANSMISSION SERVICES PTY LTD (16 081 169 511), QUEENSLAND CAPACITY NETWORK PTY LTD (75 633 081 517). Register entry: https://modernslaveryregister.gov.au/statements/25231/.'}"
Modern slavery statement 2025-1060: Blackhawk Network (Australia) Pty Ltd,document,"{'content': 'Blackhawk Network (Australia) Pty Ltd (ABN 84 123 251 703) filed a single modern slavery statement with the Australian Modern Slavery Register for the reporting period 2024-01-01 to 2024-12-31. The reporting entity is headquartered in Australia. The reporting entity has an annual revenue band of 200-250M. The reporting entity operates in the industry sectors: Financial, insurance and real estate activities. The statement also covers the included entities: Digital Glue Australia Pty Ltd (36 127 466 899), DIGITAL GLUE INTERNATIONAL PTY LTD (61 612 842 805), Digital Glue Pty Ltd (41 126 643 007), EDGE LOYALTY SYSTEMS PTY LTD (96 138 299 288). Register entry: https://modernslaveryregister.gov.au/statements/23219/.'}"
Modern slavery statement 2023-439: DANISCO AUSTRALIA PTY LTD & INTERNATIONAL FLAVOURS & FRAGRANCES (AUSTRALIA) PTY LTD & KELP INDUSTRIES PTY. LTD. et al.,document,"{'content': 'DANISCO AUSTRALIA PTY LTD (ABN 62 096 139 392), INTERNATIONAL FLAVOURS & FRAGRANCES (AUSTRALIA) PTY LTD (ABN 77 004 269 658), KELP INDUSTRIES PTY. LTD. (ABN 92 009 502 256), NUTRITION & BIOSCIENCES AUSTRALIA PTY LTD (ABN 59 000 716 469) and SOUTHERN CROSS BOTANICALS PTY LTD (ABN 91 087 059 854) filed a joint modern slavery statement with the Australian Modern Slavery Register for the reporting period 2022-04-01 to 2023-03-30. The reporting entities are headquartered in Australia, United States of America. The reporting entities have an annual revenue band of 250-300M. The reporting entities operate in the industry sectors: Food and beverages, agriculture and fishing. Register entry: https://modernslaveryregister.gov.au/statements/12712/.'}"
Modern slavery statement 2024-1816: The Trustee for HEATH NEWTON FAMILY TRUST,document,"{'content': 'The Trustee for HEATH NEWTON FAMILY TRUST (ABN 56 211 021 320) filed a single modern slavery statement with the Australian Modern Slavery Register for the reporting period 2023-07-01 to 2024-06-30. The reporting entity is headquartered in Australia. The reporting entity has an annual revenue band of 200-250M. The reporting entity operates in the industry sectors: Food and beverages, agriculture and fishing. Register entry: https://modernslaveryregister.gov.au/statements/19265/.'}"
Modern slavery statement 2025-2036: PLAN GROUP HOLDINGS PTY LTD & PLAN GROUP PTY LTD,document,"{'content': 'PLAN GROUP HOLDINGS PTY LTD (ABN 47 658 624 849) and PLAN GROUP PTY LTD (ABN 67 160 102 198) filed a joint modern slavery statement with the Australian Modern Slavery Register for the reporting period 2024-07-01 to 2025-06-30. The reporting entities are headquartered in Australia. The reporting entities have an annual revenue band of 100-150M. The reporting entities operate in the industry sectors: Construction. The statement also covers the included entities: PLAN GROUP (GEELONG) PTY LTD (47 618 868 429), PLAN GROUP (QLD) PTY LTD (43 658 625 140). Register entry: https://modernslaveryregister.gov.au/statements/24457/.'}"
Modern slavery statement 2023-3335: SELL & PARKER PTY LTD,document,"{'content': 'SELL & PARKER PTY LTD (ABN 98 000 101 315) filed a joint modern slavery statement with the Australian Modern Slavery Register for the reporting period 2022-07-01 to 2023-06-30. The reporting entity is headquartered in Australia. The reporting entity has an annual revenue band of 400-450M. The reporting entity operates in the industry sectors: Waste management and recycling. The statement also covers the included entities: ALLTHREAD INDUSTRIES PTY LIMITED (76 629 723 726), BATTERY RECYCLERS PTY LTD (12 669 683 649), FIRST FORGE AUSTRALIA PTY LIMITED (36 629 723 557), OXYCUT OPERATIONS PTY LTD (27 085 011 310), SELL & PARKER (INTERNATIONAL) PTY LTD (24 090 604 416), SELL & PARKER METAL RECYCLING SERVICES (NT) PTY LTD (14 165 602 282), SELL & PARKER METAL RECYCLING SERVICES (WA) PTY LTD (64 165 602 933), SELL & PARKER SECURE DESTRUCTION PTY LTD (63 146 827 134). Register entry: https://modernslaveryregister.gov.au/statements/16619/.'}"
Modern slavery statement 2025-651: RUSSELL CORP. AUSTRALIA PTY. LTD.,document,"{'content': 'RUSSELL CORP. AUSTRALIA PTY. LTD. (ABN 68 069 922 970) filed a single modern slavery statement with the Australian Modern Slavery Register for the reporting period 2024-01-01 to 2024-12-31. The reporting entity is headquartered in United States of America. The reporting entity has an annual revenue band of 0-99M. The reporting entity operates in the industry sectors: Fashion, textiles, apparel and luxury goods. Register entry: https://modernslaveryregister.gov.au/statements/22630/.'}"
"Modern slavery statement 2023-1210: Collgar Wind Farm Pty Ltd, CWF Holdings Pty Ltd",document,"{'content': 'Collgar Wind Farm Pty Ltd, CWF Holdings Pty Ltd filed a joint modern slavery statement with the Australian Modern Slavery Register for the reporting period 2022-01-01 to 2022-12-31. The reporting entity is headquartered in Australia. The reporting entity has an annual revenue band of 200-250M. The reporting entity operates in the industry sectors: Utilities: gas, water and electricity. Register entry: https://modernslaveryregister.gov.au/statements/13832/.'}"
Modern slavery statement 2021-2686: OBAYASHI CORPORATION,document,"{'content': 'OBAYASHI CORPORATION (ABN 86 002 932 756) filed a single modern slavery statement with the Australian Modern Slavery Register for the reporting period 2020-04-01 to 2021-03-30. The reporting entity is headquartered in Japan. The reporting entity has an annual revenue band of 1BN+. The reporting entity operates in the industry sectors: Construction, civil engineering and building products. Register entry: https://modernslaveryregister.gov.au/statements/5481/.'}"
Modern slavery statement 2024-236: GME PTY LTD.,document,"{'content': 'GME PTY LTD. (ABN 93 000 346 814) filed a single modern slavery statement with the Australian Modern Slavery Register for the reporting period 2022-07-01 to 2023-06-30. The reporting entity is headquartered in Australia. The reporting entity has an annual revenue band of 100-150M. The reporting entity operates in the industry sectors: Durable consumer goods, including electronics and appliances, home furnishings and other accessories. The statement also covers the included entities: GME PTY LTD. (93 000 346 814). Register entry: https://modernslaveryregister.gov.au/statements/17100/.'}"
Modern slavery statement 2025-73: The Trustee for THE GODDARD TRUST,document,"{'content': 'The Trustee for THE GODDARD TRUST (ABN 39 005 794 108) filed a single modern slavery statement with the Australian Modern Slavery Register for the reporting period 2024-01-01 to 2024-12-31. The reporting entity is headquartered in Australia. The reporting entity has an annual revenue band of 0-99M. The reporting entity operates in the industry sectors: Fashion, textiles, apparel and luxury goods Other. Register entry: https://modernslaveryregister.gov.au/statements/21730/.'}"
Modern slavery statement 2023-431: PARRAMATTA LEAGUES' CLUB LTD,document,"{'content': ""PARRAMATTA LEAGUES' CLUB LTD (ABN 52 000 218 655) filed a joint modern slavery statement with the Australian Modern Slavery Register for the reporting period 2021-11-01 to 2022-10-31. The reporting entity is headquartered in Australia. The reporting entity has an annual revenue band of 100-150M. The reporting entity operates in the industry sectors: Consumer services, including accommodation, hospitality, tourism and leisure. Register entry: https://modernslaveryregister.gov.au/statements/12706/.""}"
"Modern slavery statement 2023-2855: D.T GILBERT & S NICKLESS & W.R SPAIN & G&T Capital Services Pty Ltd, G & T CONSULTANTS PTY. LTD. & G & T PREMISES PTY. LIMITED et al.",document,"{'content': 'D.T GILBERT & S NICKLESS & W.R SPAIN (ABN 88 775 098 848), G&T Capital Services Pty Ltd, G & T CONSULTANTS PTY. LTD. (ABN 46 068 298 448), G & T PREMISES PTY. LIMITED (ABN 64 091 984 922), The Trustee for Gilbert and Tobin Foundation (ABN 96 679 503 419), The Trustee for G&T LegalTech Solutions Unit Trust (ABN 64 876 640 692), The Trustee for G&T Professional Service Unit Trust (ABN 96 431 953 017), The Trustee for G & T SERVICE TRUST (ABN 77 458 970 098) and The Trustee for G&T Tax Agent Unit Trust (ABN 95 332 013 597) filed a joint modern slavery statement with the Australian Modern Slavery Register for the reporting period 2022-07-01 to 2023-06-30. The reporting entities are headquartered in Australia. The reporting entities have an annual revenue band of 400-450M. The reporting entities operate in the industry sectors: Professional and administrative services and supplies, including legal, consulting and accounting services. The statement also covers the included entities: D.T GILBERT & S NICKLESS & W.R SPAIN (88 775 098 848). Register entry: https://modernslaveryregister.gov.au/statements/16064/.'}"
Modern slavery statement 2024-2280: DOWNER EDI LIMITED,document,"{'content': 'DOWNER EDI LIMITED (ABN 97 003 872 848) filed a single modern slavery statement with the Australian Modern Slavery Register for the reporting period 2023-07-01 to 2024-06-30. The reporting entity is headquartered in Australia. The reporting entity has an annual revenue band of 1BN+. The reporting entity operates in the industry sectors: Utilities: gas, water and electricity Construction, civil engineering and building products Transportation, logistics, and storage Cleaning and security services Defence and aerospace. Register entry: https://modernslaveryregister.gov.au/statements/19903/.'}"
Modern slavery statement 2025-1760: Martinus Rail Pty Ltd,document,"{'content': 'Martinus Rail Pty Ltd (ABN 90 117 147 645) filed a single modern slavery statement with the Australian Modern Slavery Register for the reporting period 2024-01-01 to 2024-12-31. The reporting entity is headquartered in Australia. The reporting entity has an annual revenue band of 450-500M. The reporting entity operates in the industry sectors: Construction, civil engineering and building products. Register entry: https://modernslaveryregister.gov.au/statements/24049/.'}"
Modern slavery statement 2026-341: CAMP AUSTRALIA PROPRIETARY LIMITED,document,{'content': 'CAMP AUSTRALIA PROPRIETARY LIMITED (ABN 96 060 703 120) filed a single modern slavery statement with the Australian Modern Slavery Register for the reporting period 2024-07-01 to 2025-06-30. The reporting entity is headquartered in Australia. The reporting entity has an annual revenue band of 150-200M. The reporting entity operates in the industry sectors: Education and Training. Register entry: https://modernslaveryregister.gov.au/statements/27579/.'}
Modern slavery statement 2025-2997: QGIF TAYLOR HOLDCO PTY LTD,document,"{'content': 'QGIF TAYLOR HOLDCO PTY LTD (ABN 55 635 867 999) filed a single modern slavery statement with the Australian Modern Slavery Register for the reporting period 2024-07-01 to 2025-06-30. The reporting entity is headquartered in Australia. The reporting entity has an annual revenue band of 150-200M. The reporting entity operates in the industry sectors: Transport, Postal and Warehousing. The statement also covers the included entities: PERKINS LADY JAN PTY. LTD. (57 064 110 247), PERKINS MARITIME PTY. LTD. (12 009 616 960), QGIF TAYLOR BIDCO PTY LTD (66 635 870 398), SEA SWIFT (FINANCE) PTY. LIMITED (87 159 387 550), SEA SWIFT (HOLDINGS) PTY. LIMITED (49 159 387 390), SEA SWIFT (NT) PTY LTD (25 161 588 414), SEA SWIFT PTY. LTD. (16 010 889 040). Register entry: https://modernslaveryregister.gov.au/statements/25891/.'}"
"Modern slavery statement 2024-1146: ALLIED WORLD ASSURANCE COMPANY, LTD",document,"{'content': 'ALLIED WORLD ASSURANCE COMPANY, LTD (ABN 54 163 304 907) filed a single modern slavery statement with the Australian Modern Slavery Register for the reporting period 2023-01-01 to 2023-12-31. The reporting entity is headquartered in Bermuda. The reporting entity has an annual revenue band of 1BN+. The reporting entity operates in the industry sectors: Financial, insurance and real estate activities. Register entry: https://modernslaveryregister.gov.au/statements/18455/.'}"
Modern slavery statement 2025-518: BOEHRINGER INGELHEIM ANIMAL HEALTH AUSTRALIA HOLDING PTY. LTD. & BOEHRINGER INGELHEIM PTY LTD,document,{'content': 'BOEHRINGER INGELHEIM ANIMAL HEALTH AUSTRALIA HOLDING PTY. LTD. (ABN 74 623 185 311) and BOEHRINGER INGELHEIM PTY LTD (ABN 52 000 452 308) filed a joint modern slavery statement with the Australian Modern Slavery Register for the reporting period 2024-01-01 to 2024-12-31. The reporting entities are headquartered in Germany. The reporting entities have an annual revenue band of 600-700M. The reporting entities operate in the industry sectors: Healthcare and pharmaceuticals. The statement also covers the included entities: BOEHRINGER INGELHEIM ANIMAL HEALTH AUSTRALIA PTY. LTD. (53 071 187 285). Register entry: https://modernslaveryregister.gov.au/statements/22415/.'}
Modern slavery statement 2022-823: CHEVRON AUSTRALIA HOLDINGS PTY LTD & CHEVRON AUSTRALIA PTY LTD & CHEVRON (TAPL) PTY LTD,document,"{'content': 'CHEVRON AUSTRALIA HOLDINGS PTY LTD (ABN 60 098 079 344), CHEVRON AUSTRALIA PTY LTD (ABN 29 086 197 757) and CHEVRON (TAPL) PTY LTD (ABN 18 081 647 047) filed a joint modern slavery statement with the Australian Modern Slavery Register for the reporting period 2021-01-01 to 2021-12-31. The reporting entities are headquartered in Australia, United States of America. The reporting entities have an annual revenue band of 1BN+. The reporting entities operate in the industry sectors: Mining, metals, chemicals and resources (including oil and gas). Register entry: https://modernslaveryregister.gov.au/statements/8961/.'}"
Modern slavery statement 2022-159: BANK OF QUEENSLAND LIMITED,document,"{'content': 'BANK OF QUEENSLAND LIMITED (ABN 32 009 656 740) filed a single modern slavery statement with the Australian Modern Slavery Register for the reporting period 2020-09-01 to 2021-08-31. The reporting entity is headquartered in Australia. The reporting entity has an annual revenue band of 900M-1BN. The reporting entity operates in the industry sectors: Financial, insurance and real estate activities. Register entry: https://modernslaveryregister.gov.au/statements/7928/.'}"
Modern slavery statement 2020-471: HONDA AUSTRALIA PTY. LTD.,document,"{'content': 'HONDA AUSTRALIA PTY. LTD. (ABN 66 004 759 611) filed a single modern slavery statement with the Australian Modern Slavery Register for the reporting period 2019-04-01 to 2020-03-30. The reporting entity is headquartered in Australia. The reporting entity has an annual revenue band of 600-700M. The reporting entity operates in the industry sectors: Automotive, machinery and heavy electrical equipment. Register entry: https://modernslaveryregister.gov.au/statements/1007/.'}"
Modern slavery statement 2022-3020: DE BORTOLI WINES PTY LIMITED,document,"{'content': 'DE BORTOLI WINES PTY LIMITED (ABN 77 000 146 672) filed a single modern slavery statement with the Australian Modern Slavery Register for the reporting period 2022-01-01 to 2022-12-31. The reporting entity is headquartered in Australia. The reporting entity has an annual revenue band of 100-150M. The reporting entity operates in the industry sectors: Food and beverages, agriculture and fishing. Register entry: https://modernslaveryregister.gov.au/statements/11950/.'}"
Modern slavery statement 2025-609: L3HARRIS COMMUNICATIONS AUSTRALIA PTY LTD,document,"{'content': 'L3HARRIS COMMUNICATIONS AUSTRALIA PTY LTD (ABN 88 054 982 151) filed a single modern slavery statement with the Australian Modern Slavery Register for the reporting period 2024-01-01 to 2024-12-31. The reporting entity is headquartered in Australia, United States of America. The reporting entity has an annual revenue band of 150-200M. The reporting entity operates in the industry sectors: Defence and aerospace. Register entry: https://modernslaveryregister.gov.au/statements/22567/.'}"
Modern slavery statement 2025-1865: XERO AUSTRALIA PTY LIMITED,document,"{'content': 'XERO AUSTRALIA PTY LIMITED (ABN 89 124 215 247) filed a single modern slavery statement with the Australian Modern Slavery Register for the reporting period 2024-04-01 to 2025-03-31. The reporting entity is headquartered in Australia, New Zealand. The reporting entity has an annual revenue band of 1BN+. The reporting entity operates in the industry sectors: Information technology and telecommunication. Register entry: https://modernslaveryregister.gov.au/statements/24188/.'}"
"Modern slavery statement 2025-3441: AUSTRALIAN CLINICAL LABS LIMITED, CLINICAL LABORATORIES PTY LTD, CLINICAL LABORATORIES (WA) PTY LTD",document,"{'content': 'AUSTRALIAN CLINICAL LABS LIMITED, CLINICAL LABORATORIES PTY LTD, CLINICAL LABORATORIES (WA) PTY LTD filed a joint modern slavery statement with the Australian Modern Slavery Register for the reporting period 2024-07-01 to 2025-06-30. The reporting entity is headquartered in Australia. The reporting entity has an annual revenue band of 700-800M. The reporting entity operates in the industry sectors: Health Care and Social Assistance. The statement also covers the included entities: ACL FINCO PTY LTD, ACL MIDCO PTY LTD, AUSSIE SKIN CANCER CLINICS PTY LTD, BOLTON STREET CANCER CLINIC PTY LTD, DERMPATH AI PTY LTD, GOSFORD SCC PTY LTD, ORANGE SKIN CANCER CLINIC PTY LTD, PERTH MEDICAL LABORATORIES PTY LTD, RYDE SKIN CANCER CLINIC PTY LIMITED, SKIN CANCER CLINIC PARRAMATTA PTY LIMITED, SOUTHERN SUN CLINICS PTY LTD, SOUTHERN SUN HEALTHCARE PTY LTD, SOUTHERN SUN PATHOLOGY (HELIX) PTY LTD, SOUTHERN SUN PATHOLOGY PTY LTD, SOUTHERN SUN PRACTICES PTY LIMITED, SUNDOCTORS BURLEIGH HEADS PTY LTD, SUNDOCTORS BYRON BAY PTY LTD, SUNDOCTORS COFFS HARBOUR (SOUTHERN CROSS) PTY LTD, SUNDOCTORS KALOWEN PTY LTD, SUNDOCTORS NELSON BAY PTY LTD, SUNDOCTORS NOVOCASTRIAN PTY LTD, SUNDOCTORS POTTSVILLE PTY LTD, SUNDOCTORS TAREE PTY LIMITED, WOLLONGONG SCC PTY LTD, WSCC HEALTHCARE PTY LIMITED. Register entry: https://modernslaveryregister.gov.au/statements/26010/.'}"
Modern slavery statement 2025-3762: KEY ASSETS THE CHILDREN'S SERVICES PROVIDER (AUSTRALIA) LIMITED,document,"{'content': ""KEY ASSETS THE CHILDREN'S SERVICES PROVIDER (AUSTRALIA) LIMITED (ABN 47 140 180 169) filed a single modern slavery statement with the Australian Modern Slavery Register for the reporting period 2024-07-01 to 2025-06-30. The reporting entity is headquartered in Australia. The reporting entity has an annual revenue band of 100-150M. The reporting entity operates in the industry sectors: Health Care and Social Assistance. Register entry: https://modernslaveryregister.gov.au/statements/26857/.""}"
"Modern slavery statement 2025-1444: UNITED RENTALS ASIA PACIFIC HOLDINGS PTY LTD & UNITED RENTALS AUSTRALIA PTY LTD & United Rentals U.S. Australasaia Holdings, Inc",document,"{'content': 'UNITED RENTALS ASIA PACIFIC HOLDINGS PTY LTD (ABN 28 620 127 791), UNITED RENTALS AUSTRALIA PTY LTD (ABN 38 069 244 417) and United Rentals U.S. Australasaia Holdings, Inc filed a joint modern slavery statement with the Australian Modern Slavery Register for the reporting period 2024-01-01 to 2024-12-31. The reporting entities are headquartered in Australia. The reporting entities have an annual revenue band of 200-250M. The reporting entities operate in the industry sectors: Rental, Hiring and Real Estate Services. The statement also covers the included entities: SHORE ASSETS PTY. LIMITED (80 161 389 886), Shore Hire Group Pty Ltd, SHORE HIRE HOLDINGS PTY LTD (54 617 424 512), SHORE HIRE PTY LIMITED (54 129 593 102), Shore Sales Pty Limited (40 144 933 693), SHORE TRAIN PTY LTD (14 662 750 398). Register entry: https://modernslaveryregister.gov.au/statements/23710/.'}"
Modern slavery statement 2022-1162: Ausco Holdings Pty Limited,document,"{'content': 'Ausco Holdings Pty Limited (ABN 13 150 795 547) filed a single modern slavery statement with the Australian Modern Slavery Register for the reporting period 2021-01-01 to 2021-12-31. The reporting entity is headquartered in Australia. The reporting entity has an annual revenue band of 400-450M. The reporting entity operates in the industry sectors: Durable consumer goods, including electronics and appliances, home furnishings and other accessories Construction, civil engineering and building products Consumer services, including accommodation, hospitality, tourism and leisure Other. Register entry: https://modernslaveryregister.gov.au/statements/9448/.'}"
Modern slavery statement 2023-2747: TRAJAN GROUP HOLDINGS LIMITED,document,"{'content': 'TRAJAN GROUP HOLDINGS LIMITED filed a joint modern slavery statement with the Australian Modern Slavery Register for the reporting period 2022-07-01 to 2023-06-30. The reporting entity is headquartered in Australia. The reporting entity has an annual revenue band of 150-200M. The reporting entity operates in the industry sectors: Other. The statement also covers the included entities: Axel Semrau GmbH & Co. KG, Biopsy Solutions Pty Ltd, Chromatography Research Supplies, Inc, GRALE SCIENTIFIC PTY LTD, Neoteryx LLC, Scientific Glass Manufacturing (U.K) Ltd, TRAJAN ACCELERATOR PTY LTD, TRAJAN NUTRITION PTY LTD, Trajan Scientific Americas Inc, TRAJAN SCIENTIFIC AND MEDICAL PTY LTD, TRAJAN SCIENTIFIC AUSTRALIA PTY LTD, Trajan Scientific Europe Ltd, Trajan Scientific Germany GmbH, Trajan Scientific Germany Holdings GmbH, Trajan Scientific Germany Property GmbH, Trajan Scientific Japan Inc, Trajan Scientific Malaysia Sdn Bhd, Trajan Scientific Switzerland Sarl. Register entry: https://modernslaveryregister.gov.au/statements/15943/.'}"
Modern slavery statement 2022-1977: MCPHERSON'S LIMITED,document,"{'content': ""MCPHERSON'S LIMITED (ABN 98 004 068 419) filed a single modern slavery statement with the Australian Modern Slavery Register for the reporting period 2021-07-01 to 2022-06-30. The reporting entity is headquartered in Australia. The reporting entity has an annual revenue band of 200-250M. The reporting entity operates in the industry sectors: Other. Register entry: https://modernslaveryregister.gov.au/statements/10595/.""}"
Modern slavery statement 2024-1172: ABERGELDIE HOLDINGS PTY LIMITED,document,"{'content': 'ABERGELDIE HOLDINGS PTY LIMITED (ABN 76 126 110 594) filed a single modern slavery statement with the Australian Modern Slavery Register for the reporting period 2023-01-01 to 2023-12-31. The reporting entity is headquartered in Australia. The reporting entity has an annual revenue band of 450-500M. The reporting entity operates in the industry sectors: Construction, civil engineering and building products. The statement also covers the included entities: ABERGELDIE COMPLEX INFRASTRUCTURE PTY LTD (47 131 697 946), ABERGELDIE CONSTRUCTIONS PTY LIMITED (60 090 805 959), ABERGELDIE CONTRACTORS PTY LIMITED (47 004 533 519), ABERGELDIE ENERGY PTY LTD (29 635 707 363), ABERGELDIE PERSONNEL PTY LTD (34 128 796 047), ABERGELDIE PIPELINE RENEWALS PTY LTD (90 601 658 066), ABERGELDIE PLANT PTY LTD (38 128 796 001), ABERGELDIE RAIL PTY LTD (47 130 586 551), ABERGELDIE STRUCTURAL FABRICATIONS PTY LTD (44 136 489 088), ABERGELDIE UNDERGROUND PTY LTD (56 126 137 693). Register entry: https://modernslaveryregister.gov.au/statements/18481/.'}"
Modern slavery statement 2023-2528: H & R BLOCK LIMITED,document,"{'content': 'H & R BLOCK LIMITED (ABN 89 064 268 800) filed a single modern slavery statement with the Australian Modern Slavery Register for the reporting period 2022-07-01 to 2023-06-30. The reporting entity is headquartered in Australia. The reporting entity has an annual revenue band of 100-150M. The reporting entity operates in the industry sectors: Financial, insurance and real estate activities. Register entry: https://modernslaveryregister.gov.au/statements/15640/.'}"
Modern slavery statement 2021-2972: QUEENSLAND COUNTRY BANK LIMITED & QUEENSLAND COUNTRY HEALTH FUND LTD,document,"{'content': 'QUEENSLAND COUNTRY BANK LIMITED (ABN 77 087 651 027) and QUEENSLAND COUNTRY HEALTH FUND LTD (ABN 18 085 048 237) filed a joint modern slavery statement with the Australian Modern Slavery Register for the reporting period 2020-07-01 to 2021-06-30. The reporting entities are headquartered in Australia. The reporting entities have an annual revenue band of 300-350M. The reporting entities operate in the industry sectors: Financial, insurance and real estate activities. Register entry: https://modernslaveryregister.gov.au/statements/5906/.'}"
Modern slavery statement 2024-3680: THE TRUSTEE FOR ARLEC UNIT TRUST,document,"{'content': 'THE TRUSTEE FOR ARLEC UNIT TRUST (ABN 59 399 836 281) filed a single modern slavery statement with the Australian Modern Slavery Register for the reporting period 2022-07-01 to 2023-06-30. The reporting entity is headquartered in Australia. The reporting entity has an annual revenue band of 300-350M. The reporting entity operates in the industry sectors: Durable consumer goods, including electronics and appliances, home furnishings and other accessories. Register entry: https://modernslaveryregister.gov.au/statements/18866/.'}"
Modern slavery statement 2022-1396: Baillie Gifford Overseas,document,"{'content': 'Baillie Gifford Overseas filed a single modern slavery statement with the Australian Modern Slavery Register for the reporting period 2021-04-06 to 2022-04-05. The reporting entity is headquartered in United Kingdom. The reporting entity has an annual revenue band of 1BN+. The reporting entity operates in the industry sectors: Financial, insurance and real estate activities. Register entry: https://modernslaveryregister.gov.au/statements/9703/.'}"
Modern slavery statement 2020-81: ISPT Core Fund,document,"{'content': 'ISPT Core Fund filed a single modern slavery statement with the Australian Modern Slavery Register for the reporting period 2019-07-01 to 2020-06-30. The reporting entity is headquartered in Australia. The reporting entity has an annual revenue band of 500-600M. The reporting entity operates in the industry sectors: Financial, insurance and real estate activities. Register entry: https://modernslaveryregister.gov.au/statements/261/.'}"
Modern slavery statement 2021-3356: GRAINCORP COMMODITY MANAGEMENT (HOLDINGS) PTY LTD & GRAINCORP COMMODITY MANAGEMENT PTY LTD & GRAINCORP FOODS AUSTRALIA PTY LTD et al.,document,"{'content': 'GRAINCORP COMMODITY MANAGEMENT (HOLDINGS) PTY LTD (ABN 32 000 013 123), GRAINCORP COMMODITY MANAGEMENT PTY LTD (ABN 73 107 971 095), GRAINCORP FOODS AUSTRALIA PTY LTD (ABN 81 160 258 677), GRAINCORP LIMITED (ABN 60 057 186 035), GRAINCORP OILSEEDS PTY LTD (ABN 79 006 772 578), GRAINCORP OILS HOLDINGS PTY LTD (ABN 53 160 256 057), GRAINCORP OPERATIONS LIMITED (ABN 52 003 875 401) and GRAINCORP SERVICES LIMITED (ABN 17 050 099 146) filed a joint modern slavery statement with the Australian Modern Slavery Register for the reporting period 2020-10-01 to 2021-09-30. The reporting entities are headquartered in Australia. The reporting entities have an annual revenue band of 1BN+. The reporting entities operate in the industry sectors: Food and beverages, agriculture and fishing Transportation, logistics, and storage. Register entry: https://modernslaveryregister.gov.au/statements/6519/.'}"
Modern slavery statement 2021-650: BRIDGEHEAD PROPRIETARY LIMITED & The Trustee for THE GANDEL GROUP FAMILY TRUST,document,{'content': 'BRIDGEHEAD PROPRIETARY LIMITED (ABN 23 006 082 515) and The Trustee for THE GANDEL GROUP FAMILY TRUST (ABN 33 786 200 165) filed a joint modern slavery statement with the Australian Modern Slavery Register for the reporting period 2019-07-01 to 2020-06-30. The reporting entities are headquartered in Australia. The reporting entities have an annual revenue band of 250-300M. The reporting entities operate in the industry sectors: Other. Register entry: https://modernslaveryregister.gov.au/statements/2250/.'}
Modern slavery statement 2025-3575: ASSOCIATED RETAILERS LIMITED,document,{'content': 'ASSOCIATED RETAILERS LIMITED (ABN 42 004 520 030) filed a single modern slavery statement with the Australian Modern Slavery Register for the reporting period 2024-07-01 to 2025-06-30. The reporting entity is headquartered in Australia. The reporting entity has an annual revenue band of 150-200M. The reporting entity operates in the industry sectors: Retail Trade. Register entry: https://modernslaveryregister.gov.au/statements/26654/.'}
Modern slavery statement 2023-2997: COMPETITIVE FOODS AUSTRALIA PTY LTD,document,"{'content': 'COMPETITIVE FOODS AUSTRALIA PTY LTD (ABN 48 010 542 908) filed a single modern slavery statement with the Australian Modern Slavery Register for the reporting period 2022-07-01 to 2023-06-30. The reporting entity is headquartered in Australia. The reporting entity has an annual revenue band of 1BN+. The reporting entity operates in the industry sectors: Food and beverages, agriculture and fishing. Register entry: https://modernslaveryregister.gov.au/statements/16246/.'}"
Modern slavery statement 2021-87: RIP CURL GROUP PTY LTD,document,"{'content': 'RIP CURL GROUP PTY LTD (ABN 52 068 999 520) filed a single modern slavery statement with the Australian Modern Slavery Register for the reporting period 2020-01-01 to 2020-12-31. The reporting entity is headquartered in Australia. The reporting entity has an annual revenue band of 350-400M. The reporting entity operates in the industry sectors: Fashion, textiles, apparel and luxury goods. Register entry: https://modernslaveryregister.gov.au/statements/1172/.'}"
Modern slavery statement 2021-3578: MARQUIS MARKETING PTY LTD,document,"{'content': 'MARQUIS MARKETING PTY LTD (ABN 76 147 689 987) filed a single modern slavery statement with the Australian Modern Slavery Register for the reporting period 2020-04-01 to 2021-03-30. The reporting entity is headquartered in Australia. The reporting entity has an annual revenue band of 200-250M. The reporting entity operates in the industry sectors: Food and beverages, agriculture and fishing. Register entry: https://modernslaveryregister.gov.au/statements/6723/.'}"
"Modern slavery statement 2021-2644: MIKI SHOKO CO., LTD.",document,"{'content': 'MIKI SHOKO CO., LTD. filed a single modern slavery statement with the Australian Modern Slavery Register for the reporting period 2020-03-01 to 2021-02-28. The reporting entity is headquartered in Japan. The reporting entity has an annual revenue band of 250-300M. The reporting entity operates in the industry sectors: Fashion, textiles, apparel and luxury goods. Register entry: https://modernslaveryregister.gov.au/statements/5421/.'}"
Modern slavery statement 2021-2493: RESOLUTE MINING LIMITED,document,"{'content': 'RESOLUTE MINING LIMITED (ABN 39 097 088 689) filed a single modern slavery statement with the Australian Modern Slavery Register for the reporting period 2020-07-01 to 2021-06-30. The reporting entity is headquartered in Australia. The reporting entity has an annual revenue band of 700-800M. The reporting entity operates in the industry sectors: Mining, metals, chemicals and resources (including oil and gas). Register entry: https://modernslaveryregister.gov.au/statements/5169/.'}"
Modern slavery statement 2023-311: QUIKSILVER AUSTRALIA PTY LTD,document,"{'content': 'QUIKSILVER AUSTRALIA PTY LTD (ABN 20 091 136 195) filed a single modern slavery statement with the Australian Modern Slavery Register for the reporting period 2021-11-01 to 2022-10-31. The reporting entity is headquartered in Australia. The reporting entity has an annual revenue band of 600-700M. The reporting entity operates in the industry sectors: Fashion, textiles, apparel and luxury goods. Register entry: https://modernslaveryregister.gov.au/statements/12533/.'}"
Modern slavery statement 2023-1707: UNITED FACILITY GROUP PTY LTD,document,{'content': 'UNITED FACILITY GROUP PTY LTD (ABN 88 098 298 170) filed a single modern slavery statement with the Australian Modern Slavery Register for the reporting period 2022-07-01 to 2023-06-30. The reporting entity is headquartered in Australia. The reporting entity has an annual revenue band of 0-99M. The reporting entity operates in the industry sectors: Cleaning and security services. Register entry: https://modernslaveryregister.gov.au/statements/14483/.'}
Modern slavery statement 2024-2014: ALTORA AG HOLDCO PTY LTD,document,"{'content': 'ALTORA AG HOLDCO PTY LTD (ABN 29 630 396 619) filed a single modern slavery statement with the Australian Modern Slavery Register for the reporting period 2023-04-01 to 2024-03-31. The reporting entity is headquartered in Australia. The reporting entity has an annual revenue band of 200-250M. The reporting entity operates in the industry sectors: Food and beverages, agriculture and fishing. The statement also covers the included entities: ALTORA AG DB PTY LTD (25 614 043 873), ALTORA AG PTY LTD (35 003 514 421), ALTORA AG SERVICES PTY LTD (82 630 396 468). Register entry: https://modernslaveryregister.gov.au/statements/19333/.'}"
Modern slavery statement 2021-3732: ECL SOLUTIONS PTY. LTD.,document,"{'content': 'ECL SOLUTIONS PTY. LTD. (ABN 89 122 823 241) filed a joint modern slavery statement with the Australian Modern Slavery Register for the reporting period 2020-07-01 to 2021-06-30. The reporting entity is headquartered in Australia. The reporting entity has an annual revenue band of 100-150M. The reporting entity operates in the industry sectors: Financial, insurance and real estate activities. Register entry: https://modernslaveryregister.gov.au/statements/7099/.'}"
Modern slavery statement 2024-1023: GoldlinQ Holdings Pty Ltd,document,"{'content': 'GoldlinQ Holdings Pty Ltd filed a single modern slavery statement with the Australian Modern Slavery Register for the reporting period 2023-01-01 to 2023-12-31. The reporting entity is headquartered in Australia. The reporting entity has an annual revenue band of 250-300M. The reporting entity operates in the industry sectors: Transportation, logistics, and storage. The statement also covers the included entities: GOLDLINQ 3 HOLDINGS PTY LTD (13 644 235 781), GOLDLINQ 3 PTY LTD (56 644 248 993). Register entry: https://modernslaveryregister.gov.au/statements/18275/.'}"
"Modern slavery statement 2025-3258: NORTH QUEENSLAND AIRPORTS NO. 1 (MACKAY) PTY LIMITED, NORTH QUEENSLAND AIRPORTS NO. 2 (MACKAY) PTY LIMITED",document,"{'content': 'NORTH QUEENSLAND AIRPORTS NO. 1 (MACKAY) PTY LIMITED, NORTH QUEENSLAND AIRPORTS NO. 2 (MACKAY) PTY LIMITED filed a joint modern slavery statement with the Australian Modern Slavery Register for the reporting period 2024-07-01 to 2025-06-30. The reporting entity is headquartered in Australia. The reporting entity has an annual revenue band of 100-150M. The reporting entity operates in the industry sectors: Other Services Transport, Postal and Warehousing. Register entry: https://modernslaveryregister.gov.au/statements/26273/.'}"
Modern slavery statement 2025-2243: CROWN EQUIPMENT PTY. LIMITED,document,{'content': 'CROWN EQUIPMENT PTY. LIMITED filed a single modern slavery statement with the Australian Modern Slavery Register for the reporting period 2024-04-01 to 2025-03-31. The reporting entity is headquartered in United States of America. The reporting entity has an annual revenue band of 350-400M. The reporting entity operates in the industry sectors: Manufacturing. The statement also covers the included entities: CROWN LIFT TRUCKS AUSTRALIA PTY. LIMITED. Register entry: https://modernslaveryregister.gov.au/statements/24752/.'}
"Modern slavery statement 2023-1392: CK BIDCO PTY. LTD., CK HOLDCO PTY. LTD., CULTURE KINGS BRISBANE PTY LTD, CULTURE KINGS GOLD COAST PTY LTD, CULTURE KINGS GROUP PTY LTD, CULTURE KINGS MELBOURNE PTY LTD, Culture Kings NZ Limited NZ Company Number: 7909157, CULTURE KINGS PERTH PTY LTD, Culture Kings Pty Ltd, CULTURE KINGS SYDNEY PTY LTD, DXXM Life IP Pty Ltd, Pyra IP Pty Ltd, TF APPAREL PTY LTD, TF INTELLECTUAL PROPERTY PTY LTD, TF IP Investments Pty Ltd",document,"{'content': 'CK BIDCO PTY. LTD., CK HOLDCO PTY. LTD., CULTURE KINGS BRISBANE PTY LTD, CULTURE KINGS GOLD COAST PTY LTD, CULTURE KINGS GROUP PTY LTD, CULTURE KINGS MELBOURNE PTY LTD, Culture Kings NZ Limited NZ Company Number: 7909157, CULTURE KINGS PERTH PTY LTD, Culture Kings Pty Ltd, CULTURE KINGS SYDNEY PTY LTD, DXXM Life IP Pty Ltd, Pyra IP Pty Ltd, TF APPAREL PTY LTD, TF INTELLECTUAL PROPERTY PTY LTD, TF IP Investments Pty Ltd filed a joint modern slavery statement with the Australian Modern Slavery Register for the reporting period 2022-01-01 to 2022-12-31. The reporting entity is headquartered in Australia. The reporting entity has an annual revenue band of 400-450M. The reporting entity operates in the industry sectors: Fashion, textiles, apparel and luxury goods. Register entry: https://modernslaveryregister.gov.au/statements/13626/.'}"
Modern slavery statement 2022-3095: CAIRNTON HOLDINGS PTY LIMITED & CASTWO PTY LTD & CAVALANE HOLDINGS PTY LIMITED et al.,document,"{'content': 'CAIRNTON HOLDINGS PTY LIMITED (ABN 79 008 394 134), CASTWO PTY LTD (ABN 91 084 494 520), CAVALANE HOLDINGS PTY LIMITED (ABN 20 080 695 754), CONSOLIDATED PRESS (FINANCE) PTY LTD (ABN 22 001 557 035), CPH CROWN HOLDINGS PTY LIMITED (ABN 25 603 296 804), CPH ZHAOPIN I PTY LIMITED (ABN 95 603 298 344) and Hoyts Cinemas America (Aus) Limited, Wilbur Holdings Aus. Pty Limited filed a joint modern slavery statement with the Australian Modern Slavery Register for the reporting period 2021-07-01 to 2022-06-30. The reporting entities are headquartered in Australia. The reporting entities have an annual revenue band of 1BN+. The reporting entities operate in the industry sectors: Other. Register entry: https://modernslaveryregister.gov.au/statements/12041/.'}"
Modern slavery statement 2023-2428: TABCORP HOLDINGS LIMITED,document,"{'content': 'TABCORP HOLDINGS LIMITED (ABN 66 063 780 709) filed a joint modern slavery statement with the Australian Modern Slavery Register for the reporting period 2022-07-01 to 2023-06-30. The reporting entity is headquartered in Australia. The reporting entity has an annual revenue band of 1BN+. The reporting entity operates in the industry sectors: Other. The statement also covers the included entities: MAXGAMING HOLDINGS PTY LTD. (86 079 909 541), SKY CHANNEL PTY. LTD. (77 009 136 010), TABCORP ASSETS PTY LTD (73 064 303 920), TABCORP FINANCE PTY LTD (74 108 197 084), TABCORP INTERNATIONAL NO. 4 PTY LTD (41 146 788 614), TABCORP INTERNATIONAL PTY LTD (26 006 574 652), TABCORP MAXGAMING HOLDINGS LIMITED (19 108 686 040), TABCORP WAGERING PARTICIPANT (VIC) PTY LTD (59 154 418 489), Tabcorp Wagering (Vic) Pty Ltd (37 134 587 107), TAB LIMITED (17 081 765 308), UBET QLD LIMITED (84 085 691 738). Register entry: https://modernslaveryregister.gov.au/statements/15503/.'}"
Modern slavery statement 2024-2400: DEFENCE BANK LIMITED,document,"{'content': 'DEFENCE BANK LIMITED (ABN 57 087 651 385) filed a single modern slavery statement with the Australian Modern Slavery Register for the reporting period 2023-07-01 to 2024-06-30. The reporting entity is headquartered in Australia. The reporting entity has an annual revenue band of 150-200M. The reporting entity operates in the industry sectors: Financial, insurance and real estate activities. The statement also covers the included entities: DBL Funding trust No. 1. Register entry: https://modernslaveryregister.gov.au/statements/20060/.'}"
Modern slavery statement 2021-1506: PEPPER GROUP PTY LIMITED,document,"{'content': 'PEPPER GROUP PTY LIMITED (ABN 55 094 317 665) filed a joint modern slavery statement with the Australian Modern Slavery Register for the reporting period 2020-01-01 to 2020-12-31. The reporting entity is headquartered in Australia. The reporting entity has an annual revenue band of 1BN+. The reporting entity operates in the industry sectors: Financial, insurance and real estate activities. Register entry: https://modernslaveryregister.gov.au/statements/3537/.'}"
Modern slavery statement 2024-23: DRAKE SUPERMARKETS PTY LTD,document,{'content': 'DRAKE SUPERMARKETS PTY LTD (ABN 57 109 544 416) filed a single modern slavery statement with the Australian Modern Slavery Register for the reporting period 2022-07-01 to 2023-06-30. The reporting entity is headquartered in Australia. The reporting entity has an annual revenue band of 900M-1BN. The reporting entity operates in the industry sectors: Other. Register entry: https://modernslaveryregister.gov.au/statements/16744/.'}
Modern slavery statement 2024-2310: TAYLOR CORPORATION PTY LTD,document,"{'content': 'TAYLOR CORPORATION PTY LTD (ABN 40 146 589 344) filed a joint modern slavery statement with the Australian Modern Slavery Register for the reporting period 2023-07-01 to 2024-06-30. The reporting entity is headquartered in Australia. The reporting entity has an annual revenue band of 500-600M. The reporting entity operates in the industry sectors: Construction, civil engineering and building products. The statement also covers the included entities: POST OFFICE BONDI PTY LTD (16 618 420 652), TAYLOR CONSTRUCTION GROUP PTY LTD (25 067 428 344), TAYLOR DEVELOPMENTS GROUP PTY LTD (30 096 851 697), TAYLOR KINGSWAY PTY LTD (24 604 293 030). Register entry: https://modernslaveryregister.gov.au/statements/19943/.'}"
Modern slavery statement 2022-2736: BRENNAN VDI PTY LTD,document,{'content': 'BRENNAN VDI PTY LTD (ABN 38 125 976 007) filed a single modern slavery statement with the Australian Modern Slavery Register for the reporting period 2021-07-01 to 2022-06-30. The reporting entity is headquartered in Australia. The reporting entity has an annual revenue band of 150-200M. The reporting entity operates in the industry sectors: Information technology and telecommunication. Register entry: https://modernslaveryregister.gov.au/statements/11622/.'}
Modern slavery statement 2024-2247: UNDERGROUND CONSTRUCTION ALLIANCE PTY LTD,document,"{'content': 'UNDERGROUND CONSTRUCTION ALLIANCE PTY LTD filed a single modern slavery statement with the Australian Modern Slavery Register for the reporting period 2023-07-01 to 2024-06-30. The reporting entity is headquartered in Australia. The reporting entity has an annual revenue band of 100-150M. The reporting entity operates in the industry sectors: Mining, metals, chemicals and resources (including oil and gas). Register entry: https://modernslaveryregister.gov.au/statements/19851/.'}"
Modern slavery statement 2023-1812: eNett International (Singapore) Pte Ltd,document,"{'content': 'eNett International (Singapore) Pte Ltd filed a joint modern slavery statement with the Australian Modern Slavery Register for the reporting period 2022-07-01 to 2023-06-30. The reporting entity is headquartered in Singapore. The reporting entity has an annual revenue band of 700-800M. The reporting entity operates in the industry sectors: Financial, insurance and real estate activities. Register entry: https://modernslaveryregister.gov.au/statements/14601/.'}"
Modern slavery statement 2022-34: UNITING (NSW.ACT),document,{'content': 'UNITING (NSW.ACT) (ABN 78 722 539 923) filed a single modern slavery statement with the Australian Modern Slavery Register for the reporting period 2020-07-01 to 2021-06-30. The reporting entity is headquartered in Australia. The reporting entity has an annual revenue band of 800-900M. The reporting entity operates in the industry sectors: Healthcare and pharmaceuticals. Register entry: https://modernslaveryregister.gov.au/statements/7742/.'}
Modern slavery statement 2023-671: TRI-STAR AUSTRALIA HOLDING COMPANY & TRI-STAR E&P PTY LTD,document,"{'content': 'TRI-STAR AUSTRALIA HOLDING COMPANY (ABN 65 109 075 078) and TRI-STAR E&P PTY LTD (ABN 79 629 728 605) filed a joint modern slavery statement with the Australian Modern Slavery Register for the reporting period 2022-01-01 to 2022-12-31. The reporting entities are headquartered in Australia. The reporting entities have an annual revenue band of 150-200M. The reporting entities operate in the industry sectors: Mining, metals, chemicals and resources (including oil and gas). Register entry: https://modernslaveryregister.gov.au/statements/13086/.'}"
Modern slavery statement 2021-3736: CITYWIDE SERVICE SOLUTIONS PTY LTD,document,"{'content': 'CITYWIDE SERVICE SOLUTIONS PTY LTD (ABN 94 066 960 085) filed a single modern slavery statement with the Australian Modern Slavery Register for the reporting period 2020-07-01 to 2021-06-30. The reporting entity is headquartered in Australia. The reporting entity has an annual revenue band of 300-350M. The reporting entity operates in the industry sectors: Utilities: gas, water and electricity Waste management and recycling Construction, civil engineering and building products. Register entry: https://modernslaveryregister.gov.au/statements/7107/.'}"
Modern slavery statement 2025-2180: NORTH QUEENSLAND EXPORT TERMINAL HOLDINGS PTY LTD & NORTH QUEENSLAND EXPORT TERMINAL PTY LTD,document,"{'content': 'NORTH QUEENSLAND EXPORT TERMINAL HOLDINGS PTY LTD (ABN 17 154 644 685) and NORTH QUEENSLAND EXPORT TERMINAL PTY LTD (ABN 93 149 298 206) filed a joint modern slavery statement with the Australian Modern Slavery Register for the reporting period 2024-04-01 to 2025-03-31. The reporting entities are headquartered in Australia. The reporting entities have an annual revenue band of 300-350M. The reporting entities operate in the industry sectors: Transport, Postal and Warehousing. Register entry: https://modernslaveryregister.gov.au/statements/24672/.'}"
Modern slavery statement 2021-3667: AUSTIN HEALTH,document,{'content': 'AUSTIN HEALTH (ABN 96 237 388 063) filed a single modern slavery statement with the Australian Modern Slavery Register for the reporting period 2020-07-01 to 2021-06-30. The reporting entity is headquartered in Australia. The reporting entity has an annual revenue band of 1BN+. The reporting entity operates in the industry sectors: Healthcare and pharmaceuticals. Register entry: https://modernslaveryregister.gov.au/statements/7016/.'}
Modern slavery statement 2022-2154: FOGHORN HOLDINGS PTY LTD & Macpac Group Holdings Pty Ltd & MACPAC HOLDINGS PTY LTD et al.,document,"{'content': 'FOGHORN HOLDINGS PTY LTD (ABN 87 122 558 874), Macpac Group Holdings Pty Ltd (ABN 00 638 577 625), MACPAC HOLDINGS PTY LTD (ABN 22 609 407 436), Macpac Retail Pty. Ltd. (ABN 98 129 716 025), MP FINCO PTY LIMITED (ABN 97 634 448 598), REBEL GROUP LIMITED (ABN 97 110 006 678), REBEL SPORT LIMITED (ABN 78 003 283 823), SRG LEISURE RETAIL PTY LTD (ABN 51 110 667 411), SUPER CHEAP AUTO PTY LTD (ABN 64 085 395 124) and SUPER RETAIL GROUP LIMITED (ABN 81 108 676 204) filed a joint modern slavery statement with the Australian Modern Slavery Register for the reporting period 2021-06-27 to 2022-07-02. The reporting entities are headquartered in Australia. The reporting entities have an annual revenue band of 1BN+. The reporting entities operate in the industry sectors: Automotive, machinery and heavy electrical equipment Durable consumer goods, including electronics and appliances, home furnishings and other accessories Fashion, textiles, apparel and luxury goods Other. Register entry: https://modernslaveryregister.gov.au/statements/10722/.'}"
"Modern slavery statement 2024-3055: TAD HOLDCO PTY LTD, TRIP A DEAL HOLDINGS PTY LTD, Trip A Deal Pty Ltd",document,"{'content': 'TAD HOLDCO PTY LTD, TRIP A DEAL HOLDINGS PTY LTD, Trip A Deal Pty Ltd filed a joint modern slavery statement with the Australian Modern Slavery Register for the reporting period 2023-07-01 to 2024-06-30. The reporting entity is headquartered in Australia. The reporting entity has an annual revenue band of 300-350M. The reporting entity operates in the industry sectors: Consumer services, including accommodation, hospitality, tourism and leisure. The statement also covers the included entities: PHONE A FLIGHT PTY LTD. Register entry: https://modernslaveryregister.gov.au/statements/20953/.'}"
Modern slavery statement 2021-239: AUSTRALIAN DEFENCE APPAREL PTY LTD,document,"{'content': 'AUSTRALIAN DEFENCE APPAREL PTY LTD (ABN 67 006 898 906) filed a single modern slavery statement with the Australian Modern Slavery Register for the reporting period 2019-06-01 to 2020-05-31. The reporting entity is headquartered in Australia. The reporting entity has an annual revenue band of 100-150M. The reporting entity operates in the industry sectors: Fashion, textiles, apparel and luxury goods. Register entry: https://modernslaveryregister.gov.au/statements/1509/.'}"
Modern slavery statement 2022-2776: Direct Connect Australia Pty Ltd & Lumo Energy Australia Pty Ltd & Red Energy Pty Limited et al.,document,"{'content': 'Direct Connect Australia Pty Ltd (ABN 20 110 316 973), Lumo Energy Australia Pty Ltd (ABN 69 100 528 327), Red Energy Pty Limited (ABN 60 107 479 372) and Snowy Hydro Limited (ABN 17 090 574 431) filed a joint modern slavery statement with the Australian Modern Slavery Register for the reporting period 2021-07-01 to 2022-06-30. The reporting entities are headquartered in Australia. The reporting entities have an annual revenue band of 1BN+. The reporting entities operate in the industry sectors: Utilities: gas, water and electricity. Register entry: https://modernslaveryregister.gov.au/statements/11664/.'}"
Modern slavery statement 2024-878: AAPC LIMITED & AAPC PROPERTIES PTY LIMITED & ACCOR AUSTRALIA & NEW ZEALAND HOSPITALITY PTY LIMITED et al.,document,"{'content': 'AAPC LIMITED (ABN 87 009 175 820), AAPC PROPERTIES PTY LIMITED (ABN 17 065 560 885), ACCOR AUSTRALIA & NEW ZEALAND HOSPITALITY PTY LIMITED (ABN 74 002 462 017) and SAVILLE HOTEL GROUP PTY LTD (ABN 33 002 563 920) filed a joint modern slavery statement with the Australian Modern Slavery Register for the reporting period 2023-01-01 to 2023-12-31. The reporting entities are headquartered in France. The reporting entities have an annual revenue band of 0-99M. The reporting entities operate in the industry sectors: Consumer services, including accommodation, hospitality, tourism and leisure. The statement also covers the included entities: AAPC PROPERTIES PTY LIMITED (17 065 560 885), ACCOR AUSTRALIA & NEW ZEALAND HOSPITALITY PTY LIMITED (74 002 462 017), SAVILLE HOTEL GROUP PTY LTD (33 002 563 920). Register entry: https://modernslaveryregister.gov.au/statements/18061/.'}"
Modern slavery statement 2024-1256: ESCO AUSTRALIA HOLDINGS PTY LIMITED,document,"{'content': 'ESCO AUSTRALIA HOLDINGS PTY LIMITED (ABN 14 140 443 223) filed a single modern slavery statement with the Australian Modern Slavery Register for the reporting period 2023-01-01 to 2023-12-31. The reporting entity is headquartered in Australia. The reporting entity has an annual revenue band of 100-150M. The reporting entity operates in the industry sectors: Mining, metals, chemicals and resources (including oil and gas). The statement also covers the included entities: ESCO Dunedin Pty Limited, ESCO Group Holdings Pty Limited, ESCO Northgate Pty Limited, ESCO Engineering Pty Limited, ESCO Engineering Kingaroy Pty Limited. Register entry: https://modernslaveryregister.gov.au/statements/18582/.'}"
Modern slavery statement 2024-1588: HOLCIM PARTICIPATIONS (AUSTRALIA) PTY LTD,document,"{'content': 'HOLCIM PARTICIPATIONS (AUSTRALIA) PTY LTD (ABN 46 122 401 405) filed a single modern slavery statement with the Australian Modern Slavery Register for the reporting period 2023-01-01 to 2023-12-31. The reporting entity is headquartered in Australia. The reporting entity has an annual revenue band of 1BN+. The reporting entity operates in the industry sectors: Construction, civil engineering and building products. The statement also covers the included entities: Broadway & Frame Premix Concrete Pty Ltd (76 106 469 363), EXCEL CONCRETE PTY LTD (74 010 891 773), HOLCIM (AUSTRALIA) HOLDINGS PTY LTD (53 003 433 118), HOLCIM (AUSTRALIA) PTY LTD (87 099 732 297), VIC MIX CONCRETE PTY LTD. Register entry: https://modernslaveryregister.gov.au/statements/18921/.'}"
Modern slavery statement 2021-755: GOODSTONE INTERNATIONAL PTY LTD & INTEGRATED PACKAGING GROUP PTY LTD & PRO-PAC GROUP PTY LIMITED et al.,document,"{'content': 'GOODSTONE INTERNATIONAL PTY LTD (ABN 36 070 661 460), INTEGRATED PACKAGING GROUP PTY LTD (ABN 89 132 697 664), PRO-PAC GROUP PTY LIMITED (ABN 50 095 393 776), PRO-PAC INDUSTRIAL GROUP PTY LIMITED (ABN 32 104 805 361), PRO-PAC PACKAGING (AUST) PTY. LIMITED (ABN 12 059 499 660) and PRO-PAC PACKAGING LIMITED (ABN 36 112 971 874) filed a joint modern slavery statement with the Australian Modern Slavery Register for the reporting period 2020-01-01 to 2020-12-31. The reporting entities are headquartered in Australia. The reporting entities have an annual revenue band of 1BN+. The reporting entities operate in the industry sectors: Forestry, timber products, paper and containers and packaging Other. Register entry: https://modernslaveryregister.gov.au/statements/2445/.'}"
Modern slavery statement 2021-1818: Bissell Australia Pty Ltd & BISSELL INTERNATIONAL TRADING COMPANY,document,"{'content': 'Bissell Australia Pty Ltd (ABN 29 125 769 422) and BISSELL INTERNATIONAL TRADING COMPANY filed a joint modern slavery statement with the Australian Modern Slavery Register for the reporting period 2020-01-01 to 2020-12-31. The reporting entities are headquartered in United States of America. The reporting entities have an annual revenue band of 0-99M. The reporting entities operate in the industry sectors: Durable consumer goods, including electronics and appliances, home furnishings and other accessories. Register entry: https://modernslaveryregister.gov.au/statements/4151/.'}"
Modern slavery statement 2025-711: RAYTHEON AUSTRALIA PTY LTD,document,{'content': 'RAYTHEON AUSTRALIA PTY LTD (ABN 35 063 709 295) filed a single modern slavery statement with the Australian Modern Slavery Register for the reporting period 2024-01-01 to 2024-12-31. The reporting entity is headquartered in Australia. The reporting entity has an annual revenue band of 700-800M. The reporting entity operates in the industry sectors: Defence and aerospace. Register entry: https://modernslaveryregister.gov.au/statements/22715/.'}
Modern slavery statement 2025-3122: RICHARD CROOKES CONSTRUCTIONS PTY. LIMITED,document,{'content': 'RICHARD CROOKES CONSTRUCTIONS PTY. LIMITED (ABN 33 001 375 266) filed a single modern slavery statement with the Australian Modern Slavery Register for the reporting period 2024-07-01 to 2025-06-30. The reporting entity is headquartered in Australia. The reporting entity has an annual revenue band of 1BN+. The reporting entity operates in the industry sectors: Construction. Register entry: https://modernslaveryregister.gov.au/statements/26067/.'}
Modern slavery statement 2020-10: BT AUSTRALASIA PTY LIMITED,document,{'content': 'BT AUSTRALASIA PTY LIMITED (ABN 93 003 050 146) filed a joint modern slavery statement with the Australian Modern Slavery Register for the reporting period 2019-04-01 to 2020-03-30. The reporting entity is headquartered in United Kingdom. The reporting entity has an annual revenue band of 200-250M. The reporting entity operates in the industry sectors: Information technology and telecommunication. Register entry: https://modernslaveryregister.gov.au/statements/41/.'}
Modern slavery statement 2021-686: SYDNEY FISH MARKET PTY LTD,document,"{'content': 'SYDNEY FISH MARKET PTY LTD (ABN 24 064 254 306) filed a single modern slavery statement with the Australian Modern Slavery Register for the reporting period 2020-01-01 to 2020-12-31. The reporting entity is headquartered in Australia. The reporting entity has an annual revenue band of 100-150M. The reporting entity operates in the industry sectors: Food and beverages, agriculture and fishing. Register entry: https://modernslaveryregister.gov.au/statements/2340/.'}"
Modern slavery statement 2022-2054: INDIGENOUS BUSINESS AUSTRALIA,document,"{'content': 'INDIGENOUS BUSINESS AUSTRALIA (ABN 25 192 932 833) filed a joint modern slavery statement with the Australian Modern Slavery Register for the reporting period 2021-07-01 to 2022-06-30. The reporting entity is headquartered in Australia. The reporting entity has an annual revenue band of 350-400M. The reporting entity operates in the industry sectors: Financial, insurance and real estate activities. Register entry: https://modernslaveryregister.gov.au/statements/10714/.'}"
Modern slavery statement 2022-486: ADOBE SYSTEMS PTY LTD,document,{'content': 'ADOBE SYSTEMS PTY LTD (ABN 72 054 247 835) filed a single modern slavery statement with the Australian Modern Slavery Register for the reporting period 2020-11-28 to 2021-12-03. The reporting entity is headquartered in United States of America. The reporting entity has an annual revenue band of 600-700M. The reporting entity operates in the industry sectors: Information technology and telecommunication. Register entry: https://modernslaveryregister.gov.au/statements/8396/.'}
Modern slavery statement 2025-796: PEPSICO FOODS GROUP PTY LTD & THE SMITH'S SNACKFOOD COMPANY PTY LIMITED,document,"{'content': ""PEPSICO FOODS GROUP PTY LTD (ABN 71 122 527 137) and THE SMITH'S SNACKFOOD COMPANY PTY LIMITED (ABN 31 057 976 940) filed a joint modern slavery statement with the Australian Modern Slavery Register for the reporting period 2024-01-01 to 2024-12-31. The reporting entities are headquartered in Australia, United States of America. The reporting entities have an annual revenue band of 1BN+. The reporting entities operate in the industry sectors: Food and beverages, agriculture and fishing. The statement also covers the included entities: PEPSICO ANZ HOLDINGS PTY LTD (56 610 084 716), PEPSICO AUSTRALIA HOLDINGS PTY LIMITED (25 079 719 743), QUAKER OATS AUSTRALIA PTY LTD (73 065 540 865), SAKATA RICE SNACKS AUSTRALIA PTY LTD (94 064 157 026). Register entry: https://modernslaveryregister.gov.au/statements/22841/.""}"
Modern slavery statement 2022-1652: ARENA REIT LIMITED,document,"{'content': 'ARENA REIT LIMITED (ABN 89 602 365 186) filed a single modern slavery statement with the Australian Modern Slavery Register for the reporting period 2021-07-01 to 2022-06-30. The reporting entity is headquartered in Australia. The reporting entity has an annual revenue band of 0-99M. The reporting entity operates in the industry sectors: Financial, insurance and real estate activities. Register entry: https://modernslaveryregister.gov.au/statements/10116/.'}"
"Modern slavery statement 2023-1261: TESLA MOTORS AUSTRALIA, PTY LTD",document,"{'content': 'TESLA MOTORS AUSTRALIA, PTY LTD (ABN 68 142 889 816) filed a joint modern slavery statement with the Australian Modern Slavery Register for the reporting period 2022-01-01 to 2022-12-31. The reporting entity is headquartered in United States of America. The reporting entity has an annual revenue band of 1BN+. The reporting entity operates in the industry sectors: Automotive, machinery and heavy electrical equipment. Register entry: https://modernslaveryregister.gov.au/statements/13904/.'}"
Modern slavery statement 2023-2375: INDIGENOUS BUSINESS AUSTRALIA,document,"{'content': 'INDIGENOUS BUSINESS AUSTRALIA (ABN 25 192 932 833) filed a joint modern slavery statement with the Australian Modern Slavery Register for the reporting period 2022-07-01 to 2023-06-30. The reporting entity is headquartered in Australia. The reporting entity has an annual revenue band of 300-350M. The reporting entity operates in the industry sectors: Financial, insurance and real estate activities. The statement also covers the included entities: BOOKITJA PTY LTD & IBA NORTHAM SOLAR PTY LTD (27 972 181 559), CROCODILE HOTEL PTY LTD (57 663 524 061), DARWIN HOTEL PARTNERSHIP (11 848 989 667), IBA Funds, IBA RETAIL ASSET MANAGEMENT PTY LTD (69 604 304 172), Ikara Wilpena Enterprises Pty Ltd (75 155 337 474), KAKADU TOURISM (GLC) PTY LIMITED (74 087 366 336), MARLBA MAYA PTY LIMITED (42 058 419 659), TENNANT FOOD BARN (98 562 889 218). Register entry: https://modernslaveryregister.gov.au/statements/15401/.'}"
Modern slavery statement 2021-2432: INTERVET AUSTRALIA PTY LIMITED & INTERVET SCHERING-PLOUGH ANIMAL HEALTH PTY LTD & MERCK SHARP & DOHME (AUSTRALIA) PTY LTD et al.,document,"{'content': 'INTERVET AUSTRALIA PTY LIMITED (ABN 79 008 467 034), INTERVET SCHERING-PLOUGH ANIMAL HEALTH PTY LTD (ABN 99 134 212 749), MERCK SHARP & DOHME (AUSTRALIA) PTY LTD (ABN 14 000 173 508), MERCK SHARP & DOHME (HOLDINGS) PTY LTD (ABN 57 000 235 245), ORGANON PHARMA PTY LTD (ABN 54 637 107 512) and VIRALYTICS LIMITED (ABN 12 010 657 351) filed a joint modern slavery statement with the Australian Modern Slavery Register for the reporting period 2020-01-01 to 2020-12-31. The reporting entities are headquartered in Australia, United States of America. The reporting entities have an annual revenue band of 1BN+. The reporting entities operate in the industry sectors: Healthcare and pharmaceuticals. Register entry: https://modernslaveryregister.gov.au/statements/5071/.'}"
Modern slavery statement 2021-776: APPLE PTY LIMITED,document,"{'content': 'APPLE PTY LIMITED (ABN 46 002 510 054) filed a single modern slavery statement with the Australian Modern Slavery Register for the reporting period 2020-01-01 to 2020-12-31. The reporting entity is headquartered in Australia. The reporting entity has an annual revenue band of 1BN+. The reporting entity operates in the industry sectors: Durable consumer goods, including electronics and appliances, home furnishings and other accessories Information technology and telecommunication. Register entry: https://modernslaveryregister.gov.au/statements/2475/.'}"
Modern slavery statement 2024-1072: BONDI SANDS AUSTRALIA PTY LTD & BONDI SANDS HOLD CO PTY LTD & KAO AUSTRALIA PTY. LIMITED,document,"{'content': 'BONDI SANDS AUSTRALIA PTY LTD (ABN 98 613 297 813), BONDI SANDS HOLD CO PTY LTD (ABN 78 640 233 889) and KAO AUSTRALIA PTY. LIMITED (ABN 59 054 708 299) filed a joint modern slavery statement with the Australian Modern Slavery Register for the reporting period 2023-01-01 to 2023-12-31. The reporting entities are headquartered in Australia. The reporting entities have an annual revenue band of 300-350M. The reporting entities operate in the industry sectors: Cosmetics and toiletries. Register entry: https://modernslaveryregister.gov.au/statements/18344/.'}"
Modern slavery statement 2021-410: ASGARD CAPITAL MANAGEMENT LTD & ASGARD WEALTH SOLUTIONS LTD & BT Financial Group Pty Limited et al.,document,"{'content': 'ASGARD CAPITAL MANAGEMENT LTD (ABN 92 009 279 592), ASGARD WEALTH SOLUTIONS LTD (ABN 28 009 143 597), BT Financial Group Pty Limited (ABN 38 087 480 331), BT FUNDS MANAGEMENT LIMITED (ABN 63 002 916 458), BT PORTFOLIO SERVICES LTD (ABN 73 095 055 208), CAPITAL FINANCE AUSTRALIA LIMITED (ABN 23 069 663 136), RAMS FINANCIAL GROUP PTY LIMITED (ABN 30 105 207 538), The Trustee for Crusade Trust No.2P of 2008 (ABN 54 656 327 299), THE TRUSTEE FOR SERIES 2008-1M WST TRUST (ABN 55 776 534 334), The trustee for the Westpac Covered Bond Trust (ABN 41 372 138 093), WESTPAC BANKING CORPORATION (ABN 33 007 457 141), WESTPAC EQUITY HOLDINGS PTY LTD (ABN 77 003 018 559), WESTPAC FINANCIAL SERVICES GROUP LTD (ABN 50 000 326 312), WESTPAC GENERAL INSURANCE LIMITED (ABN 99 003 719 319), WESTPAC GENERAL INSURANCE SERVICES LIMITED (ABN 63 005 274 368), WESTPAC LENDERS MORTGAGE INSURANCE LIMITED (ABN 60 074 042 934), WESTPAC LIFE INSURANCE SERVICES LIMITED (ABN 31 003 149 157), WESTPAC OVERSEAS HOLDINGS PTY LTD (ABN 64 003 116 452) and Westpac Securitisation Holdings Pty Limited (ABN 95 112 457 762) filed a joint modern slavery statement with the Australian Modern Slavery Register for the reporting period 2019-10-01 to 2020-09-30. The reporting entities are headquartered in Australia. The reporting entities have an annual revenue band of 1BN+. The reporting entities operate in the industry sectors: Financial, insurance and real estate activities. Register entry: https://modernslaveryregister.gov.au/statements/1809/.'}"
Modern slavery statement 2025-3717: SMRM HOLDINGS PTY LTD,document,"{'content': 'SMRM HOLDINGS PTY LTD filed a single modern slavery statement with the Australian Modern Slavery Register for the reporting period 2024-07-01 to 2025-06-30. The reporting entity is headquartered in Australia. The reporting entity has an annual revenue band of 1BN+. The reporting entity operates in the industry sectors: Other Services Transport, Postal and Warehousing. Register entry: https://modernslaveryregister.gov.au/statements/26565/.'}"
Modern slavery statement 2024-1392: SCHENKER AUSTRALIA PTY LTD,document,"{'content': 'SCHENKER AUSTRALIA PTY LTD filed a single modern slavery statement with the Australian Modern Slavery Register for the reporting period 2023-01-01 to 2023-12-31. The reporting entity is headquartered in Australia. The reporting entity has an annual revenue band of 800-900M. The reporting entity operates in the industry sectors: Transportation, logistics, and storage. Register entry: https://modernslaveryregister.gov.au/statements/18551/.'}"
Modern slavery statement 2021-93: ARNOTT'S BISCUITS LIMITED & ARNOTT'S HOLDCO PTY LTD & ARNOTTS PTY LTD et al.,document,"{'content': ""ARNOTT'S BISCUITS LIMITED (ABN 44 008 435 729), ARNOTT'S HOLDCO PTY LTD (ABN 80 007 245 105), ARNOTTS PTY LTD (ABN 41 000 003 001), CAMPBELL AUSTRALASIA PTY LTD (ABN 28 004 456 937), CHESAPEAKE BIDCO PTY LIMITED (ABN 50 635 108 851), CHESAPEAKE HOLDCO PTY LIMITED (ABN 17 635 109 081), SNACKING INVESTMENTS BIDCO PTY LIMITED (ABN 18 634 909 032), SNACKING INVESTMENTS HOLDCO PTY LIMITED (ABN 64 634 908 482) and SNACKING INVESTMENTS MEZZCO PTY LTD, SNACKING INVESTMENTS MIDCO PTY LTD filed a joint modern slavery statement with the Australian Modern Slavery Register for the reporting period 2019-07-29 to 2020-08-02. The reporting entities are headquartered in Australia. The reporting entities have an annual revenue band of 1BN+. The reporting entities operate in the industry sectors: Food and beverages, agriculture and fishing. Register entry: https://modernslaveryregister.gov.au/statements/1212/.""}"
Modern slavery statement 2021-907: MCDONALD JONES HOMES PTY LTD & McDonald Jones Homes (Sydney) Pty Ltd & MOJO HOMES PTY LIMITED,document,"{'content': 'MCDONALD JONES HOMES PTY LTD (ABN 59 089 524 050), McDonald Jones Homes (Sydney) Pty Ltd (ABN 65 135 576 680) and MOJO HOMES PTY LIMITED (ABN 31 166 754 696) filed a joint modern slavery statement with the Australian Modern Slavery Register for the reporting period 2019-07-01 to 2020-06-30. The reporting entities are headquartered in Australia. The reporting entities have an annual revenue band of 500-600M. The reporting entities operate in the industry sectors: Construction, civil engineering and building products. Register entry: https://modernslaveryregister.gov.au/statements/2080/.'}"
Modern slavery statement 2022-636: TURNER & TOWNSEND PTY LTD,document,"{'content': 'TURNER & TOWNSEND PTY LTD (ABN 84 115 688 830) filed a single modern slavery statement with the Australian Modern Slavery Register for the reporting period 2020-12-31 to 2021-06-30. The reporting entity is headquartered in United Kingdom. The reporting entity has an annual revenue band of 150-200M. The reporting entity operates in the industry sectors: Construction, civil engineering and building products Professional and administrative services and supplies, including legal, consulting and accounting services. Register entry: https://modernslaveryregister.gov.au/statements/8673/.'}"
Modern slavery statement 2022-654: AUDIKA AUSTRALIA PTY LTD & DEMANT AUSTRALIA PTY LTD,document,{'content': 'AUDIKA AUSTRALIA PTY LTD (ABN 40 061 969 006) and DEMANT AUSTRALIA PTY LTD (ABN 11 636 246 305) filed a joint modern slavery statement with the Australian Modern Slavery Register for the reporting period 2021-01-01 to 2021-12-31. The reporting entities are headquartered in Australia. The reporting entities have an annual revenue band of 500-600M. The reporting entities operate in the industry sectors: Healthcare and pharmaceuticals. Register entry: https://modernslaveryregister.gov.au/statements/8711/.'}
Modern slavery statement 2023-3401: RESMED ASIA PACIFIC LIMITED & RESMED HOLDINGS PTY LTD & RESMED PTY LTD,document,"{'content': 'RESMED ASIA PACIFIC LIMITED (ABN 86 070 076 470), RESMED HOLDINGS PTY LTD (ABN 28 003 765 133) and RESMED PTY LTD (ABN 30 003 765 142) filed a joint modern slavery statement with the Australian Modern Slavery Register for the reporting period 2022-07-01 to 2023-06-30. The reporting entities are headquartered in Australia, Canada, Singapore, United Kingdom, United States of America. The reporting entities have an annual revenue band of 1BN+. The reporting entities operate in the industry sectors: Durable consumer goods, including electronics and appliances, home furnishings and other accessories Healthcare and pharmaceuticals. The statement also covers the included entities: RESMED ASIA PACIFIC LIMITED (86 070 076 470), RESMED PTY LTD (30 003 765 142). Register entry: https://modernslaveryregister.gov.au/statements/16691/.'}"
Modern slavery statement 2024-570: SEKURO PTY LTD,document,"{'content': 'SEKURO PTY LTD (ABN 14 648 798 618) filed a single modern slavery statement with the Australian Modern Slavery Register for the reporting period 2023-01-01 to 2023-12-31. The reporting entity is headquartered in Australia. The reporting entity has an annual revenue band of 100-150M. The reporting entity operates in the industry sectors: Information technology and telecommunication Professional and administrative services and supplies, including legal, consulting and accounting services. The statement also covers the included entities: CXO SECURITY PTY LIMITED (17 616 528 502), NAVIRO HOLDINGS PTY LTD (36 627 205 181), NAVIRO PAYROLL PTY. LTD. (64 161 991 591), NAVIRO PTY LTD (47 133 618 818), PRIVASEC PTY. LTD. (44 603 476 768), SEKURO OPERATIONS PTY LTD (52 652 187 785), SOLISTA PTY. LTD. (26 165 301 879), SOLISTA (VICTORIA) PTY LTD (88 638 809 113). Register entry: https://modernslaveryregister.gov.au/statements/17125/.'}"
Modern slavery statement 2024-755: FLUOR AUSTRALIA PTY LTD,document,"{'content': 'FLUOR AUSTRALIA PTY LTD filed a single modern slavery statement with the Australian Modern Slavery Register for the reporting period 2023-01-01 to 2023-12-31. The reporting entity is headquartered in Australia. The reporting entity has an annual revenue band of 200-250M. The reporting entity operates in the industry sectors: Professional and administrative services and supplies, including legal, consulting and accounting services. Register entry: https://modernslaveryregister.gov.au/statements/17865/.'}"
Modern slavery statement 2021-3873: The Trustee for ERIC Alpha AUP Trust 1 & Others,document,"{'content': 'The Trustee for ERIC Alpha AUP Trust 1 & Others (ABN 30 179 420 673) filed a single modern slavery statement with the Australian Modern Slavery Register for the reporting period 2020-07-01 to 2021-06-30. The reporting entity is headquartered in Australia. The reporting entity has an annual revenue band of 100-150M. The reporting entity operates in the industry sectors: Utilities: gas, water and electricity Construction, civil engineering and building products. Register entry: https://modernslaveryregister.gov.au/statements/7315/.'}"
Modern slavery statement 2021-2866: JAMES HARDIE AUSTRALIA PTY LTD & RCI HOLDINGS PTY LTD,document,"{'content': 'JAMES HARDIE AUSTRALIA PTY LTD (ABN 12 084 635 558) and RCI HOLDINGS PTY LTD (ABN 55 101 671 121) filed a joint modern slavery statement with the Australian Modern Slavery Register for the reporting period 2020-04-01 to 2021-03-30. The reporting entities are headquartered in Australia. The reporting entities have an annual revenue band of 400-450M. The reporting entities operate in the industry sectors: Construction, civil engineering and building products. Register entry: https://modernslaveryregister.gov.au/statements/5747/.'}"
Modern slavery statement 2025-540: TIVOLI INVESTMENTS PTY LTD,document,"{'content': 'TIVOLI INVESTMENTS PTY LTD (ABN 90 165 718 070) filed a single modern slavery statement with the Australian Modern Slavery Register for the reporting period 2023-07-01 to 2024-06-30. The reporting entity is headquartered in Australia. The reporting entity has an annual revenue band of 300-350M. The reporting entity operates in the industry sectors: Food and beverages, agriculture and fishing. The statement also covers the included entities: HARVEST FRESHCUTS PTY LTD (52 067 682 875), INGUZ HARVEST PTY LTD (95 107 376 643), VEGCO PTY LTD (48 058 693 413). Register entry: https://modernslaveryregister.gov.au/statements/22460/.'}"
Modern slavery statement 2022-468: NEWELL AUSTRALIA PTY LIMITED & SUNBEAM CORPORATION PTY LTD,document,"{'content': 'NEWELL AUSTRALIA PTY LIMITED (ABN 68 075 071 233) and SUNBEAM CORPORATION PTY LTD (ABN 45 000 006 771) filed a joint modern slavery statement with the Australian Modern Slavery Register for the reporting period 2021-01-01 to 2021-12-31. The reporting entities are headquartered in Australia. The reporting entities have an annual revenue band of 200-250M. The reporting entities operate in the industry sectors: Durable consumer goods, including electronics and appliances, home furnishings and other accessories. Register entry: https://modernslaveryregister.gov.au/statements/8389/.'}"
Modern slavery statement 2023-2768: ONEFORTYONE PLANTATIONS HOLDINGS PTY LTD,document,"{'content': 'ONEFORTYONE PLANTATIONS HOLDINGS PTY LTD filed a joint modern slavery statement with the Australian Modern Slavery Register for the reporting period 2022-07-01 to 2023-06-30. The reporting entity is headquartered in Australia. The reporting entity has an annual revenue band of 600-700M. The reporting entity operates in the industry sectors: Forestry, timber products, paper and containers and packaging. The statement also covers the included entities: ONEFORTYONE PLANTATIONS HOLDINGS NO. 2 PTY LTD, ONEFORTYONE PLANTATIONS PTY LTD, ONEFORTYONE WOOD PRODUCTS PTY LTD. Register entry: https://modernslaveryregister.gov.au/statements/15969/.'}"
"Modern slavery statement 2024-2338: BRICKWORKS LTD & Brickworks Supply LLC, Glen-Gery Corporation, NUBRIK PTY LTD & THE AUSTRAL BRICK CO PTY LTD",document,"{'content': 'BRICKWORKS LTD (ABN 17 000 028 526), Brickworks Supply LLC, Glen-Gery Corporation, NUBRIK PTY LTD (ABN 59 004 028 559) and THE AUSTRAL BRICK CO PTY LTD (ABN 52 000 005 550) filed a joint modern slavery statement with the Australian Modern Slavery Register for the reporting period 2023-08-01 to 2024-07-31. The reporting entities are headquartered in Australia. The reporting entities have an annual revenue band of 1BN+. The reporting entities operate in the industry sectors: Construction, civil engineering and building products. Register entry: https://modernslaveryregister.gov.au/statements/19981/.'}"
Modern slavery statement 2025-148: PACIFIC SMILES GROUP LIMITED,document,"{'content': 'PACIFIC SMILES GROUP LIMITED (ABN 42 103 087 449) filed a single modern slavery statement with the Australian Modern Slavery Register for the reporting period 2023-07-01 to 2024-06-30. The reporting entity is headquartered in Australia. The reporting entity has an annual revenue band of 150-200M. The reporting entity operates in the industry sectors: Healthcare and pharmaceuticals. The statement also covers the included entities: DENTAL ASSISTANT TRAINING SOLUTIONS PTY LIMITED (83 120 336 503), Dentist Smiles Group Pty Limited (18 116 749 207), EVERYTHING DENTURES PTY LTD, PACIFIC EYES PTY LIMITED. Register entry: https://modernslaveryregister.gov.au/statements/21839/.'}"
Modern slavery statement 2023-1322: ATCO GAS AUSTRALIA NETWORKS PTY LTD & ATCO STRUCTURES & LOGISTICS PTY LTD,document,"{'content': 'ATCO GAS AUSTRALIA NETWORKS PTY LTD (ABN 24 659 123 636) and ATCO STRUCTURES & LOGISTICS PTY LTD (ABN 71 083 902 309) filed a joint modern slavery statement with the Australian Modern Slavery Register for the reporting period 2022-01-01 to 2022-12-31. The reporting entities are headquartered in Australia, Canada. The reporting entities have an annual revenue band of 300-350M. The reporting entities operate in the industry sectors: Utilities: gas, water and electricity Construction, civil engineering and building products. Register entry: https://modernslaveryregister.gov.au/statements/13971/.'}"
Modern slavery statement 2022-2110: J.N ABRAHAMS & Others & NORTON ROSE FULBRIGHT AUSTRALIA SERVICES PTY LTD,document,"{'content': 'J.N ABRAHAMS & Others (ABN 32 720 868 049) and NORTON ROSE FULBRIGHT AUSTRALIA SERVICES PTY LTD (ABN 51 091 227 486) filed a joint modern slavery statement with the Australian Modern Slavery Register for the reporting period 2021-07-01 to 2022-06-30. The reporting entities are headquartered in Australia. The reporting entities have an annual revenue band of 350-400M. The reporting entities operate in the industry sectors: Professional and administrative services and supplies, including legal, consulting and accounting services. Register entry: https://modernslaveryregister.gov.au/statements/10776/.'}"
Modern slavery statement 2024-2682: AUSTRALIAN RAIL TRACK CORPORATION LIMITED,document,"{'content': 'AUSTRALIAN RAIL TRACK CORPORATION LIMITED (ABN 75 081 455 754) filed a single modern slavery statement with the Australian Modern Slavery Register for the reporting period 2023-07-01 to 2024-06-30. The reporting entity is headquartered in Australia. The reporting entity has an annual revenue band of 800-900M. The reporting entity operates in the industry sectors: Construction, civil engineering and building products Transportation, logistics, and storage. The statement also covers the included entities: INLAND RAIL PTY LTD (73 094 819 520). Register entry: https://modernslaveryregister.gov.au/statements/20455/.'}"
Modern slavery statement 2024-3431: HARVEY NORMAN HOLDINGS LTD,document,"{'content': 'HARVEY NORMAN HOLDINGS LTD filed a single modern slavery statement with the Australian Modern Slavery Register for the reporting period 2023-07-01 to 2024-06-30. The reporting entity is headquartered in Australia. The reporting entity has an annual revenue band of 1BN+. The reporting entity operates in the industry sectors: Media, publishing, arts and entertainment Other. The statement also covers the included entities: Derni Pty Limited, GENERIC PUBLICATIONS PTY LIMITED, Yoogalu Pty Limited. Register entry: https://modernslaveryregister.gov.au/statements/21393/.'}"
Modern slavery statement 2024-414: BX Bunka Australia,document,"{'content': 'BX Bunka Australia filed a single modern slavery statement with the Australian Modern Slavery Register for the reporting period 2023-01-01 to 2023-12-31. The reporting entity is headquartered in Australia. The reporting entity has an annual revenue band of 200-250M. The reporting entity operates in the industry sectors: Construction, civil engineering and building products. The statement also covers the included entities: ARCO (QLD) PTY LTD (27 108 275 896), Doorworks Australia Pty Ltd (69 152 593 167), Max Door Solutions Pty Ltd (82 146 466 828), MiSiV Pty Ltd (51 109 750 950), SPRINT ROLLER SHUTTERS PTY LTD (73 634 410 718), STEEL-LINE GARAGE DOORS AUSTRALIA PTY LTD (52 124 164 003), STEEL-LINE GARAGE DOORS (WA) PTY LTD (41 092 508 499). Register entry: https://modernslaveryregister.gov.au/statements/17366/.'}"
Modern slavery statement 2021-3638: DYMOCKS HOLDINGS PTY LTD,document,{'content': 'DYMOCKS HOLDINGS PTY LTD (ABN 59 008 453 110) filed a single modern slavery statement with the Australian Modern Slavery Register for the reporting period 2020-07-01 to 2021-06-30. The reporting entity is headquartered in Australia. The reporting entity has an annual revenue band of 100-150M. The reporting entity operates in the industry sectors: Other. Register entry: https://modernslaveryregister.gov.au/statements/6979/.'}
Modern slavery statement 2025-1195: LIBERTY MUTUAL INSURANCE COMPANY,document,"{'content': 'LIBERTY MUTUAL INSURANCE COMPANY (ABN 61 086 083 605) filed a single modern slavery statement with the Australian Modern Slavery Register for the reporting period 2024-01-01 to 2024-12-31. The reporting entity is headquartered in United States of America. The reporting entity has an annual revenue band of 1BN+. The reporting entity operates in the industry sectors: Financial, insurance and real estate activities. Register entry: https://modernslaveryregister.gov.au/statements/23424/.'}"
Modern slavery statement 2024-1728: ACCESS SOFTWARE AUSTRALIA PTY LTD,document,{'content': 'ACCESS SOFTWARE AUSTRALIA PTY LTD (ABN 40 071 007 326) filed a single modern slavery statement with the Australian Modern Slavery Register for the reporting period 2023-07-01 to 2024-06-30. The reporting entity is headquartered in Australia. The reporting entity has an annual revenue band of 200-250M. The reporting entity operates in the industry sectors: Information technology and telecommunication. Register entry: https://modernslaveryregister.gov.au/statements/19134/.'}
Modern slavery statement 2021-4001: THE TRUSTEE FOR AUSTRALIAN PRIME PROPERTY FUND COMMERCIAL,document,"{'content': 'THE TRUSTEE FOR AUSTRALIAN PRIME PROPERTY FUND COMMERCIAL (ABN 55 197 181 326) filed a single modern slavery statement with the Australian Modern Slavery Register for the reporting period 2020-07-01 to 2021-06-30. The reporting entity is headquartered in Australia. The reporting entity has an annual revenue band of 100-150M. The reporting entity operates in the industry sectors: Financial, insurance and real estate activities. Register entry: https://modernslaveryregister.gov.au/statements/7405/.'}"
Modern slavery statement 2021-2790: BAIN INTERNATIONAL INC.,document,"{'content': 'BAIN INTERNATIONAL INC. (ABN 29 003 850 619) filed a single modern slavery statement with the Australian Modern Slavery Register for the reporting period 2020-01-01 to 2020-12-31. The reporting entity is headquartered in United States of America. The reporting entity has an annual revenue band of 150-200M. The reporting entity operates in the industry sectors: Professional and administrative services and supplies, including legal, consulting and accounting services. Register entry: https://modernslaveryregister.gov.au/statements/5639/.'}"
Modern slavery statement 2024-743: RETURNED & SERVICES LEAGUE OF AUSTRALIA (QUEENSLAND BRANCH),document,{'content': 'RETURNED & SERVICES LEAGUE OF AUSTRALIA (QUEENSLAND BRANCH) (ABN 79 902 601 713) filed a single modern slavery statement with the Australian Modern Slavery Register for the reporting period 2023-01-01 to 2023-12-31. The reporting entity is headquartered in Australia. The reporting entity has an annual revenue band of 200-250M. The reporting entity operates in the industry sectors: Charitable / not-for-profit activities. Register entry: https://modernslaveryregister.gov.au/statements/17847/.'}
Modern slavery statement 2025-410: Evolve Scientific Recruitment Pty Ltd & NES FIRCROFT AUSTRALIA PTY LTD & NES GLOBAL PTY LIMITED,document,"{'content': 'Evolve Scientific Recruitment Pty Ltd (ABN 59 142 104 783), NES FIRCROFT AUSTRALIA PTY LTD (ABN 58 100 091 245) and NES GLOBAL PTY LIMITED (ABN 14 130 240 452) filed a joint modern slavery statement with the Australian Modern Slavery Register for the reporting period 2023-11-01 to 2024-10-31. The reporting entities are headquartered in United Kingdom. The reporting entities have an annual revenue band of 400-450M. The reporting entities operate in the industry sectors: Other. Register entry: https://modernslaveryregister.gov.au/statements/22251/.'}"
Modern slavery statement 2025-279: HANNOVER RUECK SE,document,"{'content': 'HANNOVER RUECK SE (ABN 88 002 927 031) filed a single modern slavery statement with the Australian Modern Slavery Register for the reporting period 2024-01-01 to 2024-12-31. The reporting entity is headquartered in Australia. The reporting entity has an annual revenue band of 1BN+. The reporting entity operates in the industry sectors: Financial, insurance and real estate activities. Register entry: https://modernslaveryregister.gov.au/statements/22057/.'}"
Modern slavery statement 2023-725: LATITUDE FINANCE AUSTRALIA & The Trustee for Latitude Australia Credit Card Master Trust,document,"{'content': 'LATITUDE FINANCE AUSTRALIA (ABN 42 008 583 588) and The Trustee for Latitude Australia Credit Card Master Trust (ABN 50 549 133 761) filed a joint modern slavery statement with the Australian Modern Slavery Register for the reporting period 2022-01-01 to 2022-12-31. The reporting entities are headquartered in Australia. The reporting entities have an annual revenue band of 300-350M. The reporting entities operate in the industry sectors: Financial, insurance and real estate activities. Register entry: https://modernslaveryregister.gov.au/statements/13173/.'}"
Modern slavery statement 2022-2982: AESTHETICS AUSTRALIA FINANCE PTY LTD & AESTHETICS AUSTRALIA GROUP PTY LTD & AESTHETICS AUSTRALIA HOLDINGS PTY LTD et al.,document,"{'content': 'AESTHETICS AUSTRALIA FINANCE PTY LTD (ABN 15 621 040 533), AESTHETICS AUSTRALIA GROUP PTY LTD (ABN 40 621 040 640), AESTHETICS AUSTRALIA HOLDINGS PTY LTD (ABN 45 621 040 220) and AESTHETICS AUSTRALIA SERVICES PTY LTD (ABN 81 621 040 435) filed a joint modern slavery statement with the Australian Modern Slavery Register for the reporting period 2021-07-01 to 2022-06-30. The reporting entities are headquartered in Australia. The reporting entities have an annual revenue band of 100-150M. The reporting entities operate in the industry sectors: Cosmetics and toiletries Consumer services, including accommodation, hospitality, tourism and leisure. Register entry: https://modernslaveryregister.gov.au/statements/11908/.'}"
Modern slavery statement 2022-694: COFCO INTERNATIONAL AUSTRALIA PTY LTD,document,"{'content': 'COFCO INTERNATIONAL AUSTRALIA PTY LTD (ABN 25 001 069 423) filed a single modern slavery statement with the Australian Modern Slavery Register for the reporting period 2021-01-01 to 2021-12-31. The reporting entity is headquartered in Australia. The reporting entity has an annual revenue band of 1BN+. The reporting entity operates in the industry sectors: Food and beverages, agriculture and fishing. Register entry: https://modernslaveryregister.gov.au/statements/8767/.'}"
Modern slavery statement 2023-2676: IDLELOW PTY. LTD. & RINKGLEN PTY. LTD.,document,"{'content': 'IDLELOW PTY. LTD. (ABN 21 010 727 483) and RINKGLEN PTY. LTD. (ABN 98 072 960 135) filed a joint modern slavery statement with the Australian Modern Slavery Register for the reporting period 2022-07-01 to 2023-06-30. The reporting entities are headquartered in Australia. The reporting entities have an annual revenue band of 800-900M. The reporting entities operate in the industry sectors: Automotive, machinery and heavy electrical equipment. The statement also covers the included entities: ALLIANCE AUCTIONS PTY LIMITED (75 651 126 260), GRAND MOTORS GROUP NSW PTY LTD AS TRUSTEE FOR THE GRAND MOTORS GROUP – SYDNEY UNIT TRUST, GRAND MOTORS PRESTIGE PTY. LTD. (38 075 414 112), GRAND MOTORS PTY. LTD. (86 009 763 508), ISACLAMITTAN PTY LTD AS TRUSTEE FOR THE NSI TRUST, NORTH SHORE BMW BODYSHOP PTY LTD (36 639 496 218), NS AUTO GROUP PTY LTD AS TRUSTEE FOR THE NORTH SHORE AUTO GROUP UNIT TRUST, PRESTIGE MOTORS (NORTHSHORE) PTY LIMITED (30 135 461 497), RANDALL FAMILY HOLDINGS PTY LIMITED (20 135 455 793), RGCARS PTY LTD (20 635 508 057), RYDE AUTOMOTIVE GROUP PTY LTD (79 619 139 016). Register entry: https://modernslaveryregister.gov.au/statements/15831/.'}"
Modern slavery statement 2025-382: AGRYL HOLDINGS LIMITED & MEDISUP SECURITIES LIMITED & NUFARM AUSTRALIA LIMITED et al.,document,"{'content': 'AGRYL HOLDINGS LIMITED (ABN 61 005 968 178), MEDISUP SECURITIES LIMITED (ABN 13 090 761 523), NUFARM AUSTRALIA LIMITED (ABN 80 004 377 780), NUFARM LIMITED (ABN 37 091 323 312), NUSEED GLOBAL HOLDINGS PTY LTD (ABN 36 623 104 950) and NUSEED INTERNATIONAL HOLDINGS PTY LTD (ABN 30 623 104 987) filed a joint modern slavery statement with the Australian Modern Slavery Register for the reporting period 2023-10-01 to 2024-09-30. The reporting entities are headquartered in Australia. The reporting entities have an annual revenue band of 1BN+. The reporting entities operate in the industry sectors: Mining, metals, chemicals and resources (including oil and gas). The statement also covers the included entities: CROPLANDS EQUIPMENT PTY LTD (95 006 450 184), NUSEED NUTRITIONAL AUSTRALIA PTY LTD (86 643 060 324), NUSEED PROPRIETARY LIMITED (82 088 231 814). Register entry: https://modernslaveryregister.gov.au/statements/22188/.'}"
Modern slavery statement 2021-4045: MFS Logistics Pty Limited & MONDIALE VGL PTY LTD & PLASIA BIDCO PTY LTD et al.,document,"{'content': 'MFS Logistics Pty Limited (ABN 31 125 320 658), MONDIALE VGL PTY LTD (ABN 68 002 433 267), PLASIA BIDCO PTY LTD (ABN 69 646 091 796), PLASIA HOLDCO PTY LTD (ABN 97 646 084 184) and UNITED GLOBAL LOGISTICS PTY LTD (ABN 28 144 641 154) filed a joint modern slavery statement with the Australian Modern Slavery Register for the reporting period 2020-07-01 to 2021-06-30. The reporting entities are headquartered in Australia, New Zealand. The reporting entities have an annual revenue band of 800-900M. The reporting entities operate in the industry sectors: Transportation, logistics, and storage. Register entry: https://modernslaveryregister.gov.au/statements/7468/.'}"
Modern slavery statement 2022-1253: L3HARRIS COMMUNICATIONS AUSTRALIA PTY LTD,document,{'content': 'L3HARRIS COMMUNICATIONS AUSTRALIA PTY LTD (ABN 88 054 982 151) filed a single modern slavery statement with the Australian Modern Slavery Register for the reporting period 2021-01-01 to 2021-12-31. The reporting entity is headquartered in Australia. The reporting entity has an annual revenue band of 150-200M. The reporting entity operates in the industry sectors: Information technology and telecommunication Defence and aerospace. Register entry: https://modernslaveryregister.gov.au/statements/9543/.'}
Modern slavery statement 2022-1288: Parametric Portfolio Associates LLC,document,"{'content': 'Parametric Portfolio Associates LLC (ABN 89 153 743 894) filed a single modern slavery statement with the Australian Modern Slavery Register for the reporting period 2021-01-01 to 2021-12-31. The reporting entity is headquartered in United Kingdom. The reporting entity has an annual revenue band of 1BN+. The reporting entity operates in the industry sectors: Financial, insurance and real estate activities. Register entry: https://modernslaveryregister.gov.au/statements/9576/.'}"
Modern slavery statement 2021-3151: Suncorp Group Limited,document,"{'content': 'Suncorp Group Limited (ABN 66 145 290 124) filed a joint modern slavery statement with the Australian Modern Slavery Register for the reporting period 2020-07-01 to 2021-06-30. The reporting entity is headquartered in Australia. The reporting entity has an annual revenue band of 1BN+. The reporting entity operates in the industry sectors: Financial, insurance and real estate activities. Register entry: https://modernslaveryregister.gov.au/statements/6218/.'}"
Modern slavery statement 2022-3088: EML PAYMENTS LIMITED,document,"{'content': 'EML PAYMENTS LIMITED (ABN 93 104 757 904) filed a joint modern slavery statement with the Australian Modern Slavery Register for the reporting period 2021-07-01 to 2022-06-30. The reporting entity is headquartered in Australia, France, Ireland, United Kingdom, United States of America. The reporting entity has an annual revenue band of 200-250M. The reporting entity operates in the industry sectors: Other. Register entry: https://modernslaveryregister.gov.au/statements/12030/.'}"
Modern slavery statement 2025-1178: NOKIA SOLUTIONS AND NETWORKS AUSTRALIA PTY LTD,document,"{'content': 'NOKIA SOLUTIONS AND NETWORKS AUSTRALIA PTY LTD (ABN 74 122 172 365) filed a single modern slavery statement with the Australian Modern Slavery Register for the reporting period 2024-01-01 to 2024-12-31. The reporting entity is headquartered in Australia, Finland. The reporting entity has an annual revenue band of 800-900M. The reporting entity operates in the industry sectors: Information technology and telecommunication. Register entry: https://modernslaveryregister.gov.au/statements/23401/.'}"
Modern slavery statement 2025-988: FIRST SENTIER INVESTORS ASIA HOLDINGS LIMITED & FIRST SENTIER INVESTORS (AUSTRALIA) IM LTD & FIRST SENTIER INVESTORS (AUSTRALIA) INFRASTRUCTURE HOLDINGS LTD et al.,document,"{'content': 'FIRST SENTIER INVESTORS ASIA HOLDINGS LIMITED (ABN 54 054 571 701), FIRST SENTIER INVESTORS (AUSTRALIA) IM LTD (ABN 89 114 194 311), FIRST SENTIER INVESTORS (AUSTRALIA) INFRASTRUCTURE HOLDINGS LTD (ABN 20 085 313 926), FIRST SENTIER INVESTORS (AUSTRALIA) RE LTD (ABN 13 006 464 428), FIRST SENTIER INVESTORS (AUSTRALIA) SERVICES PTY LTD (ABN 73 624 305 595), FIRST SENTIER INVESTORS HOLDINGS PTY LIMITED (ABN 49 630 725 558), FIRST SENTIER INVESTORS RQI PTY LTD (ABN 24 133 312 017), The Trustee for Global Diversified Infrastructure Fund (Active) (ABN 73 751 308 908) and The Trustee for Global Diversified Infrastructure Fund (Australia) (ABN 93 463 968 874) filed a joint modern slavery statement with the Australian Modern Slavery Register for the reporting period 2024-01-01 to 2024-12-31. The reporting entities are headquartered in Australia. The reporting entities have an annual revenue band of 1BN+. The reporting entities operate in the industry sectors: Financial, insurance and real estate activities. Register entry: https://modernslaveryregister.gov.au/statements/22612/.'}"
Modern slavery statement 2021-2843: MINDTREE LIMITED,document,{'content': 'MINDTREE LIMITED (ABN 24 125 171 155) filed a single modern slavery statement with the Australian Modern Slavery Register for the reporting period 2020-04-01 to 2021-03-30. The reporting entity is headquartered in India. The reporting entity has an annual revenue band of 1BN+. The reporting entity operates in the industry sectors: Information technology and telecommunication. Register entry: https://modernslaveryregister.gov.au/statements/5718/.'}
Modern slavery statement 2025-201: BELMONT PROPERTY UNIT TRUST,document,{'content': 'BELMONT PROPERTY UNIT TRUST (ABN 89 947 149 231) filed a single modern slavery statement with the Australian Modern Slavery Register for the reporting period 2023-07-01 to 2024-06-30. The reporting entity is headquartered in Australia. The reporting entity has an annual revenue band of 100-150M. The reporting entity operates in the industry sectors: Healthcare and pharmaceuticals. Register entry: https://modernslaveryregister.gov.au/statements/21931/.'}
Modern slavery statement 2022-1528: ARGO INVESTMENTS LIMITED,document,"{'content': 'ARGO INVESTMENTS LIMITED (ABN 35 007 519 520) filed a single modern slavery statement with the Australian Modern Slavery Register for the reporting period 2021-07-01 to 2022-06-30. The reporting entity is headquartered in Australia. The reporting entity has an annual revenue band of 300-350M. The reporting entity operates in the industry sectors: Financial, insurance and real estate activities. Register entry: https://modernslaveryregister.gov.au/statements/9913/.'}"
Modern slavery statement 2025-2963: SQUADRON WIND ENERGY ASSETS PTY LTD,document,"{'content': 'SQUADRON WIND ENERGY ASSETS PTY LTD filed a single modern slavery statement with the Australian Modern Slavery Register for the reporting period 2024-07-01 to 2025-06-30. The reporting entity is headquartered in Australia. The reporting entity has an annual revenue band of 200-250M. The reporting entity operates in the industry sectors: Electricity, Gas, Water and Waste Services. Register entry: https://modernslaveryregister.gov.au/statements/25757/.'}"
Modern slavery statement 2022-1432: RALMANA PTY. LTD.,document,"{'content': 'RALMANA PTY. LTD. (ABN 93 009 149 106) filed a single modern slavery statement with the Australian Modern Slavery Register for the reporting period 2021-01-01 to 2021-12-31. The reporting entity is headquartered in Australia. The reporting entity has an annual revenue band of 100-150M. The reporting entity operates in the industry sectors: Construction, civil engineering and building products. Register entry: https://modernslaveryregister.gov.au/statements/9767/.'}"
Modern slavery statement 2022-87: FREQUENCY INFRASTRUCTURE AUSTRALIA HOLDINGS PTY LTD,document,{'content': 'FREQUENCY INFRASTRUCTURE AUSTRALIA HOLDINGS PTY LTD (ABN 27 136 262 952) filed a single modern slavery statement with the Australian Modern Slavery Register for the reporting period 2020-07-01 to 2021-06-30. The reporting entity is headquartered in Australia. The reporting entity has an annual revenue band of 400-450M. The reporting entity operates in the industry sectors: Information technology and telecommunication. Register entry: https://modernslaveryregister.gov.au/statements/7819/.'}
Modern slavery statement 2021-420: AUSTRALIAN FINANCE GROUP LTD & AUSTRALIAN FINANCE GROUP SECURITIES PTY LTD,document,"{'content': 'AUSTRALIAN FINANCE GROUP LTD (ABN 11 066 385 822) and AUSTRALIAN FINANCE GROUP SECURITIES PTY LTD (ABN 51 099 029 428) filed a joint modern slavery statement with the Australian Modern Slavery Register for the reporting period 2020-01-01 to 2020-12-31. The reporting entities are headquartered in Australia. The reporting entities have an annual revenue band of 600-700M. The reporting entities operate in the industry sectors: Financial, insurance and real estate activities. Register entry: https://modernslaveryregister.gov.au/statements/1847/.'}"
Modern slavery statement 2023-700: METROLL PTY LTD & METROLL QUEENSLAND PTY LIMITED & METROLL VICTORIA PTY LIMITED,document,"{'content': 'METROLL PTY LTD (ABN 97 001 446 439), METROLL QUEENSLAND PTY LIMITED (ABN 17 010 035 266) and METROLL VICTORIA PTY LIMITED (ABN 60 005 505 135) filed a joint modern slavery statement with the Australian Modern Slavery Register for the reporting period 2022-01-01 to 2022-12-31. The reporting entities are headquartered in Australia. The reporting entities have an annual revenue band of 400-450M. The reporting entities operate in the industry sectors: Construction, civil engineering and building products. Register entry: https://modernslaveryregister.gov.au/statements/13136/.'}"
Modern slavery statement 2024-2574: THE NORTHCOTT SOCIETY,document,"{'content': 'THE NORTHCOTT SOCIETY (ABN 87 302 064 152) filed a single modern slavery statement with the Australian Modern Slavery Register for the reporting period 2023-07-01 to 2024-06-30. The reporting entity is headquartered in Australia. The reporting entity has an annual revenue band of 0-99M. The reporting entity operates in the industry sectors: Charitable / not-for-profit activities. The statement also covers the included entities: CREATIVITY SERVICES LIMITED (75 303 032 679), MONTROSE THERAPY & RESPITE SERVICES (59 009 661 705), NORTHCOTT INNOVATION LIMITED (45 601 575 633), NORTHCOTT SUPPORTED LIVING LIMITED (65 619 339 098), SPINECARE FOUNDATION (98 003 427 272). Register entry: https://modernslaveryregister.gov.au/statements/20276/.'}"
Modern slavery statement 2021-3337: NBN CO LIMITED,document,{'content': 'NBN CO LIMITED (ABN 86 136 533 741) filed a single modern slavery statement with the Australian Modern Slavery Register for the reporting period 2020-07-01 to 2021-06-30. The reporting entity is headquartered in Australia. The reporting entity has an annual revenue band of 1BN+. The reporting entity operates in the industry sectors: Information technology and telecommunication. Register entry: https://modernslaveryregister.gov.au/statements/6506/.'}
Modern slavery statement 2023-3440: THE TRUSTEE FOR CROSS YARRA TRUST 1 & THE TRUSTEE FOR CROSS YARRA TRUST 2 & THE TRUSTEE FOR CROSS YARRA TRUST 3 & THE TRUSTEE FOR JOHN HOLLAND (CY) TRUST,document,"{'content': 'THE TRUSTEE FOR CROSS YARRA TRUST 1 & THE TRUSTEE FOR CROSS YARRA TRUST 2 & THE TRUSTEE FOR CROSS YARRA TRUST 3 & THE TRUSTEE FOR JOHN HOLLAND (CY) TRUST (ABN 57 956 065 885) filed a single modern slavery statement with the Australian Modern Slavery Register for the reporting period 2023-07-01 to 2024-06-30. The reporting entity is headquartered in Australia. The reporting entity has an annual revenue band of 0-99M. The reporting entity operates in the industry sectors: Construction, civil engineering and building products. Register entry: https://modernslaveryregister.gov.au/statements/16314/.'}"
Modern slavery statement 2024-995: WEST AFRICAN RESOURCES LTD,document,"{'content': 'WEST AFRICAN RESOURCES LTD (ABN 70 121 539 375) filed a single modern slavery statement with the Australian Modern Slavery Register for the reporting period 2023-01-01 to 2023-12-31. The reporting entity is headquartered in Australia. The reporting entity has an annual revenue band of 600-700M. The reporting entity operates in the industry sectors: Mining, metals, chemicals and resources (including oil and gas). The statement also covers the included entities: Channel Resources (Cayman II) Ltd, Channel Resources (Cayman I) Ltd, Channel Resources Ltd, Kiaka Gold SARL, Kiaka SA, Societe des Mines de Sanbrado SA, Tanlouka SARL, Volta II Ltd, Volta Properties SARL, Volta Resources (Cayman) Inc., WAF FINANCE PTY LTD (52 631 098 550), West African Resources Development SARL, WURA Resources Pty Ltd SARL. Register entry: https://modernslaveryregister.gov.au/statements/18226/.'}"
Modern slavery statement 2025-479: GAMUDA BERHAD & GAMUDA ENGINEERING PTY LTD & GAMUDA HOLDING PTY LTD,document,"{'content': 'GAMUDA BERHAD (ABN 27 632 738 768), GAMUDA ENGINEERING PTY LTD (ABN 36 636 433 522) and GAMUDA HOLDING PTY LTD (ABN 81 665 763 020) filed a joint modern slavery statement with the Australian Modern Slavery Register for the reporting period 2023-07-01 to 2024-06-30. The reporting entities are headquartered in Malaysia. The reporting entities have an annual revenue band of 1BN+. The reporting entities operate in the industry sectors: Construction, civil engineering and building products. Register entry: https://modernslaveryregister.gov.au/statements/22367/.'}"
Modern slavery statement 2025-3637: JAYBRO GROUP PTY LTD.,document,{'content': 'JAYBRO GROUP PTY LTD. filed a single modern slavery statement with the Australian Modern Slavery Register for the reporting period 2024-07-01 to 2025-06-30. The reporting entity is headquartered in Australia. The reporting entity has an annual revenue band of 500-600M. The reporting entity operates in the industry sectors: Construction. Register entry: https://modernslaveryregister.gov.au/statements/26728/.'}
Modern slavery statement 2024-2022: WISE AUSTRALIA PTY LTD,document,"{'content': 'WISE AUSTRALIA PTY LTD (ABN 38 616 463 855) filed a single modern slavery statement with the Australian Modern Slavery Register for the reporting period 2023-04-01 to 2024-03-31. The reporting entity is headquartered in Australia, United Kingdom. The reporting entity has an annual revenue band of 150-200M. The reporting entity operates in the industry sectors: Financial, insurance and real estate activities. Register entry: https://modernslaveryregister.gov.au/statements/19536/.'}"
Modern slavery statement 2022-1791: STAFF AUSTRALIA PTY. LTD.,document,{'content': 'STAFF AUSTRALIA PTY. LTD. (ABN 60 151 668 549) filed a joint modern slavery statement with the Australian Modern Slavery Register for the reporting period 2021-07-01 to 2022-06-30. The reporting entity is headquartered in Australia. The reporting entity has an annual revenue band of 100-150M. The reporting entity operates in the industry sectors: Other. Register entry: https://modernslaveryregister.gov.au/statements/10319/.'}
Modern slavery statement 2022-2059: AUSTRALIA PACIFIC LNG CSG MARKETING PTY LIMITED & Australia Pacific LNG Marketing Pty Limited & AUSTRALIA PACIFIC LNG PROCESSING PTY LIMITED et al.,document,"{'content': 'AUSTRALIA PACIFIC LNG CSG MARKETING PTY LIMITED (ABN 72 008 750 945), Australia Pacific LNG Marketing Pty Limited (ABN 51 141 937 920), AUSTRALIA PACIFIC LNG PROCESSING PTY LIMITED (ABN 43 141 937 948) and AUSTRALIA PACIFIC LNG PTY LIMITED (ABN 68 001 646 331) filed a joint modern slavery statement with the Australian Modern Slavery Register for the reporting period 2021-07-01 to 2022-06-30. The reporting entities are headquartered in Australia. The reporting entities have an annual revenue band of 1BN+. The reporting entities operate in the industry sectors: Mining, metals, chemicals and resources (including oil and gas). Register entry: https://modernslaveryregister.gov.au/statements/10721/.'}"
Modern slavery statement 2025-3326: NORTH QUEENSLAND PRIMARY HEALTHCARE NETWORK LIMITED,document,{'content': 'NORTH QUEENSLAND PRIMARY HEALTHCARE NETWORK LIMITED (ABN 35 605 757 640) filed a single modern slavery statement with the Australian Modern Slavery Register for the reporting period 2024-07-01 to 2025-06-30. The reporting entity is headquartered in Australia. The reporting entity has an annual revenue band of 100-150M. The reporting entity operates in the industry sectors: Health Care and Social Assistance. Register entry: https://modernslaveryregister.gov.au/statements/26352/.'}
Modern slavery statement 2023-79: CLAYTON UTZ & THE TRUSTEE FOR THE CU SERVICES TRUST & TONCLAY SERVICES TRUST,document,"{'content': 'CLAYTON UTZ (ABN 35 740 217 343), THE TRUSTEE FOR THE CU SERVICES TRUST (ABN 98 393 517 932) and TONCLAY SERVICES TRUST (ABN 86 726 924 905) filed a joint modern slavery statement with the Australian Modern Slavery Register for the reporting period 2020-07-01 to 2021-06-30. The reporting entities are headquartered in Australia. The reporting entities have an annual revenue band of 500-600M. The reporting entities operate in the industry sectors: Professional and administrative services and supplies, including legal, consulting and accounting services. Register entry: https://modernslaveryregister.gov.au/statements/12187/.'}"
Modern slavery statement 2023-1419: SAMSUNG ELECTRONICS AUSTRALIA PTY LTD,document,"{'content': 'SAMSUNG ELECTRONICS AUSTRALIA PTY LTD (ABN 63 002 915 648) filed a single modern slavery statement with the Australian Modern Slavery Register for the reporting period 2021-07-01 to 2022-06-30. The reporting entity is headquartered in Australia. The reporting entity has an annual revenue band of 1BN+. The reporting entity operates in the industry sectors: Durable consumer goods, including electronics and appliances, home furnishings and other accessories. Register entry: https://modernslaveryregister.gov.au/statements/14056/.'}"
Modern slavery statement 2021-163: ABN GROUP PTY LTD,document,"{'content': 'ABN GROUP PTY LTD (ABN 68 608 225 458) filed a single modern slavery statement with the Australian Modern Slavery Register for the reporting period 2019-07-01 to 2020-06-30. The reporting entity is headquartered in Australia. The reporting entity has an annual revenue band of 900M-1BN. The reporting entity operates in the industry sectors: Construction, civil engineering and building products. Register entry: https://modernslaveryregister.gov.au/statements/1364/.'}"
Modern slavery statement 2022-1478: AFGRI AUSTRALIA PTY LTD & AFGRI EQUIPMENT AUSTRALIA PTY LTD,document,"{'content': 'AFGRI AUSTRALIA PTY LTD (ABN 14 103 619 067) and AFGRI EQUIPMENT AUSTRALIA PTY LTD (ABN 52 008 686 002) filed a joint modern slavery statement with the Australian Modern Slavery Register for the reporting period 2021-04-01 to 2022-03-30. The reporting entities are headquartered in Australia, South Africa. The reporting entities have an annual revenue band of 900M-1BN. The reporting entities operate in the industry sectors: Food and beverages, agriculture and fishing. Register entry: https://modernslaveryregister.gov.au/statements/9836/.'}"
Modern slavery statement 2023-1767: CHERAS INDUSTRIES PTY. LTD. & CONTRACT GLASS & ALUMINIUM PTY LTD & G JAMES AUSTRALIA PTY. LTD. et al.,document,"{'content': 'CHERAS INDUSTRIES PTY. LTD. (ABN 45 009 674 677), CONTRACT GLASS & ALUMINIUM PTY LTD (ABN 51 010 828 047), G JAMES AUSTRALIA PTY. LTD. (ABN 47 010 823 542), G. JAMES ENGINEERING SERVICES PTY LTD (ABN 91 057 404 485), G JAMES EXTRUSION CO PTY. LTD. (ABN 95 010 828 234), G JAMES GLASS & ALUMINIUM PTY. LTD. (ABN 23 010 828 369), G JAMES GLASS & ALUMINIUM (QLD) PTY. LTD. (ABN 53 010 828 056), G JAMES (NZ) LIMITED, G. JAMES PTY. LTD. (ABN 25 009 696 404), G JAMES REMELT PTY. LTD. (ABN 38 056 371 076), G JAMES SAFETY GLASS PTY LTD (ABN 86 001 230 039) and G JAMES SAFETY GLASS (QLD) PTY. LTD. (ABN 55 010 828 065) filed a joint modern slavery statement with the Australian Modern Slavery Register for the reporting period 2022-07-01 to 2023-06-30. The reporting entities are headquartered in Australia. The reporting entities have an annual revenue band of 700-800M. The reporting entities operate in the industry sectors: Construction, civil engineering and building products. Register entry: https://modernslaveryregister.gov.au/statements/14575/.'}"
Modern slavery statement 2021-203: CHEVRON AUSTRALIA PTY LTD,document,"{'content': 'CHEVRON AUSTRALIA PTY LTD (ABN 29 086 197 757) filed a single modern slavery statement with the Australian Modern Slavery Register for the reporting period 2020-01-01 to 2020-12-31. The reporting entity is headquartered in Australia. The reporting entity has an annual revenue band of 1BN+. The reporting entity operates in the industry sectors: Mining, metals, chemicals and resources (including oil and gas). Register entry: https://modernslaveryregister.gov.au/statements/1423/.'}"
"Modern slavery statement 2024-648: FOSTERVILLE GOLD MINE PTY LTD, KIRKLAND LAKE GOLD AUSTRALIA PTY LTD, KIRKLAND LAKE GOLD VICTORIA HOLDINGS PTY LTD",document,"{'content': 'FOSTERVILLE GOLD MINE PTY LTD, KIRKLAND LAKE GOLD AUSTRALIA PTY LTD, KIRKLAND LAKE GOLD VICTORIA HOLDINGS PTY LTD filed a joint modern slavery statement with the Australian Modern Slavery Register for the reporting period 2023-01-01 to 2023-12-31. The reporting entity is headquartered in Australia, Canada. The reporting entity has an annual revenue band of 500-600M. The reporting entity operates in the industry sectors: Mining, metals, chemicals and resources (including oil and gas). The statement also covers the included entities: NT MINING OPERATIONS PTY LTD. Register entry: https://modernslaveryregister.gov.au/statements/17709/.'}"
Modern slavery statement 2021-2858: HONDA AUSTRALIA PTY. LTD.,document,"{'content': 'HONDA AUSTRALIA PTY. LTD. (ABN 66 004 759 611) filed a single modern slavery statement with the Australian Modern Slavery Register for the reporting period 2020-04-01 to 2021-03-30. The reporting entity is headquartered in Japan. The reporting entity has an annual revenue band of 600-700M. The reporting entity operates in the industry sectors: Automotive, machinery and heavy electrical equipment. Register entry: https://modernslaveryregister.gov.au/statements/5727/.'}"
Modern slavery statement 2024-1924: INFOSYS BPM LIMITED & INFOSYS MANAGEMENT CONSULTING PTY LTD & INFOSYS TECHNOLOGIES LIMITED et al.,document,"{'content': 'INFOSYS BPM LIMITED (ABN 99 117 658 812), INFOSYS MANAGEMENT CONSULTING PTY LTD (ABN 41 105 094 193), INFOSYS TECHNOLOGIES LIMITED (ABN 52 090 591 209), PORTLAND GROUP PTY LTD (ABN 48 086 842 597) and Simplus Anz Pty Ltd, SIMPLUS AUSTRALIA PTY. LTD. (ABN 41 103 693 714) filed a joint modern slavery statement with the Australian Modern Slavery Register for the reporting period 2022-04-01 to 2023-03-31. The reporting entities are headquartered in Australia, India. The reporting entities have an annual revenue band of 800-900M. The reporting entities operate in the industry sectors: Information technology and telecommunication. Register entry: https://modernslaveryregister.gov.au/statements/19418/.'}"
Modern slavery statement 2025-3121: CPS TECHNOLOGY & INFRASTRUCTURE PTY LTD,document,{'content': 'CPS TECHNOLOGY & INFRASTRUCTURE PTY LTD (ABN 48 148 905 159) filed a single modern slavery statement with the Australian Modern Slavery Register for the reporting period 2024-07-01 to 2025-06-30. The reporting entity is headquartered in Australia. The reporting entity has an annual revenue band of 100-150M. The reporting entity operates in the industry sectors: Information Media and Telecommunications. Register entry: https://modernslaveryregister.gov.au/statements/26070/.'}
Modern slavery statement 2021-332: MCCAIN FOODS (AUST) PTY LTD,document,"{'content': 'MCCAIN FOODS (AUST) PTY LTD (ABN 96 000 629 587) filed a single modern slavery statement with the Australian Modern Slavery Register for the reporting period 2019-07-01 to 2020-06-30. The reporting entity is headquartered in Australia. The reporting entity has an annual revenue band of 800-900M. The reporting entity operates in the industry sectors: Food and beverages, agriculture and fishing. Register entry: https://modernslaveryregister.gov.au/statements/1658/.'}"
Modern slavery statement 2023-2848: OUTDOOR SUPACENTRE PTY LTD,document,"{'content': 'OUTDOOR SUPACENTRE PTY LTD (ABN 30 609 212 624) filed a joint modern slavery statement with the Australian Modern Slavery Register for the reporting period 2022-07-01 to 2023-06-30. The reporting entity is headquartered in Australia. The reporting entity has an annual revenue band of 350-400M. The reporting entity operates in the industry sectors: Automotive, machinery and heavy electrical equipment Durable consumer goods, including electronics and appliances, home furnishings and other accessories Other. The statement also covers the included entities: ADVENTURE KINGS PTY LTD, ADVENTURE KINGS RV PTY LTD, GLOBAL IMPORT CORPORATION PTY LTD, OUTDOOR SUPACENTRE RV PTY LTD. Register entry: https://modernslaveryregister.gov.au/statements/16050/.'}"
Modern slavery statement 2023-3407: SAUNDERS INTERNATIONAL LIMITED,document,"{'content': 'SAUNDERS INTERNATIONAL LIMITED (ABN 14 050 287 431) filed a joint modern slavery statement with the Australian Modern Slavery Register for the reporting period 2022-07-01 to 2023-06-30. The reporting entity is headquartered in Australia. The reporting entity has an annual revenue band of 200-250M. The reporting entity operates in the industry sectors: Mining, metals, chemicals and resources (including oil and gas) Construction, civil engineering and building products Defence and aerospace. The statement also covers the included entities: SAUNDERS ASSET SERVICES PTY LIMITED (95 610 760 426), SAUNDERS AUTOMATION PTY LTD (92 093 758 564), SAUNDERS CIVILBUILD PTY LTD (86 617 431 562), SAUNDERS PLANTWEAVE PTY LIMITED (14 652 303 305), SAUNDERS PROPERTY (NSW) PTY LTD (39 617 486 021). Register entry: https://modernslaveryregister.gov.au/statements/16699/.'}"
Modern slavery statement 2023-2639: WGA GROUP HOLDINGS PTY LTD,document,"{'content': 'WGA GROUP HOLDINGS PTY LTD (ABN 86 649 953 980) filed a joint modern slavery statement with the Australian Modern Slavery Register for the reporting period 2022-07-01 to 2023-06-30. The reporting entity is headquartered in Australia. The reporting entity has an annual revenue band of 0-99M. The reporting entity operates in the industry sectors: Other. The statement also covers the included entities: Inception Consulting Engineers Pty Ltd (65 154 522 942), INCEPTION GROUP PTY LTD, WGANSW PTY LTD (64 659 565 714), WGANZ PTY LTD (65 619 972 977), WGAQLD PTY LTD (47 644 958 529), WGASA PTY LTD (97 617 437 724), WGA SHARED SERVICES PTY LTD (78 621 091 905), WGAVIC PTY LTD (59 127 466 997), WGAWA PTY LTD (98 600 420 773). Register entry: https://modernslaveryregister.gov.au/statements/15786/.'}"
"Modern slavery statement 2025-1051: CSG INTERNATIONAL AUSTRALIA PTY LTD & CSG Systems UK Limited, DGIT Holdings Pty Ltd & DGIT NZ Limited “DGIT NZ”, DGIT SYSTEMS PTY LTD et al.",document,"{'content': 'CSG INTERNATIONAL AUSTRALIA PTY LTD (ABN 63 090 853 704), CSG Systems UK Limited, DGIT Holdings Pty Ltd (ABN 26 621 305 431), DGIT NZ Limited “DGIT NZ”, DGIT SYSTEMS PTY LTD (ABN 26 113 945 449), INOMIAL PTY LTD (ABN 94 088 172 301) and Intec Telecom Systems Limited, PT CSG Systems Indonesia “CSG Indonesia” filed a joint modern slavery statement with the Australian Modern Slavery Register for the reporting period 2024-01-01 to 2024-12-31. The reporting entities are headquartered in United States of America. The reporting entities have an annual revenue band of 1BN+. The reporting entities operate in the industry sectors: Information technology and telecommunication. The statement also covers the included entities: DGIT NZ Limited “DGIT NZ”, PT CSG Systems Indonesia “CSG Indonesia”. Register entry: https://modernslaveryregister.gov.au/statements/23216/.'}"
Modern slavery statement 2021-2218: WINC AUSTRALIA PTY LIMITED,document,"{'content': 'WINC AUSTRALIA PTY LIMITED (ABN 94 000 728 398) filed a single modern slavery statement with the Australian Modern Slavery Register for the reporting period 2020-01-01 to 2020-12-31. The reporting entity is headquartered in Australia. The reporting entity has an annual revenue band of 1BN+. The reporting entity operates in the industry sectors: Forestry, timber products, paper and containers and packaging Durable consumer goods, including electronics and appliances, home furnishings and other accessories Other. Register entry: https://modernslaveryregister.gov.au/statements/4391/.'}"
Modern slavery statement 2023-2572: PEOPLECARE HEALTH LIMITED,document,"{'content': 'PEOPLECARE HEALTH LIMITED (ABN 95 087 648 753) filed a single modern slavery statement with the Australian Modern Slavery Register for the reporting period 2022-07-01 to 2023-06-30. The reporting entity is headquartered in Australia. The reporting entity has an annual revenue band of 150-200M. The reporting entity operates in the industry sectors: Financial, insurance and real estate activities. Register entry: https://modernslaveryregister.gov.au/statements/15709/.'}"
Modern slavery statement 2023-237: 4 WAY SUSPENSION PRODUCTS PTY LTD & AEROKLAS ASIA PACIFIC GROUP PTY LTD & AEROKLAS AUSTRALIA PTY. LTD. et al.,document,"{'content': '4 WAY SUSPENSION PRODUCTS PTY LTD (ABN 46 003 121 604), AEROKLAS ASIA PACIFIC GROUP PTY LTD (ABN 56 009 887 325), AEROKLAS AUSTRALIA PTY. LTD. (ABN 66 149 775 628) and FLEXIGLASS CHALLENGE PTY LTD (ABN 11 009 267 467) filed a joint modern slavery statement with the Australian Modern Slavery Register for the reporting period 2022-01-01 to 2022-12-31. The reporting entities are headquartered in Australia. The reporting entities have an annual revenue band of 100-150M. The reporting entities operate in the industry sectors: Automotive, machinery and heavy electrical equipment Durable consumer goods, including electronics and appliances, home furnishings and other accessories. Register entry: https://modernslaveryregister.gov.au/statements/12423/.'}"
Modern slavery statement 2022-1689: CHAMPION IRON LIMITED,document,"{'content': 'CHAMPION IRON LIMITED (ABN 34 119 770 142) filed a single modern slavery statement with the Australian Modern Slavery Register for the reporting period 2021-04-01 to 2022-03-30. The reporting entity is headquartered in Canada. The reporting entity has an annual revenue band of 1BN+. The reporting entity operates in the industry sectors: Mining, metals, chemicals and resources (including oil and gas). Register entry: https://modernslaveryregister.gov.au/statements/10178/.'}"
Modern slavery statement 2022-1777: ENETT INTERNATIONAL (SINGAPORE) PTE. LTD.,document,"{'content': 'ENETT INTERNATIONAL (SINGAPORE) PTE. LTD. (ABN 00 161 362 661) filed a single modern slavery statement with the Australian Modern Slavery Register for the reporting period 2021-01-01 to 2021-12-31. The reporting entity is headquartered in Singapore. The reporting entity has an annual revenue band of 100-150M. The reporting entity operates in the industry sectors: Financial, insurance and real estate activities. Register entry: https://modernslaveryregister.gov.au/statements/10293/.'}"
Modern slavery statement 2022-1017: MACFARLANE BURNET INSTITUTE FOR MEDICAL RESEARCH AND PUBLIC HEALTH LTD,document,{'content': 'MACFARLANE BURNET INSTITUTE FOR MEDICAL RESEARCH AND PUBLIC HEALTH LTD (ABN 49 007 349 984) filed a single modern slavery statement with the Australian Modern Slavery Register for the reporting period 2021-01-01 to 2021-12-31. The reporting entity is headquartered in Australia. The reporting entity has an annual revenue band of 400-450M. The reporting entity operates in the industry sectors: Education and research Charitable / not-for-profit activities. Register entry: https://modernslaveryregister.gov.au/statements/9240/.'}
"Modern slavery statement 2025-3634: E. & S. TRADING CO. (DISCOUNTS) PTY. LTD. & JB Hi-Fi (A) Pty Ltd, JB HI-FI (B) PTY LTD, JB HI-FI GROUP PTY LTD, JB HI-FI LIMITED, MUIR INVESTMENT UNIT TRUST & The Good Guys Discount Warehouses (Australia) Pty Ltd, THE GOOD GUYS DISCOUNT WAREHOUSES (AUSTRALIA) TRUST",document,"{'content': 'E. & S. TRADING CO. (DISCOUNTS) PTY. LTD. (ABN 71 007 449 265), JB Hi-Fi (A) Pty Ltd, JB HI-FI (B) PTY LTD, JB HI-FI GROUP PTY LTD, JB HI-FI LIMITED, MUIR INVESTMENT UNIT TRUST (ABN 39 033 911 881) and The Good Guys Discount Warehouses (Australia) Pty Ltd, THE GOOD GUYS DISCOUNT WAREHOUSES (AUSTRALIA) TRUST (ABN 96 821 962 838) filed a joint modern slavery statement with the Australian Modern Slavery Register for the reporting period 2024-07-01 to 2025-06-30. The reporting entities are headquartered in Australia. The reporting entities have an annual revenue band of 1BN+. The reporting entities operate in the industry sectors: Retail Trade. Register entry: https://modernslaveryregister.gov.au/statements/26665/.'}"
Modern slavery statement 2024-1914: ANSELL LIMITED,document,"{'content': 'ANSELL LIMITED (ABN 89 004 085 330) filed a single modern slavery statement with the Australian Modern Slavery Register for the reporting period 2023-07-01 to 2024-06-30. The reporting entity is headquartered in Australia, Belgium, Malaysia, United States of America. The reporting entity has an annual revenue band of 1BN+. The reporting entity operates in the industry sectors: Healthcare and pharmaceuticals Other. The statement also covers the included entities: P. D. HOLDINGS PTY. LTD., P.D. International Pty Ltd. Register entry: https://modernslaveryregister.gov.au/statements/19396/.'}"
Modern slavery statement 2025-1042: AIR LIQUIDE AUSTRALIA LIMITED,document,"{'content': 'AIR LIQUIDE AUSTRALIA LIMITED (ABN 57 004 385 782) filed a single modern slavery statement with the Australian Modern Slavery Register for the reporting period 2024-01-01 to 2024-12-31. The reporting entity is headquartered in Australia. The reporting entity has an annual revenue band of 400-450M. The reporting entity operates in the industry sectors: Mining, metals, chemicals and resources (including oil and gas) Healthcare and pharmaceuticals. The statement also covers the included entities: AIR LIQUIDE HEALTHCARE PTY. LTD. (41 002 653 045). Register entry: https://modernslaveryregister.gov.au/statements/23206/.'}"
Modern slavery statement 2024-3533: TOGA PTY. LTD.,document,"{'content': 'TOGA PTY. LTD. filed a single modern slavery statement with the Australian Modern Slavery Register for the reporting period 2023-07-01 to 2024-06-30. The reporting entity is headquartered in Australia. The reporting entity has an annual revenue band of 350-400M. The reporting entity operates in the industry sectors: Construction, civil engineering and building products Financial, insurance and real estate activities. The statement also covers the included entities: ROBERT EDWARDS REAL ESTATE PTY LTD (47 000 605 818), Toga Constructions NSW Pty Limited, TOGA CRANES PTY LIMITED, TOGA PROJECT SERVICES PTY LIMITED. Register entry: https://modernslaveryregister.gov.au/statements/21503/.'}"
Modern slavery statement 2024-1353: BEARCAT TYRES PTY LTD & FENNER DUNLOP AUSTRALIA PTY. LTD. & HALLITE SEALS AUSTRALIA PTY LIMITED et al.,document,"{'content': 'BEARCAT TYRES PTY LTD (ABN 92 085 854 520), FENNER DUNLOP AUSTRALIA PTY. LTD. (ABN 23 080 570 574), HALLITE SEALS AUSTRALIA PTY LIMITED (ABN 91 000 484 953), KLINGE HOLDINGS PTY LTD (ABN 69 087 237 518) and MICHELIN AUSTRALIA PTY LTD (ABN 84 006 761 628) filed a joint modern slavery statement with the Australian Modern Slavery Register for the reporting period 2023-01-01 to 2023-12-31. The reporting entities are headquartered in France, United Kingdom. The reporting entities have an annual revenue band of 1BN+. The reporting entities operate in the industry sectors: Mining, metals, chemicals and resources (including oil and gas) Automotive, machinery and heavy electrical equipment. Register entry: https://modernslaveryregister.gov.au/statements/18670/.'}"
Modern slavery statement 2021-940: Mader Contracting Pty Ltd & MADER GROUP LIMITED & MADER QUEENSLAND PTY LTD,document,"{'content': 'Mader Contracting Pty Ltd (ABN 36 114 021 537), MADER GROUP LIMITED (ABN 51 159 340 397) and MADER QUEENSLAND PTY LTD (ABN 86 611 004 552) filed a joint modern slavery statement with the Australian Modern Slavery Register for the reporting period 2019-07-01 to 2020-06-30. The reporting entities are headquartered in Australia. The reporting entities have an annual revenue band of 150-200M. The reporting entities operate in the industry sectors: Mining, metals, chemicals and resources (including oil and gas). Register entry: https://modernslaveryregister.gov.au/statements/2777/.'}"
Modern slavery statement 2022-2046: Buildcorp Holdings Pty Limited,document,"{'content': 'Buildcorp Holdings Pty Limited (ABN 51 140 508 685) filed a single modern slavery statement with the Australian Modern Slavery Register for the reporting period 2021-07-01 to 2022-06-30. The reporting entity is headquartered in Australia. The reporting entity has an annual revenue band of 500-600M. The reporting entity operates in the industry sectors: Construction, civil engineering and building products. Register entry: https://modernslaveryregister.gov.au/statements/10701/.'}"
Modern slavery statement 2020-204: SMRM HOLDINGS PTY LTD,document,"{'content': 'SMRM HOLDINGS PTY LTD (ABN 85 168 760 861) filed a single modern slavery statement with the Australian Modern Slavery Register for the reporting period 2019-07-01 to 2020-06-30. The reporting entity is headquartered in Australia. The reporting entity has an annual revenue band of Unknown. The reporting entity operates in the industry sectors: Transportation, logistics, and storage. Register entry: https://modernslaveryregister.gov.au/statements/591/.'}"
Modern slavery statement 2025-1265: LB AUSTRALIA HOLDINGS PTY LTD,document,"{'content': 'LB AUSTRALIA HOLDINGS PTY LTD (ABN 96 165 597 482) filed a single modern slavery statement with the Australian Modern Slavery Register for the reporting period 2024-01-01 to 2024-12-31. The reporting entity is headquartered in Australia. The reporting entity has an annual revenue band of 700-800M. The reporting entity operates in the industry sectors: Media, publishing, arts and entertainment. The statement also covers the included entities: ENTAIN GROUP PTY LTD (25 151 956 768). Register entry: https://modernslaveryregister.gov.au/statements/23514/.'}"
Modern slavery statement 2024-1670: BARRA STEEL (VIC) PTY LTD,document,"{'content': 'BARRA STEEL (VIC) PTY LTD (ABN 81 092 043 653) filed a single modern slavery statement with the Australian Modern Slavery Register for the reporting period 2023-04-01 to 2024-03-31. The reporting entity is headquartered in Australia. The reporting entity has an annual revenue band of 0-99M. The reporting entity operates in the industry sectors: Construction, civil engineering and building products. Register entry: https://modernslaveryregister.gov.au/statements/19047/.'}"
Modern slavery statement 2024-1416: KONE ELEVATORS PTY LTD,document,"{'content': 'KONE ELEVATORS PTY LTD (ABN 47 000 142 423) filed a single modern slavery statement with the Australian Modern Slavery Register for the reporting period 2023-01-01 to 2023-12-31. The reporting entity is headquartered in Australia. The reporting entity has an annual revenue band of 500-600M. The reporting entity operates in the industry sectors: Construction, civil engineering and building products. The statement also covers the included entities: KONE Elevators Employee Benefits Pty. Limited. Register entry: https://modernslaveryregister.gov.au/statements/18731/.'}"
Modern slavery statement 2023-2505: Avant Mutual Group Limited,document,"{'content': 'Avant Mutual Group Limited (ABN 58 123 154 898) filed a single modern slavery statement with the Australian Modern Slavery Register for the reporting period 2022-07-01 to 2023-06-30. The reporting entity is headquartered in Australia. The reporting entity has an annual revenue band of 450-500M. The reporting entity operates in the industry sectors: Financial, insurance and real estate activities. Register entry: https://modernslaveryregister.gov.au/statements/15554/.'}"
Modern slavery statement 2023-1187: SOMPO JAPAN INSURANCE INC.,document,"{'content': 'SOMPO JAPAN INSURANCE INC. (ABN 31 000 837 801) filed a single modern slavery statement with the Australian Modern Slavery Register for the reporting period 2022-01-01 to 2022-12-31. The reporting entity is headquartered in Japan. The reporting entity has an annual revenue band of 1BN+. The reporting entity operates in the industry sectors: Financial, insurance and real estate activities. Register entry: https://modernslaveryregister.gov.au/statements/13811/.'}"
Modern slavery statement 2021-3795: NATIONAL TYRE & WHEEL LIMITED,document,"{'content': 'NATIONAL TYRE & WHEEL LIMITED (ABN 97 095 843 020) filed a joint modern slavery statement with the Australian Modern Slavery Register for the reporting period 2020-07-01 to 2021-06-30. The reporting entity is headquartered in Australia. The reporting entity has an annual revenue band of 450-500M. The reporting entity operates in the industry sectors: Automotive, machinery and heavy electrical equipment. Register entry: https://modernslaveryregister.gov.au/statements/7200/.'}"
Modern slavery statement 2024-2848: STANWELL CORPORATION LIMITED,document,"{'content': 'STANWELL CORPORATION LIMITED (ABN 37 078 848 674) filed a single modern slavery statement with the Australian Modern Slavery Register for the reporting period 2023-07-01 to 2024-06-30. The reporting entity is headquartered in Australia. The reporting entity has an annual revenue band of 1BN+. The reporting entity operates in the industry sectors: Utilities: gas, water and electricity. The statement also covers the included entities: TEC Coal Pty Ltd (55 119 063 900). Register entry: https://modernslaveryregister.gov.au/statements/20671/.'}"
Modern slavery statement 2021-384: AUSTRALIAN AGED CARE PARTNERS HOLDINGS PTY LTD,document,{'content': 'AUSTRALIAN AGED CARE PARTNERS HOLDINGS PTY LTD (ABN 20 162 265 983) filed a joint modern slavery statement with the Australian Modern Slavery Register for the reporting period 2020-01-01 to 2020-12-31. The reporting entity is headquartered in Australia. The reporting entity has an annual revenue band of Unknown. The reporting entity operates in the industry sectors: Healthcare and pharmaceuticals. Register entry: https://modernslaveryregister.gov.au/statements/1767/.'}
Modern slavery statement 2022-1279: MERCEDES-BENZ FINANCIAL SERVICES AUSTRALIA PTY LTD,document,"{'content': 'MERCEDES-BENZ FINANCIAL SERVICES AUSTRALIA PTY LTD (ABN 73 074 134 517) filed a single modern slavery statement with the Australian Modern Slavery Register for the reporting period 2021-01-01 to 2021-12-31. The reporting entity is headquartered in Germany. The reporting entity has an annual revenue band of 100-150M. The reporting entity operates in the industry sectors: Automotive, machinery and heavy electrical equipment Financial, insurance and real estate activities. Register entry: https://modernslaveryregister.gov.au/statements/9566/.'}"
Modern slavery statement 2025-1446: DENTSPLY SIRONA PTY LIMITED,document,"{'content': 'DENTSPLY SIRONA PTY LIMITED (ABN 87 111 950 602) filed a single modern slavery statement with the Australian Modern Slavery Register for the reporting period 2024-01-01 to 2024-12-31. The reporting entity is headquartered in Australia, United States of America. The reporting entity has an annual revenue band of 100-150M. The reporting entity operates in the industry sectors: Healthcare and pharmaceuticals. The statement also covers the included entities: The Trustee for byte Au Unit Trust (68 476 361 935). Register entry: https://modernslaveryregister.gov.au/statements/23560/.'}"
"Modern slavery statement 2024-2791: AERIS RESOURCES LIMITED, EXCO RESOURCES PTY LIMITED, LION MINING LIMITED, ROUND OAK JAGUAR PTY LTD, ROUND OAK STOCKMAN PTY LTD, TRITTON RESOURCES PTY LTD",document,"{'content': 'AERIS RESOURCES LIMITED, EXCO RESOURCES PTY LIMITED, LION MINING LIMITED, ROUND OAK JAGUAR PTY LTD, ROUND OAK STOCKMAN PTY LTD, TRITTON RESOURCES PTY LTD filed a joint modern slavery statement with the Australian Modern Slavery Register for the reporting period 2023-07-01 to 2024-06-30. The reporting entity is headquartered in Australia. The reporting entity has an annual revenue band of 500-600M. The reporting entity operates in the industry sectors: Mining, metals, chemicals and resources (including oil and gas). The statement also covers the included entities: AERIS HOLDCO PTY LTD, AERIS REGIONAL HOLDINGS PTY LTD, COPPER INVESTMENTS PTY LIMITED, EXCO RESOURCES (QLD) PTY LTD, MITCHELL RIVER EXPLORATION PTY LTD, ROUND OAK JAGUAR PROJECT PARENT PTY LTD, ROUND OAK JAGUAR PROJECT PTY LTD, ROUND OAK MINERALS PTY LIMITED, STRAITS EXPLORATION (AUSTRALIA) PTY. LTD, STRAITS MINE MANAGEMENT PTY LTD, Straits Mineral Investments Pty Ltd, STRAITS MINING PTY LTD. Register entry: https://modernslaveryregister.gov.au/statements/20609/.'}"
Modern slavery statement 2025-2052: KONICA MINOLTA BUSINESS SOLUTIONS AUSTRALIA PTY LTD,document,{'content': 'KONICA MINOLTA BUSINESS SOLUTIONS AUSTRALIA PTY LTD (ABN 50 001 065 096) filed a single modern slavery statement with the Australian Modern Slavery Register for the reporting period 2024-04-01 to 2025-03-31. The reporting entity is headquartered in Japan. The reporting entity has an annual revenue band of 200-250M. The reporting entity operates in the industry sectors: Manufacturing Retail Trade. Register entry: https://modernslaveryregister.gov.au/statements/24483/.'}
Modern slavery statement 2023-1633: AUSCAN HOLDINGS PTY LIMITED,document,"{'content': 'AUSCAN HOLDINGS PTY LIMITED filed a joint modern slavery statement with the Australian Modern Slavery Register for the reporting period 2022-07-01 to 2023-06-30. The reporting entity is headquartered in Australia. The reporting entity has an annual revenue band of 200-250M. The reporting entity operates in the industry sectors: Transportation, logistics, and storage. Register entry: https://modernslaveryregister.gov.au/statements/14369/.'}"
Modern slavery statement 2024-1372: Banpu Australia Co. Pty Ltd & BOULDER MINING PTY LTD & CENTENNIAL AIRLY PTY. LIMITED et al.,document,"{'content': 'Banpu Australia Co. Pty Ltd (ABN 56 136 468 007), BOULDER MINING PTY LTD (ABN 85 112 796 308), CENTENNIAL AIRLY PTY. LIMITED (ABN 84 078 693 722), CENTENNIAL COAL COMPANY PTY LIMITED (ABN 30 003 714 538), Centennial Mandalong Pty Limited (ABN 74 101 508 892), Centennial Myuna Pty Limited (ABN 95 101 508 981), CENTENNIAL SPRINGVALE HOLDINGS PTY. LIMITED (ABN 45 092 658 378), CENTENNIAL SPRINGVALE PTY LIMITED (ABN 64 052 096 812) and COALEX PTY LTD (ABN 93 000 694 315) filed a joint modern slavery statement with the Australian Modern Slavery Register for the reporting period 2023-01-01 to 2023-12-31. The reporting entities are headquartered in Australia. The reporting entities have an annual revenue band of 1BN+. The reporting entities operate in the industry sectors: Mining, metals, chemicals and resources (including oil and gas). The statement also covers the included entities: ACN 152 429 206 PTY LIMITED (94 152 429 206), AFE INVESTMENTS PTY LIMITED (42 160 177 006), AIRLY SOLAR PTY LIMITED (49 638 811 373), BANPU ENERGY AUSTRALIA PTY LIMITED (95 637 226 825), BANPU ENERGY HOLDING PTY LTD, BERRIMA COAL PTY LIMITED (64 064 237 092), Centennial Angus Place Pty Limited (87 101 508 945), CENTENNIAL CLARENCE PTY. LIMITED (59 003 919 668), Centennial Coal Infrastructure Pty Limited (38 126 871 430), CENTENNIAL COAL SALES AND MARKETING PTY LIMITED (19 123 052 540), CENTENNIAL DRILLING SERVICES PTY LIMITED (12 000 007 438), CENTENNIAL FASSIFERN PTY LTD (81 094 588 333), CENTENNIAL INGLENOOK PTY LIMITED (68 120 159 051), CENTENNIAL MANNERING PTY LTD (56 101 509 120), Centennial Munmorah Pty Limited (91 101 508 963), Centennial Newstan Pty Limited (68 101 508 865), CENTENNIAL NORTHERN COAL SERVICES PTY LIMITED (47 125 670 288), CENTENNIAL NORTHERN MINING SERVICES PTY LIMITED (54 101 509 111), CENTENNIAL WALLARAH PTY LIMITED (28 639 719 369), CHARBON COAL PTY LIMITED (71 064 237 118), CLARENCE COAL INVESTMENTS PTY. LIMITED (58 003 772 174), CLARENCE COAL PTY LIMITED (53 083 465 212), CLARENCE COLLIERY PTY LTD (19 001 680 584), COLLIERIES SUPERANNUATION PTY. LIMITED, Elcom Collieries Pty Ltd, FS NSW PROJECT NO 1 AT PTY LTD, FS NSW PROJECT NO 1 FINCO PTY LTD (14 623 048 162), FS NSW PROJECT NO 1 HT PTY LTD, HARTLEY VALLEY COAL COMPANY PTY LTD (95 000 185 697), HUNTLEY COLLIERY PTY LIMITED, IVANHOE COAL PTY LIMITED (79 064 237 154), MANDALONG PASTORAL MANAGEMENT PTY LTD (69 000 030 795), MANILDRA FINCO PTY LTD (79 615 896 672), MANILDRA PROP HOLD PTY LTD (94 616 570 131), MANILDRA PROP PTY LTD (16 616 588 955), MANILDRA SOLAR FARM PTY LIMITED (30 165 431 881), POWERCOAL PTY LTD (91 052 533 070), POWERCOAL SUPERANNUATION PTY. LIMITED, SPRINGVALE COAL PTY LIMITED (39 052 096 769), SPRINGVALE COAL SALES PTY. LIMITED (17 052 480 109). Register entry: https://modernslaveryregister.gov.au/statements/18062/.'}"
Modern slavery statement 2021-1621: LAMANNA PREMIER GROUP PTY LTD,document,"{'content': 'LAMANNA PREMIER GROUP PTY LTD (ABN 87 004 843 556) filed a single modern slavery statement with the Australian Modern Slavery Register for the reporting period 2019-07-01 to 2020-06-30. The reporting entity is headquartered in Australia. The reporting entity has an annual revenue band of 450-500M. The reporting entity operates in the industry sectors: Food and beverages, agriculture and fishing. Register entry: https://modernslaveryregister.gov.au/statements/3750/.'}"
Modern slavery statement 2024-1940: Standard Chartered Bank,document,"{'content': 'Standard Chartered Bank filed a single modern slavery statement with the Australian Modern Slavery Register for the reporting period 2020-01-01 to 2020-12-31. The reporting entity is headquartered in United Kingdom. The reporting entity has an annual revenue band of 1BN+. The reporting entity operates in the industry sectors: Financial, insurance and real estate activities. The statement also covers the included entities: STANDARD CHARTERED GRINDLAYS PTY LTD. Register entry: https://modernslaveryregister.gov.au/statements/19437/.'}"
Modern slavery statement 2023-2308: VENTURA MOTORS PROPRIETARY LIMITED,document,"{'content': 'VENTURA MOTORS PROPRIETARY LIMITED (ABN 67 004 235 518) filed a joint modern slavery statement with the Australian Modern Slavery Register for the reporting period 2022-07-01 to 2023-06-30. The reporting entity is headquartered in Australia. The reporting entity has an annual revenue band of 300-350M. The reporting entity operates in the industry sectors: Transportation, logistics, and storage. The statement also covers the included entities: EASTCOAST TRUCK & BUS SERVICE CENTRES PTY LTD (12 004 285 518), INVICTA BUS SERVICES PTY. LTD. (44 134 696 558), IVANHOE BUS COMPANY PROPRIETARY LIMITED (57 004 367 962), Peninsula Transit Pty Ltd (64 153 091 662), PORTSEA PASSENGER SERVICE PTY LIMITED (51 004 237 450), The Trustee for MOORABBIN TRANSIT UNIT TRUST (24 037 825 151), The Trustee for Ventura Bus Lines As Trustee for BARRIE WARREN UNIT TRUST (99 425 365 630), US BUS LINES UNIT TRUST (74 622 621 199), Ventura Property Management Pty Ltd (28 100 908 049), VENTURA TRANSIT PTY LTD (68 153 091 680). Register entry: https://modernslaveryregister.gov.au/statements/15330/.'}"
Modern slavery statement 2026-77: SUZUKI AUSTRALIA PTY LTD,document,{'content': 'SUZUKI AUSTRALIA PTY LTD filed a single modern slavery statement with the Australian Modern Slavery Register for the reporting period 2024-04-01 to 2025-03-31. The reporting entity is headquartered in Japan. The reporting entity has an annual revenue band of 450-500M. The reporting entity operates in the industry sectors: Other Services. Register entry: https://modernslaveryregister.gov.au/statements/27149/.'}
Modern slavery statement 2025-1486: BMW AUSTRALIA FINANCE LIMITED & BMW AUSTRALIA LTD.,document,"{'content': 'BMW AUSTRALIA FINANCE LIMITED (ABN 78 007 101 715) and BMW AUSTRALIA LTD. (ABN 11 004 675 129) filed a joint modern slavery statement with the Australian Modern Slavery Register for the reporting period 2024-01-01 to 2024-12-31. The reporting entities are headquartered in Australia, Germany. The reporting entities have an annual revenue band of 1BN+. The reporting entities operate in the industry sectors: Automotive, machinery and heavy electrical equipment Financial, insurance and real estate activities. The statement also covers the included entities: BMW MELBOURNE PTY. LIMITED (57 050 192 017), BMW SYDNEY PTY. LIMITED (12 007 103 433). Register entry: https://modernslaveryregister.gov.au/statements/23752/.'}"
Modern slavery statement 2021-837: INDEPENDENCE AUSTRALIA GROUP,document,{'content': 'INDEPENDENCE AUSTRALIA GROUP (ABN 80 973 805 243) filed a single modern slavery statement with the Australian Modern Slavery Register for the reporting period 2019-07-01 to 2020-06-30. The reporting entity is headquartered in Australia. The reporting entity has an annual revenue band of 150-200M. The reporting entity operates in the industry sectors: Healthcare and pharmaceuticals Charitable / not-for-profit activities Other. Register entry: https://modernslaveryregister.gov.au/statements/2264/.'}
Modern slavery statement 2021-2395: SMBC Leasing and Finance Inc,document,{'content': 'SMBC Leasing and Finance Inc (ABN 88 327 596 442) filed a single modern slavery statement with the Australian Modern Slavery Register for the reporting period 2020-01-01 to 2020-12-31. The reporting entity is headquartered in United States of America. The reporting entity has an annual revenue band of 500-600M. The reporting entity operates in the industry sectors: Other. Register entry: https://modernslaveryregister.gov.au/statements/5015/.'}
Modern slavery statement 2021-231: BESTON GLOBAL FOOD COMPANY LIMITED,document,"{'content': 'BESTON GLOBAL FOOD COMPANY LIMITED (ABN 28 603 023 383) filed a single modern slavery statement with the Australian Modern Slavery Register for the reporting period 2020-01-01 to 2020-12-31. The reporting entity is headquartered in Australia. The reporting entity has an annual revenue band of 100-150M. The reporting entity operates in the industry sectors: Food and beverages, agriculture and fishing. Register entry: https://modernslaveryregister.gov.au/statements/1494/.'}"
Modern slavery statement 2023-1956: SNACK BRANDS INDUSTRIES PTY LTD,document,"{'content': 'SNACK BRANDS INDUSTRIES PTY LTD (ABN 63 054 045 662) filed a single modern slavery statement with the Australian Modern Slavery Register for the reporting period 2022-07-01 to 2023-06-30. The reporting entity is headquartered in Australia. The reporting entity has an annual revenue band of 0-99M. The reporting entity operates in the industry sectors: Food and beverages, agriculture and fishing. Register entry: https://modernslaveryregister.gov.au/statements/14827/.'}"
"Modern slavery statement 2024-1041: CK BIDCO PTY. LTD., CK HOLDCO PTY. LTD., CULTURE KINGS BRISBANE PTY LTD, CULTURE KINGS GOLD COAST PTY LTD, CULTURE KINGS GROUP PTY LTD, CULTURE KINGS MELBOURNE PTY LTD, CULTURE KINGS PERTH PTY LTD, CULTURE KINGS PTY LTD, CULTURE KINGS SYDNEY PTY LTD, DXXM LIFE IP PTY LTD, TF APPAREL PTY LTD, TF INTELLECTUAL PROPERTY PTY LTD, TF IP INVESTMENT PTY LTD",document,"{'content': 'CK BIDCO PTY. LTD., CK HOLDCO PTY. LTD., CULTURE KINGS BRISBANE PTY LTD, CULTURE KINGS GOLD COAST PTY LTD, CULTURE KINGS GROUP PTY LTD, CULTURE KINGS MELBOURNE PTY LTD, CULTURE KINGS PERTH PTY LTD, CULTURE KINGS PTY LTD, CULTURE KINGS SYDNEY PTY LTD, DXXM LIFE IP PTY LTD, TF APPAREL PTY LTD, TF INTELLECTUAL PROPERTY PTY LTD, TF IP INVESTMENT PTY LTD filed a joint modern slavery statement with the Australian Modern Slavery Register for the reporting period 2023-01-01 to 2023-12-31. The reporting entity is headquartered in Australia. The reporting entity has an annual revenue band of 250-300M. The reporting entity operates in the industry sectors: Fashion, textiles, apparel and luxury goods. Register entry: https://modernslaveryregister.gov.au/statements/18248/.'}"
Modern slavery statement 2023-2207: AquaSure Finance Pty Ltd & AquaSure Holdings Pty Ltd & AquaSure Pty Ltd,document,"{'content': 'AquaSure Finance Pty Ltd (ABN 35 136 072 627), AquaSure Holdings Pty Ltd (ABN 46 135 956 053) and AquaSure Pty Ltd (ABN 22 135 956 393) filed a joint modern slavery statement with the Australian Modern Slavery Register for the reporting period 2022-07-01 to 2023-06-30. The reporting entities are headquartered in Australia. The reporting entities have an annual revenue band of 1BN+. The reporting entities operate in the industry sectors: Utilities: gas, water and electricity. Register entry: https://modernslaveryregister.gov.au/statements/15189/.'}"
Modern slavery statement 2025-33: ENDAVA AUSTRALIA PTY LTD & LEXICON CONSOLIDATED HOLDINGS PTY LTD & MUDBATH & CO PTY. LTD. et al.,document,"{'content': 'ENDAVA AUSTRALIA PTY LTD (ABN 90 642 165 740), LEXICON CONSOLIDATED HOLDINGS PTY LTD (ABN 34 642 106 358), MUDBATH & CO PTY. LTD. (ABN 28 601 780 929), The Trustee for Lexicon Digital Trust (ABN 21 839 289 552) and The Trustee for THE DEK TECHNOLOGIES UNIT TRUST (ABN 93 124 967 140) filed a joint modern slavery statement with the Australian Modern Slavery Register for the reporting period 2023-07-01 to 2024-06-30. The reporting entities are headquartered in Australia. The reporting entities have an annual revenue band of 100-150M. The reporting entities operate in the industry sectors: Information technology and telecommunication. The statement also covers the included entities: LEXICON CONSOLIDATED HOLDINGS PTY LTD (34 642 106 358), MUDBATH & CO PTY. LTD. (28 601 780 929), The Trustee for Lexicon Digital Trust (21 839 289 552), The Trustee for THE DEK TECHNOLOGIES UNIT TRUST (93 124 967 140). Register entry: https://modernslaveryregister.gov.au/statements/21656/.'}"
Modern slavery statement 2022-2859: MEGT (AUSTRALIA) LTD,document,{'content': 'MEGT (AUSTRALIA) LTD (ABN 85 006 266 280) filed a single modern slavery statement with the Australian Modern Slavery Register for the reporting period 2021-07-01 to 2022-06-30. The reporting entity is headquartered in Australia. The reporting entity has an annual revenue band of 100-150M. The reporting entity operates in the industry sectors: Education and research. Register entry: https://modernslaveryregister.gov.au/statements/11760/.'}
Modern slavery statement 2026-377: ARISTOCRAT GLOBAL HOLDINGS PTY LTD & ARISTOCRAT INTERNATIONAL PTY LTD & ARISTOCRAT LEISURE LIMITED et al.,document,"{'content': 'ARISTOCRAT GLOBAL HOLDINGS PTY LTD (ABN 95 605 116 783), ARISTOCRAT INTERNATIONAL PTY LTD (ABN 46 000 148 158), ARISTOCRAT LEISURE LIMITED (ABN 44 002 818 368), ARISTOCRAT TECHNICAL SERVICES PTY. LIMITED (ABN 70 002 645 070), ARISTOCRAT TECHNOLOGIES AUSTRALIA PTY LIMITED (ABN 22 001 660 715) and ARISTOCRAT TECHNOLOGY GAMING SYSTEMS PTY LIMITED (ABN 20 086 153 086) filed a joint modern slavery statement with the Australian Modern Slavery Register for the reporting period 2024-10-01 to 2025-09-30. The reporting entities are headquartered in Australia. The reporting entities have an annual revenue band of 800-900M. The reporting entities operate in the industry sectors: Other Services Arts and Recreation Services. Register entry: https://modernslaveryregister.gov.au/statements/27633/.'}"
Modern slavery statement 2025-1479: TADANO OCEANIA PTY LTD,document,"{'content': 'TADANO OCEANIA PTY LTD (ABN 84 142 236 995) filed a single modern slavery statement with the Australian Modern Slavery Register for the reporting period 2024-01-01 to 2024-12-31. The reporting entity is headquartered in Australia, Japan. The reporting entity has an annual revenue band of 150-200M. The reporting entity operates in the industry sectors: Automotive, machinery and heavy electrical equipment. Register entry: https://modernslaveryregister.gov.au/statements/23747/.'}"
Modern slavery statement 2023-2085: AUSTRALIAN PAYMENTS PLUS LTD & BPAY GROUP HOLDING PTY LTD & BPAY GROUP PTY LTD et al.,document,"{'content': 'AUSTRALIAN PAYMENTS PLUS LTD (ABN 19 649 744 203), BPAY GROUP HOLDING PTY LTD (ABN 44 626 481 525), BPAY GROUP PTY LTD (ABN 60 003 311 644), BPAY PTY LIMITED (ABN 69 079 137 518), CONNECTID PTY LTD (ABN 80 648 970 101), DIGITAL WALLET PTY LTD (ABN 93 624 272 475), EFTPOS Payments Australia Limited (ABN 37 136 180 366) and NPP AUSTRALIA LIMITED (ABN 68 601 428 737) filed a joint modern slavery statement with the Australian Modern Slavery Register for the reporting period 2022-07-01 to 2023-06-30. The reporting entities are headquartered in Australia. The reporting entities have an annual revenue band of 1BN+. The reporting entities operate in the industry sectors: Financial, insurance and real estate activities. Register entry: https://modernslaveryregister.gov.au/statements/15008/.'}"
Modern slavery statement 2021-3114: SERCO AUSTRALIA PTY LIMITED,document,{'content': 'SERCO AUSTRALIA PTY LIMITED (ABN 44 003 677 352) filed a joint modern slavery statement with the Australian Modern Slavery Register for the reporting period 2020-04-01 to 2021-03-31. The reporting entity is headquartered in United Kingdom. The reporting entity has an annual revenue band of 700-800M. The reporting entity operates in the industry sectors: Other. Register entry: https://modernslaveryregister.gov.au/statements/1915/.'}
Modern slavery statement 2023-2285: SG FLEET GROUP LIMITED,document,"{'content': 'SG FLEET GROUP LIMITED (ABN 40 167 554 574) filed a joint modern slavery statement with the Australian Modern Slavery Register for the reporting period 2022-07-01 to 2023-06-30. The reporting entity is headquartered in Australia. The reporting entity has an annual revenue band of 1BN+. The reporting entity operates in the industry sectors: Automotive, machinery and heavy electrical equipment Transportation, logistics, and storage Financial, insurance and real estate activities Other. The statement also covers the included entities: LEASEPLAN AUSTRALIA LIMITED (57 006 923 011), SG FLEET AUSTRALIA PTY LIMITED (15 003 429 356), SG FLEET HOLDINGS PTY LIMITED (85 147 536 409), SG FLEET INVESTMENTS PTY LTD (60 108 173 904), SG FLEET MANAGEMENT PTY LIMITED (50 108 174 296), SG FLEET SOLUTIONS PTY LIMITED (46 167 557 468). Register entry: https://modernslaveryregister.gov.au/statements/15293/.'}"
Modern slavery statement 2022-2782: McNab Developments (QLD) Pty Ltd & McNab NQ Pty Ltd,document,"{'content': 'McNab Developments (QLD) Pty Ltd (ABN 63 118 748 548) and McNab NQ Pty Ltd (ABN 83 126 974 561) filed a joint modern slavery statement with the Australian Modern Slavery Register for the reporting period 2021-07-01 to 2022-06-30. The reporting entities are headquartered in Australia. The reporting entities have an annual revenue band of 700-800M. The reporting entities operate in the industry sectors: Construction, civil engineering and building products. Register entry: https://modernslaveryregister.gov.au/statements/11676/.'}"
Modern slavery statement 2023-2286: CREDIT UNION AUSTRALIA LTD,document,"{'content': 'CREDIT UNION AUSTRALIA LTD (ABN 44 087 650 959) filed a joint modern slavery statement with the Australian Modern Slavery Register for the reporting period 2022-07-01 to 2023-06-30. The reporting entity is headquartered in Australia. The reporting entity has an annual revenue band of 700-800M. The reporting entity operates in the industry sectors: Financial, insurance and real estate activities. The statement also covers the included entities: CREDICORP FINANCE PTY. LTD. (79 010 052 981), CREDICORP INSURANCE PTY. LTD. (50 069 196 756), CUA MANAGEMENT PTY LTD (60 010 003 853). Register entry: https://modernslaveryregister.gov.au/statements/15306/.'}"
Modern slavery statement 2021-2499: EFN (AUSTRALIA) PTY LIMITED,document,"{'content': 'EFN (AUSTRALIA) PTY LIMITED (ABN 90 607 344 650) filed a single modern slavery statement with the Australian Modern Slavery Register for the reporting period 2020-01-01 to 2020-12-31. The reporting entity is headquartered in Canada. The reporting entity has an annual revenue band of 200-250M. The reporting entity operates in the industry sectors: Transportation, logistics, and storage Financial, insurance and real estate activities. Register entry: https://modernslaveryregister.gov.au/statements/5182/.'}"
Modern slavery statement 2024-1661: BAKER HUGHES GROUP AUSTRALIA PTY LTD,document,"{'content': 'BAKER HUGHES GROUP AUSTRALIA PTY LTD (ABN 77 618 893 226) filed a single modern slavery statement with the Australian Modern Slavery Register for the reporting period 2023-01-01 to 2023-12-31. The reporting entity is headquartered in Australia. The reporting entity has an annual revenue band of 1BN+. The reporting entity operates in the industry sectors: Mining, metals, chemicals and resources (including oil and gas) Other. The statement also covers the included entities: BAKER HUGHES AUSTRALIA PTY. LIMITED (20 004 752 050), BAKER HUGHES SERVICES AUSTRALIA PTY LTD (65 009 080 951). Register entry: https://modernslaveryregister.gov.au/statements/19033/.'}"
Modern slavery statement 2025-3022: AUSSIE BROADBAND LIMITED,document,{'content': 'AUSSIE BROADBAND LIMITED (ABN 29 132 090 192) filed a single modern slavery statement with the Australian Modern Slavery Register for the reporting period 2024-07-01 to 2025-06-30. The reporting entity is headquartered in Australia. The reporting entity has an annual revenue band of 1BN+. The reporting entity operates in the industry sectors: Information Media and Telecommunications. Register entry: https://modernslaveryregister.gov.au/statements/25926/.'}
Modern slavery statement 2023-1992: HRL MORRISON & CO (AUSTRALIA) PTY LTD,document,"{'content': 'HRL MORRISON & CO (AUSTRALIA) PTY LTD (ABN 39 073 922 102) filed a single modern slavery statement with the Australian Modern Slavery Register for the reporting period 2022-04-01 to 2023-03-31. The reporting entity is headquartered in Australia, New Zealand. The reporting entity has an annual revenue band of 100-150M. The reporting entity operates in the industry sectors: Financial, insurance and real estate activities. Register entry: https://modernslaveryregister.gov.au/statements/14871/.'}"
Modern slavery statement 2025-2348: Knauf Insulation Pty Ltd,document,{'content': 'Knauf Insulation Pty Ltd (ABN 73 129 827 336) filed a single modern slavery statement with the Australian Modern Slavery Register for the reporting period 2024-01-01 to 2024-12-31. The reporting entity is headquartered in Australia. The reporting entity has an annual revenue band of 100-150M. The reporting entity operates in the industry sectors: Manufacturing. Register entry: https://modernslaveryregister.gov.au/statements/24924/.'}
Modern slavery statement 2021-1189: PFP FINANCE PTY LTD & PFP MIDCO PTY LTD & PROPEL FUNERAL PARTNERS LIMITED,document,"{'content': 'PFP FINANCE PTY LTD (ABN 84 154 640 472), PFP MIDCO PTY LTD (ABN 61 154 640 310) and PROPEL FUNERAL PARTNERS LIMITED (ABN 41 616 909 310) filed a joint modern slavery statement with the Australian Modern Slavery Register for the reporting period 2020-01-01 to 2020-12-31. The reporting entities are headquartered in Australia. The reporting entities have an annual revenue band of 300-350M. The reporting entities operate in the industry sectors: Other. Register entry: https://modernslaveryregister.gov.au/statements/3097/.'}"
Modern slavery statement 2022-344: ACQUIRE BPO PTY LTD,document,{'content': 'ACQUIRE BPO PTY LTD (ABN 91 115 574 635) filed a single modern slavery statement with the Australian Modern Slavery Register for the reporting period 2020-07-01 to 2021-06-30. The reporting entity is headquartered in Australia. The reporting entity has an annual revenue band of 200-250M. The reporting entity operates in the industry sectors: Other. Register entry: https://modernslaveryregister.gov.au/statements/8193/.'}
Modern slavery statement 2025-1120: TRANSALTA ENERGY (AUSTRALIA) PTY LTD,document,"{'content': 'TRANSALTA ENERGY (AUSTRALIA) PTY LTD (ABN 40 062 135 844) filed a single modern slavery statement with the Australian Modern Slavery Register for the reporting period 2024-01-01 to 2024-12-31. The reporting entity is headquartered in Australia. The reporting entity has an annual revenue band of 150-200M. The reporting entity operates in the industry sectors: Utilities: gas, water and electricity. The statement also covers the included entities: GOLDFIELDS POWER PTY LTD (81 062 186 243), TEC DESERT NO.2 PTY LTD (13 084 953 088), TEC DESERT PTY LTD (47 084 695 661), TEC HEDLAND PTY LTD (81 169 777 404), TECH INTERMEDIARY PTY LTD (13 641 262 697), TEC KALGOORLIE PTY LTD (87 062 186 270), TEC OPERATIONS PTY LTD (46 062 135 871), TEC OUTBACK PTY LTD (55 084 338 465), TEC PILBARA PTY LTD (97 166 678 842), TEC PIPE PTY LTD (39 090 067 011). Register entry: https://modernslaveryregister.gov.au/statements/23314/.'}"
Modern slavery statement 2021-1562: EMPLOYERS MUTUAL MANAGEMENT PTY LTD,document,"{'content': 'EMPLOYERS MUTUAL MANAGEMENT PTY LTD (ABN 11 001 735 191) filed a single modern slavery statement with the Australian Modern Slavery Register for the reporting period 2019-07-01 to 2020-06-30. The reporting entity is headquartered in Australia. The reporting entity has an annual revenue band of 300-350M. The reporting entity operates in the industry sectors: Financial, insurance and real estate activities. Register entry: https://modernslaveryregister.gov.au/statements/3637/.'}"
Modern slavery statement 2021-818: ASG GROUP LIMITED,document,"{'content': 'ASG GROUP LIMITED (ABN 57 070 045 117) filed a single modern slavery statement with the Australian Modern Slavery Register for the reporting period 2019-07-01 to 2020-06-30. The reporting entity is headquartered in Australia. The reporting entity has an annual revenue band of 400-450M. The reporting entity operates in the industry sectors: Information technology and telecommunication Professional and administrative services and supplies, including legal, consulting and accounting services. Register entry: https://modernslaveryregister.gov.au/statements/2572/.'}"
Modern slavery statement 2022-2654: RUSSELL MINERAL EQUIPMENT PTY. LTD.,document,"{'content': 'RUSSELL MINERAL EQUIPMENT PTY. LTD. (ABN 20 010 708 406) filed a single modern slavery statement with the Australian Modern Slavery Register for the reporting period 2021-07-01 to 2022-06-30. The reporting entity is headquartered in Australia. The reporting entity has an annual revenue band of 100-150M. The reporting entity operates in the industry sectors: Automotive, machinery and heavy electrical equipment. Register entry: https://modernslaveryregister.gov.au/statements/11512/.'}"
Modern slavery statement 2022-1593: HONDA AUSTRALIA MOTORCYCLE AND POWER EQUIPMENT PTY. LTD. & HONDA AUSTRALIA PTY. LTD.,document,"{'content': 'HONDA AUSTRALIA MOTORCYCLE AND POWER EQUIPMENT PTY. LTD. (ABN 96 006 662 862) and HONDA AUSTRALIA PTY. LTD. (ABN 66 004 759 611) filed a joint modern slavery statement with the Australian Modern Slavery Register for the reporting period 2021-04-01 to 2022-03-30. The reporting entities are headquartered in Australia, Japan. The reporting entities have an annual revenue band of 800-900M. The reporting entities operate in the industry sectors: Automotive, machinery and heavy electrical equipment. Register entry: https://modernslaveryregister.gov.au/statements/10029/.'}"
"Modern slavery statement 2023-1344: ACTIVIDENTITY (AUSTRALIA) PTY LTD, ASSA ABLOY AUSTRALIA PACIFIC PTY. LIMITED, ASSA ABLOY AUSTRALIA PTY LIMITED, ASSA ABLOY DOOR GROUP AUSTRALIA PTY LIMITED, ASSA ABLOY DOOR GROUP AUSTRALIA PTY LIMITED, ASSA ABLOY ENTRANCE SYSTEMS AUSTRALIA PTY LIMITED, ASSA ABLOY ENTRANCE SYSTEMS INDUSTRIAL PTY LTD, ASSA ABLOY GLOBAL SOLUTIONS AUSTRALIA PTY LTD, AUSTRAL MONSOON BUILDING PRODUCTS PTY LTD, D & D GROUP PTY LTD, D & D TECHNOLOGIES PTY. LIMITED, GO DOORS PTY LTD, LIETZKE AUSTRALIA PTY LIMITED, MONSOON INDUSTRIES PTY. LIMITED, PLACARD PTY LTD, RECORD AUTOMATIC DOORS PTY LTD, Secure Edge Technologies Pty Ltd, THE DENMORE GROUP PTY LTD",document,"{'content': 'ACTIVIDENTITY (AUSTRALIA) PTY LTD, ASSA ABLOY AUSTRALIA PACIFIC PTY. LIMITED, ASSA ABLOY AUSTRALIA PTY LIMITED, ASSA ABLOY DOOR GROUP AUSTRALIA PTY LIMITED, ASSA ABLOY DOOR GROUP AUSTRALIA PTY LIMITED, ASSA ABLOY ENTRANCE SYSTEMS AUSTRALIA PTY LIMITED, ASSA ABLOY ENTRANCE SYSTEMS INDUSTRIAL PTY LTD, ASSA ABLOY GLOBAL SOLUTIONS AUSTRALIA PTY LTD, AUSTRAL MONSOON BUILDING PRODUCTS PTY LTD, D & D GROUP PTY LTD, D & D TECHNOLOGIES PTY. LIMITED, GO DOORS PTY LTD, LIETZKE AUSTRALIA PTY LIMITED, MONSOON INDUSTRIES PTY. LIMITED, PLACARD PTY LTD, RECORD AUTOMATIC DOORS PTY LTD, Secure Edge Technologies Pty Ltd, THE DENMORE GROUP PTY LTD filed a joint modern slavery statement with the Australian Modern Slavery Register for the reporting period 2022-01-01 to 2022-12-31. The reporting entity is headquartered in Australia. The reporting entity has an annual revenue band of 400-450M. The reporting entity operates in the industry sectors: Construction, civil engineering and building products. Register entry: https://modernslaveryregister.gov.au/statements/13987/.'}"
Modern slavery statement 2025-3685: MYHEALTH MEDICAL HOLDINGS PTY LIMITED,document,"{'content': 'MYHEALTH MEDICAL HOLDINGS PTY LIMITED filed a single modern slavery statement with the Australian Modern Slavery Register for the reporting period 2024-07-01 to 2025-06-30. The reporting entity is headquartered in Australia. The reporting entity has an annual revenue band of 100-150M. The reporting entity operates in the industry sectors: Health Care and Social Assistance. The statement also covers the included entities: MYHEALTH MANAGEMENT PTY LTD, MYHEALTH MEDICAL GROUP PTY LTD, MYHEALTH SERVICES PTY LTD. Register entry: https://modernslaveryregister.gov.au/statements/26732/.'}"
Modern slavery statement 2023-1155: AIA AUSTRALIA LIMITED,document,"{'content': 'AIA AUSTRALIA LIMITED (ABN 79 004 837 861) filed a joint modern slavery statement with the Australian Modern Slavery Register for the reporting period 2022-01-01 to 2022-12-31. The reporting entity is headquartered in Australia. The reporting entity has an annual revenue band of 1BN+. The reporting entity operates in the industry sectors: Financial, insurance and real estate activities. Register entry: https://modernslaveryregister.gov.au/statements/13724/.'}"
Modern slavery statement 2025-2542: R.M. WILLIAMS PROPRIETARY LIMITED,document,"{'content': 'R.M. WILLIAMS PROPRIETARY LIMITED (ABN 17 007 527 166) filed a single modern slavery statement with the Australian Modern Slavery Register for the reporting period 2024-07-01 to 2025-06-30. The reporting entity is headquartered in Australia. The reporting entity has an annual revenue band of 300-350M. The reporting entity operates in the industry sectors: Retail Trade Manufacturing Wholesale Trade. The statement also covers the included entities: JACKAROO CAPITAL PTY LTD (87 644 822 980), R.M. WILLIAMS AUSTRALIA HOLDINGS PTY LTD (61 163 636 682), R.M. WILLIAMS HOLDINGS PTY LTD (28 163 626 382). Register entry: https://modernslaveryregister.gov.au/statements/25220/.'}"
Modern slavery statement 2025-1775: Pure Storage Inc.,document,{'content': 'Pure Storage Inc. filed a single modern slavery statement with the Australian Modern Slavery Register for the reporting period 2024-02-05 to 2025-02-02. The reporting entity is headquartered in Australia. The reporting entity has an annual revenue band of 1BN+. The reporting entity operates in the industry sectors: Information Media and Telecommunications. The statement also covers the included entities: PURE STORAGE AUSTRALIA PTY LTD (86 164 489 794). Register entry: https://modernslaveryregister.gov.au/statements/24068/.'}
Modern slavery statement 2022-1736: ALSTOM TRANSPORT AUSTRALIA HOLDINGS PTY LIMITED & ALSTOM TRANSPORT AUSTRALIA PTY LIMITED & BOMBARDIER TRANSPORTATION AUSTRALIA PTY LTD et al.,document,"{'content': 'ALSTOM TRANSPORT AUSTRALIA HOLDINGS PTY LIMITED (ABN 28 644 102 992), ALSTOM TRANSPORT AUSTRALIA PTY LIMITED (ABN 68 165 157 451), BOMBARDIER TRANSPORTATION AUSTRALIA PTY LTD (ABN 73 010 699 804), BOMBARDIER TRANSPORTATION (CUSTOMER SUPPORT) AUSTRALIA PTY LTD (ABN 29 088 592 938), BOMBARDIER TRANSPORTATION (V/LINE) AUSTRALIA PTY LTD (ABN 14 088 592 812) and V/LINE MAINTENANCE PTY LIMITED (ABN 31 088 510 614) filed a joint modern slavery statement with the Australian Modern Slavery Register for the reporting period 2021-04-01 to 2022-03-30. The reporting entities are headquartered in France. The reporting entities have an annual revenue band of 600-700M. The reporting entities operate in the industry sectors: Transportation, logistics, and storage. Register entry: https://modernslaveryregister.gov.au/statements/10115/.'}"
Modern slavery statement 2025-3377: PERKAL PTY LTD,document,"{'content': 'PERKAL PTY LTD (ABN 43 009 283 363) filed a single modern slavery statement with the Australian Modern Slavery Register for the reporting period 2024-07-01 to 2025-06-30. The reporting entity is headquartered in Australia. The reporting entity has an annual revenue band of 100-150M. The reporting entity operates in the industry sectors: Electricity, Gas, Water and Waste Services. Register entry: https://modernslaveryregister.gov.au/statements/26425/.'}"
Modern slavery statement 2024-2048: SUMISHO COAL AUSTRALIA HOLDINGS PTY LTD,document,"{'content': 'SUMISHO COAL AUSTRALIA HOLDINGS PTY LTD (ABN 71 057 890 865) filed a single modern slavery statement with the Australian Modern Slavery Register for the reporting period 2023-04-01 to 2024-03-31. The reporting entity is headquartered in Japan. The reporting entity has an annual revenue band of 450-500M. The reporting entity operates in the industry sectors: Mining, metals, chemicals and resources (including oil and gas). The statement also covers the included entities: Ocean Coal Mining Pty Ltd, SCAP EXPLORATION PTY LTD, SCAP HILLALONG PTY LTD, SCAP OAKY CREEK PTY LTD, SCAP PENTLAND PTY LTD, SCAP REDROCK PTY LTD, SCAP WANDOAN PTY LTD, SUMISHO COAL DEVELOPMENT QUEENSLAND PTY LTD. Register entry: https://modernslaveryregister.gov.au/statements/19565/.'}"
Modern slavery statement 2023-89: QUICKWAY GROUP PTY LIMITED,document,"{'content': 'QUICKWAY GROUP PTY LIMITED (ABN 25 627 274 435) filed a single modern slavery statement with the Australian Modern Slavery Register for the reporting period 2021-07-01 to 2022-06-30. The reporting entity is headquartered in Australia. The reporting entity has an annual revenue band of 100-150M. The reporting entity operates in the industry sectors: Construction, civil engineering and building products. Register entry: https://modernslaveryregister.gov.au/statements/12196/.'}"
Modern slavery statement 2021-3325: 21st Century Resorts Holdings Pty Limited & BALMORAL PASTORAL INVESTMENTS PTY. LTD. & BALMORAL PASTORAL PTY. LTD. et al.,document,"{'content': '21st Century Resorts Holdings Pty Limited (ABN 33 104 201 014), BALMORAL PASTORAL INVESTMENTS PTY. LTD. (ABN 81 002 238 995), BALMORAL PASTORAL PTY. LTD. (ABN 22 001 202 606), HAMILTON ISLAND ENTERPRISES LIMITED (ABN 61 009 946 909) and ROBERT OATLEY VINEYARDS PTY. LTD. (ABN 63 118 584 928) filed a joint modern slavery statement with the Australian Modern Slavery Register for the reporting period 2020-07-01 to 2021-06-30. The reporting entities are headquartered in Australia. The reporting entities have an annual revenue band of 1BN+. The reporting entities operate in the industry sectors: Food and beverages, agriculture and fishing Consumer services, including accommodation, hospitality, tourism and leisure. Register entry: https://modernslaveryregister.gov.au/statements/6491/.'}"
"Modern slavery statement 2024-896: LATITUDE FINANCE AUSTRALIA, The Trustee for Australian Personal Loans Trust & The Trustee for Australian Sales Finance and Credit Cards Trust No.3 & The Trustee for Latitude Australia Credit Card Master Trust",document,"{'content': 'LATITUDE FINANCE AUSTRALIA, The Trustee for Australian Personal Loans Trust (ABN 31 684 228 845), The Trustee for Australian Sales Finance and Credit Cards Trust No.3 (ABN 74 387 916 615) and The Trustee for Latitude Australia Credit Card Master Trust (ABN 50 549 133 761) filed a joint modern slavery statement with the Australian Modern Slavery Register for the reporting period 2023-01-01 to 2023-12-31. The reporting entities are headquartered in Australia. The reporting entities have an annual revenue band of 450-500M. The reporting entities operate in the industry sectors: Financial, insurance and real estate activities. Register entry: https://modernslaveryregister.gov.au/statements/18083/.'}"
Modern slavery statement 2022-3110: SOUTHERN PORTS AUTHORITY,document,"{'content': 'SOUTHERN PORTS AUTHORITY (ABN 30 044 341 250) filed a single modern slavery statement with the Australian Modern Slavery Register for the reporting period 2021-07-01 to 2022-06-30. The reporting entity is headquartered in Australia. The reporting entity has an annual revenue band of 100-150M. The reporting entity operates in the industry sectors: Transportation, logistics, and storage. Register entry: https://modernslaveryregister.gov.au/statements/12029/.'}"
Modern slavery statement 2025-324: BURBANK AUSTRALIA PTY. LTD.,document,"{'content': 'BURBANK AUSTRALIA PTY. LTD. (ABN 91 007 099 872) filed a single modern slavery statement with the Australian Modern Slavery Register for the reporting period 2024-01-01 to 2024-12-31. The reporting entity is headquartered in Australia. The reporting entity has an annual revenue band of 250-300M. The reporting entity operates in the industry sectors: Construction, civil engineering and building products. The statement also covers the included entities: BEACON BUILDING SERVICES PTY LTD (74 165 292 311), BURBANK AUSTRALIA NSW PTY LTD (88 610 822 770), BURBANK AUSTRALIA NSW PTY LTD (88 610 822 770), BURBANK AUSTRALIA (QLD) PTY LTD (77 103 014 615), BURBANK AUSTRALIA (SA) PTY LTD (96 165 533 406), C.L SANFILIPPO & Storage Box Pty Ltd (49 535 934 812), DYNAMIC TRADE SOLUTIONS PTY LTD (83 098 221 991), NATIONAL PACIFIC FINANCE PTY LTD (32 168 530 961), National Pacific Properties Australia Pty Ltd (97 143 678 433). Register entry: https://modernslaveryregister.gov.au/statements/22131/.'}"
Modern slavery statement 2022-2296: WESTLAB PTY LTD,document,{'content': 'WESTLAB PTY LTD (ABN 71 606 662 113) filed a single modern slavery statement with the Australian Modern Slavery Register for the reporting period 2021-07-01 to 2022-06-30. The reporting entity is headquartered in Australia. The reporting entity has an annual revenue band of 500-600M. The reporting entity operates in the industry sectors: Healthcare and pharmaceuticals. Register entry: https://modernslaveryregister.gov.au/statements/11060/.'}
Modern slavery statement 2022-270: NKT PTY LTD,document,"{'content': 'NKT PTY LTD (ABN 26 121 391 704) filed a joint modern slavery statement with the Australian Modern Slavery Register for the reporting period 2022-01-01 to 2022-12-31. The reporting entity is headquartered in Denmark, Germany, Sweden. The reporting entity has an annual revenue band of 0-99M. The reporting entity operates in the industry sectors: Utilities: gas, water and electricity Construction, civil engineering and building products. Register entry: https://modernslaveryregister.gov.au/statements/8098/.'}"
"Modern slavery statement 2025-2080: ORICA AUSTRALIA PTY LTD, ORICA INVESTMENTS PTY LTD, ORICA LIMITED, ORICA MINING SERVICES PILBARA PTY LTD",document,"{'content': 'ORICA AUSTRALIA PTY LTD, ORICA INVESTMENTS PTY LTD, ORICA LIMITED, ORICA MINING SERVICES PILBARA PTY LTD filed a joint modern slavery statement with the Australian Modern Slavery Register for the reporting period 2023-10-01 to 2024-09-30. The reporting entity is headquartered in Australia. The reporting entity has an annual revenue band of 1BN+. The reporting entity operates in the industry sectors: Manufacturing. Register entry: https://modernslaveryregister.gov.au/statements/24527/.'}"
Modern slavery statement 2024-1165: GMO AUSTRALIA LIMITED & The Trustee for GMO Allegro Trust & The Trustee for GMO SYSTEMATIC GLOBAL MACRO TRUST,document,"{'content': 'GMO AUSTRALIA LIMITED (ABN 30 071 502 639), The Trustee for GMO Allegro Trust (ABN 59 653 515 693) and The Trustee for GMO SYSTEMATIC GLOBAL MACRO TRUST (ABN 38 976 397 475) filed a joint modern slavery statement with the Australian Modern Slavery Register for the reporting period 2023-01-01 to 2023-12-31. The reporting entities are headquartered in Australia. The reporting entities have an annual revenue band of 300-350M. The reporting entities operate in the industry sectors: Financial, insurance and real estate activities. Register entry: https://modernslaveryregister.gov.au/statements/18474/.'}"
Modern slavery statement 2023-2876: TOGETHR TRUSTEES PTY LTD,document,{'content': 'TOGETHR TRUSTEES PTY LTD (ABN 64 006 964 049) filed a single modern slavery statement with the Australian Modern Slavery Register for the reporting period 2022-07-01 to 2023-06-30. The reporting entity is headquartered in Australia. The reporting entity has an annual revenue band of 0-99M. The reporting entity operates in the industry sectors: Other. Register entry: https://modernslaveryregister.gov.au/statements/16100/.'}
Modern slavery statement 2025-3515: TSA MANAGEMENT GROUP HOLDINGS PTY LTD & TSA MANAGEMENT GROUP PTY LTD & TSA RILEY PTY LTD,document,"{'content': 'TSA MANAGEMENT GROUP HOLDINGS PTY LTD (ABN 37 622 812 177), TSA MANAGEMENT GROUP PTY LTD (ABN 55 622 812 631) and TSA RILEY PTY LTD (ABN 71 099 000 272) filed a joint modern slavery statement with the Australian Modern Slavery Register for the reporting period 2024-07-01 to 2025-06-30. The reporting entities are headquartered in Australia. The reporting entities have an annual revenue band of 200-250M. The reporting entities operate in the industry sectors: Professional, Scientific and Technical Services. The statement also covers the included entities: CALCUTTA GROUP PTY LTD (68 147 241 487), FOOTPRINT HOLDINGS PTY LTD (64 628 741 579), THE FOOTPRINT CALCULATOR PTY. LTD. (22 152 149 454), THE FOOTPRINT COMPANY PTY. LTD. (13 149 808 104), TSA RILEY (ACT) PTY LTD (79 097 795 125), TSA RILEY (RGB ASSURANCE) PTY LTD (84 145 897 418), TSA RILEY (SA) PTY LTD (83 602 683 063), TSA RILEY (VIC) PTY LTD (32 165 983 586). Register entry: https://modernslaveryregister.gov.au/statements/26582/.'}"
Modern slavery statement 2025-1759: AUSCO MODULAR PTY LIMITED,document,{'content': 'AUSCO MODULAR PTY LIMITED (ABN 14 010 654 994) filed a single modern slavery statement with the Australian Modern Slavery Register for the reporting period 2024-01-01 to 2024-12-31. The reporting entity is headquartered in Australia. The reporting entity has an annual revenue band of 500-600M. The reporting entity operates in the industry sectors: Manufacturing. The statement also covers the included entities: NEW ENGLAND TRADING PTY LTD (98 002 195 262). Register entry: https://modernslaveryregister.gov.au/statements/23882/.'}
Modern slavery statement 2025-107: AUSTRALASIAN PERFORMING RIGHT ASSOCIATION LTD,document,"{'content': 'AUSTRALASIAN PERFORMING RIGHT ASSOCIATION LTD (ABN 42 000 016 099) filed a single modern slavery statement with the Australian Modern Slavery Register for the reporting period 2023-07-01 to 2024-06-30. The reporting entity is headquartered in Australia. The reporting entity has an annual revenue band of 700-800M. The reporting entity operates in the industry sectors: Media, publishing, arts and entertainment. Register entry: https://modernslaveryregister.gov.au/statements/21777/.'}"
Modern slavery statement 2022-124: Tourism Australia,document,"{'content': 'Tourism Australia (ABN 99 657 548 712) filed a single modern slavery statement with the Australian Modern Slavery Register for the reporting period 2020-07-01 to 2021-06-30. The reporting entity is headquartered in Australia. The reporting entity has an annual revenue band of 0-99M. The reporting entity operates in the industry sectors: Consumer services, including accommodation, hospitality, tourism and leisure. Register entry: https://modernslaveryregister.gov.au/statements/7876/.'}"
Modern slavery statement 2022-2343: MAINBRACE CONSTRUCTIONS PTY LIMITED & MAINBRACE CONSTRUCTIONS (QLD) PTY LIMITED,document,"{'content': 'MAINBRACE CONSTRUCTIONS PTY LIMITED (ABN 45 002 970 658) and MAINBRACE CONSTRUCTIONS (QLD) PTY LIMITED (ABN 47 131 334 159) filed a joint modern slavery statement with the Australian Modern Slavery Register for the reporting period 2021-07-01 to 2022-06-30. The reporting entities are headquartered in Australia. The reporting entities have an annual revenue band of 200-250M. The reporting entities operate in the industry sectors: Construction, civil engineering and building products. Register entry: https://modernslaveryregister.gov.au/statements/11114/.'}"
Modern slavery statement 2024-2188: CLARIANT (AUSTRALIA) PTY LIMITED,document,"{'content': 'CLARIANT (AUSTRALIA) PTY LIMITED (ABN 30 069 435 552) filed a single modern slavery statement with the Australian Modern Slavery Register for the reporting period 2023-01-01 to 2023-12-31. The reporting entity is headquartered in Switzerland. The reporting entity has an annual revenue band of 100-150M. The reporting entity operates in the industry sectors: Mining, metals, chemicals and resources (including oil and gas) Cosmetics and toiletries Construction, civil engineering and building products. Register entry: https://modernslaveryregister.gov.au/statements/19780/.'}"
"Modern slavery statement 2025-3777: TRICAB (AUSTRALIA) PTY LTD, TRICAB GROUP PTY LTD",document,"{'content': 'TRICAB (AUSTRALIA) PTY LTD, TRICAB GROUP PTY LTD filed a joint modern slavery statement with the Australian Modern Slavery Register for the reporting period 2024-07-01 to 2025-06-30. The reporting entity is headquartered in Australia. The reporting entity has an annual revenue band of 100-150M. The reporting entity operates in the industry sectors: Manufacturing. The statement also covers the included entities: BALLARAT CABLES PTY LTD, SPARKY WAREHOUSE AUSTRALIA PTY LTD. Register entry: https://modernslaveryregister.gov.au/statements/26874/.'}"
Modern slavery statement 2025-2453: PERKBOX LIMITED,document,{'content': 'PERKBOX LIMITED (ABN 28 631 404 174) filed a single modern slavery statement with the Australian Modern Slavery Register for the reporting period 2025-01-01 to 2025-10-04. The reporting entity is headquartered in United Kingdom. The reporting entity has an annual revenue band of 100-150M. The reporting entity operates in the industry sectors: Other Services. Register entry: https://modernslaveryregister.gov.au/statements/25102/.'}
Modern slavery statement 2021-68: Fronius Australia Pty Ltd,document,"{'content': 'Fronius Australia Pty Ltd (ABN 65 144 615 896) filed a single modern slavery statement with the Australian Modern Slavery Register for the reporting period 2020-01-01 to 2020-12-31. The reporting entity is headquartered in Australia, Austria. The reporting entity has an annual revenue band of 150-200M. The reporting entity operates in the industry sectors: Automotive, machinery and heavy electrical equipment Durable consumer goods, including electronics and appliances, home furnishings and other accessories. Register entry: https://modernslaveryregister.gov.au/statements/1163/.'}"
Modern slavery statement 2021-1642: KU CHILDREN'S SERVICES,document,"{'content': ""KU CHILDREN'S SERVICES (ABN 89 000 006 137) filed a single modern slavery statement with the Australian Modern Slavery Register for the reporting period 2020-01-01 to 2020-12-31. The reporting entity is headquartered in Australia. The reporting entity has an annual revenue band of 150-200M. The reporting entity operates in the industry sectors: Charitable / not-for-profit activities. Register entry: https://modernslaveryregister.gov.au/statements/3781/.""}"
Modern slavery statement 2024-2042: BT EQUIPMENT PTY LTD & TUTT BRYANT GROUP LIMITED,document,"{'content': 'BT EQUIPMENT PTY LTD (ABN 89 094 476 141) and TUTT BRYANT GROUP LIMITED (ABN 89 009 242 675) filed a joint modern slavery statement with the Australian Modern Slavery Register for the reporting period 2023-04-01 to 2024-03-31. The reporting entities are headquartered in Australia. The reporting entities have an annual revenue band of 450-500M. The reporting entities operate in the industry sectors: Automotive, machinery and heavy electrical equipment. The statement also covers the included entities: TUTT BRYANT HIRE PTY LTD (59 087 847 489). Register entry: https://modernslaveryregister.gov.au/statements/19563/.'}"
Modern slavery statement 2026-310: GAMUDA ENGINEERING PTY LTD,document,"{'content': 'GAMUDA ENGINEERING PTY LTD (ABN 36 636 433 522) filed a single modern slavery statement with the Australian Modern Slavery Register for the reporting period 2024-07-01 to 2025-06-30. The reporting entity is headquartered in Australia. The reporting entity has an annual revenue band of 1BN+. The reporting entity operates in the industry sectors: Construction. The statement also covers the included entities: GAMUDA BERHAD (27 632 738 768), GAMUDA HOLDINGS PTY LTD (81 665 763 020). Register entry: https://modernslaveryregister.gov.au/statements/27510/.'}"
Modern slavery statement 2022-2720: CENTRAL HIGHLANDS REGION WATER CORPORATION,document,"{'content': 'CENTRAL HIGHLANDS REGION WATER CORPORATION (ABN 75 224 340 348) filed a single modern slavery statement with the Australian Modern Slavery Register for the reporting period 2021-07-01 to 2022-06-30. The reporting entity is headquartered in Australia. The reporting entity has an annual revenue band of 100-150M. The reporting entity operates in the industry sectors: Utilities: gas, water and electricity. Register entry: https://modernslaveryregister.gov.au/statements/11593/.'}"
Modern slavery statement 2023-753: AZ NEXT GENERATION ADVISORY LIMITED,document,"{'content': 'AZ NEXT GENERATION ADVISORY LIMITED (ABN 57 167 960 018) filed a single modern slavery statement with the Australian Modern Slavery Register for the reporting period 2022-01-01 to 2022-12-31. The reporting entity is headquartered in Australia. The reporting entity has an annual revenue band of 100-150M. The reporting entity operates in the industry sectors: Financial, insurance and real estate activities. Register entry: https://modernslaveryregister.gov.au/statements/12938/.'}"
Modern slavery statement 2023-3229: NC Limited,document,"{'content': 'NC Limited filed a joint modern slavery statement with the Australian Modern Slavery Register for the reporting period 2022-07-01 to 2023-06-30. The reporting entity is headquartered in Australia. The reporting entity has an annual revenue band of 100-150M. The reporting entity operates in the industry sectors: Construction, civil engineering and building products Professional and administrative services and supplies, including legal, consulting and accounting services. The statement also covers the included entities: Northrop (Aust) Pty Ltd, NORTHROP CHARLESTOWN PTY LTD, NORTHROP CONSULTING ENGINEERS PTY LIMITED, Northrop Services Pty Ltd. Register entry: https://modernslaveryregister.gov.au/statements/16499/.'}"
Modern slavery statement 2025-5: COAL MINES INSURANCE PTY LTD & COAL SERVICES PTY LIMITED & MINES RESCUE PTY LIMITED,document,"{'content': 'COAL MINES INSURANCE PTY LTD (ABN 70 000 011 727), COAL SERVICES PTY LIMITED (ABN 98 099 078 234) and MINES RESCUE PTY LIMITED (ABN 15 099 078 261) filed a joint modern slavery statement with the Australian Modern Slavery Register for the reporting period 2024-01-01 to 2024-12-31. The reporting entities are headquartered in Australia. The reporting entities have an annual revenue band of 200-250M. The reporting entities operate in the industry sectors: Financial, insurance and real estate activities Healthcare and pharmaceuticals. The statement also covers the included entities: COAL MINES INSURANCE PTY LTD (70 000 011 727), COAL SERVICES PTY LIMITED (98 099 078 234), MINES RESCUE PTY LIMITED (15 099 078 261). Register entry: https://modernslaveryregister.gov.au/statements/21630/.'}"
Modern slavery statement 2023-2637: BIG RIVER GROUP PTY LTD,document,"{'content': 'BIG RIVER GROUP PTY LTD (ABN 72 000 009 754) filed a single modern slavery statement with the Australian Modern Slavery Register for the reporting period 2022-07-01 to 2023-06-30. The reporting entity is headquartered in Australia. The reporting entity has an annual revenue band of 400-450M. The reporting entity operates in the industry sectors: Construction, civil engineering and building products. Register entry: https://modernslaveryregister.gov.au/statements/15787/.'}"
Modern slavery statement 2022-2848: Annex Products Pty Ltd & KEY BIDCO PTY LTD & KEY HOLDCO PTY LTD et al.,document,"{'content': 'Annex Products Pty Ltd (ABN 89 154 777 401), KEY BIDCO PTY LTD (ABN 77 642 829 589), KEY HOLDCO PTY LTD (ABN 28 642 828 948), KEY MIDCO PTY LTD (ABN 56 642 829 436) and KEY TOPCO PTY LTD (ABN 44 642 828 199) filed a joint modern slavery statement with the Australian Modern Slavery Register for the reporting period 2021-07-01 to 2022-06-30. The reporting entities are headquartered in Australia. The reporting entities have an annual revenue band of 500-600M. The reporting entities operate in the industry sectors: Durable consumer goods, including electronics and appliances, home furnishings and other accessories. Register entry: https://modernslaveryregister.gov.au/statements/11743/.'}"
Modern slavery statement 2024-278: SIBANYE AUSTRALIA PTY LTD,document,"{'content': 'SIBANYE AUSTRALIA PTY LTD filed a single modern slavery statement with the Australian Modern Slavery Register for the reporting period 2023-02-10 to 2023-12-31. The reporting entity is headquartered in Australia. The reporting entity has an annual revenue band of 150-200M. The reporting entity operates in the industry sectors: Mining, metals, chemicals and resources (including oil and gas). Register entry: https://modernslaveryregister.gov.au/statements/17166/.'}"
Modern slavery statement 2021-3465: WAM ALTERNATIVE ASSETS LIMITED,document,"{'content': 'WAM ALTERNATIVE ASSETS LIMITED (ABN 47 168 941 704) filed a single modern slavery statement with the Australian Modern Slavery Register for the reporting period 2020-07-01 to 2021-06-30. The reporting entity is headquartered in Australia. The reporting entity has an annual revenue band of 0-99M. The reporting entity operates in the industry sectors: Financial, insurance and real estate activities. Register entry: https://modernslaveryregister.gov.au/statements/6702/.'}"
Modern slavery statement 2024-1471: LG ELECTRONICS AUSTRALIA PTY LIMITED,document,"{'content': 'LG ELECTRONICS AUSTRALIA PTY LIMITED (ABN 98 064 531 264) filed a single modern slavery statement with the Australian Modern Slavery Register for the reporting period 2023-01-01 to 2023-12-31. The reporting entity is headquartered in Australia, Republic of Korea (South Korea). The reporting entity has an annual revenue band of 1BN+. The reporting entity operates in the industry sectors: Durable consumer goods, including electronics and appliances, home furnishings and other accessories. Register entry: https://modernslaveryregister.gov.au/statements/18784/.'}"
Modern slavery statement 2021-1586: PAYCE SECURITY GROUP PTY LTD & PAYNTER DIXON MANAGEMENT SERVICES PTY LIMITED & PAYNTER DIXON PTY LIMITED,document,"{'content': 'PAYCE SECURITY GROUP PTY LTD (ABN 42 637 041 411), PAYNTER DIXON MANAGEMENT SERVICES PTY LIMITED (ABN 96 097 318 084) and PAYNTER DIXON PTY LIMITED (ABN 65 069 785 262) filed a joint modern slavery statement with the Australian Modern Slavery Register for the reporting period 2019-07-01 to 2020-06-30. The reporting entities are headquartered in Australia. The reporting entities have an annual revenue band of 0-99M. The reporting entities operate in the industry sectors: Construction, civil engineering and building products Cleaning and security services. Register entry: https://modernslaveryregister.gov.au/statements/3678/.'}"
Modern slavery statement 2025-3101: A.C.N. 603 303 126 PTY LTD,document,{'content': 'A.C.N. 603 303 126 PTY LTD filed a single modern slavery statement with the Australian Modern Slavery Register for the reporting period 2024-07-01 to 2025-06-30. The reporting entity is headquartered in Australia. The reporting entity has an annual revenue band of 150-200M. The reporting entity operates in the industry sectors: Financial and Insurance Services. Register entry: https://modernslaveryregister.gov.au/statements/25890/.'}
Modern slavery statement 2020-192: IPH LIMITED,document,"{'content': 'IPH LIMITED (ABN 49 169 015 838) filed a single modern slavery statement with the Australian Modern Slavery Register for the reporting period 2019-07-01 to 2020-06-30. The reporting entity is headquartered in Australia. The reporting entity has an annual revenue band of 350-400M. The reporting entity operates in the industry sectors: Professional and administrative services and supplies, including legal, consulting and accounting services. Register entry: https://modernslaveryregister.gov.au/statements/568/.'}"
Modern slavery statement 2021-4070: FACTORY X PTY. LTD.,document,"{'content': 'FACTORY X PTY. LTD. (ABN 51 078 151 667) filed a single modern slavery statement with the Australian Modern Slavery Register for the reporting period 2020-07-01 to 2021-06-30. The reporting entity is headquartered in Australia. The reporting entity has an annual revenue band of 100-150M. The reporting entity operates in the industry sectors: Fashion, textiles, apparel and luxury goods. Register entry: https://modernslaveryregister.gov.au/statements/7540/.'}"
Modern slavery statement 2024-98: CISCO SYSTEMS AUSTRALIA PTY LIMITED,document,"{'content': 'CISCO SYSTEMS AUSTRALIA PTY LIMITED (ABN 52 050 332 940) filed a single modern slavery statement with the Australian Modern Slavery Register for the reporting period 2023-01-01 to 2023-12-31. The reporting entity is headquartered in Australia. The reporting entity has an annual revenue band of 1BN+. The reporting entity operates in the industry sectors: Information technology and telecommunication. The statement also covers the included entities: BROADSOFT AUSTRALIA PTY LIMITED, CISCO SYSTEMS CAPITAL (AUSTRALIA) PTY LIMITED, EXABLAZE PTY LTD, MERAKI NETWORKS AUSTRALIA PTY LIMITED, ZOMOJO PTY. LTD.. Register entry: https://modernslaveryregister.gov.au/statements/16855/.'}"
Modern slavery statement 2025-2406: WODONGA INSTITUTE OF TAFE,document,{'content': 'WODONGA INSTITUTE OF TAFE (ABN 68 437 423 269) filed a single modern slavery statement with the Australian Modern Slavery Register for the reporting period 2024-01-01 to 2024-12-31. The reporting entity is headquartered in Australia. The reporting entity has an annual revenue band of 100-150M. The reporting entity operates in the industry sectors: Education and Training. Register entry: https://modernslaveryregister.gov.au/statements/25035/.'}
Modern slavery statement 2021-4104: WILSON ASSET MANAGEMENT (INTERNATIONAL) PTY LTD,document,"{'content': 'WILSON ASSET MANAGEMENT (INTERNATIONAL) PTY LTD (ABN 89 081 047 118) filed a single modern slavery statement with the Australian Modern Slavery Register for the reporting period 2020-07-01 to 2021-06-30. The reporting entity is headquartered in Australia. The reporting entity has an annual revenue band of 0-99M. The reporting entity operates in the industry sectors: Financial, insurance and real estate activities. Register entry: https://modernslaveryregister.gov.au/statements/7571/.'}"
Modern slavery statement 2022-1470: TREND MICRO AUSTRALIA PTY. LTD.,document,{'content': 'TREND MICRO AUSTRALIA PTY. LTD. (ABN 70 077 055 817) filed a single modern slavery statement with the Australian Modern Slavery Register for the reporting period 2021-01-01 to 2021-12-31. The reporting entity is headquartered in Japan. The reporting entity has an annual revenue band of 200-250M. The reporting entity operates in the industry sectors: Information technology and telecommunication. Register entry: https://modernslaveryregister.gov.au/statements/9638/.'}
Modern slavery statement 2024-230: ANZ BH PTY LTD & ANZ FUNDS PTY. LTD. & ANZ GROUP HOLDINGS LIMITED et al.,document,"{'content': 'ANZ BH PTY LTD (ABN 45 658 939 952), ANZ FUNDS PTY. LTD. (ABN 61 004 594 343), ANZ GROUP HOLDINGS LIMITED (ABN 16 659 510 791), ANZ LENDERS MORTGAGE INSURANCE PTY. LIMITED (ABN 77 008 680 055), ANZ REWARDS NO. 2 PTY LTD (ABN 41 082 713 915), AUSTRALIA AND NEW ZEALAND BANKING GROUP LIMITED (ABN 11 005 357 522), The trustee for Kingfisher Trust 2008-1 (ABN 83 026 578 533) and VOTRAINT NO. 1103 PTY LIMITED (ABN 98 082 564 369) filed a joint modern slavery statement with the Australian Modern Slavery Register for the reporting period 2022-10-01 to 2023-09-30. The reporting entities are headquartered in Australia. The reporting entities have an annual revenue band of 1BN+. The reporting entities operate in the industry sectors: Financial, insurance and real estate activities. Register entry: https://modernslaveryregister.gov.au/statements/17084/.'}"
Modern slavery statement 2022-1239: EZIDEBIT PTY LTD & GLOBAL PAYMENTS AUSTRALIA 1 PTY LTD & OUR ONLINE CANTEEN PTY LTD et al.,document,"{'content': 'EZIDEBIT PTY LTD (ABN 67 096 902 813), GLOBAL PAYMENTS AUSTRALIA 1 PTY LTD (ABN 26 601 396 543), OUR ONLINE CANTEEN PTY LTD (ABN 32 142 542 014), SENTRAL PTY LTD (ABN 24 085 316 310), STORMAN SOFTWARE PTY LTD (ABN 92 168 679 525) and WEB ACTIVE CORPORATION PTY LTD (ABN 32 086 209 403) filed a joint modern slavery statement with the Australian Modern Slavery Register for the reporting period 2021-01-01 to 2021-12-31. The reporting entities are headquartered in Australia. The reporting entities have an annual revenue band of 0-99M. The reporting entities operate in the industry sectors: Financial, insurance and real estate activities. Register entry: https://modernslaveryregister.gov.au/statements/9524/.'}"
Modern slavery statement 2024-1619: TJX AUSTRALIA HOLDING COMPANY PTY LIMITED & TJX AUSTRALIA PTY LIMITED,document,"{'content': 'TJX AUSTRALIA HOLDING COMPANY PTY LIMITED (ABN 58 605 889 843) and TJX AUSTRALIA PTY LIMITED (ABN 73 000 171 764) filed a joint modern slavery statement with the Australian Modern Slavery Register for the reporting period 2023-01-29 to 2024-02-03. The reporting entities are headquartered in Australia. The reporting entities have an annual revenue band of 700-800M. The reporting entities operate in the industry sectors: Fashion, textiles, apparel and luxury goods. Register entry: https://modernslaveryregister.gov.au/statements/18926/.'}"
Modern slavery statement 2021-423: APOLLO HEALTH LIMITED & ST JOHN AMBULANCE WESTERN AUSTRALIA LTD.,document,{'content': 'APOLLO HEALTH LIMITED (ABN 79 159 660 036) and ST JOHN AMBULANCE WESTERN AUSTRALIA LTD. (ABN 55 028 468 715) filed a joint modern slavery statement with the Australian Modern Slavery Register for the reporting period 2019-06-01 to 2020-06-30. The reporting entities are headquartered in Australia. The reporting entities have an annual revenue band of 300-350M. The reporting entities operate in the industry sectors: Healthcare and pharmaceuticals Charitable / not-for-profit activities. Register entry: https://modernslaveryregister.gov.au/statements/1660/.'}
Modern slavery statement 2021-4049: MONEYME LIMITED,document,"{'content': 'MONEYME LIMITED (ABN 29 636 747 414) filed a single modern slavery statement with the Australian Modern Slavery Register for the reporting period 2020-07-01 to 2021-06-30. The reporting entity is headquartered in Australia. The reporting entity has an annual revenue band of 0-99M. The reporting entity operates in the industry sectors: Financial, insurance and real estate activities. Register entry: https://modernslaveryregister.gov.au/statements/6416/.'}"
Modern slavery statement 2024-2772: Incat Holdings Limited & INCAT TASMANIA PTY. LTD.,document,"{'content': 'Incat Holdings Limited (ABN 50 128 645 885) and INCAT TASMANIA PTY. LTD. filed a joint modern slavery statement with the Australian Modern Slavery Register for the reporting period 2023-07-01 to 2024-06-30. The reporting entities are headquartered in Australia. The reporting entities have an annual revenue band of 100-150M. The reporting entities operate in the industry sectors: Other. The statement also covers the included entities: I.C.T. PTY LTD, INCAT AUSTRALIA PTY. LTD., INCAT CHARTERING PTY. LTD., INCAT FINANCE PTY. LIMITED, INCAT MARKETING PTY LTD, INCAT OFFSHORE PTY. LTD., INCAT TASMANIA PTY. LTD.. Register entry: https://modernslaveryregister.gov.au/statements/20588/.'}"
Modern slavery statement 2020-413: GROUP ZARA AUSTRALIA PTY LIMITED,document,"{'content': 'GROUP ZARA AUSTRALIA PTY LIMITED (ABN 64 089 376 349) filed a single modern slavery statement with the Australian Modern Slavery Register for the reporting period 2019-02-01 to 2020-01-31. The reporting entity is headquartered in Australia. The reporting entity has an annual revenue band of Unknown. The reporting entity operates in the industry sectors: Fashion, textiles, apparel and luxury goods. Register entry: https://modernslaveryregister.gov.au/statements/931/.'}"
Modern slavery statement 2024-3038: OUTDOOR SUPACENTRE PTY LTD,document,"{'content': 'OUTDOOR SUPACENTRE PTY LTD (ABN 30 609 212 624) filed a single modern slavery statement with the Australian Modern Slavery Register for the reporting period 2023-07-01 to 2024-06-30. The reporting entity is headquartered in Australia. The reporting entity has an annual revenue band of 400-450M. The reporting entity operates in the industry sectors: Durable consumer goods, including electronics and appliances, home furnishings and other accessories. The statement also covers the included entities: ADVENTURE KINGS PTY LTD (68 622 305 677), ADVENTURE KINGS RV PTY LTD (89 622 905 113), AK WHOLESALE PTY LIMITED (83 660 240 853), OUTDOOR SUPACENTRE RV PTY LTD (89 654 793 290). Register entry: https://modernslaveryregister.gov.au/statements/20927/.'}"
Modern slavery statement 2021-1505: MAYO HARDWARE PTY LTD,document,"{'content': 'MAYO HARDWARE PTY LTD (ABN 73 000 032 806) filed a single modern slavery statement with the Australian Modern Slavery Register for the reporting period 2020-04-01 to 2021-03-30. The reporting entity is headquartered in Australia. The reporting entity has an annual revenue band of 150-200M. The reporting entity operates in the industry sectors: Durable consumer goods, including electronics and appliances, home furnishings and other accessories. Register entry: https://modernslaveryregister.gov.au/statements/3535/.'}"
Modern slavery statement 2023-2593: ACS AUSTRALIA HOLDINGS PTY LTD,document,"{'content': 'ACS AUSTRALIA HOLDINGS PTY LTD (ABN 39 655 692 176) filed a joint modern slavery statement with the Australian Modern Slavery Register for the reporting period 2022-07-01 to 2023-06-30. The reporting entity is headquartered in Australia. The reporting entity has an annual revenue band of 100-150M. The reporting entity operates in the industry sectors: Financial, insurance and real estate activities. The statement also covers the included entities: SHIFT FINANCIAL PTY LTD (24 149 390 625). Register entry: https://modernslaveryregister.gov.au/statements/15064/.'}"
Modern slavery statement 2023-1970: AUSTRALIAN INVESTMENT EXCHANGE LIMITED & NRI AUSTRALIA HOLDINGS PTY LTD & NRI AUSTRALIA LIMITED et al.,document,"{'content': 'AUSTRALIAN INVESTMENT EXCHANGE LIMITED (ABN 71 076 515 930), NRI AUSTRALIA HOLDINGS PTY LTD (ABN 40 621 613 385), NRI AUSTRALIA LIMITED (ABN 57 070 045 117) and SQA HOLDCO PTY LTD (ABN 52 603 366 196) filed a joint modern slavery statement with the Australian Modern Slavery Register for the reporting period 2022-04-01 to 2023-03-30. The reporting entities are headquartered in Australia. The reporting entities have an annual revenue band of 700-800M. The reporting entities operate in the industry sectors: Information technology and telecommunication. Register entry: https://modernslaveryregister.gov.au/statements/14848/.'}"
Modern slavery statement 2023-449: KESTREL COAL GROUP PTY LTD & KESTREL COAL HOLDINGS PTY LTD & KESTREL COAL MIDCO PTY LTD et al.,document,"{'content': 'KESTREL COAL GROUP PTY LTD (ABN 70 624 655 518), KESTREL COAL HOLDINGS PTY LTD (ABN 55 624 151 113), KESTREL COAL MIDCO PTY LTD (ABN 35 624 242 628), KESTREL COAL RESOURCES PTY LTD (ABN 98 624 245 325) and KESTREL COAL SUBSIDIARY PTY LTD (ABN 79 624 243 689) filed a joint modern slavery statement with the Australian Modern Slavery Register for the reporting period 2022-01-01 to 2022-12-31. The reporting entities are headquartered in Australia. The reporting entities have an annual revenue band of 1BN+. The reporting entities operate in the industry sectors: Mining, metals, chemicals and resources (including oil and gas). Register entry: https://modernslaveryregister.gov.au/statements/12730/.'}"
Modern slavery statement 2022-2813: ENVIROPACIFIC SERVICES LIMITED,document,"{'content': 'ENVIROPACIFIC SERVICES LIMITED (ABN 43 111 372 064) filed a single modern slavery statement with the Australian Modern Slavery Register for the reporting period 2021-07-01 to 2022-06-30. The reporting entity is headquartered in Australia. The reporting entity has an annual revenue band of 200-250M. The reporting entity operates in the industry sectors: Waste management and recycling Construction, civil engineering and building products Other. Register entry: https://modernslaveryregister.gov.au/statements/11686/.'}"
"Modern slavery statement 2025-735: FIRST COMMERCIAL BANK, LTD.",document,"{'content': 'FIRST COMMERCIAL BANK, LTD. (ABN 15 126 292 608) filed a single modern slavery statement with the Australian Modern Slavery Register for the reporting period 2024-01-01 to 2024-12-31. The reporting entity is headquartered in Taiwan. The reporting entity has an annual revenue band of 150-200M. The reporting entity operates in the industry sectors: Financial, insurance and real estate activities. Register entry: https://modernslaveryregister.gov.au/statements/22754/.'}"
Modern slavery statement 2024-3276: CAMBRIDGE BOXHILL LANGUAGE ASSESSMENT PTY. LTD.,document,"{'content': 'CAMBRIDGE BOXHILL LANGUAGE ASSESSMENT PTY. LTD. (ABN 69 159 885 257) filed a single modern slavery statement with the Australian Modern Slavery Register for the reporting period 2023-08-01 to 2024-07-31. The reporting entity is headquartered in Australia. The reporting entity has an annual revenue band of 100-150M. The reporting entity operates in the industry sectors: Education and research Healthcare and pharmaceuticals. The statement also covers the included entities: OET GLOBAL PTY LTD, OET USA, LLC. Register entry: https://modernslaveryregister.gov.au/statements/20912/.'}"
Modern slavery statement 2025-3537: ETERNAL AUS HOLDCO LTD,document,{'content': 'ETERNAL AUS HOLDCO LTD filed a single modern slavery statement with the Australian Modern Slavery Register for the reporting period 2024-01-01 to 2025-06-30. The reporting entity is headquartered in Australia. The reporting entity has an annual revenue band of 500-600M. The reporting entity operates in the industry sectors: Other Services. Register entry: https://modernslaveryregister.gov.au/statements/26603/.'}
Modern slavery statement 2025-1776: STIHL PTY. LTD.,document,{'content': 'STIHL PTY. LTD. (ABN 76 004 881 145) filed a single modern slavery statement with the Australian Modern Slavery Register for the reporting period 2024-01-01 to 2024-12-31. The reporting entity is headquartered in Australia. The reporting entity has an annual revenue band of 200-250M. The reporting entity operates in the industry sectors: Other. Register entry: https://modernslaveryregister.gov.au/statements/23998/.'}
Modern slavery statement 2021-3240: EMPLOYERS MUTUAL LIMITED & THE TRUSTEE FOR ASWIG MANAGEMENT TRUST,document,"{'content': 'EMPLOYERS MUTUAL LIMITED & THE TRUSTEE FOR ASWIG MANAGEMENT TRUST (ABN 23 923 166 503) filed a single modern slavery statement with the Australian Modern Slavery Register for the reporting period 2020-07-01 to 2021-06-30. The reporting entity is headquartered in Australia. The reporting entity has an annual revenue band of 300-350M. The reporting entity operates in the industry sectors: Financial, insurance and real estate activities. Register entry: https://modernslaveryregister.gov.au/statements/6357/.'}"
Modern slavery statement 2024-569: GUCCI AUSTRALIA PTY LTD,document,"{'content': 'GUCCI AUSTRALIA PTY LTD (ABN 49 093 354 548) filed a single modern slavery statement with the Australian Modern Slavery Register for the reporting period 2023-01-01 to 2023-12-31. The reporting entity is headquartered in France. The reporting entity has an annual revenue band of 200-250M. The reporting entity operates in the industry sectors: Fashion, textiles, apparel and luxury goods. The statement also covers the included entities: GUCCI AUSTRALIA PTY LTD (49 093 354 548). Register entry: https://modernslaveryregister.gov.au/statements/17592/.'}"
Modern slavery statement 2022-2718: COX ARCHITECTURE PTY LTD,document,{'content': 'COX ARCHITECTURE PTY LTD (ABN 95 002 535 891) filed a single modern slavery statement with the Australian Modern Slavery Register for the reporting period 2021-07-01 to 2022-06-30. The reporting entity is headquartered in Australia. The reporting entity has an annual revenue band of Unknown. The reporting entity operates in the industry sectors: Other. Register entry: https://modernslaveryregister.gov.au/statements/10490/.'}
Modern slavery statement 2022-228: HELIOS INVESTMENTS AUSTRALIA PTY LIMITED & HYPERION INVESTMENTS AUSTRALIA PTY LIMITED,document,"{'content': 'HELIOS INVESTMENTS AUSTRALIA PTY LIMITED (ABN 12 600 077 352) and HYPERION INVESTMENTS AUSTRALIA PTY LIMITED (ABN 36 600 693 945) filed a joint modern slavery statement with the Australian Modern Slavery Register for the reporting period 2021-01-01 to 2021-12-31. The reporting entities are headquartered in Australia. The reporting entities have an annual revenue band of 200-250M. The reporting entities operate in the industry sectors: Transportation, logistics, and storage. Register entry: https://modernslaveryregister.gov.au/statements/8039/.'}"
Modern slavery statement 2022-1410: MENZIES AVIATION (GROUND SERVICES) AUSTRALIA PTY LTD & MENZIES AVIATION HOLDINGS (AUSTRALIA) PTY LTD,document,"{'content': 'MENZIES AVIATION (GROUND SERVICES) AUSTRALIA PTY LTD (ABN 63 085 693 269) and MENZIES AVIATION HOLDINGS (AUSTRALIA) PTY LTD (ABN 18 102 031 836) filed a joint modern slavery statement with the Australian Modern Slavery Register for the reporting period 2021-01-01 to 2021-12-31. The reporting entities are headquartered in Australia, United Kingdom. The reporting entities have an annual revenue band of 150-200M. The reporting entities operate in the industry sectors: Transportation, logistics, and storage. Register entry: https://modernslaveryregister.gov.au/statements/9732/.'}"
Modern slavery statement 2025-98: Tung Ho Steel Kaohiung Works-Modern Slavery statement,document,"{'content': 'Tung Ho Steel Kaohiung Works-Modern Slavery statement filed a single modern slavery statement with the Australian Modern Slavery Register for the reporting period 2024-01-01 to 2024-12-31. The reporting entity is headquartered in Taiwan. The reporting entity has an annual revenue band of 200-250M. The reporting entity operates in the industry sectors: Construction, civil engineering and building products. Register entry: https://modernslaveryregister.gov.au/statements/21762/.'}"
Modern slavery statement 2020-292: BROTHER INTERNATIONAL (AUST) PTY LTD,document,"{'content': 'BROTHER INTERNATIONAL (AUST) PTY LTD (ABN 17 001 393 835) filed a single modern slavery statement with the Australian Modern Slavery Register for the reporting period 2019-07-01 to 2020-06-30. The reporting entity is headquartered in Australia, Japan. The reporting entity has an annual revenue band of 150-200M. The reporting entity operates in the industry sectors: Durable consumer goods, including electronics and appliances, home furnishings and other accessories. Register entry: https://modernslaveryregister.gov.au/statements/748/.'}"
Modern slavery statement 2024-76: COOPER INVESTORS HOLDINGS PTY LIMITED & COOPER INVESTORS PTY LIMITED,document,"{'content': 'COOPER INVESTORS HOLDINGS PTY LIMITED (ABN 70 169 280 808) and COOPER INVESTORS PTY LIMITED (ABN 26 100 409 890) filed a joint modern slavery statement with the Australian Modern Slavery Register for the reporting period 2022-07-01 to 2023-06-30. The reporting entities are headquartered in Australia. The reporting entities have an annual revenue band of 0-99M. The reporting entities operate in the industry sectors: Financial, insurance and real estate activities. The statement also covers the included entities: Cooper Investors ESL Pty Limited, The Trustee for Cooper Investors Employee Profit Participation Trust (49 957 095 856). Register entry: https://modernslaveryregister.gov.au/statements/16822/.'}"
Modern slavery statement 2023-3038: L1 LONG SHORT FUND LIMITED,document,"{'content': 'L1 LONG SHORT FUND LIMITED filed a single modern slavery statement with the Australian Modern Slavery Register for the reporting period 2022-07-01 to 2023-06-30. The reporting entity is headquartered in Australia. The reporting entity has an annual revenue band of 350-400M. The reporting entity operates in the industry sectors: Financial, insurance and real estate activities. Register entry: https://modernslaveryregister.gov.au/statements/16292/.'}"
Modern slavery statement 2022-628: NOVARTIS AUSTRALIA PTY LIMITED & NOVARTIS PHARMACEUTICALS AUSTRALIA PTY LIMITED & SANDOZ PTY LTD,document,"{'content': 'NOVARTIS AUSTRALIA PTY LIMITED (ABN 81 004 371 224), NOVARTIS PHARMACEUTICALS AUSTRALIA PTY LIMITED (ABN 18 004 244 160) and SANDOZ PTY LTD (ABN 60 075 449 553) filed a joint modern slavery statement with the Australian Modern Slavery Register for the reporting period 2021-01-01 to 2021-12-31. The reporting entities are headquartered in Switzerland. The reporting entities have an annual revenue band of 900M-1BN. The reporting entities operate in the industry sectors: Healthcare and pharmaceuticals. Register entry: https://modernslaveryregister.gov.au/statements/8596/.'}"
Modern slavery statement 2024-459: AUTODESK AUSTRALIA PTY. LTD.,document,"{'content': 'AUTODESK AUSTRALIA PTY. LTD. (ABN 91 006 741 340) filed a single modern slavery statement with the Australian Modern Slavery Register for the reporting period 2023-02-01 to 2024-01-31. The reporting entity is headquartered in Australia, United States of America. The reporting entity has an annual revenue band of 150-200M. The reporting entity operates in the industry sectors: Information technology and telecommunication. Register entry: https://modernslaveryregister.gov.au/statements/17441/.'}"
Modern slavery statement 2021-3220: BENEVOLENT AUSTRALIA - DISABILITY SERVICES LIMITED & THE BENEVOLENT SOCIETY,document,{'content': 'BENEVOLENT AUSTRALIA - DISABILITY SERVICES LIMITED (ABN 48 619 338 153) and THE BENEVOLENT SOCIETY (ABN 95 084 695 045) filed a joint modern slavery statement with the Australian Modern Slavery Register for the reporting period 2020-07-01 to 2021-06-30. The reporting entities are headquartered in Australia. The reporting entities have an annual revenue band of 150-200M. The reporting entities operate in the industry sectors: Charitable / not-for-profit activities. Register entry: https://modernslaveryregister.gov.au/statements/6281/.'}
Modern slavery statement 2024-372: SERCO AUSTRALIA PTY LIMITED,document,"{'content': 'SERCO AUSTRALIA PTY LIMITED (ABN 44 003 677 352) filed a single modern slavery statement with the Australian Modern Slavery Register for the reporting period 2023-04-01 to 2024-03-31. The reporting entity is headquartered in Australia, United Kingdom. The reporting entity has an annual revenue band of 1BN+. The reporting entity operates in the industry sectors: Defence and aerospace Government Sector. Register entry: https://modernslaveryregister.gov.au/statements/17027/.'}"
Modern slavery statement 2023-591: IBM AUSTRALIA LTD,document,"{'content': 'IBM AUSTRALIA LTD (ABN 79 000 024 733) filed a single modern slavery statement with the Australian Modern Slavery Register for the reporting period 2022-01-01 to 2022-12-31. The reporting entity is headquartered in United States of America. The reporting entity has an annual revenue band of 1BN+. The reporting entity operates in the industry sectors: Information technology and telecommunication Professional and administrative services and supplies, including legal, consulting and accounting services. Register entry: https://modernslaveryregister.gov.au/statements/12972/.'}"
Modern slavery statement 2025-2047: CHEVRON AUSTRALIA HOLDINGS PTY LTD & CHEVRON AUSTRALIA PTY LTD,document,{'content': 'CHEVRON AUSTRALIA HOLDINGS PTY LTD (ABN 60 098 079 344) and CHEVRON AUSTRALIA PTY LTD (ABN 29 086 197 757) filed a joint modern slavery statement with the Australian Modern Slavery Register for the reporting period 2024-01-01 to 2024-12-31. The reporting entities are headquartered in Australia. The reporting entities have an annual revenue band of 1BN+. The reporting entities operate in the industry sectors: Mining. Register entry: https://modernslaveryregister.gov.au/statements/24473/.'}
Modern slavery statement 2024-983: ASPEN ASIA PACIFIC PTY LTD,document,"{'content': 'ASPEN ASIA PACIFIC PTY LTD (ABN 75 146 444 484) filed a single modern slavery statement with the Australian Modern Slavery Register for the reporting period 2022-07-01 to 2023-06-30. The reporting entity is headquartered in Australia. The reporting entity has an annual revenue band of 500-600M. The reporting entity operates in the industry sectors: Healthcare and pharmaceuticals. The statement also covers the included entities: ASPEN PHARMACARE AUSTRALIA PTY LIMITED (51 096 236 985), ASPEN PHARMA PTY LTD (88 004 118 594). Register entry: https://modernslaveryregister.gov.au/statements/18215/.'}"
Modern slavery statement 2021-4032: ANABELLE BITS PTY LTD & BEarena Pty Limited & The Trustee for Forward IT (Australia) et al.,document,"{'content': 'ANABELLE BITS PTY LTD (ABN 40 068 649 972), BEarena Pty Limited (ABN 53 125 400 062), The Trustee for Forward IT (Australia) (ABN 42 597 085 374) and TRISTATE COMPUTER SERVICES PTY LTD (ABN 72 091 751 656) filed a joint modern slavery statement with the Australian Modern Slavery Register for the reporting period 2020-07-01 to 2021-06-30. The reporting entities are headquartered in Australia. The reporting entities have an annual revenue band of 150-200M. The reporting entities operate in the industry sectors: Information technology and telecommunication. Register entry: https://modernslaveryregister.gov.au/statements/7498/.'}"
Modern slavery statement 2021-2600: BUNZL AUSTRALASIA LIMITED & BUNZL BRANDS & OPERATIONS PTY LIMITED & BUNZL OUTSOURCING SERVICES LIMITED et al.,document,"{'content': 'BUNZL AUSTRALASIA LIMITED (ABN 18 004 611 090), BUNZL BRANDS & OPERATIONS PTY LIMITED (ABN 54 001 428 815), BUNZL OUTSOURCING SERVICES LIMITED (ABN 99 007 286 133), FIRE RESCUE SAFETY AUSTRALIA PTY LTD (ABN 95 111 306 293) and INTERPATH SERVICES PTY. LTD. (ABN 79 007 196 581) filed a joint modern slavery statement with the Australian Modern Slavery Register for the reporting period 2020-07-01 to 2021-06-30. The reporting entities are headquartered in Australia. The reporting entities have an annual revenue band of 1BN+. The reporting entities operate in the industry sectors: Transportation, logistics, and storage. Register entry: https://modernslaveryregister.gov.au/statements/5359/.'}"
Modern slavery statement 2021-2631: WBHO AUSTRALIA PTY LTD,document,"{'content': 'WBHO AUSTRALIA PTY LTD (ABN 11 095 983 681) filed a single modern slavery statement with the Australian Modern Slavery Register for the reporting period 2020-07-01 to 2021-06-30. The reporting entity is headquartered in Australia. The reporting entity has an annual revenue band of 1BN+. The reporting entity operates in the industry sectors: Construction, civil engineering and building products. Register entry: https://modernslaveryregister.gov.au/statements/5405/.'}"
Modern slavery statement 2023-749: ORANGE BUSINESS SERVICES AUSTRALIA PTY LTD,document,{'content': 'ORANGE BUSINESS SERVICES AUSTRALIA PTY LTD (ABN 59 100 582 563) filed a joint modern slavery statement with the Australian Modern Slavery Register for the reporting period 2022-01-01 to 2022-12-31. The reporting entity is headquartered in Australia. The reporting entity has an annual revenue band of 0-99M. The reporting entity operates in the industry sectors: Information technology and telecommunication. Register entry: https://modernslaveryregister.gov.au/statements/13205/.'}
Modern slavery statement 2021-591: ROYAL AUTOMOBILE CLUB OF VICTORIA (RACV) LIMITED,document,"{'content': 'ROYAL AUTOMOBILE CLUB OF VICTORIA (RACV) LIMITED (ABN 44 004 060 833) filed a single modern slavery statement with the Australian Modern Slavery Register for the reporting period 2019-07-01 to 2020-06-30. The reporting entity is headquartered in Australia. The reporting entity has an annual revenue band of 600-700M. The reporting entity operates in the industry sectors: Consumer services, including accommodation, hospitality, tourism and leisure Financial, insurance and real estate activities Other. Register entry: https://modernslaveryregister.gov.au/statements/2078/.'}"
"Modern slavery statement 2024-3057: ACP RILEY STREET FINCO PTY LTD, ACP RILEY STREET GROUP PTY LIMITED, ACP RILEY STREET MIDCO PTY LTD, ACP RILEY STREET PTY LIMITED, DAVID JONES PTY LIMITED, VELA INVESTMENTS PTY LTD",document,"{'content': 'ACP RILEY STREET FINCO PTY LTD, ACP RILEY STREET GROUP PTY LIMITED, ACP RILEY STREET MIDCO PTY LTD, ACP RILEY STREET PTY LIMITED, DAVID JONES PTY LIMITED, VELA INVESTMENTS PTY LTD filed a joint modern slavery statement with the Australian Modern Slavery Register for the reporting period 2023-07-01 to 2024-06-30. The reporting entity is headquartered in Australia. The reporting entity has an annual revenue band of 1BN+. The reporting entity operates in the industry sectors: Fashion, textiles, apparel and luxury goods. Register entry: https://modernslaveryregister.gov.au/statements/20954/.'}"
"Modern slavery statement 2023-2964: BINDAREE BEEF PTY. LIMITED, BINDAREE FOOD GROUP PTY LTD, SANGER AUSTRALIA PTY LTD, YOLARNO PTY LTD",document,"{'content': 'BINDAREE BEEF PTY. LIMITED, BINDAREE FOOD GROUP PTY LTD, SANGER AUSTRALIA PTY LTD, YOLARNO PTY LTD filed a joint modern slavery statement with the Australian Modern Slavery Register for the reporting period 2022-07-01 to 2023-06-30. The reporting entity is headquartered in Australia. The reporting entity has an annual revenue band of 600-700M. The reporting entity operates in the industry sectors: Food and beverages, agriculture and fishing. Register entry: https://modernslaveryregister.gov.au/statements/16213/.'}"
Modern slavery statement 2024-31: H.J. LANGDON & CO. PROPRIETARY LIMITED,document,"{'content': 'H.J. LANGDON & CO. PROPRIETARY LIMITED (ABN 89 006 641 701) filed a single modern slavery statement with the Australian Modern Slavery Register for the reporting period 2023-01-01 to 2023-12-31. The reporting entity is headquartered in Australia. The reporting entity has an annual revenue band of 100-150M. The reporting entity operates in the industry sectors: Food and beverages, agriculture and fishing. Register entry: https://modernslaveryregister.gov.au/statements/16756/.'}"
Modern slavery statement 2022-838: RACING PRODUCTS VICTORIA PTY LTD,document,{'content': 'RACING PRODUCTS VICTORIA PTY LTD (ABN 63 064 067 867) filed a single modern slavery statement with the Australian Modern Slavery Register for the reporting period 2020-07-01 to 2021-06-30. The reporting entity is headquartered in Australia. The reporting entity has an annual revenue band of 100-150M. The reporting entity operates in the industry sectors: Other. Register entry: https://modernslaveryregister.gov.au/statements/9001/.'}
Modern slavery statement 2025-2480: SCHIAVELLO INTERNATIONAL PTY LTD,document,{'content': 'SCHIAVELLO INTERNATIONAL PTY LTD (ABN 47 093 924 353) filed a single modern slavery statement with the Australian Modern Slavery Register for the reporting period 2023-07-01 to 2024-06-30. The reporting entity is headquartered in Australia. The reporting entity has an annual revenue band of 100-150M. The reporting entity operates in the industry sectors: Construction. Register entry: https://modernslaveryregister.gov.au/statements/25150/.'}
Modern slavery statement 2025-1422: Tiffany & Co. (Australia) Pty. Ltd.,document,"{'content': 'Tiffany & Co. (Australia) Pty. Ltd. (ABN 93 128 219 554) filed a single modern slavery statement with the Australian Modern Slavery Register for the reporting period 2024-01-01 to 2024-12-31. The reporting entity is headquartered in Australia. The reporting entity has an annual revenue band of 200-250M. The reporting entity operates in the industry sectors: Fashion, textiles, apparel and luxury goods. The statement also covers the included entities: Tiffany & Co. (NZ) Limited. Register entry: https://modernslaveryregister.gov.au/statements/23698/.'}"
Modern slavery statement 2023-2575: JANDS PTY LTD,document,"{'content': 'JANDS PTY LTD (ABN 45 001 187 837) filed a joint modern slavery statement with the Australian Modern Slavery Register for the reporting period 2022-07-01 to 2023-06-30. The reporting entity is headquartered in Australia. The reporting entity has an annual revenue band of 100-150M. The reporting entity operates in the industry sectors: Durable consumer goods, including electronics and appliances, home furnishings and other accessories. The statement also covers the included entities: Jands (New Zealand) Limited. Register entry: https://modernslaveryregister.gov.au/statements/15712/.'}"
Modern slavery statement 2023-2211: ENVATO PTY LTD,document,{'content': 'ENVATO PTY LTD (ABN 11 119 159 741) filed a single modern slavery statement with the Australian Modern Slavery Register for the reporting period 2022-07-01 to 2023-06-30. The reporting entity is headquartered in Australia. The reporting entity has an annual revenue band of 250-300M. The reporting entity operates in the industry sectors: Information technology and telecommunication. Register entry: https://modernslaveryregister.gov.au/statements/15193/.'}
"Modern slavery statement 2025-1664: Kogas Australia Pty Ltd, KOGAS PRELUDE PTY LTD",document,"{'content': 'Kogas Australia Pty Ltd, KOGAS PRELUDE PTY LTD filed a joint modern slavery statement with the Australian Modern Slavery Register for the reporting period 2024-01-01 to 2024-12-31. The reporting entity is headquartered in Republic of Korea (South Korea). The reporting entity has an annual revenue band of 1BN+. The reporting entity operates in the industry sectors: Mining, metals, chemicals and resources (including oil and gas). The statement also covers the included entities: KGLNG E&P II PTY LTD, KGLNG E&P PTY LTD, KGLNG LIQUEFACTION PTY LTD. Register entry: https://modernslaveryregister.gov.au/statements/23929/.'}"
Modern slavery statement 2022-391: Fire Rescue Victoria,document,{'content': 'Fire Rescue Victoria (ABN 28 598 558 561) filed a single modern slavery statement with the Australian Modern Slavery Register for the reporting period 2020-07-01 to 2021-06-30. The reporting entity is headquartered in Australia. The reporting entity has an annual revenue band of 900M-1BN. The reporting entity operates in the industry sectors: Government Sector. Register entry: https://modernslaveryregister.gov.au/statements/8271/.'}
Modern slavery statement 2023-2966: THE TRUSTEE FOR SPOTLIGHT STORES TRADING TRUST,document,"{'content': 'THE TRUSTEE FOR SPOTLIGHT STORES TRADING TRUST (ABN 39 564 861 886) filed a single modern slavery statement with the Australian Modern Slavery Register for the reporting period 2022-07-01 to 2023-06-30. The reporting entity is headquartered in Australia. The reporting entity has an annual revenue band of 500-600M. The reporting entity operates in the industry sectors: Durable consumer goods, including electronics and appliances, home furnishings and other accessories. Register entry: https://modernslaveryregister.gov.au/statements/16217/.'}"
"Modern slavery statement 2025-1533: CADIA HOLDINGS PTY LIMITED & Lihir Gold Limited, NEWCREST MINING LIMITED & NEWMONT AUSTRALIA PTY LTD et al.",document,"{'content': 'CADIA HOLDINGS PTY LIMITED (ABN 95 062 648 006), Lihir Gold Limited, NEWCREST MINING LIMITED (ABN 20 005 683 625), NEWMONT AUSTRALIA PTY LTD (ABN 95 099 040 507), NEWMONT BODDINGTON PTY LTD (ABN 32 062 936 547), Newmont Corporation, NEWMONT INTERNATIONAL HOLDINGS PTY LTD (ABN 53 667 812 642), NEWMONT MINING SERVICES PTY LTD (ABN 22 008 087 778), NEWMONT NOL PTY LIMITED (ABN 80 009 221 505), NEWMONT OVERSEAS HOLDINGS PTY LTD (ABN 45 667 845 454), NEWMONT TANAMI PTY LTD (ABN 39 007 688 093) and Saddleback Investments Pty Ltd (ABN 96 134 978 224) filed a joint modern slavery statement with the Australian Modern Slavery Register for the reporting period 2024-01-01 to 2024-12-31. The reporting entities are headquartered in Australia, Canada, Papua New Guinea, United States of America. The reporting entities have an annual revenue band of 1BN+. The reporting entities operate in the industry sectors: Mining, metals, chemicals and resources (including oil and gas). The statement also covers the included entities: CONTANGO AGRICULTURAL COMPANY PTY LTD (33 078 273 033), HOTHAM WIND FARM PTY LTD (50 666 914 781), NEWCREST EXPLORATION HOLDINGS PTY LTD (12 058 425 951), NEWCREST FINANCE PTY LIMITED (93 072 648 705), Newcrest Holdings (Investments) Pty Limited (27 153 993 938), NEWCREST INTERNATIONAL PTY LTD (54 007 449 194), NEWCREST SERVICES PTY LIMITED (11 081 197 471), Newcrest Technology Pty Ltd (61 009 199 268), Newgen Pty Ltd (17 106 984 221), Newmont AP Power Pty Ltd (57 133 305 307), NEWMONT BODDINGTON GOLD PTY LTD (45 101 199 731), NEWMONT CAPITAL PTY LTD (29 002 090 851), NEWMONT EXPLORATION HOLDINGS PTY LTD (94 626 423 845), NEWMONT EXPLORATION PTY LTD (65 006 306 690), NEWMONT GOLD PTY LTD (13 008 671 252), Newmont Landco Pty Ltd (59 144 879 514), NEWMONT MINING FINANCE PTY LTD (44 058 419 604), NEWMONT MINING HOLDINGS PTY LTD (17 007 544 112), NEWMONT WOODCUTTERS PTY LTD (36 000 828 535), NEWMONT YANDAL OPERATIONS PTY LTD (30 007 066 766), Niugini Mining (Australia) Pty Ltd (41 011 060 898). Register entry: https://modernslaveryregister.gov.au/statements/23448/.'}"
Modern slavery statement 2025-122: KITCHEN WAREHOUSE (AUST) PTY LTD,document,"{'content': 'KITCHEN WAREHOUSE (AUST) PTY LTD filed a single modern slavery statement with the Australian Modern Slavery Register for the reporting period 2023-07-01 to 2024-06-30. The reporting entity is headquartered in Australia. The reporting entity has an annual revenue band of 100-150M. The reporting entity operates in the industry sectors: Durable consumer goods, including electronics and appliances, home furnishings and other accessories. The statement also covers the included entities: KITCHEN WAREHOUSE PTY LTD. Register entry: https://modernslaveryregister.gov.au/statements/21802/.'}"
Modern slavery statement 2022-1643: LIPA PHARMACEUTICALS LTD,document,{'content': 'LIPA PHARMACEUTICALS LTD (ABN 21 070 106 526) filed a single modern slavery statement with the Australian Modern Slavery Register for the reporting period 2021-07-01 to 2022-06-30. The reporting entity is headquartered in Australia. The reporting entity has an annual revenue band of 100-150M. The reporting entity operates in the industry sectors: Healthcare and pharmaceuticals. Register entry: https://modernslaveryregister.gov.au/statements/10101/.'}
Modern slavery statement 2024-3486: OCS GROUP AUSTRALIA PTY LTD,document,"{'content': 'OCS GROUP AUSTRALIA PTY LTD (ABN 24 100 515 106) filed a single modern slavery statement with the Australian Modern Slavery Register for the reporting period 2023-07-01 to 2024-06-30. The reporting entity is headquartered in Australia. The reporting entity has an annual revenue band of 100-150M. The reporting entity operates in the industry sectors: Construction, civil engineering and building products Cleaning and security services. The statement also covers the included entities: INTEGRATED PREMISES SERVICES PTY LIMITED (33 118 711 078), IPS CLEANING AUSTRALIA PTY LIMITED (83 055 015 748), OCS BUILDING MAINTENANCE PTY LTD (93 120 524 905), OCS SERVICES PTY LTD (88 100 520 296). Register entry: https://modernslaveryregister.gov.au/statements/21451/.'}"
Modern slavery statement 2025-3555: AMART FURNITURE PTY LTD,document,{'content': 'AMART FURNITURE PTY LTD (ABN 65 009 810 324) filed a single modern slavery statement with the Australian Modern Slavery Register for the reporting period 2024-07-01 to 2025-06-30. The reporting entity is headquartered in Australia. The reporting entity has an annual revenue band of 500-600M. The reporting entity operates in the industry sectors: Retail Trade. Register entry: https://modernslaveryregister.gov.au/statements/26623/.'}
"Modern slavery statement 2025-3659: MOJO MOTORCYCLES PTY LTD, MOTORCYCLE HOLDINGS LIMITED, MOTORCYCLE HOLDINGS OPERATIONS PTY LTD, MW MOTORCYCLES PTY LTD",document,"{'content': 'MOJO MOTORCYCLES PTY LTD, MOTORCYCLE HOLDINGS LIMITED, MOTORCYCLE HOLDINGS OPERATIONS PTY LTD, MW MOTORCYCLES PTY LTD filed a joint modern slavery statement with the Australian Modern Slavery Register for the reporting period 2024-07-01 to 2025-06-30. The reporting entity is headquartered in Australia. The reporting entity has an annual revenue band of 700-800M. The reporting entity operates in the industry sectors: Wholesale Trade Retail Trade. The statement also covers the included entities: CASSONS PTY LTD, INNOVATIVE DEALERSHIP SOLUTIONS PTY LTD, KYMCO (AUST) PTY LTD, MOJO ELECTRIC VEHICLES PTY LTD, MOTOR CYCLE ACCESSORIES SUPERMARKET PTY LTD, MOTORCYCLE HOLDINGS GROUP UNIT CO PTY LTD, MOTORCYCLE HOLDINGS IDS PTY LTD, MOTORCYCLE HOLDINGS UNIT CO PTY LTD, MOTORCYCLE RIDING SCHOOL PTY LTD, MYWAY SERVICES PTY. LTD., NETPARK PTY. LTD., NORTH RIDE PTY. LTD., PUSHGATE PTY. LTD., SHOREWAY PTY. LTD., STANBAY PTY. LTD., TEAM MOTO PTY. LIMITED, The Trustee for Team Moto Unit Trust (67 270 613 901), The Trustee for The Innovative Dealership Solutions Unit Trust (15 634 175 914), The Trustee for THE MOTORCYCLE HOLDINGS GROUP UNIT TRUST (21 881 219 602), Trinder Avenue Motors Pty Ltd. Register entry: https://modernslaveryregister.gov.au/statements/26755/.'}"
Modern slavery statement 2024-3245: PSC Insurance Brokers Pty Ltd & PSC INSURANCE GROUP LIMITED,document,"{'content': 'PSC Insurance Brokers Pty Ltd (ABN 95 132 274 849) and PSC INSURANCE GROUP LIMITED filed a joint modern slavery statement with the Australian Modern Slavery Register for the reporting period 2023-07-01 to 2024-06-30. The reporting entities are headquartered in Australia. The reporting entities have an annual revenue band of 300-350M. The reporting entities operate in the industry sectors: Financial, insurance and real estate activities. The statement also covers the included entities: Carroll Insurance Group, CHASE UNDERWRITING SOLUTIONS PTY LTD (50 156 554 808), Paragon International Insurance Brokers, PSC Connect Pty Ltd (23 141 574 914), PSC Europe, PSC HK Insurance Group, PSC Insurance Brokers New Zealand, PSC LIFE PTY LTD (99 169 526 363), PSC UK Insurance Brokers, PSC WORKERS COMPENSATION SERVICES PTY LTD (31 612 082 069). Register entry: https://modernslaveryregister.gov.au/statements/20876/.'}"
Modern slavery statement 2025-3094: MISSION AUSTRALIA,document,"{'content': 'MISSION AUSTRALIA (ABN 15 000 002 522) filed a single modern slavery statement with the Australian Modern Slavery Register for the reporting period 2024-07-01 to 2025-06-30. The reporting entity is headquartered in Australia. The reporting entity has an annual revenue band of 400-450M. The reporting entity operates in the industry sectors: Administrative and Support Services Other Services Health Care and Social Assistance. The statement also covers the included entities: MAHQ TOOWOOMBA LIMITED (34 676 198 940), MISSION AUSTRALIA HOUSING (13 003 683 261), MISSION AUSTRALIA HOUSING HOLDINGS LIMITED (71 677 039 486), MISSION AUSTRALIA HOUSING NORTHERN TERRITORY (83 103 826 348), MISSION AUSTRALIA HOUSING PARTNERSHIP LIMITED (41 613 061 340), MISSION AUSTRALIA HOUSING TASMANIA (76 648 587 017), MISSION AUSTRALIA HOUSING (VICTORIA) (57 131 036 934). Register entry: https://modernslaveryregister.gov.au/statements/26017/.'}"
Modern slavery statement 2020-385: MCKENZIE AGED CARE GROUP PTY LTD,document,{'content': 'MCKENZIE AGED CARE GROUP PTY LTD (ABN 26 006 276 124) filed a joint modern slavery statement with the Australian Modern Slavery Register for the reporting period 2019-07-01 to 2020-06-30. The reporting entity is headquartered in Australia. The reporting entity has an annual revenue band of 150-200M. The reporting entity operates in the industry sectors: Healthcare and pharmaceuticals. Register entry: https://modernslaveryregister.gov.au/statements/889/.'}
Modern slavery statement 2022-2550: AIRPORT MOTORWAY HOLDINGS PTY LIMITED & AIRPORT MOTORWAY PTY LIMITED & APL CO PTY LIMITED et al.,document,"{'content': 'AIRPORT MOTORWAY HOLDINGS PTY LIMITED (ABN 55 078 322 531), AIRPORT MOTORWAY PTY LIMITED (ABN 26 057 283 093), APL CO PTY LIMITED (ABN 62 609 262 615), APL HOLD CO PTY LIMITED (ABN 64 609 262 624), CITYLINK MELBOURNE LIMITED (ABN 65 070 810 678), GATEWAY MOTORWAY PTY LIMITED (ABN 48 010 127 303), INTERLINK ROADS PTY LTD (ABN 53 003 845 430), LOGAN MOTORWAYS PTY LIMITED (ABN 23 010 704 300), M5 HOLDINGS PTY LIMITED (ABN 57 073 922 620), QML HOLD CO PTY. LIMITED. (ABN 35 165 802 004), QUEENSLAND MOTORWAYS HOLDING PTY LIMITED (ABN 66 150 265 197), QUEENSLAND MOTORWAYS PTY LIMITED (ABN 50 067 242 513), SYDNEY ROADS LIMITED (ABN 53 119 323 901), THE HILLS MOTORWAY LIMITED (ABN 28 062 329 828), TRANSURBAN HOLDINGS LIMITED (ABN 86 098 143 429), Transurban International Limited (ABN 90 121 746 825), TRANSURBAN QUEENSLAND HOLDINGS 1 PTY LIMITED (ABN 64 169 090 804), TRANSURBAN SUN HOLDINGS PTY LTD (ABN 49 169 039 776) and TRANSURBAN WGT CO PTY LTD (ABN 56 617 420 023) filed a joint modern slavery statement with the Australian Modern Slavery Register for the reporting period 2021-07-01 to 2022-06-30. The reporting entities are headquartered in Australia. The reporting entities have an annual revenue band of 1BN+. The reporting entities operate in the industry sectors: Transportation, logistics, and storage. Register entry: https://modernslaveryregister.gov.au/statements/11308/.'}"
"Modern slavery statement 2023-3384: Edna May Operations Pty Ltd, MT MAGNET GOLD PTY LTD, Ramelius Resources Ltd",document,"{'content': 'Edna May Operations Pty Ltd, MT MAGNET GOLD PTY LTD, Ramelius Resources Ltd filed a joint modern slavery statement with the Australian Modern Slavery Register for the reporting period 2022-07-01 to 2023-06-30. The reporting entity is headquartered in Australia. The reporting entity has an annual revenue band of 500-600M. The reporting entity operates in the industry sectors: Mining, metals, chemicals and resources (including oil and gas). The statement also covers the included entities: Edna May Operations Pty Ltd, MT MAGNET GOLD PTY LTD. Register entry: https://modernslaveryregister.gov.au/statements/16675/.'}"
Modern slavery statement 2021-1731: ASPLUNDH TREE EXPERT (AUSTRALIA) PTY. LTD. & TREE ACQ PTY LTD,document,{'content': 'ASPLUNDH TREE EXPERT (AUSTRALIA) PTY. LTD. (ABN 83 055 140 424) and TREE ACQ PTY LTD (ABN 92 626 678 635) filed a joint modern slavery statement with the Australian Modern Slavery Register for the reporting period 2019-10-01 to 2020-09-30. The reporting entities are headquartered in United States of America. The reporting entities have an annual revenue band of 150-200M. The reporting entities operate in the industry sectors: Other. Register entry: https://modernslaveryregister.gov.au/statements/3966/.'}
Modern slavery statement 2024-3148: NATIONWIDE NEWS PTY. LIMITED & NEWS AUSTRALIA HOLDINGS PTY LIMITED & NEWS CORP AUSTRALIA PTY LIMITED et al.,document,"{'content': ""NATIONWIDE NEWS PTY. LIMITED (ABN 98 008 438 828), NEWS AUSTRALIA HOLDINGS PTY LIMITED (ABN 32 105 197 028), NEWS CORP AUSTRALIA PTY LIMITED (ABN 73 163 992 774), News Corporation, NEWS LIFE MEDIA PTY LIMITED (ABN 57 088 923 906), NEWS PAY TV FINANCING PTY LTD (ABN 36 157 820 338), NXE AUSTRALIA PTY LIMITED (ABN 85 625 190 990), QUEENSLAND NEWSPAPERS PTY. LTD. (ABN 61 009 661 778) and THE HERALD AND WEEKLY TIMES PTY LIMITED (ABN 49 004 113 937) filed a joint modern slavery statement with the Australian Modern Slavery Register for the reporting period 2023-07-01 to 2024-06-30. The reporting entities are headquartered in Australia, United States of America. The reporting entities have an annual revenue band of 1BN+. The reporting entities operate in the industry sectors: Media, publishing, arts and entertainment. The statement also covers the included entities: Entities covered by this statement are News Corporation and its subsidiaries, which are listed in Exhibit 21.1 of News Corp's Form 10-K Annual report.. Register entry: https://modernslaveryregister.gov.au/statements/21073/.""}"
Modern slavery statement 2025-308: Cathay Pacific Airways Limited,document,"{'content': 'Cathay Pacific Airways Limited filed a single modern slavery statement with the Australian Modern Slavery Register for the reporting period 2024-01-01 to 2024-12-31. The reporting entity is headquartered in Hong Kong. The reporting entity has an annual revenue band of 1BN+. The reporting entity operates in the industry sectors: Transportation, logistics, and storage. The statement also covers the included entities: AHK Hong Kong Limited, Cathay Pacific Catering Services (H.K.) Limited, Hong Kong Airport Services Limited, Hong Kong Express Airways Limited, Vogue Laundry Services Limited. Register entry: https://modernslaveryregister.gov.au/statements/22103/.'}"
Modern slavery statement 2025-2651: United Equipment Pty Limited,document,{'content': 'United Equipment Pty Limited (ABN 48 115 672 841) filed a single modern slavery statement with the Australian Modern Slavery Register for the reporting period 2024-07-01 to 2025-06-30. The reporting entity is headquartered in Australia. The reporting entity has an annual revenue band of 300-350M. The reporting entity operates in the industry sectors: Retail Trade. Register entry: https://modernslaveryregister.gov.au/statements/25386/.'}
Modern slavery statement 2024-3444: FREMANTLE PORT AUTHORITY,document,{'content': 'FREMANTLE PORT AUTHORITY (ABN 78 187 229 472) filed a single modern slavery statement with the Australian Modern Slavery Register for the reporting period 2023-07-01 to 2024-06-30. The reporting entity is headquartered in Australia. The reporting entity has an annual revenue band of 250-300M. The reporting entity operates in the industry sectors: Government Sector. Register entry: https://modernslaveryregister.gov.au/statements/21408/.'}
Modern slavery statement 2022-1416: GENESYS CLOUD SERVICES PTY. LTD.,document,{'content': 'GENESYS CLOUD SERVICES PTY. LTD. (ABN 80 077 375 887) filed a single modern slavery statement with the Australian Modern Slavery Register for the reporting period 2021-02-01 to 2022-01-31. The reporting entity is headquartered in Australia. The reporting entity has an annual revenue band of 100-150M. The reporting entity operates in the industry sectors: Information technology and telecommunication. Register entry: https://modernslaveryregister.gov.au/statements/9741/.'}
Modern slavery statement 2022-2939: PLATINUM ASSET MANAGEMENT LTD & PLATINUM ASSET PTY LIMITED & PLATINUM INVESTMENT MANAGEMENT LIMITED,document,"{'content': 'PLATINUM ASSET MANAGEMENT LTD (ABN 13 050 064 287), PLATINUM ASSET PTY LIMITED (ABN 29 062 954 796) and PLATINUM INVESTMENT MANAGEMENT LIMITED (ABN 25 063 565 006) filed a joint modern slavery statement with the Australian Modern Slavery Register for the reporting period 2021-07-01 to 2022-06-30. The reporting entities are headquartered in Australia. The reporting entities have an annual revenue band of 250-300M. The reporting entities operate in the industry sectors: Financial, insurance and real estate activities. Register entry: https://modernslaveryregister.gov.au/statements/11838/.'}"
Modern slavery statement 2020-120: CAPRICORN SOCIETY LIMITED,document,"{'content': 'CAPRICORN SOCIETY LIMITED (ABN 29 008 347 313) filed a single modern slavery statement with the Australian Modern Slavery Register for the reporting period 2019-07-01 to 2020-06-30. The reporting entity is headquartered in Australia. The reporting entity has an annual revenue band of Unknown. The reporting entity operates in the industry sectors: Financial, insurance and real estate activities. Register entry: https://modernslaveryregister.gov.au/statements/358/.'}"
Modern slavery statement 2025-2728: GROWTHPOINT PROPERTIES AUSTRALIA LIMITED,document,"{'content': 'GROWTHPOINT PROPERTIES AUSTRALIA LIMITED (ABN 33 124 093 901) filed a single modern slavery statement with the Australian Modern Slavery Register for the reporting period 2024-07-01 to 2025-06-30. The reporting entity is headquartered in Australia. The reporting entity has an annual revenue band of 300-350M. The reporting entity operates in the industry sectors: Rental, Hiring and Real Estate Services. Register entry: https://modernslaveryregister.gov.au/statements/25484/.'}"
"Modern slavery statement 2025-1529: CHEVRON AUSTRALIA DOWNSTREAM FUELS PTY LTD, CHEVRON AUSTRALIA DOWNSTREAM HOLDINGS PTY LTD, CHEVRON AUSTRALIA DOWNSTREAM PTY LTD, CHEVRON AUSTRALIA PRODUCTS PTY LIMITED",document,"{'content': 'CHEVRON AUSTRALIA DOWNSTREAM FUELS PTY LTD, CHEVRON AUSTRALIA DOWNSTREAM HOLDINGS PTY LTD, CHEVRON AUSTRALIA DOWNSTREAM PTY LTD, CHEVRON AUSTRALIA PRODUCTS PTY LIMITED filed a joint modern slavery statement with the Australian Modern Slavery Register for the reporting period 2024-01-01 to 2024-12-31. The reporting entity is headquartered in Australia. The reporting entity has an annual revenue band of 1BN+. The reporting entity operates in the industry sectors: Mining, metals, chemicals and resources (including oil and gas). The statement also covers the included entities: CHEVRON AUSTRALIA DOWNSTREAM FUELS PTY LTD, CHEVRON AUSTRALIA DOWNSTREAM PTY LTD, CHEVRON AUSTRALIA PRODUCTS PTY LIMITED. Register entry: https://modernslaveryregister.gov.au/statements/23545/.'}"
"Modern slavery statement 2023-1336: J.P. MORGAN ADMINISTRATIVE SERVICES AUSTRALIA LIMITED & J. P. MORGAN AUSTRALIA GROUP PTY LIMITED & JPMORGAN CHASE BANK, NATIONAL ASSOCIATION et al.",document,"{'content': 'J.P. MORGAN ADMINISTRATIVE SERVICES AUSTRALIA LIMITED (ABN 32 001 531 586), J. P. MORGAN AUSTRALIA GROUP PTY LIMITED (ABN 54 104 888 155), JPMORGAN CHASE BANK, NATIONAL ASSOCIATION (ABN 43 074 112 011), J.P. Morgan SE, J.P. MORGAN SECURITIES AUSTRALIA LIMITED (ABN 61 003 245 234), J.P. MORGAN SECURITIES LLC (ABN 37 109 293 610) and J.P. Morgan Securities Plc (ABN 98 206 561 411) filed a joint modern slavery statement with the Australian Modern Slavery Register for the reporting period 2021-07-01 to 2022-06-30. The reporting entities are headquartered in Australia, Germany, United Kingdom, United States of America. The reporting entities have an annual revenue band of 1BN+. The reporting entities operate in the industry sectors: Financial, insurance and real estate activities. Register entry: https://modernslaveryregister.gov.au/statements/13957/.'}"
Modern slavery statement 2024-779: SOUTHERN STEEL GROUP PTY. LIMITED,document,"{'content': 'SOUTHERN STEEL GROUP PTY. LIMITED filed a single modern slavery statement with the Australian Modern Slavery Register for the reporting period 2022-07-01 to 2023-06-30. The reporting entity is headquartered in Australia. The reporting entity has an annual revenue band of 1BN+. The reporting entity operates in the industry sectors: Construction, civil engineering and building products. The statement also covers the included entities: AUSTRALIAN METAL PROCESSORS PTY LIMITED, AUSTRALIAN ROLLFORMING MANUFACTURERS PTY LIMITED, BOYD METAL INDUSTRIES PTY LIMITED, BRICE METALS AUSTRALIA PTY LIMITED, BRICE SHEET & COIL PTY LIMITED, ELIOTT ENGINEERING PTY LTD, FERROCUT AUSTRALIA PTY LIMITED, PILING SOLUTIONS AUSTRALIA PTY LIMITED, RJE PTY LIMITED, ROLLCO PTY LTD, ROLLPRESS PROPLATE GROUP PTY LIMITED, SOUTHERN QUEENSLAND STEEL PTY LIMITED, SOUTHERN SHEET & COIL PTY LTD, SOUTHERN STEEL SUPPLIES PTY LTD, SOUTHERN STEEL TRADING PTY LIMITED, SOUTHERN STEEL (WA) PTY LIMITED, STEELPIPES PTY LIMITED, SURDEX SHEET & COIL PTY LIMITED, SURDEX STEEL PTY. LIMITED. Register entry: https://modernslaveryregister.gov.au/statements/17912/.'}"
Modern slavery statement 2024-522: JEFFERIES (AUSTRALIA) PTY LTD,document,"{'content': 'JEFFERIES (AUSTRALIA) PTY LTD (ABN 76 623 059 898) filed a single modern slavery statement with the Australian Modern Slavery Register for the reporting period 2022-12-01 to 2023-11-30. The reporting entity is headquartered in Australia. The reporting entity has an annual revenue band of 100-150M. The reporting entity operates in the industry sectors: Financial, insurance and real estate activities. The statement also covers the included entities: JEFFERIES (AUSTRALIA) SECURITIES PTY LTD (77 610 977 074). Register entry: https://modernslaveryregister.gov.au/statements/17525/.'}"
Modern slavery statement 2025-891: PANAUST LIMITED,document,"{'content': 'PANAUST LIMITED filed a single modern slavery statement with the Australian Modern Slavery Register for the reporting period 2024-01-01 to 2024-12-31. The reporting entity is headquartered in Australia. The reporting entity has an annual revenue band of 900M-1BN. The reporting entity operates in the industry sectors: Mining, metals, chemicals and resources (including oil and gas). The statement also covers the included entities: Frieda River Limited, Inca de Oro SA, PanAust IDO SpA, PanAust Services (Myanmar) Company Limited, PANAUST SERVICES PTY LTD (70 073 847 855), PanAust Services (Thailand) Company Limited, Phu Bia Mining Limited, Saisana Lao Resources Sole Co., Ltd, Wuntho Resources Company Limited. Register entry: https://modernslaveryregister.gov.au/statements/22991/.'}"
Modern slavery statement 2024-905: CENTAMIN EGYPT LIMITED & PHARAOH GOLD MINES NL,document,"{'content': 'CENTAMIN EGYPT LIMITED (ABN 86 007 700 352) and PHARAOH GOLD MINES NL (ABN 13 062 135 728) filed a joint modern slavery statement with the Australian Modern Slavery Register for the reporting period 2023-01-01 to 2023-12-31. The reporting entities are headquartered in United Kingdom. The reporting entities have an annual revenue band of 1BN+. The reporting entities operate in the industry sectors: Mining, metals, chemicals and resources (including oil and gas). The statement also covers the included entities: Sukari Gold Mining Company. Register entry: https://modernslaveryregister.gov.au/statements/18091/.'}"
"Modern slavery statement 2023-1147: Ausenco Chile Limitada, Ausenco do Brasil Engenharia Ltda., Ausenco Engineering Canada Inc., Ausenco Engineering USA South Inc, AUSENCO INTERNATIONAL PTY LTD & AUSENCO MANAGEMENT PTY LTD & AUSENCO OPERATIONS PTY LTD et al.",document,"{'content': 'Ausenco Chile Limitada, Ausenco do Brasil Engenharia Ltda., Ausenco Engineering Canada Inc., Ausenco Engineering USA South Inc, AUSENCO INTERNATIONAL PTY LTD (ABN 98 096 016 849), AUSENCO MANAGEMENT PTY LTD (ABN 11 071 372 597), AUSENCO OPERATIONS PTY LTD (ABN 47 100 042 153), Ausenco Peru S.A.C, AUSENCO PROJECTS AUSTRALIA PTY LTD (ABN 99 649 690 399), Ausenco PSI LLC, AUSENCO RYLSON ASSET OPTIMISATION PTY LTD (ABN 64 640 238 633), AUSENCO RYLSON PTY LTD (ABN 46 075 179 387), AUSENCO SERVICES PTY LTD (ABN 82 011 057 837) and Ausenco Sustainability Inc, Vector Argentina SA filed a joint modern slavery statement with the Australian Modern Slavery Register for the reporting period 2022-01-01 to 2022-12-31. The reporting entities are headquartered in Australia. The reporting entities have an annual revenue band of 700-800M. The reporting entities operate in the industry sectors: Mining, metals, chemicals and resources (including oil and gas). Register entry: https://modernslaveryregister.gov.au/statements/13760/.'}"
Modern slavery statement 2023-1762: VOESTALPINE HIGH PERFORMANCE METALS (AUSTRALIA) PTY LTD,document,"{'content': 'VOESTALPINE HIGH PERFORMANCE METALS (AUSTRALIA) PTY LTD (ABN 15 000 013 052) filed a single modern slavery statement with the Australian Modern Slavery Register for the reporting period 2022-04-01 to 2023-03-31. The reporting entity is headquartered in Australia. The reporting entity has an annual revenue band of 0-99M. The reporting entity operates in the industry sectors: Mining, metals, chemicals and resources (including oil and gas). Register entry: https://modernslaveryregister.gov.au/statements/14562/.'}"
Modern slavery statement 2023-2463: TASMANIAN INDEPENDENT RETAILERS CO-OPERATIVE SOCIETY LIMITED,document,"{'content': 'TASMANIAN INDEPENDENT RETAILERS CO-OPERATIVE SOCIETY LIMITED (ABN 89 743 048 843) filed a joint modern slavery statement with the Australian Modern Slavery Register for the reporting period 2022-07-01 to 2023-06-30. The reporting entity is headquartered in Australia. The reporting entity has an annual revenue band of 100-150M. The reporting entity operates in the industry sectors: Food and beverages, agriculture and fishing. The statement also covers the included entities: IGA, Island Fresh Produce. Register entry: https://modernslaveryregister.gov.au/statements/15558/.'}"
Modern slavery statement 2020-91: TJX AUSTRALIA HOLDING COMPANY PTY LIMITED & TJX AUSTRALIA PTY LIMITED,document,"{'content': 'TJX AUSTRALIA HOLDING COMPANY PTY LIMITED (ABN 58 605 889 843) and TJX AUSTRALIA PTY LIMITED (ABN 73 000 171 764) filed a joint modern slavery statement with the Australian Modern Slavery Register for the reporting period 2019-02-03 to 2020-02-01. The reporting entities are headquartered in Australia. The reporting entities have an annual revenue band of 700-800M. The reporting entities operate in the industry sectors: Fashion, textiles, apparel and luxury goods. Register entry: https://modernslaveryregister.gov.au/statements/288/.'}"
Modern slavery statement 2024-2513: QUEENSLAND RAIL & QUEENSLAND RAIL LIMITED,document,"{'content': 'QUEENSLAND RAIL (ABN 68 598 268 528) and QUEENSLAND RAIL LIMITED (ABN 71 132 181 090) filed a joint modern slavery statement with the Australian Modern Slavery Register for the reporting period 2023-07-01 to 2024-06-30. The reporting entities are headquartered in Australia. The reporting entities have an annual revenue band of 1BN+. The reporting entities operate in the industry sectors: Transportation, logistics, and storage Government Sector. The statement also covers the included entities: QUEENSLAND RAIL (68 598 268 528), QUEENSLAND RAIL LIMITED (71 132 181 090). Register entry: https://modernslaveryregister.gov.au/statements/20231/.'}"
Modern slavery statement 2021-889: AJ LUCAS GROUP LIMITED,document,"{'content': 'AJ LUCAS GROUP LIMITED (ABN 12 060 309 104) filed a single modern slavery statement with the Australian Modern Slavery Register for the reporting period 2020-01-01 to 2020-12-31. The reporting entity is headquartered in Australia. The reporting entity has an annual revenue band of 100-150M. The reporting entity operates in the industry sectors: Mining, metals, chemicals and resources (including oil and gas). Register entry: https://modernslaveryregister.gov.au/statements/2705/.'}"
Modern slavery statement 2025-1783: LUX GROUP LIMITED,document,"{'content': 'LUX GROUP LIMITED filed a single modern slavery statement with the Australian Modern Slavery Register for the reporting period 2024-07-01 to 2025-06-30. The reporting entity is headquartered in Australia. The reporting entity has an annual revenue band of 100-150M. The reporting entity operates in the industry sectors: Consumer services, including accommodation, hospitality, tourism and leisure. Register entry: https://modernslaveryregister.gov.au/statements/24080/.'}"
"Modern slavery statement 2023-3398: TAD HOLDCO PTY LTD, TRIP A DEAL HOLDINGS PTY LTD, Trip A Deal Pty Ltd",document,"{'content': 'TAD HOLDCO PTY LTD, TRIP A DEAL HOLDINGS PTY LTD, Trip A Deal Pty Ltd filed a joint modern slavery statement with the Australian Modern Slavery Register for the reporting period 2022-07-01 to 2023-06-30. The reporting entity is headquartered in Australia. The reporting entity has an annual revenue band of 150-200M. The reporting entity operates in the industry sectors: Consumer services, including accommodation, hospitality, tourism and leisure. The statement also covers the included entities: PHONE A FLIGHT PTY LTD. Register entry: https://modernslaveryregister.gov.au/statements/16689/.'}"
Modern slavery statement 2023-1254: POSCO AUSTRALIA PTY LTD,document,"{'content': 'POSCO AUSTRALIA PTY LTD (ABN 54 002 062 160) filed a single modern slavery statement with the Australian Modern Slavery Register for the reporting period 2022-01-01 to 2022-12-31. The reporting entity is headquartered in Republic of Korea (South Korea). The reporting entity has an annual revenue band of 250-300M. The reporting entity operates in the industry sectors: Mining, metals, chemicals and resources (including oil and gas). Register entry: https://modernslaveryregister.gov.au/statements/13895/.'}"
Modern slavery statement 2024-2762: CENTRAL GIPPSLAND HEALTH SERVICE,document,{'content': 'CENTRAL GIPPSLAND HEALTH SERVICE (ABN 85 050 485 681) filed a single modern slavery statement with the Australian Modern Slavery Register for the reporting period 2023-07-01 to 2024-06-30. The reporting entity is headquartered in Australia. The reporting entity has an annual revenue band of 150-200M. The reporting entity operates in the industry sectors: Healthcare and pharmaceuticals. Register entry: https://modernslaveryregister.gov.au/statements/20575/.'}
Modern slavery statement 2024-2013: u&u Holdings Pty Ltd,document,"{'content': 'u&u Holdings Pty Ltd filed a single modern slavery statement with the Australian Modern Slavery Register for the reporting period 2023-04-01 to 2024-03-31. The reporting entity is headquartered in Australia. The reporting entity has an annual revenue band of 100-150M. The reporting entity operates in the industry sectors: Professional and administrative services and supplies, including legal, consulting and accounting services. The statement also covers the included entities: U&U GWS PTY LTD (90 625 542 547), U&U NSW PTY LTD (71 607 475 865), U&U PTY LTD (71 160 197 008). Register entry: https://modernslaveryregister.gov.au/statements/19530/.'}"
Modern slavery statement 2022-2377: CANTARELLA BROS PTY LTD & CANTARELLA HOLDINGS PTY LTD & SIAPA PTY LTD,document,"{'content': 'CANTARELLA BROS PTY LTD (ABN 68 000 095 607), CANTARELLA HOLDINGS PTY LTD (ABN 48 000 301 619) and SIAPA PTY LTD (ABN 93 000 525 824) filed a joint modern slavery statement with the Australian Modern Slavery Register for the reporting period 2021-07-01 to 2022-06-30. The reporting entities are headquartered in Australia. The reporting entities have an annual revenue band of 0-99M. The reporting entities operate in the industry sectors: Food and beverages, agriculture and fishing. Register entry: https://modernslaveryregister.gov.au/statements/11160/.'}"
"Modern slavery statement 2025-1915: ASHURST AUSTRALIA & ASHURST AUSTRALIA SERVICES PTY LIMITED & Ashurst Business Services Limited, Ashurst LLP",document,"{'content': 'ASHURST AUSTRALIA (ABN 75 304 286 095), ASHURST AUSTRALIA SERVICES PTY LIMITED (ABN 45 001 687 618) and Ashurst Business Services Limited, Ashurst LLP filed a joint modern slavery statement with the Australian Modern Slavery Register for the reporting period 2024-05-01 to 2025-04-30. The reporting entities are headquartered in Australia, United Kingdom. The reporting entities have an annual revenue band of 1BN+. The reporting entities operate in the industry sectors: Professional and administrative services and supplies, including legal, consulting and accounting services. The statement also covers the included entities: ASHURST AUSTRALIA (75 304 286 095), ASHURST AUSTRALIA SERVICES PTY LIMITED (45 001 687 618), Ashurst Business Services Limited, Ashurst LLP. Register entry: https://modernslaveryregister.gov.au/statements/24251/.'}"
Modern slavery statement 2023-1331: Quayeyeware Pty Ltd,document,"{'content': 'Quayeyeware Pty Ltd filed a single modern slavery statement with the Australian Modern Slavery Register for the reporting period 2022-01-01 to 2022-12-31. The reporting entity is headquartered in Australia, United States of America. The reporting entity has an annual revenue band of 100-150M. The reporting entity operates in the industry sectors: Fashion, textiles, apparel and luxury goods. Register entry: https://modernslaveryregister.gov.au/statements/13982/.'}"
Modern slavery statement 2022-1049: JANSSEN-CILAG PTY LTD & JOHNSON & JOHNSON MEDICAL PTY LTD & JOHNSON & JOHNSON PACIFIC PTY LIMITED et al.,document,"{'content': 'JANSSEN-CILAG PTY LTD (ABN 47 000 129 975), JOHNSON & JOHNSON MEDICAL PTY LTD (ABN 85 000 160 403), JOHNSON & JOHNSON PACIFIC PTY LIMITED (ABN 73 001 121 446) and JOHNSON & JOHNSON PTY LTD (ABN 29 000 023 709) filed a joint modern slavery statement with the Australian Modern Slavery Register for the reporting period 2021-01-01 to 2021-12-31. The reporting entities are headquartered in Australia. The reporting entities have an annual revenue band of 1BN+. The reporting entities operate in the industry sectors: Healthcare and pharmaceuticals. Register entry: https://modernslaveryregister.gov.au/statements/9266/.'}"
Modern slavery statement 2022-2418: YELLOW BRICK ROAD HOLDINGS LIMITED,document,"{'content': 'YELLOW BRICK ROAD HOLDINGS LIMITED (ABN 44 119 436 083) filed a single modern slavery statement with the Australian Modern Slavery Register for the reporting period 2021-07-01 to 2022-06-30. The reporting entity is headquartered in Australia. The reporting entity has an annual revenue band of 250-300M. The reporting entity operates in the industry sectors: Financial, insurance and real estate activities. Register entry: https://modernslaveryregister.gov.au/statements/11217/.'}"
"Modern slavery statement 2023-1900: AG WAREHOUSE PTY LTD, SAPUTO DAIRY AUSTRALIA PTY LTD",document,"{'content': 'AG WAREHOUSE PTY LTD, SAPUTO DAIRY AUSTRALIA PTY LTD filed a joint modern slavery statement with the Australian Modern Slavery Register for the reporting period 2022-04-01 to 2023-03-30. The reporting entity is headquartered in Australia. The reporting entity has an annual revenue band of 1BN+. The reporting entity operates in the industry sectors: Food and beverages, agriculture and fishing. Register entry: https://modernslaveryregister.gov.au/statements/14751/.'}"
Modern slavery statement 2022-1392: AMNESIUM PTY LTD,document,{'content': 'AMNESIUM PTY LTD (ABN 63 608 314 978) filed a single modern slavery statement with the Australian Modern Slavery Register for the reporting period 2021-07-01 to 2022-06-30. The reporting entity is headquartered in Australia. The reporting entity has an annual revenue band of 0-99M. The reporting entity operates in the industry sectors: Information technology and telecommunication Government Sector. Register entry: https://modernslaveryregister.gov.au/statements/9704/.'}
Modern slavery statement 2021-959: COLIN JOSS & CO. PTY. LIMITED,document,"{'content': 'COLIN JOSS & CO. PTY. LIMITED (ABN 73 003 538 583) filed a single modern slavery statement with the Australian Modern Slavery Register for the reporting period 2019-07-01 to 2020-06-30. The reporting entity is headquartered in Australia. The reporting entity has an annual revenue band of 450-500M. The reporting entity operates in the industry sectors: Construction, civil engineering and building products Cleaning and security services Other. Register entry: https://modernslaveryregister.gov.au/statements/2690/.'}"
Modern slavery statement 2023-2173: ARUP AUSTRALIA PROJECTS PTY LTD & ARUP AUSTRALIA PTY LTD & ARUP AUSTRALIA SERVICES PTY LTD,document,"{'content': 'ARUP AUSTRALIA PROJECTS PTY LTD (ABN 57 625 911 711), ARUP AUSTRALIA PTY LTD (ABN 76 625 912 665) and ARUP AUSTRALIA SERVICES PTY LTD (ABN 36 625 911 686) filed a joint modern slavery statement with the Australian Modern Slavery Register for the reporting period 2022-04-01 to 2023-03-30. The reporting entities are headquartered in Australia. The reporting entities have an annual revenue band of 800-900M. The reporting entities operate in the industry sectors: Construction, civil engineering and building products Other. Register entry: https://modernslaveryregister.gov.au/statements/15145/.'}"
Modern slavery statement 2024-2798: MCCAIN FOODS (AUST) PTY LTD,document,"{'content': 'MCCAIN FOODS (AUST) PTY LTD (ABN 96 000 629 587) filed a single modern slavery statement with the Australian Modern Slavery Register for the reporting period 2023-07-01 to 2024-06-30. The reporting entity is headquartered in Canada. The reporting entity has an annual revenue band of 1BN+. The reporting entity operates in the industry sectors: Food and beverages, agriculture and fishing. The statement also covers the included entities: MCCAIN FINANCE (AUST) PTY. LTD.. Register entry: https://modernslaveryregister.gov.au/statements/20622/.'}"
Modern slavery statement 2022-745: RAVENSWOOD GOLD GROUP PTY LTD & RAVENSWOOD GOLD HOLDINGS PTY LTD & RAVENSWOOD GOLD PTY LTD,document,"{'content': 'RAVENSWOOD GOLD GROUP PTY LTD (ABN 18 637 523 712), RAVENSWOOD GOLD HOLDINGS PTY LTD (ABN 65 637 525 154) and RAVENSWOOD GOLD PTY LTD (ABN 88 637 527 309) filed a joint modern slavery statement with the Australian Modern Slavery Register for the reporting period 2020-01-01 to 2020-12-31. The reporting entities are headquartered in Australia. The reporting entities have an annual revenue band of 300-350M. The reporting entities operate in the industry sectors: Mining, metals, chemicals and resources (including oil and gas). Register entry: https://modernslaveryregister.gov.au/statements/8865/.'}"
Modern slavery statement 2021-2925: CCP VI VG HOLDINGS PTY LTD,document,"{'content': 'CCP VI VG HOLDINGS PTY LTD (ABN 41 630 151 530) filed a single modern slavery statement with the Australian Modern Slavery Register for the reporting period 2020-04-01 to 2021-03-30. The reporting entity is headquartered in Australia. The reporting entity has an annual revenue band of 150-200M. The reporting entity operates in the industry sectors: Construction, civil engineering and building products. Register entry: https://modernslaveryregister.gov.au/statements/5825/.'}"
Modern slavery statement 2024-52: PROBIOTEC LIMITED,document,"{'content': 'PROBIOTEC LIMITED (ABN 91 075 170 151) filed a joint modern slavery statement with the Australian Modern Slavery Register for the reporting period 2022-07-01 to 2023-06-30. The reporting entity is headquartered in Australia. The reporting entity has an annual revenue band of 150-200M. The reporting entity operates in the industry sectors: Healthcare and pharmaceuticals Other. The statement also covers the included entities: ABS (AUS) PTY LTD (62 633 680 065), HH PACKAGING PTY LTD (95 650 632 250), L.J.M. MARKETING SERVICES PTY LTD (63 116 310 788), MULTIPACK-LJM PTY LIMITED (49 100 109 019), PROBIOTEC PHARMA PTY LIMITED (78 076 755 354), SOUTH PACK LABORATORIES (AUST) PTY LTD (42 615 257 399). Register entry: https://modernslaveryregister.gov.au/statements/16787/.'}"
Modern slavery statement 2022-2193: RACT INSURANCE PTY. LTD. & THE ROYAL AUTOMOBILE CLUB OF TASMANIA LIMITED,document,"{'content': 'RACT INSURANCE PTY. LTD. (ABN 96 068 167 804) and THE ROYAL AUTOMOBILE CLUB OF TASMANIA LIMITED (ABN 62 009 475 861) filed a joint modern slavery statement with the Australian Modern Slavery Register for the reporting period 2021-07-01 to 2022-06-30. The reporting entities are headquartered in Australia. The reporting entities have an annual revenue band of 150-200M. The reporting entities operate in the industry sectors: Financial, insurance and real estate activities Other. Register entry: https://modernslaveryregister.gov.au/statements/10919/.'}"
Modern slavery statement 2023-1906: JFC AUSTRALIA CO PTY LTD,document,"{'content': 'JFC AUSTRALIA CO PTY LTD (ABN 36 003 080 260) filed a single modern slavery statement with the Australian Modern Slavery Register for the reporting period 2022-04-01 to 2023-03-31. The reporting entity is headquartered in Australia. The reporting entity has an annual revenue band of 250-300M. The reporting entity operates in the industry sectors: Food and beverages, agriculture and fishing. Register entry: https://modernslaveryregister.gov.au/statements/14743/.'}"
"Modern slavery statement 2025-3417: MCMAHON SERVICES AUSTRALIA PTY LTD, MCMAHON SERVICES HOLDINGS PTY LTD",document,"{'content': 'MCMAHON SERVICES AUSTRALIA PTY LTD, MCMAHON SERVICES HOLDINGS PTY LTD filed a joint modern slavery statement with the Australian Modern Slavery Register for the reporting period 2024-07-01 to 2025-06-30. The reporting entity is headquartered in Australia. The reporting entity has an annual revenue band of 700-800M. The reporting entity operates in the industry sectors: Construction. Register entry: https://modernslaveryregister.gov.au/statements/26449/.'}"
Modern slavery statement 2025-3180: The trustee for VFMC Balanced Fund & VICTORIAN FUNDS MANAGEMENT CORPORATION,document,"{'content': 'The trustee for VFMC Balanced Fund (ABN 49 461 037 206) and VICTORIAN FUNDS MANAGEMENT CORPORATION (ABN 27 691 254 157) filed a joint modern slavery statement with the Australian Modern Slavery Register for the reporting period 2024-07-01 to 2025-06-30. The reporting entities are headquartered in Australia. The reporting entities have an annual revenue band of 200-250M. The reporting entities operate in the industry sectors: Financial and Insurance Services. The statement also covers the included entities: The trustee for VFMC Cash Trust (85 846 006 499), The Trustee for VFMC Enhanced Income Trust (26 494 384 948), The Trustee for VFMC EQUITY TRUST 1 (89 046 035 499), The Trustee for VFMC Equity Trust 2 (18 731 214 900), The Trustee for VFMC Fixed Income Trust (74 927 364 049), The trustee for VFMC Growth Fund (83 497 342 984), The Trustee for VFMC Inflation Linked Bond Trust (13 885 184 877), The Trustee for VFMC International Equity Trust 1 (34 246 255 788), The Trustee for VFMC International Equity Trust 2 (86 405 787 790), The Trustee for VFMC Investment Fund (38 593 361 824), The trustee for VFMC Investment Trust IV (72 943 752 830), The Trustee for VFMC Low Volatility Equity Trust 1 (30 807 977 854), The Trustee for VFMC Low Volatility Equity Trust 2 (79 173 041 943), The Trustee for VFMC Opportunistic Strategies Trust (50 153 652 616), The Trustee for VFM Emerging Markets Trust (77 368 025 480). Register entry: https://modernslaveryregister.gov.au/statements/26142/.'}"
"Modern slavery statement 2023-1851: CADIA HOLDINGS PTY LIMITED, LIHIR GOLD LIMITED, NEWCREST MINING LIMITED, NEWCREST OPERATIONS LIMITED",document,"{'content': 'CADIA HOLDINGS PTY LIMITED, LIHIR GOLD LIMITED, NEWCREST MINING LIMITED, NEWCREST OPERATIONS LIMITED filed a joint modern slavery statement with the Australian Modern Slavery Register for the reporting period 2022-07-01 to 2023-06-30. The reporting entity is headquartered in Australia. The reporting entity has an annual revenue band of 1BN+. The reporting entity operates in the industry sectors: Mining, metals, chemicals and resources (including oil and gas). Register entry: https://modernslaveryregister.gov.au/statements/14692/.'}"
Modern slavery statement 2021-2534: Airmaster Australia Pty Ltd as the trustee for Airmaster Australia Unit Trust & AIRMASTER AUSTRALIA (QLD) PTY LTD & AIRMASTER AUSTRALIA (VIC) PTY LTD et al.,document,"{'content': 'Airmaster Australia Pty Ltd as the trustee for Airmaster Australia Unit Trust (ABN 62 618 982 426), AIRMASTER AUSTRALIA (QLD) PTY LTD (ABN 46 100 241 478), AIRMASTER AUSTRALIA (VIC) PTY LTD (ABN 98 064 735 459), AIRMASTER CORPORATION PTY LTD (ABN 26 133 652 749), AIRMASTER FIRE SERVICES PTY LTD (ABN 18 617 448 736) and AIRMASTER MECHANICAL SERVICES PTY LTD (ABN 45 007 360 858) filed a joint modern slavery statement with the Australian Modern Slavery Register for the reporting period 2020-04-01 to 2021-03-30. The reporting entities are headquartered in Australia. The reporting entities have an annual revenue band of 250-300M. The reporting entities operate in the industry sectors: Construction, civil engineering and building products Other. Register entry: https://modernslaveryregister.gov.au/statements/5243/.'}"
Modern slavery statement 2022-1278: BUPA ANZ HEALTHCARE HOLDINGS PTY LTD & BUPA ANZ INSURANCE PTY LTD,document,{'content': 'BUPA ANZ HEALTHCARE HOLDINGS PTY LTD (ABN 16 126 737 308) and BUPA ANZ INSURANCE PTY LTD (ABN 81 098 309 025) filed a joint modern slavery statement with the Australian Modern Slavery Register for the reporting period 2021-01-01 to 2021-12-31. The reporting entities are headquartered in United Kingdom. The reporting entities have an annual revenue band of Unknown. The reporting entities operate in the industry sectors: Healthcare and pharmaceuticals. Register entry: https://modernslaveryregister.gov.au/statements/9509/.'}
Modern slavery statement 2025-143: DARWALLA MILLING CO. PTY. LTD.,document,"{'content': 'DARWALLA MILLING CO. PTY. LTD. (ABN 64 009 698 631) filed a single modern slavery statement with the Australian Modern Slavery Register for the reporting period 2023-07-01 to 2024-06-30. The reporting entity is headquartered in Australia. The reporting entity has an annual revenue band of 150-200M. The reporting entity operates in the industry sectors: Food and beverages, agriculture and fishing. The statement also covers the included entities: BENFER HOLDINGS PTY. LTD. (35 009 699 316), DARWALLA EGG PRODUCERS PTY. LTD. (47 009 698 560), DARWALLA FARMING & PLANT CO. PTY. LTD. (60 009 709 942), DARWALLA POULTRY DISTRIBUTORS PTY. LTD. (20 009 717 873), DARWALLA POULTRY PRODUCERS PTY. LTD. (62 009 698 622), GOLDEN COCKEREL (1962) PTY. LTD. (22 009 717 882), GOLDEN EGG PRODUCERS PTY. LTD. (34 009 761 228). Register entry: https://modernslaveryregister.gov.au/statements/21831/.'}"
Modern slavery statement 2022-1084: Charlotte Tilbury Beauty Limited,document,{'content': 'Charlotte Tilbury Beauty Limited filed a joint modern slavery statement with the Australian Modern Slavery Register for the reporting period 2021-01-01 to 2021-12-31. The reporting entity is headquartered in United Kingdom. The reporting entity has an annual revenue band of 150-200M. The reporting entity operates in the industry sectors: Cosmetics and toiletries. Register entry: https://modernslaveryregister.gov.au/statements/8819/.'}
Modern slavery statement 2021-1030: CARLISLE HOMES PTY LTD,document,"{'content': 'CARLISLE HOMES PTY LTD (ABN 86 106 263 209) filed a single modern slavery statement with the Australian Modern Slavery Register for the reporting period 2019-07-01 to 2020-06-30. The reporting entity is headquartered in Australia. The reporting entity has an annual revenue band of 450-500M. The reporting entity operates in the industry sectors: Construction, civil engineering and building products. Register entry: https://modernslaveryregister.gov.au/statements/2902/.'}"
Modern slavery statement 2024-2818: STARBUCKS COFFEE AUSTRALIA PTY LTD,document,"{'content': 'STARBUCKS COFFEE AUSTRALIA PTY LTD (ABN 73 169 062 926) filed a single modern slavery statement with the Australian Modern Slavery Register for the reporting period 2022-07-01 to 2023-06-30. The reporting entity is headquartered in Australia. The reporting entity has an annual revenue band of 150-200M. The reporting entity operates in the industry sectors: Food and beverages, agriculture and fishing. Register entry: https://modernslaveryregister.gov.au/statements/20645/.'}"
Modern slavery statement 2021-2454: THE CORPORATION OF THE SYNOD OF THE DIOCESE OF BRISBANE,document,{'content': 'THE CORPORATION OF THE SYNOD OF THE DIOCESE OF BRISBANE (ABN 32 025 287 736) filed a single modern slavery statement with the Australian Modern Slavery Register for the reporting period 2020-07-01 to 2021-06-30. The reporting entity is headquartered in Australia. The reporting entity has an annual revenue band of 400-450M. The reporting entity operates in the industry sectors: Charitable / not-for-profit activities. Register entry: https://modernslaveryregister.gov.au/statements/5102/.'}
Modern slavery statement 2024-1635: ARDEX AUSTRALIA PTY. LIMITED,document,"{'content': 'ARDEX AUSTRALIA PTY. LIMITED (ABN 82 000 550 005) filed a single modern slavery statement with the Australian Modern Slavery Register for the reporting period 2023-01-01 to 2023-12-31. The reporting entity is headquartered in Australia, Germany. The reporting entity has an annual revenue band of 100-150M. The reporting entity operates in the industry sectors: Construction, civil engineering and building products. Register entry: https://modernslaveryregister.gov.au/statements/19002/.'}"
Modern slavery statement 2020-314: MITSUI & CO. (AUSTRALIA) LTD.,document,"{'content': 'MITSUI & CO. (AUSTRALIA) LTD. (ABN 64 004 349 795) filed a single modern slavery statement with the Australian Modern Slavery Register for the reporting period 2019-04-01 to 2020-03-30. The reporting entity is headquartered in Australia. The reporting entity has an annual revenue band of 500-600M. The reporting entity operates in the industry sectors: Food and beverages, agriculture and fishing Mining, metals, chemicals and resources (including oil and gas) Construction, civil engineering and building products. Register entry: https://modernslaveryregister.gov.au/statements/781/.'}"
Modern slavery statement 2022-1129: B P AUSTRALIA PTY LTD & BP DEVELOPMENTS AUSTRALIA PTY. LTD. & CASTROL AUSTRALIA PTY. LIMITED,document,"{'content': 'B P AUSTRALIA PTY LTD (ABN 53 004 085 616), BP DEVELOPMENTS AUSTRALIA PTY. LTD. (ABN 54 081 102 856) and CASTROL AUSTRALIA PTY. LIMITED (ABN 87 008 459 407) filed a joint modern slavery statement with the Australian Modern Slavery Register for the reporting period 2021-01-01 to 2021-12-31. The reporting entities are headquartered in Australia. The reporting entities have an annual revenue band of 1BN+. The reporting entities operate in the industry sectors: Mining, metals, chemicals and resources (including oil and gas). Register entry: https://modernslaveryregister.gov.au/statements/8595/.'}"
Modern slavery statement 2024-3625: ROLLEASE ACMEDA HOLDINGS PTY LTD,document,{'content': 'ROLLEASE ACMEDA HOLDINGS PTY LTD (ABN 60 602 994 016) filed a single modern slavery statement with the Australian Modern Slavery Register for the reporting period 2021-07-01 to 2022-06-30. The reporting entity is headquartered in Australia. The reporting entity has an annual revenue band of 100-150M. The reporting entity operates in the industry sectors: Other. Register entry: https://modernslaveryregister.gov.au/statements/21589/.'}
Modern slavery statement 2024-2481: BRIDGEHEAD PROPRIETARY LIMITED & The Trustee for THE GANDEL GROUP FAMILY TRUST,document,{'content': 'BRIDGEHEAD PROPRIETARY LIMITED (ABN 23 006 082 515) and The Trustee for THE GANDEL GROUP FAMILY TRUST (ABN 33 786 200 165) filed a joint modern slavery statement with the Australian Modern Slavery Register for the reporting period 2023-07-01 to 2024-06-30. The reporting entities are headquartered in Australia. The reporting entities have an annual revenue band of 300-350M. The reporting entities operate in the industry sectors: Other. Register entry: https://modernslaveryregister.gov.au/statements/20187/.'}
"Modern slavery statement 2024-1977: Planit Holdings Australia Pty Ltd, PLANIT TEST MANAGEMENT SOLUTIONS PTY LTD, SQA BIDCO PTY LTD, SQA HOLDCO PTY LTD",document,"{'content': 'Planit Holdings Australia Pty Ltd, PLANIT TEST MANAGEMENT SOLUTIONS PTY LTD, SQA BIDCO PTY LTD, SQA HOLDCO PTY LTD filed a joint modern slavery statement with the Australian Modern Slavery Register for the reporting period 2023-04-01 to 2024-03-31. The reporting entity is headquartered in Australia. The reporting entity has an annual revenue band of 200-250M. The reporting entity operates in the industry sectors: Information technology and telecommunication. The statement also covers the included entities: PLANIT TEST MANAGEMENT SOLUTIONS PTY LTD. Register entry: https://modernslaveryregister.gov.au/statements/19478/.'}"
Modern slavery statement 2020-77: SOUTHERN CROSS MEDIA GROUP LIMITED,document,"{'content': 'SOUTHERN CROSS MEDIA GROUP LIMITED (ABN 91 116 024 536) filed a single modern slavery statement with the Australian Modern Slavery Register for the reporting period 2019-07-01 to 2020-06-30. The reporting entity is headquartered in Australia. The reporting entity has an annual revenue band of 500-600M. The reporting entity operates in the industry sectors: Media, publishing, arts and entertainment. Register entry: https://modernslaveryregister.gov.au/statements/248/.'}"
Modern slavery statement 2025-3921: BLUE LAKE MILLING PTY LTD & CBH GRAIN PTY LTD & CBH GROUP HOLDINGS PTY LTD et al.,document,"{'content': 'BLUE LAKE MILLING PTY LTD (ABN 30 007 968 318), CBH GRAIN PTY LTD (ABN 39 089 394 883), CBH GROUP HOLDINGS PTY LTD (ABN 74 068 223 147), CBH PTY LTD (ABN 72 085 009 141), CBH (WA) PTY LTD (ABN 53 008 671 421) and CO-OPERATIVE BULK HANDLING LIMITED (ABN 29 256 604 947) filed a joint modern slavery statement with the Australian Modern Slavery Register for the reporting period 2024-10-01 to 2025-09-30. The reporting entities are headquartered in Australia. The reporting entities have an annual revenue band of 1BN+. The reporting entities operate in the industry sectors: Transport, Postal and Warehousing Agriculture, Forestry and Fishing Manufacturing. The statement also covers the included entities: AUSTRALIAN BULK STEVEDORING PTY LTD (78 068 223 165). Register entry: https://modernslaveryregister.gov.au/statements/26457/.'}"
Modern slavery statement 2025-2002: NRI AUSTRALIA HOLDINGS PTY LTD & NRI AUSTRALIA LIMITED & SQA HOLDCO PTY LTD,document,"{'content': 'NRI AUSTRALIA HOLDINGS PTY LTD (ABN 40 621 613 385), NRI AUSTRALIA LIMITED (ABN 57 070 045 117) and SQA HOLDCO PTY LTD (ABN 52 603 366 196) filed a joint modern slavery statement with the Australian Modern Slavery Register for the reporting period 2024-04-01 to 2025-03-31. The reporting entities are headquartered in Australia. The reporting entities have an annual revenue band of 600-700M. The reporting entities operate in the industry sectors: Information Media and Telecommunications. The statement also covers the included entities: AUSTRALIAN INVESTMENT EXCHANGE LIMITED (71 076 515 930). Register entry: https://modernslaveryregister.gov.au/statements/24402/.'}"
"Modern slavery statement 2023-893: FLEXICOMMERCIAL PTY LTD, FLEXIRENT CAPITAL PTY LTD, HUMM GROUP LIMITED",document,"{'content': 'FLEXICOMMERCIAL PTY LTD, FLEXIRENT CAPITAL PTY LTD, HUMM GROUP LIMITED filed a joint modern slavery statement with the Australian Modern Slavery Register for the reporting period 2021-07-01 to 2022-06-30. The reporting entity is headquartered in Australia. The reporting entity has an annual revenue band of 600-700M. The reporting entity operates in the industry sectors: Financial, insurance and real estate activities. Register entry: https://modernslaveryregister.gov.au/statements/13406/.'}"
Modern slavery statement 2025-3808: Vantage Fuels Pty Ltd,document,{'content': 'Vantage Fuels Pty Ltd (ABN 24 151 023 040) filed a single modern slavery statement with the Australian Modern Slavery Register for the reporting period 2024-07-01 to 2025-06-30. The reporting entity is headquartered in Australia. The reporting entity has an annual revenue band of 200-250M. The reporting entity operates in the industry sectors: Retail Trade. Register entry: https://modernslaveryregister.gov.au/statements/26918/.'}
Modern slavery statement 2022-843: LINDT & SPRUNGLI (AUSTRALIA) PTY LTD,document,"{'content': 'LINDT & SPRUNGLI (AUSTRALIA) PTY LTD (ABN 43 079 224 892) filed a single modern slavery statement with the Australian Modern Slavery Register for the reporting period 2021-01-01 to 2021-12-31. The reporting entity is headquartered in Switzerland. The reporting entity has an annual revenue band of 200-250M. The reporting entity operates in the industry sectors: Food and beverages, agriculture and fishing. Register entry: https://modernslaveryregister.gov.au/statements/9009/.'}"
Modern slavery statement 2026-320: METALS X LIMITED,document,{'content': 'METALS X LIMITED filed a single modern slavery statement with the Australian Modern Slavery Register for the reporting period 2024-01-01 to 2024-12-31. The reporting entity is headquartered in Australia. The reporting entity has an annual revenue band of 200-250M. The reporting entity operates in the industry sectors: Mining. Register entry: https://modernslaveryregister.gov.au/statements/27543/.'}
Modern slavery statement 2021-1784: CBRE PTY LIMITED,document,{'content': 'CBRE PTY LIMITED (ABN 57 057 373 574) filed a joint modern slavery statement with the Australian Modern Slavery Register for the reporting period 2020-01-01 to 2020-12-31. The reporting entity is headquartered in United States of America. The reporting entity has an annual revenue band of 500-600M. The reporting entity operates in the industry sectors: Other. Register entry: https://modernslaveryregister.gov.au/statements/4090/.'}
Modern slavery statement 2025-1093: EP2 Management Pty Limited,document,"{'content': 'EP2 Management Pty Limited (ABN 25 149 908 289) filed a single modern slavery statement with the Australian Modern Slavery Register for the reporting period 2024-01-01 to 2024-12-31. The reporting entity is headquartered in Australia. The reporting entity has an annual revenue band of 100-150M. The reporting entity operates in the industry sectors: Consumer services, including accommodation, hospitality, tourism and leisure. Register entry: https://modernslaveryregister.gov.au/statements/23275/.'}"
Modern slavery statement 2024-1723: UNITED WOOL COMPANY PTY LTD,document,"{'content': 'UNITED WOOL COMPANY PTY LTD (ABN 84 164 061 198) filed a single modern slavery statement with the Australian Modern Slavery Register for the reporting period 2023-07-01 to 2024-06-30. The reporting entity is headquartered in Australia. The reporting entity has an annual revenue band of 100-150M. The reporting entity operates in the industry sectors: Fashion, textiles, apparel and luxury goods. Register entry: https://modernslaveryregister.gov.au/statements/19126/.'}"
Modern slavery statement 2025-3203: PILBARA PORTS AUTHORITY,document,"{'content': 'PILBARA PORTS AUTHORITY (ABN 94 987 448 870) filed a single modern slavery statement with the Australian Modern Slavery Register for the reporting period 2024-07-01 to 2025-06-30. The reporting entity is headquartered in Australia. The reporting entity has an annual revenue band of 700-800M. The reporting entity operates in the industry sectors: Transport, Postal and Warehousing. The statement also covers the included entities: HEDLAND MARITIME INITIATIVE PTY LTD (70 645 630 468). Register entry: https://modernslaveryregister.gov.au/statements/26175/.'}"
Modern slavery statement 2023-3420: Enviro Pipes Pty Ltd,document,{'content': 'Enviro Pipes Pty Ltd (ABN 84 130 666 518) filed a single modern slavery statement with the Australian Modern Slavery Register for the reporting period 2022-07-01 to 2023-06-30. The reporting entity is headquartered in Australia. The reporting entity has an annual revenue band of 150-200M. The reporting entity operates in the industry sectors: Other. Register entry: https://modernslaveryregister.gov.au/statements/16710/.'}
Modern slavery statement 2025-87: AUSTRALIAN FINANCIAL COMPLAINTS AUTHORITY LIMITED,document,"{'content': 'AUSTRALIAN FINANCIAL COMPLAINTS AUTHORITY LIMITED (ABN 38 620 494 340) filed a single modern slavery statement with the Australian Modern Slavery Register for the reporting period 2023-07-01 to 2024-06-30. The reporting entity is headquartered in Australia. The reporting entity has an annual revenue band of 200-250M. The reporting entity operates in the industry sectors: Financial, insurance and real estate activities. Register entry: https://modernslaveryregister.gov.au/statements/21749/.'}"
Modern slavery statement 2023-1212: NINJAONE AUSTRALIA PTY LTD,document,{'content': 'NINJAONE AUSTRALIA PTY LTD (ABN 22 655 215 366) filed a joint modern slavery statement with the Australian Modern Slavery Register for the reporting period 2022-01-01 to 2022-12-31. The reporting entity is headquartered in United States of America. The reporting entity has an annual revenue band of 0-99M. The reporting entity operates in the industry sectors: Information technology and telecommunication. Register entry: https://modernslaveryregister.gov.au/statements/13844/.'}
Modern slavery statement 2023-23: THRYV AUSTRALIA PTY LTD,document,"{'content': 'THRYV AUSTRALIA PTY LTD (ABN 30 007 423 912) filed a single modern slavery statement with the Australian Modern Slavery Register for the reporting period 2021-07-01 to 2022-06-30. The reporting entity is headquartered in Australia. The reporting entity has an annual revenue band of 200-250M. The reporting entity operates in the industry sectors: Media, publishing, arts and entertainment Information technology and telecommunication. Register entry: https://modernslaveryregister.gov.au/statements/12096/.'}"
Modern slavery statement 2023-2383: BORDER EXPRESS PTY LTD,document,"{'content': 'BORDER EXPRESS PTY LTD (ABN 82 000 533 880) filed a single modern slavery statement with the Australian Modern Slavery Register for the reporting period 2022-07-01 to 2023-06-30. The reporting entity is headquartered in Australia. The reporting entity has an annual revenue band of 100-150M. The reporting entity operates in the industry sectors: Transportation, logistics, and storage. Register entry: https://modernslaveryregister.gov.au/statements/15449/.'}"
Modern slavery statement 2023-14: PROBIOTEC LIMITED,document,{'content': 'PROBIOTEC LIMITED (ABN 91 075 170 151) filed a single modern slavery statement with the Australian Modern Slavery Register for the reporting period 2021-07-01 to 2022-06-30. The reporting entity is headquartered in Australia. The reporting entity has an annual revenue band of 100-150M. The reporting entity operates in the industry sectors: Healthcare and pharmaceuticals. Register entry: https://modernslaveryregister.gov.au/statements/12084/.'}
"Modern slavery statement 2025-629: KESTREL COAL GROUP PTY LTD, KESTREL COAL HOLDINGS PTY LTD, KESTREL COAL MIDCO PTY LTD, KESTREL COAL PTY LIMITED, KESTREL COAL RESOURCES PTY LTD, KESTREL COAL SALES PTY LIMITED, KESTREL COAL SUBSIDIARY PTY LTD",document,"{'content': 'KESTREL COAL GROUP PTY LTD, KESTREL COAL HOLDINGS PTY LTD, KESTREL COAL MIDCO PTY LTD, KESTREL COAL PTY LIMITED, KESTREL COAL RESOURCES PTY LTD, KESTREL COAL SALES PTY LIMITED, KESTREL COAL SUBSIDIARY PTY LTD filed a joint modern slavery statement with the Australian Modern Slavery Register for the reporting period 2024-01-01 to 2024-12-31. The reporting entity is headquartered in Australia. The reporting entity has an annual revenue band of 1BN+. The reporting entity operates in the industry sectors: Mining, metals, chemicals and resources (including oil and gas). Register entry: https://modernslaveryregister.gov.au/statements/22607/.'}"
Modern slavery statement 2025-3783: Secretlab SG Pte Ltd,document,{'content': 'Secretlab SG Pte Ltd filed a single modern slavery statement with the Australian Modern Slavery Register for the reporting period 2024-03-01 to 2025-02-28. The reporting entity is headquartered in Singapore. The reporting entity has an annual revenue band of 200-250M. The reporting entity operates in the industry sectors: Retail Trade. Register entry: https://modernslaveryregister.gov.au/statements/26886/.'}
Modern slavery statement 2023-1775: PEDDER'S SHOCK ABSORBER SERVICE PTY. LTD.,document,"{'content': ""PEDDER'S SHOCK ABSORBER SERVICE PTY. LTD. (ABN 90 004 848 435) filed a single modern slavery statement with the Australian Modern Slavery Register for the reporting period 2022-07-01 to 2023-06-30. The reporting entity is headquartered in Australia. The reporting entity has an annual revenue band of 0-99M. The reporting entity operates in the industry sectors: Automotive, machinery and heavy electrical equipment. Register entry: https://modernslaveryregister.gov.au/statements/14584/.""}"
Modern slavery statement 2021-1447: NATIONAL CAN INDUSTRIES LIMITED,document,{'content': 'NATIONAL CAN INDUSTRIES LIMITED (ABN 89 006 266 799) filed a single modern slavery statement with the Australian Modern Slavery Register for the reporting period 2019-07-01 to 2020-06-30. The reporting entity is headquartered in Australia. The reporting entity has an annual revenue band of 150-200M. The reporting entity operates in the industry sectors: Other. Register entry: https://modernslaveryregister.gov.au/statements/3435/.'}
Modern slavery statement 2023-2803: BG&E GROUP LIMITED,document,"{'content': 'BG&E GROUP LIMITED (ABN 57 650 895 426) filed a single modern slavery statement with the Australian Modern Slavery Register for the reporting period 2022-07-01 to 2023-06-30. The reporting entity is headquartered in Australia. The reporting entity has an annual revenue band of 150-200M. The reporting entity operates in the industry sectors: Construction, civil engineering and building products. Register entry: https://modernslaveryregister.gov.au/statements/16000/.'}"
Modern slavery statement 2022-2431: AGL ELECTRICITY (VIC) PTY LIMITED & AGL Generation Holdco Pty Ltd & AGL HP1 PTY LIMITED et al.,document,"{'content': 'AGL ELECTRICITY (VIC) PTY LIMITED (ABN 62 070 182 099), AGL Generation Holdco Pty Ltd (ABN 46 155 768 291), AGL HP1 PTY LIMITED (ABN 86 080 429 901), AGL HP1 PTY LIMITED & AGL HP2 PTY LIMITED & AGL HP3 PTY LIMITED (ABN 86 076 691 481), AGL LOY YANG PTY LTD (ABN 62 077 985 758), AGL MACQUARIE PTY LIMITED (ABN 18 167 859 494), AGL RETAIL ENERGY LIMITED (ABN 21 074 839 464), AGL SALES PTY LIMITED (ABN 88 090 538 337), AGL SOUTH AUSTRALIA PTY LIMITED (ABN 49 091 105 092), AGL WHOLESALE GAS LIMITED (ABN 26 072 948 504), LYP PARTNER 1 PTY LTD & LYP PARTNER 4 BV & LYP Partner 2 Pty Ltd & LYP Partner 3 Pty Ltd (ABN 80 716 340 603), PERTH ENERGY HOLDINGS PTY. LTD. (ABN 20 611 228 221), PERTH ENERGY PTY LTD (ABN 39 087 386 445), POWERDIRECT PTY LTD (ABN 28 067 609 803), SEGH PTY LTD (ABN 66 604 691 867), SUSTAINABLE BUSINESS ENERGY SOLUTIONS PTY LTD (ABN 21 131 625 600) and VICTORIAN ENERGY PTY LIMITED (ABN 97 069 892 379) filed a joint modern slavery statement with the Australian Modern Slavery Register for the reporting period 2021-07-01 to 2022-06-30. The reporting entities are headquartered in Australia. The reporting entities have an annual revenue band of 1BN+. The reporting entities operate in the industry sectors: Utilities: gas, water and electricity Information technology and telecommunication. Register entry: https://modernslaveryregister.gov.au/statements/11142/.'}"
"Modern slavery statement 2023-869: BLOOMBERG AUSTRALIA PTY LTD & Bloomberg SEF LLC, Bloomberg Trading Facility BV, Bloomberg Trading Facility Limited",document,"{'content': 'BLOOMBERG AUSTRALIA PTY LTD (ABN 47 622 777 851) and Bloomberg SEF LLC, Bloomberg Trading Facility BV, Bloomberg Trading Facility Limited filed a joint modern slavery statement with the Australian Modern Slavery Register for the reporting period 2022-01-01 to 2022-12-31. The reporting entities are headquartered in Australia, Netherlands, United Kingdom, United States of America. The reporting entities have an annual revenue band of 800-900M. The reporting entities operate in the industry sectors: Financial, insurance and real estate activities. Register entry: https://modernslaveryregister.gov.au/statements/13100/.'}"
Modern slavery statement 2025-1337: CUMMINS FILTRATION INTERNATIONAL CORP.,document,"{'content': 'CUMMINS FILTRATION INTERNATIONAL CORP. filed a single modern slavery statement with the Australian Modern Slavery Register for the reporting period 2024-01-01 to 2024-12-31. The reporting entity is headquartered in Australia. The reporting entity has an annual revenue band of 100-150M. The reporting entity operates in the industry sectors: Automotive, machinery and heavy electrical equipment. Register entry: https://modernslaveryregister.gov.au/statements/23484/.'}"
Modern slavery statement 2022-1164: EMERGENT COLD BIDCO PTY LTD & EMERGENT COLD HOLDINGS PTY LIMITED & EMERGENT COLD MIDCO PTY LTD et al.,document,"{'content': 'EMERGENT COLD BIDCO PTY LTD (ABN 24 622 102 041), EMERGENT COLD HOLDINGS PTY LIMITED (ABN 88 000 106 141), EMERGENT COLD MIDCO PTY LTD (ABN 59 622 098 293), EMERGENT COLD PTY LTD (ABN 14 059 512 159), EMERGENT COLD TOPCO PTY LTD (ABN 80 622 089 909), LINEAGE AP HOLDINGS PTY LTD (ABN 27 637 083 544), LINEAGE AP INTERMEDIATE HOLDINGS PTY LTD (ABN 33 637 084 381) and LINEAGE AUS TRS PTY LTD (ABN 57 640 590 147) filed a joint modern slavery statement with the Australian Modern Slavery Register for the reporting period 2021-01-01 to 2021-12-31. The reporting entities are headquartered in Australia. The reporting entities have an annual revenue band of 600-700M. The reporting entities operate in the industry sectors: Transportation, logistics, and storage. Register entry: https://modernslaveryregister.gov.au/statements/9433/.'}"
Modern slavery statement 2025-1806: NORMET ASIA PACIFIC PTY. LTD.,document,{'content': 'NORMET ASIA PACIFIC PTY. LTD. (ABN 73 119 159 625) filed a single modern slavery statement with the Australian Modern Slavery Register for the reporting period 2024-01-01 to 2024-12-31. The reporting entity is headquartered in Australia. The reporting entity has an annual revenue band of 150-200M. The reporting entity operates in the industry sectors: Other. Register entry: https://modernslaveryregister.gov.au/statements/24108/.'}
Modern slavery statement 2020-267: SUMMIT RURAL (WA) PTY LIMITED,document,"{'content': 'SUMMIT RURAL (WA) PTY LIMITED (ABN 49 058 794 737) filed a single modern slavery statement with the Australian Modern Slavery Register for the reporting period 2019-04-01 to 2020-03-30. The reporting entity is headquartered in Australia. The reporting entity has an annual revenue band of 300-350M. The reporting entity operates in the industry sectors: Food and beverages, agriculture and fishing. Register entry: https://modernslaveryregister.gov.au/statements/708/.'}"
Modern slavery statement 2021-3767: HAYS SPECIALIST RECRUITMENT (AUSTRALIA) PTY LIMITED,document,"{'content': 'HAYS SPECIALIST RECRUITMENT (AUSTRALIA) PTY LIMITED (ABN 47 001 407 281) filed a single modern slavery statement with the Australian Modern Slavery Register for the reporting period 2020-07-01 to 2021-06-30. The reporting entity is headquartered in Australia, United Kingdom. The reporting entity has an annual revenue band of 1BN+. The reporting entity operates in the industry sectors: Professional and administrative services and supplies, including legal, consulting and accounting services. Register entry: https://modernslaveryregister.gov.au/statements/7146/.'}"
Modern slavery statement 2022-366: RAYTHEON AUSTRALIA PTY LTD,document,{'content': 'RAYTHEON AUSTRALIA PTY LTD (ABN 35 063 709 295) filed a single modern slavery statement with the Australian Modern Slavery Register for the reporting period 2021-01-01 to 2021-12-31. The reporting entity is headquartered in Australia. The reporting entity has an annual revenue band of 600-700M. The reporting entity operates in the industry sectors: Defence and aerospace. Register entry: https://modernslaveryregister.gov.au/statements/8222/.'}
Modern slavery statement 2023-971: CAPE PRESTON PORT COMPANY PTY LTD & CITIC PACIFIC MINING MANAGEMENT PTY LTD & SINO IRON HOLDINGS PTY LTD,document,"{'content': 'CAPE PRESTON PORT COMPANY PTY LTD (ABN 84 147 842 153), CITIC PACIFIC MINING MANAGEMENT PTY LTD (ABN 64 119 578 371) and SINO IRON HOLDINGS PTY LTD (ABN 43 118 791 772) filed a joint modern slavery statement with the Australian Modern Slavery Register for the reporting period 2022-01-01 to 2022-12-31. The reporting entities are headquartered in Australia. The reporting entities have an annual revenue band of 1BN+. The reporting entities operate in the industry sectors: Mining, metals, chemicals and resources (including oil and gas). Register entry: https://modernslaveryregister.gov.au/statements/13245/.'}"
Modern slavery statement 2024-2314: THE TRUSTEE FOR THE PM CAPITAL GLOBAL COMPANIES FUND,document,"{'content': 'THE TRUSTEE FOR THE PM CAPITAL GLOBAL COMPANIES FUND (ABN 83 279 564 700) filed a single modern slavery statement with the Australian Modern Slavery Register for the reporting period 2023-07-01 to 2024-06-30. The reporting entity is headquartered in Australia. The reporting entity has an annual revenue band of 200-250M. The reporting entity operates in the industry sectors: Financial, insurance and real estate activities. Register entry: https://modernslaveryregister.gov.au/statements/19950/.'}"
Modern slavery statement 2023-610: AUSTRALIAN BRITISH FOOD HOLDINGS PTY LTD,document,"{'content': 'AUSTRALIAN BRITISH FOOD HOLDINGS PTY LTD (ABN 38 613 306 826) filed a single modern slavery statement with the Australian Modern Slavery Register for the reporting period 2021-07-01 to 2022-06-30. The reporting entity is headquartered in Australia. The reporting entity has an annual revenue band of 150-200M. The reporting entity operates in the industry sectors: Food and beverages, agriculture and fishing. Register entry: https://modernslaveryregister.gov.au/statements/13007/.'}"
Modern slavery statement 2021-1001: BEACH ENERGY LIMITED,document,"{'content': 'BEACH ENERGY LIMITED (ABN 20 007 617 969) filed a single modern slavery statement with the Australian Modern Slavery Register for the reporting period 2020-01-01 to 2020-12-31. The reporting entity is headquartered in Australia. The reporting entity has an annual revenue band of 1BN+. The reporting entity operates in the industry sectors: Mining, metals, chemicals and resources (including oil and gas). Register entry: https://modernslaveryregister.gov.au/statements/2865/.'}"
Modern slavery statement 2022-2451: THE ROYAL WOMENS HOSPITAL,document,{'content': 'THE ROYAL WOMENS HOSPITAL (ABN 62 787 822 077) filed a single modern slavery statement with the Australian Modern Slavery Register for the reporting period 2021-07-01 to 2022-06-30. The reporting entity is headquartered in Australia. The reporting entity has an annual revenue band of 350-400M. The reporting entity operates in the industry sectors: Healthcare and pharmaceuticals. Register entry: https://modernslaveryregister.gov.au/statements/11264/.'}
Modern slavery statement 2022-1782: HOLDCO HOLDINGS PTY LTD,document,"{'content': 'HOLDCO HOLDINGS PTY LTD (ABN 77 065 295 016) filed a single modern slavery statement with the Australian Modern Slavery Register for the reporting period 2021-07-01 to 2022-06-30. The reporting entity is headquartered in Australia. The reporting entity has an annual revenue band of 150-200M. The reporting entity operates in the industry sectors: Transportation, logistics, and storage. Register entry: https://modernslaveryregister.gov.au/statements/10307/.'}"
Modern slavery statement 2024-1930: MERIDIAN ENERGY LIMITED,document,"{'content': 'MERIDIAN ENERGY LIMITED (ABN 58 355 917 919) filed a single modern slavery statement with the Australian Modern Slavery Register for the reporting period 2023-07-01 to 2024-06-30. The reporting entity is headquartered in New Zealand. The reporting entity has an annual revenue band of 1BN+. The reporting entity operates in the industry sectors: Utilities: gas, water and electricity. The statement also covers the included entities: Dam Safety Intelligence Limited, Flux Federation Limited (34 349 232 077), Kōkako SPV Ltd. Register entry: https://modernslaveryregister.gov.au/statements/19424/.'}"
Modern slavery statement 2023-3298: THE TRUSTEE FOR TRIBECA ALPHA PLUS FUND,document,"{'content': 'THE TRUSTEE FOR TRIBECA ALPHA PLUS FUND (ABN 98 912 850 890) filed a single modern slavery statement with the Australian Modern Slavery Register for the reporting period 2022-07-01 to 2023-06-30. The reporting entity is headquartered in Australia. The reporting entity has an annual revenue band of 150-200M. The reporting entity operates in the industry sectors: Financial, insurance and real estate activities. Register entry: https://modernslaveryregister.gov.au/statements/16575/.'}"
Modern slavery statement 2024-3535: FLEETS FLYERS PTY. LIMITED & FLEET STREET EXPRESS PTY LTD,document,"{'content': 'FLEETS FLYERS PTY. LIMITED (ABN 41 008 417 016) and FLEET STREET EXPRESS PTY LTD (ABN 95 081 243 165) filed a joint modern slavery statement with the Australian Modern Slavery Register for the reporting period 2023-07-01 to 2024-06-30. The reporting entities are headquartered in Australia. The reporting entities have an annual revenue band of 100-150M. The reporting entities operate in the industry sectors: Transportation, logistics, and storage. Register entry: https://modernslaveryregister.gov.au/statements/21506/.'}"
Modern slavery statement 2022-1788: Hyland Software Inc.,document,{'content': 'Hyland Software Inc. (ABN 86 592 245 578) filed a single modern slavery statement with the Australian Modern Slavery Register for the reporting period 2021-01-01 to 2021-12-31. The reporting entity is headquartered in United States of America. The reporting entity has an annual revenue band of 0-99M. The reporting entity operates in the industry sectors: Information technology and telecommunication. Register entry: https://modernslaveryregister.gov.au/statements/10315/.'}
"Modern slavery statement 2024-3059: BAREAGE PTY. LIMITED, CAIRNTON HOLDINGS PTY LIMITED, CAIRNTON PTY LTD, CAVALANE HOLDINGS PTY LIMITED, CONPRESS SECURITIES PTY LIMITED, CONSOLIDATED PRESS (FINANCE) III PTY LTD, CONSOLIDATED PRESS (FINANCE) II PTY LTD, CONSOLIDATED PRESS (FINANCE) PTY LTD, CONSOLIDATED PRESS FINANCIAL SERVICES PTY LIMITED, CONSOLIDATED PRESS HOLDINGS PTY LIMITED, CPH CROWN HOLDINGS PTY LIMITED, CPH GAMING III PTY LIMITED, CPH GAMING II PTY LIMITED, CPH GAMING I PTY LIMITED, CPH GAMING IVA PTY LIMITED, CPH GAMING IVB PTY LIMITED, HOYTS CINEMAS OPERATIONS PTY LTD, NORTHKOM PTY LIMITED, SAMENIC PTY LIMITED",document,"{'content': 'BAREAGE PTY. LIMITED, CAIRNTON HOLDINGS PTY LIMITED, CAIRNTON PTY LTD, CAVALANE HOLDINGS PTY LIMITED, CONPRESS SECURITIES PTY LIMITED, CONSOLIDATED PRESS (FINANCE) III PTY LTD, CONSOLIDATED PRESS (FINANCE) II PTY LTD, CONSOLIDATED PRESS (FINANCE) PTY LTD, CONSOLIDATED PRESS FINANCIAL SERVICES PTY LIMITED, CONSOLIDATED PRESS HOLDINGS PTY LIMITED, CPH CROWN HOLDINGS PTY LIMITED, CPH GAMING III PTY LIMITED, CPH GAMING II PTY LIMITED, CPH GAMING I PTY LIMITED, CPH GAMING IVA PTY LIMITED, CPH GAMING IVB PTY LIMITED, HOYTS CINEMAS OPERATIONS PTY LTD, NORTHKOM PTY LIMITED, SAMENIC PTY LIMITED filed a joint modern slavery statement with the Australian Modern Slavery Register for the reporting period 2023-07-01 to 2024-06-30. The reporting entity is headquartered in Australia. The reporting entity has an annual revenue band of 1BN+. The reporting entity operates in the industry sectors: Other. The statement also covers the included entities: NORTHKOM I PTY LIMITED. Register entry: https://modernslaveryregister.gov.au/statements/20952/.'}"
Modern slavery statement 2022-2439: AVANTEOS INVESTMENTS LIMITED & COLONIAL FIRST STATE INVESTMENTS LIMITED & SUPERANNUATION AND INVESTMENTS SERVICES PTY LIMITED,document,"{'content': 'AVANTEOS INVESTMENTS LIMITED (ABN 20 096 259 979), COLONIAL FIRST STATE INVESTMENTS LIMITED (ABN 98 002 348 352) and SUPERANNUATION AND INVESTMENTS SERVICES PTY LIMITED (ABN 90 646 698 160) filed a joint modern slavery statement with the Australian Modern Slavery Register for the reporting period 2021-07-01 to 2022-06-30. The reporting entities are headquartered in Australia. The reporting entities have an annual revenue band of 1BN+. The reporting entities operate in the industry sectors: Financial, insurance and real estate activities. Register entry: https://modernslaveryregister.gov.au/statements/11228/.'}"
Modern slavery statement 2021-338: QUDOS MUTUAL LTD,document,"{'content': 'QUDOS MUTUAL LTD (ABN 53 087 650 557) filed a single modern slavery statement with the Australian Modern Slavery Register for the reporting period 2019-07-01 to 2020-06-30. The reporting entity is headquartered in Australia. The reporting entity has an annual revenue band of 100-150M. The reporting entity operates in the industry sectors: Financial, insurance and real estate activities. Register entry: https://modernslaveryregister.gov.au/statements/1673/.'}"
"Modern slavery statement 2025-2381: ACTION DRILL & BLAST PTY LTD, DIAB ENGINEERING PTY LTD, GOLDING CONTRACTORS PTY LTD, NRW HOLDINGS LIMITED, PRIMERO GROUP LIMITED, RCR MINING TECHNOLOGIES PTY LTD, The Trustee for NRW UNIT TRUST",document,"{'content': 'ACTION DRILL & BLAST PTY LTD, DIAB ENGINEERING PTY LTD, GOLDING CONTRACTORS PTY LTD, NRW HOLDINGS LIMITED, PRIMERO GROUP LIMITED, RCR MINING TECHNOLOGIES PTY LTD, The Trustee for NRW UNIT TRUST (ABN 69 828 799 317) filed a joint modern slavery statement with the Australian Modern Slavery Register for the reporting period 2024-07-01 to 2025-06-30. The reporting entity is headquartered in Australia. The reporting entity has an annual revenue band of 1BN+. The reporting entity operates in the industry sectors: Manufacturing Construction Mining. The statement also covers the included entities: ACTIONBLAST PTY LTD, NRW CONTRACTING PTY LTD, PGX OPS PTY LTD, Primero Group Americas Inc, Primero USA Inc, RCR HEAT TREATMENT PTY LTD, The Trustee for OVERFLOW INDUSTRIAL UNIT TRUST (99 227 134 227). Register entry: https://modernslaveryregister.gov.au/statements/24986/.'}"
Modern slavery statement 2022-2704: WILLIAMS-SONOMA AUSTRALIA PTY LTD,document,"{'content': 'WILLIAMS-SONOMA AUSTRALIA PTY LTD (ABN 75 157 917 783) filed a single modern slavery statement with the Australian Modern Slavery Register for the reporting period 2021-07-01 to 2022-06-30. The reporting entity is headquartered in United States of America. The reporting entity has an annual revenue band of 0-99M. The reporting entity operates in the industry sectors: Fashion, textiles, apparel and luxury goods. Register entry: https://modernslaveryregister.gov.au/statements/11576/.'}"
Modern slavery statement 2022-715: SAVILLS (AUST) HOLDINGS PTY LIMITED,document,"{'content': 'SAVILLS (AUST) HOLDINGS PTY LIMITED (ABN 49 059 047 371) filed a single modern slavery statement with the Australian Modern Slavery Register for the reporting period 2021-01-01 to 2021-12-31. The reporting entity is headquartered in Australia. The reporting entity has an annual revenue band of 100-150M. The reporting entity operates in the industry sectors: Financial, insurance and real estate activities. Register entry: https://modernslaveryregister.gov.au/statements/8805/.'}"
Modern slavery statement 2021-4053: CAMP AUSTRALIA PROPRIETARY LIMITED,document,{'content': 'CAMP AUSTRALIA PROPRIETARY LIMITED (ABN 96 060 703 120) filed a single modern slavery statement with the Australian Modern Slavery Register for the reporting period 2020-07-01 to 2021-06-30. The reporting entity is headquartered in Australia. The reporting entity has an annual revenue band of 100-150M. The reporting entity operates in the industry sectors: Education and research. Register entry: https://modernslaveryregister.gov.au/statements/7484/.'}
Modern slavery statement 2021-3458: SHINE JUSTICE LTD & SHINE LAWYERS PTY LTD,document,"{'content': 'SHINE JUSTICE LTD (ABN 93 162 817 905) and SHINE LAWYERS PTY LTD (ABN 86 134 702 757) filed a joint modern slavery statement with the Australian Modern Slavery Register for the reporting period 2020-07-01 to 2021-06-30. The reporting entities are headquartered in Australia. The reporting entities have an annual revenue band of 250-300M. The reporting entities operate in the industry sectors: Professional and administrative services and supplies, including legal, consulting and accounting services. Register entry: https://modernslaveryregister.gov.au/statements/6690/.'}"
Modern slavery statement 2025-3382: Aston Coal 2 Pty Ltd & ASTON RESOURCES LIMITED & Narrabri Coal Pty Ltd et al.,document,"{'content': 'Aston Coal 2 Pty Ltd (ABN 14 139 472 567), ASTON RESOURCES LIMITED (ABN 91 129 361 208), Narrabri Coal Pty Ltd (ABN 76 107 813 963), VICKERY COAL PTY LTD (ABN 74 626 224 495), WHITEHAVEN BLACKWATER PTY LTD (ABN 66 672 142 997), Whitehaven Coal Holdings Pty Ltd (ABN 84 124 452 571), WHITEHAVEN COAL LIMITED (ABN 68 124 425 396), WHITEHAVEN COAL MINING LIMITED (ABN 65 086 426 253), WHITEHAVEN DAUNIA PTY LTD (ABN 28 672 143 583) and WHITEHAVEN METCOAL HOLDINGS PTY LTD (ABN 76 666 288 384) filed a joint modern slavery statement with the Australian Modern Slavery Register for the reporting period 2024-07-01 to 2025-06-30. The reporting entities are headquartered in Australia. The reporting entities have an annual revenue band of 1BN+. The reporting entities operate in the industry sectors: Mining. Register entry: https://modernslaveryregister.gov.au/statements/26048/.'}"
Modern slavery statement 2023-1109: FISHER & PAYKEL AUSTRALIA PTY. LIMITED,document,"{'content': 'FISHER & PAYKEL AUSTRALIA PTY. LIMITED (ABN 71 000 042 080) filed a single modern slavery statement with the Australian Modern Slavery Register for the reporting period 2022-04-01 to 2023-03-30. The reporting entity is headquartered in Australia. The reporting entity has an annual revenue band of 600-700M. The reporting entity operates in the industry sectors: Durable consumer goods, including electronics and appliances, home furnishings and other accessories. Register entry: https://modernslaveryregister.gov.au/statements/13704/.'}"
"Modern slavery statement 2021-391: ACCESS ARTS (CPL) LIMITED & CPL-CHOICE, PASSION, LIFE",document,"{'content': 'ACCESS ARTS (CPL) LIMITED (ABN 56 631 019 166) and CPL-CHOICE, PASSION, LIFE (ABN 27 009 942 269) filed a joint modern slavery statement with the Australian Modern Slavery Register for the reporting period 2019-07-01 to 2020-06-30. The reporting entities are headquartered in Australia. The reporting entities have an annual revenue band of 150-200M. The reporting entities operate in the industry sectors: Healthcare and pharmaceuticals Charitable / not-for-profit activities Other. Register entry: https://modernslaveryregister.gov.au/statements/1727/.'}"
"Modern slavery statement 2024-263: MY MC HOLDINGS PTY LTD, MY MUSCLE CHEF PTY. LTD. & QPE SPV 2 BIDCO PTY LTD, QPE SPV 2 HOLDCO PTY LTD, QPE SPV 2 MEZZCO PTY LTD, QPE SPV 2 TOPCO PTY LTD",document,"{'content': 'MY MC HOLDINGS PTY LTD, MY MUSCLE CHEF PTY. LTD. (ABN 92 162 190 070) and QPE SPV 2 BIDCO PTY LTD, QPE SPV 2 HOLDCO PTY LTD, QPE SPV 2 MEZZCO PTY LTD, QPE SPV 2 TOPCO PTY LTD filed a joint modern slavery statement with the Australian Modern Slavery Register for the reporting period 2022-07-01 to 2023-06-30. The reporting entities are headquartered in Australia. The reporting entities have an annual revenue band of 200-250M. The reporting entities operate in the industry sectors: Food and beverages, agriculture and fishing. The statement also covers the included entities: MY MC HOLDINGS PTY LTD, QPE SPV 2 BIDCO PTY LTD, QPE SPV 2 HOLDCO PTY LTD, QPE SPV 2 MEZZCO PTY LTD, QPE SPV 2 TOPCO PTY LTD. Register entry: https://modernslaveryregister.gov.au/statements/17112/.'}"
Modern slavery statement 2020-387: JAGUAR LAND ROVER AUSTRALIA PTY LTD,document,"{'content': 'JAGUAR LAND ROVER AUSTRALIA PTY LTD (ABN 86 004 352 238) filed a single modern slavery statement with the Australian Modern Slavery Register for the reporting period 2019-07-01 to 2020-06-30. The reporting entity is headquartered in United Kingdom. The reporting entity has an annual revenue band of 800-900M. The reporting entity operates in the industry sectors: Automotive, machinery and heavy electrical equipment. Register entry: https://modernslaveryregister.gov.au/statements/886/.'}"
Modern slavery statement 2023-2558: PANTHER TOPCO PTY LTD,document,"{'content': 'PANTHER TOPCO PTY LTD filed a joint modern slavery statement with the Australian Modern Slavery Register for the reporting period 2022-07-01 to 2023-06-30. The reporting entity is headquartered in Australia. The reporting entity has an annual revenue band of 200-250M. The reporting entity operates in the industry sectors: Education and research. The statement also covers the included entities: Abeona Limited, EVERLAST HOLDINGS AUSTRALIA PTY LTD, Fit for Sport Ltd, G.B. Management Services Ltd, GHB Consultants Ltd, HELPING HANDS NETWORK PTY LTD, JAG UK Bidco Ltd, JAG UK Holdco Ltd, JAG UK Midco Ltd, JAG UK Topco Ltd, Junior Adventures Group Nominee 1 Pty Ltd, JUNIOR ADVENTURES GROUP PTY LTD, Junior Adventures Group UK Ltd, JUNIOR ADVENTURES PTY LTD, Kiwi Kids Education Group Ltd, OSHCLUB PTY LTD, PANTHER BIDCO PTY LTD, PANTHER HOLDCO PTY LTD, PANTHER MIDCO PTY LTD, Pioneer Childcare Ltd, PRIMARY OSHCARE PTY LTD, Reliance HR Solutions Pty Ltd, Safe Kids in Daily Supervision Ltd, Sherpa Kids England Ltd, SHERPA KIDS INTERNATIONAL PTY LTD, Skids Programme Management Ltd, SOFUS HOLDINGS PTY LTD, Sungao Limited, Sunrise Holdco (NZ) Pty Ltd, YOUNG MINDS CONNECT PTY LTD. Register entry: https://modernslaveryregister.gov.au/statements/15444/.'}"
"Modern slavery statement 2023-2800: PERNOD RICARD PACIFIC HOLDING PTY LTD, PERNOD RICARD WINEMAKERS PTY LTD",document,"{'content': 'PERNOD RICARD PACIFIC HOLDING PTY LTD, PERNOD RICARD WINEMAKERS PTY LTD filed a joint modern slavery statement with the Australian Modern Slavery Register for the reporting period 2022-07-01 to 2023-06-30. The reporting entity is headquartered in Australia. The reporting entity has an annual revenue band of 600-700M. The reporting entity operates in the industry sectors: Food and beverages, agriculture and fishing. The statement also covers the included entities: PERNOD RICARD WINEMAKERS PTY LTD. Register entry: https://modernslaveryregister.gov.au/statements/15984/.'}"
Modern slavery statement 2021-2788: CANACCORD FINANCIAL GROUP (AUSTRALIA) PTY LTD,document,"{'content': 'CANACCORD FINANCIAL GROUP (AUSTRALIA) PTY LTD (ABN 53 128 279 336) filed a single modern slavery statement with the Australian Modern Slavery Register for the reporting period 2020-04-01 to 2021-03-30. The reporting entity is headquartered in Australia. The reporting entity has an annual revenue band of 250-300M. The reporting entity operates in the industry sectors: Financial, insurance and real estate activities. Register entry: https://modernslaveryregister.gov.au/statements/5638/.'}"
Modern slavery statement 2025-686: BROWN-FORMAN AUSTRALIA PTY LIMITED & BROWN-FORMAN CORPORATION,document,"{'content': 'BROWN-FORMAN AUSTRALIA PTY LIMITED (ABN 87 000 064 086) and BROWN-FORMAN CORPORATION (ABN 66 003 606 586) filed a joint modern slavery statement with the Australian Modern Slavery Register for the reporting period 2023-05-01 to 2024-04-30. The reporting entities are headquartered in Australia, United States of America. The reporting entities have an annual revenue band of 1BN+. The reporting entities operate in the industry sectors: Food and beverages, agriculture and fishing. The statement also covers the included entities: BROWN-FORMAN AUSTRALIA PTY LIMITED (87 000 064 086). Register entry: https://modernslaveryregister.gov.au/statements/22678/.'}"
Modern slavery statement 2024-888: ROMAN CATHOLIC TRUST CORPORATION FOR THE DIOCESE OF CAIRNS,document,"{'content': 'ROMAN CATHOLIC TRUST CORPORATION FOR THE DIOCESE OF CAIRNS (ABN 50 681 607 010) filed a single modern slavery statement with the Australian Modern Slavery Register for the reporting period 2023-01-01 to 2023-12-31. The reporting entity is headquartered in Australia. The reporting entity has an annual revenue band of 300-350M. The reporting entity operates in the industry sectors: Education and research Charitable / not-for-profit activities Other. The statement also covers the included entities: Catholic Diocese of Cairns, Catholic Early Learning and Care, Catholic Education Services, Centacare FNQ, Good Counsel College, Good Counsel Primary School, Holy Cross School, Holy Spirit College, MacKillop Catholic College, Mother of Good Counsel School, Mount St Bernard College, Newman Catholic College, Our Lady Help of Christians School, Our Lady of the Sacred Heart School, St Andrew’s Catholic College, St Anthony’s School, St Augustine’s College, St Augustine’s School, St Clare’s School, St Francis Xavier’s School, St Gerard Majella School, St John’s School, St Joseph’s Parish School, St Joseph’s School (Atherton), St Joseph’s School (Parramatta Park), St Mary’s Catholic College, St Michael’s School, St Monica’s College, St Rita’s School (Babinda), St Rita’s School (South Johnstone), St Stephen’s Catholic College, St Teresa’s School, St Therese’s School, St Thomas’ School. Register entry: https://modernslaveryregister.gov.au/statements/18070/.'}"
"Modern slavery statement 2020-270: Sektor Group Ltd, SEKTOR PTY LIMITED",document,"{'content': 'Sektor Group Ltd, SEKTOR PTY LIMITED (ABN 54 140 763 417) filed a joint modern slavery statement with the Australian Modern Slavery Register for the reporting period 2019-07-01 to 2020-06-30. The reporting entity is headquartered in New Zealand. The reporting entity has an annual revenue band of 100-150M. The reporting entity operates in the industry sectors: Information technology and telecommunication. Register entry: https://modernslaveryregister.gov.au/statements/711/.'}"
Modern slavery statement 2025-1127: NF DIGITAL LAND PTY LTD,document,"{'content': 'NF DIGITAL LAND PTY LTD (ABN 36 643 491 052) filed a single modern slavery statement with the Australian Modern Slavery Register for the reporting period 2024-01-01 to 2024-12-31. The reporting entity is headquartered in Australia. The reporting entity has an annual revenue band of 100-150M. The reporting entity operates in the industry sectors: Media, publishing, arts and entertainment. The statement also covers the included entities: ANIMAL LOGIC STUDIOS HOLDINGS PTY LIMITED (72 612 133 267), NETFLIX ANIMATION STUDIOS AUSTRALIA PTY LTD (65 006 440 777), OPTIX PTY. LIMITED (86 060 227 232). Register entry: https://modernslaveryregister.gov.au/statements/23327/.'}"
Modern slavery statement 2023-1557: PABLO & RUSTY'S PTY LTD,document,"{'content': ""PABLO & RUSTY'S PTY LTD (ABN 20 137 878 589) filed a single modern slavery statement with the Australian Modern Slavery Register for the reporting period 2022-07-01 to 2023-06-30. The reporting entity is headquartered in Australia. The reporting entity has an annual revenue band of 0-99M. The reporting entity operates in the industry sectors: Food and beverages, agriculture and fishing. Register entry: https://modernslaveryregister.gov.au/statements/14246/.""}"
Modern slavery statement 2021-2398: INTELLIHUB PTY. LTD.,document,"{'content': 'INTELLIHUB PTY. LTD. (ABN 57 601 509 693) filed a single modern slavery statement with the Australian Modern Slavery Register for the reporting period 2020-07-01 to 2021-06-30. The reporting entity is headquartered in Australia, New Zealand. The reporting entity has an annual revenue band of 100-150M. The reporting entity operates in the industry sectors: Utilities: gas, water and electricity. Register entry: https://modernslaveryregister.gov.au/statements/5020/.'}"
Modern slavery statement 2021-1240: MEYER TIMBER PTY. LTD. & The Trustee for Meyer Structalam Trust & The Trustee for Meyer Timber Qld Trust et al.,document,"{'content': 'MEYER TIMBER PTY. LTD. (ABN 54 005 314 321), The Trustee for Meyer Structalam Trust (ABN 25 106 954 033), The Trustee for Meyer Timber Qld Trust (ABN 98 924 322 634) and TIMBER BUILDING SYSTEMS PTY LTD (ABN 34 602 614 808) filed a joint modern slavery statement with the Australian Modern Slavery Register for the reporting period 2019-07-01 to 2020-06-30. The reporting entities are headquartered in Australia. The reporting entities have an annual revenue band of 250-300M. The reporting entities operate in the industry sectors: Construction, civil engineering and building products Transportation, logistics, and storage. Register entry: https://modernslaveryregister.gov.au/statements/3155/.'}"
Modern slavery statement 2024-2806: APAC (HOLDINGS NO. 2) PTY LIMITED & APAC (HOLDINGS) PTY. LIMITED & AUSTRALIA PACIFIC AIRPORTS CORPORATION LIMITED et al.,document,"{'content': 'APAC (HOLDINGS NO. 2) PTY LIMITED (ABN 78 136 451 959), APAC (HOLDINGS) PTY. LIMITED (ABN 60 081 578 887), AUSTRALIA PACIFIC AIRPORTS CORPORATION LIMITED (ABN 89 069 775 266), AUSTRALIA PACIFIC AIRPORTS (LAUNCESTON) PTY. LIMITED (ABN 79 081 578 903) and AUSTRALIA PACIFIC AIRPORTS (MELBOURNE) PTY LIMITED (ABN 62 076 999 114) filed a joint modern slavery statement with the Australian Modern Slavery Register for the reporting period 2023-07-01 to 2024-06-30. The reporting entities are headquartered in Australia. The reporting entities have an annual revenue band of 1BN+. The reporting entities operate in the industry sectors: Transportation, logistics, and storage Consumer services, including accommodation, hospitality, tourism and leisure. The statement also covers the included entities: APAC (HOLDINGS NO. 2) PTY LIMITED (78 136 451 959), APAC (HOLDINGS) PTY. LIMITED (60 081 578 887), AUSTRALIA PACIFIC AIRPORTS (LAUNCESTON) PTY. LIMITED (79 081 578 903), AUSTRALIA PACIFIC AIRPORTS (MELBOURNE) PTY LIMITED (62 076 999 114). Register entry: https://modernslaveryregister.gov.au/statements/20629/.'}"
Modern slavery statement 2021-2236: MONASH COLLEGE PTY LTD & MONASH UNIVERSITY & THE TRUSTEE FOR THE MONASH UNIVERSITY FOUNDATION,document,"{'content': 'MONASH COLLEGE PTY LTD (ABN 64 064 031 714), MONASH UNIVERSITY (ABN 12 377 614 012) and THE TRUSTEE FOR THE MONASH UNIVERSITY FOUNDATION (ABN 94 178 965 125) filed a joint modern slavery statement with the Australian Modern Slavery Register for the reporting period 2020-01-01 to 2020-12-31. The reporting entities are headquartered in Australia. The reporting entities have an annual revenue band of 1BN+. The reporting entities operate in the industry sectors: Education and research. Register entry: https://modernslaveryregister.gov.au/statements/4869/.'}"
Modern slavery statement 2025-2604: SLR CONSULTING AUSTRALIA PTY LTD,document,"{'content': 'SLR CONSULTING AUSTRALIA PTY LTD filed a single modern slavery statement with the Australian Modern Slavery Register for the reporting period 2024-01-06 to 2025-01-03. The reporting entity is headquartered in Australia. The reporting entity has an annual revenue band of 100-150M. The reporting entity operates in the industry sectors: Professional, Scientific and Technical Services. The statement also covers the included entities: 360 Environmental Pty Ltd, Alchemy Growth Partners Pty Ltd, Astrebla Pty Ltd, AUSTRALIAN LIMNOLOGICAL SERVICES PTY LTD, CUMBERLAND ECOLOGY PTY LTD, ELEMENT ADVISORY PTY LTD, FRC ENVIRONMENTAL PTY LTD, GROUNDWORK PLUS HOLDINGS PTY LTD, GROUNDWORK PLUS PTY LTD, GROUNDWORK PLUS (SA) PTY LTD, kdc Pty Ltd, NPM TECHNICAL PTY LTD. Register entry: https://modernslaveryregister.gov.au/statements/25323/.'}"
Modern slavery statement 2022-1259: Posco International Corporation,document,"{'content': 'Posco International Corporation filed a single modern slavery statement with the Australian Modern Slavery Register for the reporting period 2021-01-01 to 2021-12-31. The reporting entity is headquartered in Republic of Korea (South Korea). The reporting entity has an annual revenue band of 1BN+. The reporting entity operates in the industry sectors: Food and beverages, agriculture and fishing Mining, metals, chemicals and resources (including oil and gas) Automotive, machinery and heavy electrical equipment. Register entry: https://modernslaveryregister.gov.au/statements/9468/.'}"
Modern slavery statement 2022-2558: Heartland Group Holdings Ltd,document,"{'content': 'Heartland Group Holdings Ltd (ABN 00 000 000 000) filed a single modern slavery statement with the Australian Modern Slavery Register for the reporting period 2022-12-20 to 2022-12-31. The reporting entity is headquartered in New Zealand. The reporting entity has an annual revenue band of 150-200M. The reporting entity operates in the industry sectors: Financial, insurance and real estate activities. Register entry: https://modernslaveryregister.gov.au/statements/11393/.'}"
"Modern slavery statement 2022-2408: Camelot UK Bidco Limited, CLARIVATE ANALYTICS (AUSTRALIA) HOLDINGS PTY LTD & CLARIVATE ANALYTICS (AUSTRALIA) PTY LIMITED & Clarivate Analytics (International) Limited, Clarivate Analytics (UK) Limited, Computer Patent Annuities International Limited, CPA Global Finco Limited, CPA Global (Landon IP) Limited, · CPA Global Legal Support Services UK Limited, CPA Global Management Services Ltd, CPA Global (Patrafee) Limited, CPA Global Renewals (UK) Limited, CPA GLOBAL SOFTWARE SOLUTIONS AUSTRALIA PTY LIMITED et al.",document,"{'content': 'Camelot UK Bidco Limited, CLARIVATE ANALYTICS (AUSTRALIA) HOLDINGS PTY LTD (ABN 87 628 904 487), CLARIVATE ANALYTICS (AUSTRALIA) PTY LIMITED (ABN 82 614 105 225), Clarivate Analytics (International) Limited, Clarivate Analytics (UK) Limited, Computer Patent Annuities International Limited, CPA Global Finco Limited, CPA Global (Landon IP) Limited, · CPA Global Legal Support Services UK Limited, CPA Global Management Services Ltd, CPA Global (Patrafee) Limited, CPA Global Renewals (UK) Limited, CPA GLOBAL SOFTWARE SOLUTIONS AUSTRALIA PTY LIMITED (ABN 64 057 782 288), CPA Global Software Solutions (UK) Limited, CPAUSH Ltd, Envoy International Limited, Envoy Limited, EX LIBRIS (AUSTRALIA) PTY LTD (ABN 66 091 276 596), Ex Libris Ltd. (UK), Innovative Interfaces International Limited, Innovative Interfaces Limited, Intellectual Property Associates Network Limited, IPSS Europe Limited, oMbiel Limited, Pi2 Solutions Ltd, PROQUEST AUSTRALIA PTY LTD (ABN 93 161 699 743), PROQUEST EBL PTY LTD (ABN 97 079 960 679), Research Research Limited, See-out Pty Ltd (ABN 77 150 521 574), VTLS AUSTRALIA PTY. LTD. (ABN 84 133 379 656) and VTLS United Kingdom Ltd, WIRO Limited filed a joint modern slavery statement with the Australian Modern Slavery Register for the reporting period 2021-01-01 to 2021-12-31. The reporting entities are headquartered in Australia, United Kingdom. The reporting entities have an annual revenue band of Unknown. The reporting entities operate in the industry sectors: Media, publishing, arts and entertainment Information technology and telecommunication Professional and administrative services and supplies, including legal, consulting and accounting services. Register entry: https://modernslaveryregister.gov.au/statements/11202/.'}"
"Modern slavery statement 2023-2754: Greencross Operations Pty Ltd, GREENCROSS PTY LIMITED, MAMMOTH PET HOLDINGS PTY LIMITED, MAMMOTH PET PTY LIMITED, PETBARN PTY LIMITED, VERMONT AUS HOLDCO PTY LTD & VERMONT AUS MIDCO PTY LTD, VERMONT AUS PTY LTD",document,"{'content': 'Greencross Operations Pty Ltd, GREENCROSS PTY LIMITED, MAMMOTH PET HOLDINGS PTY LIMITED, MAMMOTH PET PTY LIMITED, PETBARN PTY LIMITED, VERMONT AUS HOLDCO PTY LTD (ABN 82 626 842 135) and VERMONT AUS MIDCO PTY LTD, VERMONT AUS PTY LTD filed a joint modern slavery statement with the Australian Modern Slavery Register for the reporting period 2022-07-01 to 2023-06-30. The reporting entities are headquartered in Australia. The reporting entities have an annual revenue band of 1BN+. The reporting entities operate in the industry sectors: Food and beverages, agriculture and fishing Healthcare and pharmaceuticals Other. The statement also covers the included entities: ANIMAL EMERGENCY CENTRE PTY LTD, Animal Emergency Centre Woolloongabba Pty Ltd, Animates Pty Ltd, CENTRE FOR ANIMAL REFERRAL AND EMERGENCY PTY LTD, CF GROUP HOLDINGS PTY LIMITED, DERMATOLOGY FOR ANIMALS PTY LTD, FREDDY HOLDINGS PTY LIMITED, Greencross NSW Pty Ltd, GREENCROSS VETS FINDON & SEATON PTY LTD, GREENCROSS VETS WA PTY LTD, GREENCROSS VETS WHITE HILLS PTY LTD, MELBOURNE VETERINARY SPECIALIST CENTRE PTY LTD, PET ACCIDENT AND EMERGENCY PTY LTD (49 128 025 329), PETBARN FOUNDATION PTY LTD, PETWISE PTY LTD, SARC PTY. LTD., VEPA LABS PTY LTD, VETERINARY REFERRAL SERVICES PTY LTD. Register entry: https://modernslaveryregister.gov.au/statements/15949/.'}"
Modern slavery statement 2024-1580: AIKO ENERGY AUSTRALIA PTY. LTD,document,"{'content': 'AIKO ENERGY AUSTRALIA PTY. LTD (ABN 17 669 787 357) filed a single modern slavery statement with the Australian Modern Slavery Register for the reporting period 2023-08-01 to 2024-06-30. The reporting entity is headquartered in Australia. The reporting entity has an annual revenue band of 0-99M. The reporting entity operates in the industry sectors: Durable consumer goods, including electronics and appliances, home furnishings and other accessories. Register entry: https://modernslaveryregister.gov.au/statements/18917/.'}"
Modern slavery statement 2022-955: ELANCO AUSTRALASIA PTY LTD & ELANCO AUSTRALIA HOLDING PTY LIMITED,document,"{'content': 'ELANCO AUSTRALASIA PTY LTD (ABN 64 076 745 198) and ELANCO AUSTRALIA HOLDING PTY LIMITED (ABN 24 628 673 754) filed a joint modern slavery statement with the Australian Modern Slavery Register for the reporting period 2021-01-01 to 2021-12-31. The reporting entities are headquartered in Australia, United States of America. The reporting entities have an annual revenue band of 300-350M. The reporting entities operate in the industry sectors: Food and beverages, agriculture and fishing Healthcare and pharmaceuticals. Register entry: https://modernslaveryregister.gov.au/statements/9116/.'}"
Modern slavery statement 2024-3369: AJE WHOLESALING PTY LTD,document,"{'content': 'AJE WHOLESALING PTY LTD (ABN 26 130 160 753) filed a single modern slavery statement with the Australian Modern Slavery Register for the reporting period 2023-07-01 to 2024-06-30. The reporting entity is headquartered in Australia. The reporting entity has an annual revenue band of 100-150M. The reporting entity operates in the industry sectors: Fashion, textiles, apparel and luxury goods. Register entry: https://modernslaveryregister.gov.au/statements/21336/.'}"
Modern slavery statement 2024-1019: YAMAHA MOTOR AUSTRALIA PTY. LTD.,document,"{'content': 'YAMAHA MOTOR AUSTRALIA PTY. LTD. (ABN 88 002 556 989) filed a single modern slavery statement with the Australian Modern Slavery Register for the reporting period 2023-01-01 to 2023-12-31. The reporting entity is headquartered in Australia, Japan. The reporting entity has an annual revenue band of 400-450M. The reporting entity operates in the industry sectors: Automotive, machinery and heavy electrical equipment Financial, insurance and real estate activities. The statement also covers the included entities: AUSTRALIAN MOTORCYCLE AND MARINE FINANCE PTY. LTD. (85 603 969 875), FICEDA PTY LTD (41 003 381 235), YAMAHA MOTOR FINANCE AUSTRALIA PTY. LTD. (29 101 928 670), YAMAHA MOTOR INSURANCE AUSTRALIA PTY. LTD. (48 603 882 980). Register entry: https://modernslaveryregister.gov.au/statements/18263/.'}"
Modern slavery statement 2022-2742: NSW Electricity Networks Assets Pty Limited as trustee for NSW Electricity Networks Assets Trust & NSW Electricity Networks Operations Pty Limited as trustee for NSW Electricity Networks Operations Trust,document,"{'content': 'NSW Electricity Networks Assets Pty Limited as trustee for NSW Electricity Networks Assets Trust (ABN 45 710 374 720) and NSW Electricity Networks Operations Pty Limited as trustee for NSW Electricity Networks Operations Trust (ABN 70 250 995 390) filed a joint modern slavery statement with the Australian Modern Slavery Register for the reporting period 2021-07-01 to 2022-06-30. The reporting entities are headquartered in Australia. The reporting entities have an annual revenue band of 1BN+. The reporting entities operate in the industry sectors: Utilities: gas, water and electricity. Register entry: https://modernslaveryregister.gov.au/statements/11620/.'}"
Modern slavery statement 2021-3853: RUSSO BUSINESS SCHOOL PTY LTD & RUSSO HIGHER EDUCATION PTY LTD & SARINA INVESTMENTS PTY. LTD. et al.,document,"{'content': 'RUSSO BUSINESS SCHOOL PTY LTD (ABN 34 601 105 319), RUSSO HIGHER EDUCATION PTY LTD (ABN 78 114 135 563), SARINA INVESTMENTS PTY. LTD. (ABN 81 056 887 757), SARINA RUSSO JOB ACCESS (AUSTRALIA) PTY. LTD. (ABN 21 090 052 350), SARINA RUSSO SCHOOLS AUSTRALIA PTY LTD (ABN 39 010 129 325) and VOICE - PSYCHOLOGISTS & ALLIED PROFESSIONALS PTY LTD (ABN 65 120 069 570) filed a joint modern slavery statement with the Australian Modern Slavery Register for the reporting period 2020-07-01 to 2021-06-30. The reporting entities are headquartered in Australia. The reporting entities have an annual revenue band of 150-200M. The reporting entities operate in the industry sectors: Professional and administrative services and supplies, including legal, consulting and accounting services Cleaning and security services Education and research Other. Register entry: https://modernslaveryregister.gov.au/statements/7284/.'}"
Modern slavery statement 2024-2844: DONEILYN PTY LTD,document,"{'content': 'DONEILYN PTY LTD (ABN 69 007 544 836) filed a single modern slavery statement with the Australian Modern Slavery Register for the reporting period 2023-07-01 to 2024-06-30. The reporting entity is headquartered in Australia. The reporting entity has an annual revenue band of 500-600M. The reporting entity operates in the industry sectors: Construction, civil engineering and building products. The statement also covers the included entities: HINDMARSH PLUMBING SERVICES PTY. LIMITED (40 007 744 792), SARAH BUILD PTY LTD (38 642 026 186), SARAH CONSTRUCTIONS PTY LTD (81 007 608 880), SARAH DEFENCE PTY LTD (28 643 827 614). Register entry: https://modernslaveryregister.gov.au/statements/20668/.'}"
Modern slavery statement 2024-1683: SOUTHERN MEATS PTY. LTD. & WESTERN AUSTRALIAN MEAT MARKETING CO-OPERATIVE LIMITED,document,"{'content': 'SOUTHERN MEATS PTY. LTD. (ABN 51 003 111 528) and WESTERN AUSTRALIAN MEAT MARKETING CO-OPERATIVE LIMITED (ABN 54 048 449 698) filed a joint modern slavery statement with the Australian Modern Slavery Register for the reporting period 2023-07-01 to 2024-06-30. The reporting entities are headquartered in Australia. The reporting entities have an annual revenue band of 400-450M. The reporting entities operate in the industry sectors: Food and beverages, agriculture and fishing. The statement also covers the included entities: JUMBUCK MOTEL PTY LTD (50 662 611 154), WAMMCO TRADING PTY LTD (97 139 836 678). Register entry: https://modernslaveryregister.gov.au/statements/19071/.'}"
Modern slavery statement 2023-84: CIVIL RENT PTY LTD & DMC QUARRIES PTY LTD & INTEGRATED CONCRETE SOLUTIONS PTY LTD et al.,document,"{'content': 'CIVIL RENT PTY LTD (ABN 52 624 530 249), DMC QUARRIES PTY LTD (ABN 86 001 646 028), INTEGRATED CONCRETE SOLUTIONS PTY LTD (ABN 18 627 845 907), QUARRY SOLUTIONS PTY LTD (ABN 13 133 700 848), SEE CIVIL PTY LTD (ABN 88 115 963 427), SEE GROUP HOLDINGS PTY LTD (ABN 68 625 802 842) and SEE GROUP PARENT PTY LTD (ABN 47 626 830 206) filed a joint modern slavery statement with the Australian Modern Slavery Register for the reporting period 2021-07-01 to 2022-06-30. The reporting entities are headquartered in Australia. The reporting entities have an annual revenue band of 1BN+. The reporting entities operate in the industry sectors: Construction, civil engineering and building products. Register entry: https://modernslaveryregister.gov.au/statements/12192/.'}"
Modern slavery statement 2025-1773: CANBERRA AIRPORT HOLDINGS PTY LIMITED & The Trustee for THE CARRINGTON TRUST,document,{'content': 'CANBERRA AIRPORT HOLDINGS PTY LIMITED (ABN 98 008 608 928) and The Trustee for THE CARRINGTON TRUST (ABN 95 092 031 668) filed a joint modern slavery statement with the Australian Modern Slavery Register for the reporting period 2024-07-01 to 2025-06-30. The reporting entities are headquartered in Australia. The reporting entities have an annual revenue band of 600-700M. The reporting entities operate in the industry sectors: Other. The statement also covers the included entities: CT INVESTMENTS GROUP PTY LIMITED (74 634 004 907). Register entry: https://modernslaveryregister.gov.au/statements/23985/.'}
Modern slavery statement 2025-3279: ART GROUP SERVICES LTD & ART LIFE INSURANCE LTD & ART PEOPLE SERVICES PTY LTD et al.,document,"{'content': 'ART GROUP SERVICES LTD (ABN 50 125 248 286), ART LIFE INSURANCE LTD (ABN 79 607 345 853), ART PEOPLE SERVICES PTY LTD (ABN 90 601 938 774), PRECISION ADMINISTRATION SERVICES PTY LTD (ABN 47 098 977 667), QS Cash Pty Ltd, QS Diversified Alternatives Pty Ltd, QS Infrastructure Pty Ltd, QSuper Global Assets Pty Ltd, QSuper Investment Holdings Pty Ltd, THE TRUSTEE FOR AUSTRALIAN RETIREMENT TRUST (ABN 60 905 115 063) and THE TRUSTEE FOR SUNSUPER POOLED SUPERANNUATION TRUST (ABN 14 732 571 880) filed a joint modern slavery statement with the Australian Modern Slavery Register for the reporting period 2024-07-01 to 2025-06-30. The reporting entities are headquartered in Australia. The reporting entities have an annual revenue band of 1BN+. The reporting entities operate in the industry sectors: Financial and Insurance Services. The statement also covers the included entities: AUSTRALIAN RETIREMENT TRUST PTY LTD (88 010 720 840). Register entry: https://modernslaveryregister.gov.au/statements/26192/.'}"
Modern slavery statement 2021-1418: KUEHNE & NAGEL Australia PTY LTD,document,"{'content': 'KUEHNE & NAGEL Australia PTY LTD (ABN 70 000 871 607) filed a single modern slavery statement with the Australian Modern Slavery Register for the reporting period 2020-04-01 to 2021-03-30. The reporting entity is headquartered in Switzerland. The reporting entity has an annual revenue band of 500-600M. The reporting entity operates in the industry sectors: Transportation, logistics, and storage. Register entry: https://modernslaveryregister.gov.au/statements/3386/.'}"
Modern slavery statement 2021-3907: AC RENTAL PTY LTD & GMA CORPORATION PTY LTD & LEED ENGINEERING AND CONSTRUCTION PTY LTD et al.,document,"{'content': 'AC RENTAL PTY LTD (ABN 55 643 652 322), GMA CORPORATION PTY LTD (ABN 18 098 355 376), LEED ENGINEERING AND CONSTRUCTION PTY LTD (ABN 35 097 021 728), LEED HOLDING PTY LTD (ABN 37 643 651 058), LGI HOLDINGS PTY LTD (ABN 99 097 450 943) and NWIC PTY LTD (ABN 35 639 392 528) filed a joint modern slavery statement with the Australian Modern Slavery Register for the reporting period 2020-07-01 to 2021-06-30. The reporting entities are headquartered in Australia. The reporting entities have an annual revenue band of 150-200M. The reporting entities operate in the industry sectors: Construction, civil engineering and building products. Register entry: https://modernslaveryregister.gov.au/statements/7305/.'}"
Modern slavery statement 2025-415: SCALZO TRADING CO. PROPRIETARY LIMITED,document,"{'content': 'SCALZO TRADING CO. PROPRIETARY LIMITED (ABN 52 005 318 810) filed a single modern slavery statement with the Australian Modern Slavery Register for the reporting period 2024-01-01 to 2024-12-31. The reporting entity is headquartered in Australia. The reporting entity has an annual revenue band of 400-450M. The reporting entity operates in the industry sectors: Food and beverages, agriculture and fishing. Register entry: https://modernslaveryregister.gov.au/statements/22255/.'}"
Modern slavery statement 2022-2934: WATER NSW & WATERNSW INFRASTRUCTURE PTY LTD,document,"{'content': 'WATER NSW (ABN 21 147 934 787) and WATERNSW INFRASTRUCTURE PTY LTD (ABN 93 629 813 270) filed a joint modern slavery statement with the Australian Modern Slavery Register for the reporting period 2021-07-01 to 2022-06-30. The reporting entities are headquartered in Australia. The reporting entities have an annual revenue band of 350-400M. The reporting entities operate in the industry sectors: Utilities: gas, water and electricity. Register entry: https://modernslaveryregister.gov.au/statements/11853/.'}"
Modern slavery statement 2024-10: SILK LOGISTICS HOLDINGS LTD,document,"{'content': 'SILK LOGISTICS HOLDINGS LTD filed a single modern slavery statement with the Australian Modern Slavery Register for the reporting period 2022-07-01 to 2023-06-30. The reporting entity is headquartered in Australia. The reporting entity has an annual revenue band of 450-500M. The reporting entity operates in the industry sectors: Transportation, logistics, and storage. Register entry: https://modernslaveryregister.gov.au/statements/16723/.'}"
Modern slavery statement 2021-2662: RPS Consultants Pty Ltd,document,"{'content': 'RPS Consultants Pty Ltd (ABN 55 108 734 407) filed a joint modern slavery statement with the Australian Modern Slavery Register for the reporting period 2020-01-01 to 2020-12-31. The reporting entity is headquartered in United Kingdom. The reporting entity has an annual revenue band of 250-300M. The reporting entity operates in the industry sectors: Mining, metals, chemicals and resources (including oil and gas) Construction, civil engineering and building products Transportation, logistics, and storage Professional and administrative services and supplies, including legal, consulting and accounting services Defence and aerospace. Register entry: https://modernslaveryregister.gov.au/statements/5456/.'}"
Modern slavery statement 2022-655: COOPERATIEVE RABOBANK U.A. & RABOBANK AUSTRALIA LIMITED,document,"{'content': 'COOPERATIEVE RABOBANK U.A. (ABN 70 003 917 655) and RABOBANK AUSTRALIA LIMITED (ABN 50 001 621 129) filed a joint modern slavery statement with the Australian Modern Slavery Register for the reporting period 2021-01-01 to 2021-12-31. The reporting entities are headquartered in Australia, Netherlands. The reporting entities have an annual revenue band of 1BN+. The reporting entities operate in the industry sectors: Financial, insurance and real estate activities. Register entry: https://modernslaveryregister.gov.au/statements/8715/.'}"
Modern slavery statement 2024-2041: IHI Corporation,document,"{'content': 'IHI Corporation filed a single modern slavery statement with the Australian Modern Slavery Register for the reporting period 2023-04-01 to 2024-03-31. The reporting entity is headquartered in Japan. The reporting entity has an annual revenue band of 1BN+. The reporting entity operates in the industry sectors: Automotive, machinery and heavy electrical equipment. The statement also covers the included entities: IHI ENGINEERING AUSTRALIA PTY.LTD., Terratec Australia PTY.Limited. Register entry: https://modernslaveryregister.gov.au/statements/19562/.'}"
Modern slavery statement 2022-773: BMW AUSTRALIA FINANCE LIMITED & B M W AUSTRALIA LTD. & BMW MELBOURNE PTY. LIMITED et al.,document,"{'content': 'BMW AUSTRALIA FINANCE LIMITED (ABN 78 007 101 715), B M W AUSTRALIA LTD. (ABN 11 004 675 129), BMW MELBOURNE PTY. LIMITED (ABN 57 050 192 017) and BMW SYDNEY PTY. LIMITED (ABN 12 007 103 433) filed a joint modern slavery statement with the Australian Modern Slavery Register for the reporting period 2021-01-01 to 2021-12-31. The reporting entities are headquartered in Australia. The reporting entities have an annual revenue band of 1BN+. The reporting entities operate in the industry sectors: Automotive, machinery and heavy electrical equipment Financial, insurance and real estate activities. Register entry: https://modernslaveryregister.gov.au/statements/8855/.'}"
Modern slavery statement 2022-470: ITI (NSW) PTY LIMITED & ITI (QUEENSLAND) PTY. LIMITED & ITI (SA) PTY. LIMITED et al.,document,"{'content': 'ITI (NSW) PTY LIMITED (ABN 17 003 282 755), ITI (QUEENSLAND) PTY. LIMITED (ABN 25 069 561 959), ITI (SA) PTY. LIMITED (ABN 44 087 716 505), ITI (VICTORIA) PTY. LTD. (ABN 52 087 716 541), ITI (WA) PTY LIMITED (ABN 71 609 250 937), JOHN COOK & SONS PTY LIMITED (ABN 37 001 536 474) and Timespec NZ filed a joint modern slavery statement with the Australian Modern Slavery Register for the reporting period 2021-07-01 to 2022-06-30. The reporting entities are headquartered in Australia. The reporting entities have an annual revenue band of 350-400M. The reporting entities operate in the industry sectors: Forestry, timber products, paper and containers and packaging. Register entry: https://modernslaveryregister.gov.au/statements/8398/.'}"
Modern slavery statement 2023-2882: LOWES - MANHATTAN PTY LTD,document,"{'content': 'LOWES - MANHATTAN PTY LTD (ABN 31 000 307 666) filed a single modern slavery statement with the Australian Modern Slavery Register for the reporting period 2022-07-01 to 2023-06-30. The reporting entity is headquartered in Australia. The reporting entity has an annual revenue band of 250-300M. The reporting entity operates in the industry sectors: Fashion, textiles, apparel and luxury goods. Register entry: https://modernslaveryregister.gov.au/statements/16108/.'}"
Modern slavery statement 2024-1652: GEORGE CLINICAL PTY LTD,document,"{'content': 'GEORGE CLINICAL PTY LTD (ABN 33 098 184 528) filed a single modern slavery statement with the Australian Modern Slavery Register for the reporting period 2023-01-01 to 2023-12-31. The reporting entity is headquartered in Australia. The reporting entity has an annual revenue band of 100-150M. The reporting entity operates in the industry sectors: Professional and administrative services and supplies, including legal, consulting and accounting services. Register entry: https://modernslaveryregister.gov.au/statements/19011/.'}"
Modern slavery statement 2024-1717: DIAMOND GAS RESOURCES PTY. LTD.,document,"{'content': 'DIAMOND GAS RESOURCES PTY. LTD. (ABN 58 007 440 664) filed a single modern slavery statement with the Australian Modern Slavery Register for the reporting period 2023-04-01 to 2024-03-31. The reporting entity is headquartered in Australia. The reporting entity has an annual revenue band of 250-300M. The reporting entity operates in the industry sectors: Mining, metals, chemicals and resources (including oil and gas). Register entry: https://modernslaveryregister.gov.au/statements/19102/.'}"
Modern slavery statement 2024-2502: The Trustee for SEEK Growth Fund,document,"{'content': 'The Trustee for SEEK Growth Fund (ABN 56 824 488 390) filed a single modern slavery statement with the Australian Modern Slavery Register for the reporting period 2023-07-01 to 2024-06-30. The reporting entity is headquartered in Australia. The reporting entity has an annual revenue band of 0-99M. The reporting entity operates in the industry sectors: Financial, insurance and real estate activities. The statement also covers the included entities: SEEK Growth Nominees No.2 Pty Limited. Register entry: https://modernslaveryregister.gov.au/statements/20218/.'}"
"Modern slavery statement 2022-347: BIS Finance Pty Limited & Bis Industries Holdings Limited, BIS Industries Limited",document,"{'content': 'BIS Finance Pty Limited (ABN 41 125 201 185) and Bis Industries Holdings Limited, BIS Industries Limited (ABN 13 125 202 253) filed a joint modern slavery statement with the Australian Modern Slavery Register for the reporting period 2020-07-01 to 2021-06-30. The reporting entities are headquartered in Australia, Indonesia. The reporting entities have an annual revenue band of 1BN+. The reporting entities operate in the industry sectors: Mining, metals, chemicals and resources (including oil and gas) Transportation, logistics, and storage. Register entry: https://modernslaveryregister.gov.au/statements/8195/.'}"
Modern slavery statement 2024-2601: Hancock Queensland Plantations Pty Ltd & HQPLANTATIONS PTY LTD,document,"{'content': 'Hancock Queensland Plantations Pty Ltd (ABN 30 142 129 342) and HQPLANTATIONS PTY LTD (ABN 25 142 448 977) filed a joint modern slavery statement with the Australian Modern Slavery Register for the reporting period 2023-07-01 to 2024-06-30. The reporting entities are headquartered in Australia. The reporting entities have an annual revenue band of 250-300M. The reporting entities operate in the industry sectors: Forestry, timber products, paper and containers and packaging. The statement also covers the included entities: HQPLANTATIONS PTY LTD (25 142 448 977). Register entry: https://modernslaveryregister.gov.au/statements/20340/.'}"
Modern slavery statement 2021-883: COLLIERS INTERNATIONAL HOLDINGS (AUSTRALIA) LIMITED,document,"{'content': 'COLLIERS INTERNATIONAL HOLDINGS (AUSTRALIA) LIMITED (ABN 65 008 178 238) filed a single modern slavery statement with the Australian Modern Slavery Register for the reporting period 2020-01-01 to 2020-12-31. The reporting entity is headquartered in Canada. The reporting entity has an annual revenue band of 250-300M. The reporting entity operates in the industry sectors: Financial, insurance and real estate activities. Register entry: https://modernslaveryregister.gov.au/statements/2693/.'}"
Modern slavery statement 2020-18: BRADKEN PTY LIMITED,document,{'content': 'BRADKEN PTY LIMITED (ABN 33 108 693 009) filed a single modern slavery statement with the Australian Modern Slavery Register for the reporting period 2019-04-01 to 2020-03-30. The reporting entity is headquartered in Australia. The reporting entity has an annual revenue band of 800-900M. The reporting entity operates in the industry sectors: Other. Register entry: https://modernslaveryregister.gov.au/statements/74/.'}
"Modern slavery statement 2025-57: The Trustee for SNOW TRUST & VR AUSTRALIA HOLDINGS PTY LTD, VRV AUSTRALIA PTY LTD",document,"{'content': 'The Trustee for SNOW TRUST (ABN 29 420 214 757) and VR AUSTRALIA HOLDINGS PTY LTD, VRV AUSTRALIA PTY LTD filed a joint modern slavery statement with the Australian Modern Slavery Register for the reporting period 2023-08-01 to 2024-07-31. The reporting entities are headquartered in Australia. The reporting entities have an annual revenue band of 200-250M. The reporting entities operate in the industry sectors: Food and beverages, agriculture and fishing Fashion, textiles, apparel and luxury goods Construction, civil engineering and building products Consumer services, including accommodation, hospitality, tourism and leisure. The statement also covers the included entities: Aquia Pty Ltd, Australian Alpine Enterprises Holdings Pty Ltd, AUSTRALIAN ALPINE ENTERPRISES PTY LTD, AUSTRALIAN ALPINE RESERVATION CENTRES PTY LTD, FALLS CREEK SKI LIFTS PTY. LTD., MHSC DP PTY LTD, MHSC HOTELS PTY LTD, MHSC PROPERTIES PTY LTD, MHSC TRANSPORTATION SERVICES PTY LTD, Mount Hotham Management and Reservation Pty Ltd, MOUNT HOTHAM SKIING COMPANY PTY LTD. Register entry: https://modernslaveryregister.gov.au/statements/21707/.'}"
Modern slavery statement 2025-3924: ORA BANDA MINING LTD,document,{'content': 'ORA BANDA MINING LTD (ABN 69 100 038 266) filed a single modern slavery statement with the Australian Modern Slavery Register for the reporting period 2024-07-01 to 2025-06-30. The reporting entity is headquartered in Australia. The reporting entity has an annual revenue band of 400-450M. The reporting entity operates in the industry sectors: Mining. Register entry: https://modernslaveryregister.gov.au/statements/25588/.'}
Modern slavery statement 2023-3105: SYNERGY GROUP AUSTRALIA HOLDINGS PTY LTD,document,"{'content': 'SYNERGY GROUP AUSTRALIA HOLDINGS PTY LTD (ABN 38 662 711 551) filed a joint modern slavery statement with the Australian Modern Slavery Register for the reporting period 2022-07-01 to 2023-06-30. The reporting entity is headquartered in Australia. The reporting entity has an annual revenue band of 100-150M. The reporting entity operates in the industry sectors: Professional and administrative services and supplies, including legal, consulting and accounting services. The statement also covers the included entities: SYNERGY GROUP AUSTRALIA PTY LTD (65 119 369 827), SYNERGY GROUP LAW PTY LTD (27 654 575 569). Register entry: https://modernslaveryregister.gov.au/statements/16370/.'}"
Modern slavery statement 2024-1547: BRIDGESTONE AUSTRALIA LTD.,document,"{'content': 'BRIDGESTONE AUSTRALIA LTD. (ABN 65 007 516 841) filed a single modern slavery statement with the Australian Modern Slavery Register for the reporting period 2023-07-01 to 2024-06-30. The reporting entity is headquartered in Australia, Japan, New Zealand, Singapore. The reporting entity has an annual revenue band of 700-800M. The reporting entity operates in the industry sectors: Durable consumer goods, including electronics and appliances, home furnishings and other accessories Other. The statement also covers the included entities: BANDAG MANUFACTURING PTY. LIMITED (29 000 520 687), BLACKSTONE PROPERTIES PTY. LTD. (94 008 568 858), IRIS CONCEPTS IP PTY LTD (44 633 192 364), LUBE MOBILE PTY LTD (79 084 701 879), QUALITY TYRE SALES PTY LTD (45 008 678 377), REDSTONE PROPERTIES PTY LTD (71 008 585 706), WHITESTONE PROPERTIES PTY. LTD. (84 007 955 142). Register entry: https://modernslaveryregister.gov.au/statements/18868/.'}"
Modern slavery statement 2022-2830: THE TRUSTEE FOR CROSS YARRA TRUST 1 & THE TRUSTEE FOR CROSS YARRA TRUST 2 & THE TRUSTEE FOR CROSS YARRA TRUST 3 & THE TRUSTEE FOR JOHN HOLLAND (CY) TRUST,document,"{'content': 'THE TRUSTEE FOR CROSS YARRA TRUST 1 & THE TRUSTEE FOR CROSS YARRA TRUST 2 & THE TRUSTEE FOR CROSS YARRA TRUST 3 & THE TRUSTEE FOR JOHN HOLLAND (CY) TRUST (ABN 57 956 065 885) filed a single modern slavery statement with the Australian Modern Slavery Register for the reporting period 2021-07-01 to 2022-06-30. The reporting entity is headquartered in Australia. The reporting entity has an annual revenue band of 0-99M. The reporting entity operates in the industry sectors: Construction, civil engineering and building products. Register entry: https://modernslaveryregister.gov.au/statements/11729/.'}"
"Modern slavery statement 2022-2480: Apollo Medical Software Solutions Ltd, AUSTRALIAN BUSINESS ACADEMY PTY LTD & Citadel Group Australia Holdings III Limited, Citadel Group Australia Holdings II Limited, Citadel Group Australia Holdings I Limited, CITADEL GROUP SERVICES AUSTRALIA PTY LTD & Citadel Health Limited, CITADEL HEALTH PTY LTD et al.",document,"{'content': 'Apollo Medical Software Solutions Ltd, AUSTRALIAN BUSINESS ACADEMY PTY LTD (ABN 17 072 355 090), Citadel Group Australia Holdings III Limited, Citadel Group Australia Holdings II Limited, Citadel Group Australia Holdings I Limited, CITADEL GROUP SERVICES AUSTRALIA PTY LTD (ABN 77 087 743 879), Citadel Health Limited, CITADEL HEALTH PTY LTD (ABN 23 007 229 923), CITADEL TECHNOLOGY SOLUTIONS PTY LTD (ABN 77 081 707 673), E-Health Innovations Ltd, EQSTATS PTY LTD (ABN 81 116 080 829), Euroking Maternity Software Solutions Ltd, filosoph-e Pty Ltd (ABN 26 116 725 305), GENIE SOLUTIONS GROUP PTY LIMITED (ABN 38 618 285 993), GENIE SOLUTIONS PTY. LTD. (ABN 25 086 370 130), GRUDEN PTY LTD (ABN 57 602 396 654), JAKEMAN BUSINESS SOLUTIONS PTY LIMITED (ABN 72 101 963 240), KAPISH EA PTY LTD (ABN 12 116 017 728), Kapish Services Pty Ltd (ABN 33 144 850 162), MAGIC CARPET SOFTWARE PTY. LTD. (ABN 85 068 769 228), NOVENTUS PTY. LTD. (ABN 78 134 330 046), PACIFIC GROUP BIDCO PTY LTD (ABN 75 644 075 221), PACIFIC GROUP MIDCO PTY LTD (ABN 36 644 072 248), PACIFIC GROUP TOPCO LIMITED (ABN 85 644 302 492), THE CITADEL GROUP PTY LIMITED (ABN 79 127 151 026) and Wellbeing Software Holdings Limited, Wellbeing Software Limited, WELLBEING SOFTWARE PTY LTD (ABN 34 601 741 191) filed a joint modern slavery statement with the Australian Modern Slavery Register for the reporting period 2021-07-01 to 2022-06-30. The reporting entities are headquartered in Australia, United Kingdom. The reporting entities have an annual revenue band of 800-900M. The reporting entities operate in the industry sectors: Information technology and telecommunication Professional and administrative services and supplies, including legal, consulting and accounting services Defence and aerospace Healthcare and pharmaceuticals. Register entry: https://modernslaveryregister.gov.au/statements/11273/.'}"
Modern slavery statement 2021-2511: CHEETHAM SALT LIMITED,document,"{'content': 'CHEETHAM SALT LIMITED (ABN 81 006 926 487) filed a single modern slavery statement with the Australian Modern Slavery Register for the reporting period 2020-07-01 to 2021-06-30. The reporting entity is headquartered in Australia. The reporting entity has an annual revenue band of 100-150M. The reporting entity operates in the industry sectors: Food and beverages, agriculture and fishing. Register entry: https://modernslaveryregister.gov.au/statements/5161/.'}"
Modern slavery statement 2022-522: GRAPHIC PACKAGING INTERNATIONAL AUSTRALIA CONVERTING LTD,document,"{'content': 'GRAPHIC PACKAGING INTERNATIONAL AUSTRALIA CONVERTING LTD (ABN 56 107 485 898) filed a single modern slavery statement with the Australian Modern Slavery Register for the reporting period 2021-01-01 to 2021-12-31. The reporting entity is headquartered in Australia. The reporting entity has an annual revenue band of 150-200M. The reporting entity operates in the industry sectors: Forestry, timber products, paper and containers and packaging. Register entry: https://modernslaveryregister.gov.au/statements/8503/.'}"
Modern slavery statement 2023-548: TAMA AUSTRALIA PTY LTD,document,"{'content': 'TAMA AUSTRALIA PTY LTD (ABN 88 617 155 361) filed a single modern slavery statement with the Australian Modern Slavery Register for the reporting period 2021-07-01 to 2022-06-30. The reporting entity is headquartered in Israel. The reporting entity has an annual revenue band of 100-150M. The reporting entity operates in the industry sectors: Food and beverages, agriculture and fishing Forestry, timber products, paper and containers and packaging. Register entry: https://modernslaveryregister.gov.au/statements/12896/.'}"
Modern slavery statement 2024-782: AUSTRALIA BY SAINT PTY LTD,document,"{'content': 'AUSTRALIA BY SAINT PTY LTD filed a single modern slavery statement with the Australian Modern Slavery Register for the reporting period 2023-01-01 to 2023-12-31. The reporting entity is headquartered in Australia. The reporting entity has an annual revenue band of 200-250M. The reporting entity operates in the industry sectors: Healthcare and pharmaceuticals. The statement also covers the included entities: DIVICO PTY LIMITED, EVOLUTION HEALTH PTY. LTD., LIFE-SPACE GROUP PTY LTD, ULTRA MIX (AUST.) PTY. LTD.. Register entry: https://modernslaveryregister.gov.au/statements/17917/.'}"
Modern slavery statement 2025-3173: PRICEWATERHOUSECOOPERS & PRICEWATERHOUSECOOPERS ASEANZ CONSULTING PTY LIMITED & PRICEWATERHOUSECOOPERS SECURITIES LTD et al.,document,"{'content': 'PRICEWATERHOUSECOOPERS (ABN 52 780 433 757), PRICEWATERHOUSECOOPERS ASEANZ CONSULTING PTY LIMITED (ABN 77 606 603 436), PRICEWATERHOUSECOOPERS SECURITIES LTD (ABN 54 003 311 617), PWC CONSULTING SERVICES AUSTRALIA PTY LTD (ABN 50 121 867 730) and The Trustee for THE PRICEWATERHOUSECOOPERS SERVICES TRUST (ABN 52 864 604 756) filed a joint modern slavery statement with the Australian Modern Slavery Register for the reporting period 2024-07-01 to 2025-06-30. The reporting entities are headquartered in Australia. The reporting entities have an annual revenue band of 1BN+. The reporting entities operate in the industry sectors: Professional, Scientific and Technical Services. The statement also covers the included entities: PRICEWATERHOUSECOOPERS PAPUA NEW GUINEA. Register entry: https://modernslaveryregister.gov.au/statements/24962/.'}"
Modern slavery statement 2021-1879: TORRENS GLOBAL EDUCATION SERVICES PTY LTD & Torrens University Australia Limited,document,{'content': 'TORRENS GLOBAL EDUCATION SERVICES PTY LTD (ABN 33 603 224 728) and Torrens University Australia Limited (ABN 99 154 937 005) filed a joint modern slavery statement with the Australian Modern Slavery Register for the reporting period 2020-04-01 to 2021-03-30. The reporting entities are headquartered in Australia. The reporting entities have an annual revenue band of 400-450M. The reporting entities operate in the industry sectors: Education and research. Register entry: https://modernslaveryregister.gov.au/statements/4282/.'}
Modern slavery statement 2025-1842: BT AUSTRALASIA PTY LIMITED,document,{'content': 'BT AUSTRALASIA PTY LIMITED (ABN 93 003 050 146) filed a single modern slavery statement with the Australian Modern Slavery Register for the reporting period 2024-04-01 to 2025-03-31. The reporting entity is headquartered in United Kingdom. The reporting entity has an annual revenue band of 200-250M. The reporting entity operates in the industry sectors: Information technology and telecommunication. Register entry: https://modernslaveryregister.gov.au/statements/24152/.'}
Modern slavery statement 2022-2489: CHRISCO HAMPERS AUSTRALIA LIMITED,document,"{'content': 'CHRISCO HAMPERS AUSTRALIA LIMITED (ABN 41 080 852 535) filed a single modern slavery statement with the Australian Modern Slavery Register for the reporting period 2021-07-01 to 2022-06-30. The reporting entity is headquartered in Australia. The reporting entity has an annual revenue band of 100-150M. The reporting entity operates in the industry sectors: Food and beverages, agriculture and fishing Durable consumer goods, including electronics and appliances, home furnishings and other accessories. Register entry: https://modernslaveryregister.gov.au/statements/11306/.'}"
Modern slavery statement 2024-1801: GRINDLEY CONSTRUCTION PTY. LIMITED,document,"{'content': 'GRINDLEY CONSTRUCTION PTY. LIMITED (ABN 42 003 586 687) filed a single modern slavery statement with the Australian Modern Slavery Register for the reporting period 2023-07-01 to 2024-06-30. The reporting entity is headquartered in Australia. The reporting entity has an annual revenue band of 150-200M. The reporting entity operates in the industry sectors: Construction, civil engineering and building products. The statement also covers the included entities: Grindley Interiors Pty Limited (73 148 960 730). Register entry: https://modernslaveryregister.gov.au/statements/19240/.'}"
Modern slavery statement 2024-937: AVERY DENNISON MATERIALS PTY LTD,document,"{'content': 'AVERY DENNISON MATERIALS PTY LTD (ABN 92 007 706 934) filed a single modern slavery statement with the Australian Modern Slavery Register for the reporting period 2023-01-01 to 2023-12-31. The reporting entity is headquartered in Australia. The reporting entity has an annual revenue band of 100-150M. The reporting entity operates in the industry sectors: Forestry, timber products, paper and containers and packaging. Register entry: https://modernslaveryregister.gov.au/statements/18142/.'}"
Modern slavery statement 2025-1008: MARNCO PTY LTD,document,"{'content': 'MARNCO PTY LTD (ABN 86 628 184 323) filed a single modern slavery statement with the Australian Modern Slavery Register for the reporting period 2024-01-01 to 2024-12-31. The reporting entity is headquartered in Australia. The reporting entity has an annual revenue band of 150-200M. The reporting entity operates in the industry sectors: Transport, Postal and Warehousing Wholesale Trade Agriculture, Forestry and Fishing. The statement also covers the included entities: Marnco LTD. Register entry: https://modernslaveryregister.gov.au/statements/23157/.'}"
Modern slavery statement 2022-2669: Boston Scientific Pty Ltd,document,"{'content': 'Boston Scientific Pty Ltd (ABN 45 071 676 063) filed a single modern slavery statement with the Australian Modern Slavery Register for the reporting period 2021-01-01 to 2021-12-31. The reporting entity is headquartered in Australia, United States of America. The reporting entity has an annual revenue band of 250-300M. The reporting entity operates in the industry sectors: Healthcare and pharmaceuticals. Register entry: https://modernslaveryregister.gov.au/statements/11396/.'}"
Modern slavery statement 2024-2293: Deputec Pty Ltd & DEPUTY GROUP PTY LTD,document,{'content': 'Deputec Pty Ltd (ABN 91 133 632 327) and DEPUTY GROUP PTY LTD (ABN 28 608 535 093) filed a joint modern slavery statement with the Australian Modern Slavery Register for the reporting period 2023-07-01 to 2024-06-30. The reporting entities are headquartered in Australia. The reporting entities have an annual revenue band of 100-150M. The reporting entities operate in the industry sectors: Information technology and telecommunication. The statement also covers the included entities: Deputy EMEA Limited. Register entry: https://modernslaveryregister.gov.au/statements/19922/.'}
Modern slavery statement 2025-1777: PRYSMIAN AUSTRALIA PTY LTD,document,"{'content': 'PRYSMIAN AUSTRALIA PTY LTD (ABN 36 096 594 080) filed a single modern slavery statement with the Australian Modern Slavery Register for the reporting period 2024-01-01 to 2024-12-31. The reporting entity is headquartered in Italy. The reporting entity has an annual revenue band of 700-800M. The reporting entity operates in the industry sectors: Utilities: gas, water and electricity Information technology and telecommunication Other. Register entry: https://modernslaveryregister.gov.au/statements/24070/.'}"
Modern slavery statement 2022-2868: AUSTRALIAN NICKEL INVESTMENTS PTY LTD & BIOHEAP LIMITED & FLINDERS PROSPECTING PTY LTD et al.,document,"{'content': 'AUSTRALIAN NICKEL INVESTMENTS PTY LTD (ABN 43 111 599 323), BIOHEAP LIMITED (ABN 26 009 225 398), FLINDERS PROSPECTING PTY LTD (ABN 90 146 899 863), IGO Canada Holdings B.C. Ltd, IGO LIMITED (ABN 46 092 786 304), IGO LITHIUM HOLDINGS PTY LTD (ABN 15 633 371 249), IGO NEWSEARCH PTY LTD (ABN 71 142 192 701), IGO NICKEL HOLDINGS PTY LTD (ABN 49 167 644 519), IGO NOVA HOLDINGS PTY LTD (ABN 46 009 150 083), IGO NOVA PTY LTD (ABN 36 146 091 527), IGO STOCKMAN PARENT PTY LTD (ABN 60 124 695 549), IGO STOCKMAN PROJECT PTY LTD (ABN 64 124 695 567), IGO WINDWARD PTY LTD (ABN 38 158 432 270), WESTERN AREAS LIMITED (ABN 68 091 049 357), WESTERN AREAS NICKEL PTY LTD (ABN 67 122 522 696) and WESTERN PLATINUM NL (ABN 17 097 742 580) filed a joint modern slavery statement with the Australian Modern Slavery Register for the reporting period 2021-07-01 to 2022-06-30. The reporting entities are headquartered in Australia. The reporting entities have an annual revenue band of 1BN+. The reporting entities operate in the industry sectors: Mining, metals, chemicals and resources (including oil and gas). Register entry: https://modernslaveryregister.gov.au/statements/11654/.'}"
Modern slavery statement 2024-392: CALYPSO BUILDERS PTY LTD & GHG Capital Pty Limited & GRAND HOTEL COMPANY PTY LTD et al.,document,"{'content': 'CALYPSO BUILDERS PTY LTD (ABN 58 615 344 066), GHG Capital Pty Limited (ABN 47 100 554 532), GRAND HOTEL COMPANY PTY LTD (ABN 51 073 486 003), GRAND HOTEL MANAGEMENT PTY LTD (ABN 97 067 903 306), HR OPERATIONS PTY LTD (ABN 80 073 552 164), The Trustee for GH OPERATING TRUST (ABN 56 392 821 883) and The Trustee for GRAND HOTEL TRUST (ABN 38 406 863 028) filed a joint modern slavery statement with the Australian Modern Slavery Register for the reporting period 2023-01-01 to 2023-12-31. The reporting entities are headquartered in Singapore. The reporting entities have an annual revenue band of 0-99M. The reporting entities operate in the industry sectors: Financial, insurance and real estate activities. Register entry: https://modernslaveryregister.gov.au/statements/17332/.'}"
Modern slavery statement 2025-3058: F.K. GARDNER & SONS PTY. LTD. & FKG CIVIL PTY LTD,document,{'content': 'F.K. GARDNER & SONS PTY. LTD. (ABN 99 010 136 053) and FKG CIVIL PTY LTD (ABN 65 123 436 751) filed a joint modern slavery statement with the Australian Modern Slavery Register for the reporting period 2024-07-01 to 2025-06-30. The reporting entities are headquartered in Australia. The reporting entities have an annual revenue band of 450-500M. The reporting entities operate in the industry sectors: Construction. Register entry: https://modernslaveryregister.gov.au/statements/25976/.'}
Modern slavery statement 2021-1331: ACQUIRE BPO PTY LTD,document,{'content': 'ACQUIRE BPO PTY LTD (ABN 91 115 574 635) filed a single modern slavery statement with the Australian Modern Slavery Register for the reporting period 2019-07-01 to 2020-06-30. The reporting entity is headquartered in Australia. The reporting entity has an annual revenue band of 200-250M. The reporting entity operates in the industry sectors: Other. Register entry: https://modernslaveryregister.gov.au/statements/3241/.'}
Modern slavery statement 2024-388: GLAXOSMITHKLINE HOLDINGS PTY LTD,document,"{'content': 'GLAXOSMITHKLINE HOLDINGS PTY LTD (ABN 75 000 465 878) filed a single modern slavery statement with the Australian Modern Slavery Register for the reporting period 2023-01-01 to 2023-12-31. The reporting entity is headquartered in Australia, United Kingdom. The reporting entity has an annual revenue band of 700-800M. The reporting entity operates in the industry sectors: Healthcare and pharmaceuticals. The statement also covers the included entities: GLAXOSMITHKLINE AUSTRALIA PTY LTD (47 100 162 481), GLAXOSMITHKLINE INVESTMENTS PTY LTD (80 096 307 505). Register entry: https://modernslaveryregister.gov.au/statements/17235/.'}"
Modern slavery statement 2023-2654: WAM MICROCAP LIMITED,document,"{'content': 'WAM MICROCAP LIMITED (ABN 34 617 838 418) filed a single modern slavery statement with the Australian Modern Slavery Register for the reporting period 2022-07-01 to 2023-06-30. The reporting entity is headquartered in Australia. The reporting entity has an annual revenue band of 0-99M. The reporting entity operates in the industry sectors: Financial, insurance and real estate activities. Register entry: https://modernslaveryregister.gov.au/statements/15806/.'}"
Modern slavery statement 2021-1496: PE WHEATSTONE PTY LTD,document,"{'content': 'PE WHEATSTONE PTY LTD (ABN 53 158 341 612) filed a single modern slavery statement with the Australian Modern Slavery Register for the reporting period 2020-01-01 to 2020-12-31. The reporting entity is headquartered in Australia. The reporting entity has an annual revenue band of 300-350M. The reporting entity operates in the industry sectors: Mining, metals, chemicals and resources (including oil and gas). Register entry: https://modernslaveryregister.gov.au/statements/3522/.'}"
Modern slavery statement 2020-245: The Trustee for B E CAMPBELL UNIT TRUST,document,"{'content': 'The Trustee for B E CAMPBELL UNIT TRUST (ABN 97 164 598 120) filed a single modern slavery statement with the Australian Modern Slavery Register for the reporting period 2019-07-01 to 2020-06-30. The reporting entity is headquartered in Australia. The reporting entity has an annual revenue band of 450-500M. The reporting entity operates in the industry sectors: Food and beverages, agriculture and fishing. Register entry: https://modernslaveryregister.gov.au/statements/665/.'}"
Modern slavery statement 2024-250: CAREWELL HEALTH PTY. LTD.,document,{'content': 'CAREWELL HEALTH PTY. LTD. (ABN 59 650 354 706) filed a single modern slavery statement with the Australian Modern Slavery Register for the reporting period 2023-01-01 to 2023-12-31. The reporting entity is headquartered in Australia. The reporting entity has an annual revenue band of 0-99M. The reporting entity operates in the industry sectors: Healthcare and pharmaceuticals. Register entry: https://modernslaveryregister.gov.au/statements/17124/.'}
Modern slavery statement 2024-1564: AIR CANADA,document,"{'content': 'AIR CANADA (ABN 29 094 769 561) filed a single modern slavery statement with the Australian Modern Slavery Register for the reporting period 2023-01-01 to 2023-12-31. The reporting entity is headquartered in Canada. The reporting entity has an annual revenue band of 1BN+. The reporting entity operates in the industry sectors: Transportation, logistics, and storage. Register entry: https://modernslaveryregister.gov.au/statements/18002/.'}"
Modern slavery statement 2022-1469: BOART LONGYEAR AUSTRALIA PTY LTD,document,"{'content': 'BOART LONGYEAR AUSTRALIA PTY LTD (ABN 99 000 401 025) filed a joint modern slavery statement with the Australian Modern Slavery Register for the reporting period 2021-01-01 to 2021-12-31. The reporting entity is headquartered in Canada, United States of America. The reporting entity has an annual revenue band of 1BN+. The reporting entity operates in the industry sectors: Mining, metals, chemicals and resources (including oil and gas). Register entry: https://modernslaveryregister.gov.au/statements/9803/.'}"
Modern slavery statement 2023-2522: FINDEX (AUST) PTY LTD,document,"{'content': 'FINDEX (AUST) PTY LTD (ABN 84 006 466 351) filed a joint modern slavery statement with the Australian Modern Slavery Register for the reporting period 2022-07-01 to 2023-06-30. The reporting entity is headquartered in Australia. The reporting entity has an annual revenue band of 200-250M. The reporting entity operates in the industry sectors: Professional and administrative services and supplies, including legal, consulting and accounting services. The statement also covers the included entities: CROWE HORWATH EIS PTY LTD, CROWE HORWATH PROPERTY SECURITIES LTD, CROWE HORWATH SYDNEY PTY LTD, EIS One Pty Ltd, FINDEX CORPORATE FINANCE (AUST) LTD, FINDEX INSURANCE BROKERS PTY LTD, FINDEX PREMIUM FUNDING PTY LTD, Jadd Technologies Pty Ltd. Register entry: https://modernslaveryregister.gov.au/statements/15349/.'}"
Modern slavery statement 2022-1087: Nordex Energy SE & Co. KG & NORDEX OCEANIA PTY LTD,document,"{'content': 'Nordex Energy SE & Co. KG (ABN 00 000 000 000) and NORDEX OCEANIA PTY LTD (ABN 22 128 202 102) filed a joint modern slavery statement with the Australian Modern Slavery Register for the reporting period 2021-01-01 to 2021-12-31. The reporting entities are headquartered in Germany. The reporting entities have an annual revenue band of 1BN+. The reporting entities operate in the industry sectors: Automotive, machinery and heavy electrical equipment Utilities: gas, water and electricity Construction, civil engineering and building products. Register entry: https://modernslaveryregister.gov.au/statements/9342/.'}"
Modern slavery statement 2024-2104: Lightspeed Commerce Inc.,document,"{'content': 'Lightspeed Commerce Inc. (ABN 55 745 962 487) filed a single modern slavery statement with the Australian Modern Slavery Register for the reporting period 2023-04-01 to 2024-03-31. The reporting entity is headquartered in Canada. The reporting entity has an annual revenue band of 1BN+. The reporting entity operates in the industry sectors: Information technology and telecommunication. The statement also covers the included entities: KOUNTA HOLDINGS PTY LIMITED (43 162 728 154), Kounta IP Pty Ltd, KOUNTA PTY LTD (38 160 947 384), LIGHTSPEED POS AUSTRALIA PTY LTD (19 636 551 338), LIGHTSPEED POS HOLDING PTY LTD (86 636 550 813), NUORDER PTY LTD (28 648 336 010), VEND PTY LIMITED (75 160 994 589). Register entry: https://modernslaveryregister.gov.au/statements/19451/.'}"
Modern slavery statement 2023-2943: ICON DISTRIBUTION INVESTMENTS LIMITED AND JEMENA NETWORKS (ACT) PTY LTD & ICON RETAIL INVESTMENTS LIMITED AND AGL ACT RETAIL INVESTMENTS PTY LTD,document,"{'content': 'ICON DISTRIBUTION INVESTMENTS LIMITED AND JEMENA NETWORKS (ACT) PTY LTD (ABN 76 670 568 688) and ICON RETAIL INVESTMENTS LIMITED AND AGL ACT RETAIL INVESTMENTS PTY LTD (ABN 46 221 314 841) filed a joint modern slavery statement with the Australian Modern Slavery Register for the reporting period 2022-07-01 to 2023-06-30. The reporting entities are headquartered in Australia. The reporting entities have an annual revenue band of 900M-1BN. The reporting entities operate in the industry sectors: Utilities: gas, water and electricity. Register entry: https://modernslaveryregister.gov.au/statements/16184/.'}"
Modern slavery statement 2025-3084: AUSTIN HEALTH,document,{'content': 'AUSTIN HEALTH (ABN 96 237 388 063) filed a single modern slavery statement with the Australian Modern Slavery Register for the reporting period 2024-07-01 to 2025-06-30. The reporting entity is headquartered in Australia. The reporting entity has an annual revenue band of 1BN+. The reporting entity operates in the industry sectors: Health Care and Social Assistance. Register entry: https://modernslaveryregister.gov.au/statements/26013/.'}
Modern slavery statement 2020-100: LIEBHERR-AUSTRALIA PTY. LTD.,document,"{'content': 'LIEBHERR-AUSTRALIA PTY. LTD. (ABN 65 007 970 452) filed a single modern slavery statement with the Australian Modern Slavery Register for the reporting period 2019-07-01 to 2020-06-30. The reporting entity is headquartered in Switzerland. The reporting entity has an annual revenue band of 700-800M. The reporting entity operates in the industry sectors: Automotive, machinery and heavy electrical equipment. Register entry: https://modernslaveryregister.gov.au/statements/305/.'}"
Modern slavery statement 2023-126: ST HILLIERS CONTRACTING PTY LIMITED,document,"{'content': 'ST HILLIERS CONTRACTING PTY LIMITED (ABN 66 082 729 039) filed a single modern slavery statement with the Australian Modern Slavery Register for the reporting period 2022-01-01 to 2022-12-31. The reporting entity is headquartered in Australia. The reporting entity has an annual revenue band of 150-200M. The reporting entity operates in the industry sectors: Construction, civil engineering and building products. Register entry: https://modernslaveryregister.gov.au/statements/12257/.'}"
Modern slavery statement 2025-2308: AUSTRALIAN INSTITUTE OF HEALTH AND WELFARE,document,{'content': 'AUSTRALIAN INSTITUTE OF HEALTH AND WELFARE (ABN 16 515 245 497) filed a single modern slavery statement with the Australian Modern Slavery Register for the reporting period 2024-07-01 to 2025-06-30. The reporting entity is headquartered in Australia. The reporting entity has an annual revenue band of 100-150M. The reporting entity operates in the industry sectors: Public Administration and Safety. Register entry: https://modernslaveryregister.gov.au/statements/24864/.'}
Modern slavery statement 2022-2079: AUSTRALIAN HEARING SERVICES,document,{'content': 'AUSTRALIAN HEARING SERVICES (ABN 80 308 797 003) filed a single modern slavery statement with the Australian Modern Slavery Register for the reporting period 2021-07-01 to 2022-06-30. The reporting entity is headquartered in Australia. The reporting entity has an annual revenue band of 250-300M. The reporting entity operates in the industry sectors: Healthcare and pharmaceuticals Government Sector. Register entry: https://modernslaveryregister.gov.au/statements/10750/.'}
"Modern slavery statement 2024-1785: Perry Ellis International, Inc.",document,"{'content': 'Perry Ellis International, Inc. filed a single modern slavery statement with the Australian Modern Slavery Register for the reporting period 2023-01-29 to 2024-02-03. The reporting entity is headquartered in United States of America. The reporting entity has an annual revenue band of 900M-1BN. The reporting entity operates in the industry sectors: Fashion, textiles, apparel and luxury goods. The statement also covers the included entities: Perry Ellis Europe Limited, Perry Ellis International Europe Limited. Register entry: https://modernslaveryregister.gov.au/statements/19121/.'}"
Modern slavery statement 2025-1624: AIOI NISSAY DOWA INSURANCE COMPANY AUSTRALIA PTY LTD,document,"{'content': 'AIOI NISSAY DOWA INSURANCE COMPANY AUSTRALIA PTY LTD (ABN 11 132 524 282) filed a single modern slavery statement with the Australian Modern Slavery Register for the reporting period 2024-01-01 to 2024-12-31. The reporting entity is headquartered in Australia. The reporting entity has an annual revenue band of 400-450M. The reporting entity operates in the industry sectors: Financial, insurance and real estate activities. Register entry: https://modernslaveryregister.gov.au/statements/23880/.'}"
Modern slavery statement 2021-3407: CREDIT UNION AUSTRALIA LTD & CUA HEALTH LIMITED,document,"{'content': 'CREDIT UNION AUSTRALIA LTD (ABN 44 087 650 959) and CUA HEALTH LIMITED (ABN 98 098 685 459) filed a joint modern slavery statement with the Australian Modern Slavery Register for the reporting period 2020-07-01 to 2021-06-30. The reporting entities are headquartered in Australia. The reporting entities have an annual revenue band of 450-500M. The reporting entities operate in the industry sectors: Financial, insurance and real estate activities. Register entry: https://modernslaveryregister.gov.au/statements/6615/.'}"
Modern slavery statement 2025-1578: GATE GOURMET CAIRNS PTY LTD & GATE GOURMET RAIL PTY LTD & GATE GOURMET RIVERSIDE PTY LTD et al.,document,"{'content': 'GATE GOURMET CAIRNS PTY LTD (ABN 51 008 646 302), GATE GOURMET RAIL PTY LTD (ABN 61 105 939 124), GATE GOURMET RIVERSIDE PTY LTD (ABN 37 062 648 140), GATE GOURMET SERVICES (NSW) PTY LTD (ABN 26 083 780 634) and GATE GOURMET SERVICES PTY LTD (ABN 49 009 767 408) filed a joint modern slavery statement with the Australian Modern Slavery Register for the reporting period 2024-01-01 to 2024-12-31. The reporting entities are headquartered in Australia, New Zealand, Switzerland. The reporting entities have an annual revenue band of 250-300M. The reporting entities operate in the industry sectors: Other. The statement also covers the included entities: POURSHINS AUSTRALIA PTY LTD (85 106 196 801). Register entry: https://modernslaveryregister.gov.au/statements/23839/.'}"
Modern slavery statement 2021-551: BEST BAR PTY LTD,document,"{'content': 'BEST BAR PTY LTD (ABN 48 068 713 539) filed a single modern slavery statement with the Australian Modern Slavery Register for the reporting period 2019-04-01 to 2020-03-30. The reporting entity is headquartered in Australia. The reporting entity has an annual revenue band of 150-200M. The reporting entity operates in the industry sectors: Construction, civil engineering and building products. Register entry: https://modernslaveryregister.gov.au/statements/2088/.'}"
Modern slavery statement 2023-2816: AUSTRALIAN SPORTS COMMISSION,document,{'content': 'AUSTRALIAN SPORTS COMMISSION (ABN 67 374 695 240) filed a single modern slavery statement with the Australian Modern Slavery Register for the reporting period 2022-07-01 to 2023-06-30. The reporting entity is headquartered in Australia. The reporting entity has an annual revenue band of 350-400M. The reporting entity operates in the industry sectors: Government Sector. Register entry: https://modernslaveryregister.gov.au/statements/15045/.'}
Modern slavery statement 2024-2886: The Trustee for MCP Secured Private Debt Fund II,document,"{'content': 'The Trustee for MCP Secured Private Debt Fund II (ABN 77 656 240 409) filed a single modern slavery statement with the Australian Modern Slavery Register for the reporting period 2023-07-01 to 2024-06-30. The reporting entity is headquartered in Australia. The reporting entity has an annual revenue band of 150-200M. The reporting entity operates in the industry sectors: Financial, insurance and real estate activities. Register entry: https://modernslaveryregister.gov.au/statements/20723/.'}"
Modern slavery statement 2024-2445: COVER SYNDICATE PTY LTD,document,"{'content': 'COVER SYNDICATE PTY LTD (ABN 54 614 038 765) filed a single modern slavery statement with the Australian Modern Slavery Register for the reporting period 2023-07-01 to 2024-06-30. The reporting entity is headquartered in Australia. The reporting entity has an annual revenue band of 150-200M. The reporting entity operates in the industry sectors: Media, publishing, arts and entertainment. Register entry: https://modernslaveryregister.gov.au/statements/20134/.'}"
Modern slavery statement 2025-2161: MITSUBISHI MATERIALS TRADING CORPORATION,document,{'content': 'MITSUBISHI MATERIALS TRADING CORPORATION (ABN 36 121 426 131) filed a single modern slavery statement with the Australian Modern Slavery Register for the reporting period 2024-04-01 to 2025-03-31. The reporting entity is headquartered in Japan. The reporting entity has an annual revenue band of 800-900M. The reporting entity operates in the industry sectors: Wholesale Trade. Register entry: https://modernslaveryregister.gov.au/statements/24650/.'}
"Modern slavery statement 2025-2145: Mizuho Bank, Ltd.",document,"{'content': 'Mizuho Bank, Ltd. filed a single modern slavery statement with the Australian Modern Slavery Register for the reporting period 2024-04-01 to 2025-03-31. The reporting entity is headquartered in Japan. The reporting entity has an annual revenue band of 1BN+. The reporting entity operates in the industry sectors: Financial and Insurance Services. Register entry: https://modernslaveryregister.gov.au/statements/24627/.'}"
Modern slavery statement 2025-2585: AUSTRALIAN RAIL TRACK CORPORATION LIMITED,document,"{'content': 'AUSTRALIAN RAIL TRACK CORPORATION LIMITED (ABN 75 081 455 754) filed a single modern slavery statement with the Australian Modern Slavery Register for the reporting period 2024-07-01 to 2025-06-30. The reporting entity is headquartered in Australia. The reporting entity has an annual revenue band of 800-900M. The reporting entity operates in the industry sectors: Transport, Postal and Warehousing Construction. Register entry: https://modernslaveryregister.gov.au/statements/25286/.'}"
Modern slavery statement 2024-107: MESHKI PTY LIMITED,document,"{'content': 'MESHKI PTY LIMITED (ABN 63 606 524 878) filed a single modern slavery statement with the Australian Modern Slavery Register for the reporting period 2022-07-01 to 2023-06-30. The reporting entity is headquartered in Australia. The reporting entity has an annual revenue band of 100-150M. The reporting entity operates in the industry sectors: Fashion, textiles, apparel and luxury goods. Register entry: https://modernslaveryregister.gov.au/statements/16870/.'}"
Modern slavery statement 2021-2364: Degremont Process Company Pty Ltd,document,{'content': 'Degremont Process Company Pty Ltd filed a single modern slavery statement with the Australian Modern Slavery Register for the reporting period 2019-07-01 to 2020-06-30. The reporting entity is headquartered in Australia. The reporting entity has an annual revenue band of 100-150M. The reporting entity operates in the industry sectors: Waste management and recycling. Register entry: https://modernslaveryregister.gov.au/statements/4992/.'}
Modern slavery statement 2024-2796: ARA ELECTRICAL ENGINEERING SERVICES PTY LIMITED & ARA FIRE PROTECTION SERVICES PTY LIMITED & ARA GROUP LIMITED,document,"{'content': ""ARA ELECTRICAL ENGINEERING SERVICES PTY LIMITED (ABN 37 002 436 384), ARA FIRE PROTECTION SERVICES PTY LIMITED (ABN 19 002 051 041) and ARA GROUP LIMITED (ABN 47 074 886 561) filed a joint modern slavery statement with the Australian Modern Slavery Register for the reporting period 2023-07-01 to 2024-06-30. The reporting entities are headquartered in Australia. The reporting entities have an annual revenue band of 900M-1BN. The reporting entities operate in the industry sectors: Construction, civil engineering and building products Cleaning and security services Other. The statement also covers the included entities: AFSF GROUP PTY LIMITED (68 669 167 088), AFT FIRE SUPPLIES PTY LTD (88 669 212 015), ALLEN & NEWTON PTY LTD (29 002 574 432), Allen & Newton Queensland Pty Ltd (33 110 223 428), ARA BUILDING SERVICES (NSW) PTY LTD (53 650 941 503), ARA BUILDING SERVICES PTY LIMITED (55 104 799 939), ARA BUILDING SERVICES PTY LIMITED (55 104 799 939), ARA BUILDING SERVICES (QLD) PTY LTD (64 632 471 106), ARA CORPORATE SERVICES PTY LIMITED (71 004 009 983), ARA ELECTRICAL ENGINEERING SERVICES PTY LIMITED (37 002 436 384), ARA ELECTRICAL HIGH VOLTAGE SERVICES PTY LTD (14 003 893 061), ARA ELECTRICAL MAJOR PROJECTS DIVISION PTY LTD (13 090 962 851), ARA FIRE PROTECTION SERVICES PTY LIMITED (19 002 051 041), ARA INDIGENOUS SERVICES PTY LTD (83 605 947 822), ARA MANUFACTURE PTY LTD (61 096 667 588), ARA MARINE PTY LTD (32 003 437 527), ARA MECHANICAL SERVICES PTY LIMITED (37 122 466 693), ARA PROPERTY SERVICES PTY LTD (60 114 557 514), ARA SECURITY SERVICES PTY LIMITED (23 063 676 415), AUSTRALIAN FIRE SUPPLIES & FABRICATION PTY LIMITED (12 068 847 870), AUSTRALIA'S INSURANCE BUILDERS PTY. LTD. (79 112 194 877), AUSTRATRONICS PTY LTD (41 072 183 094), COMPLEX SOLUTIONS (AUST) PTY LTD (89 085 360 827), CONSTRUCTION ELECTRICAL SERVICES PTY LTD (39 645 314 807), ENVIRONMENTAL AUTOMATION PTY LIMITED (28 002 938 187), EXCELL CONTROL PTY LIMITED (39 083 868 615), FIRE FAB AUSTRALIA PTY LTD (59 626 279 972), FIRE SUPPRESSION SERVICES PTY LTD (65 120 210 424), HUD ELECTRONIC SECURITY PTY LTD (43 165 574 569), HUD SECURITY PTY LTD (26 003 152 369), ID SUPPLIES PTY LTD (39 098 420 627), Interactive Cabling Pty Ltd (29 067 944 343), INTERNATIONAL SECURITY CONTROL SOLUTIONS PTY LTD (57 079 314 417), JBM POWER PTY LTD (55 119 624 047), LEC SAFE AUSTRALIA PTY LTD (36 101 895 998), LEDA SECURITY PRODUCTS PTY LTD (23 067 258 235), MONARCH GROUP PTY LIMITED (80 098 957 549), MULTIDOORS MANUFACTURING PTY LTD (62 606 826 135), MULTIDOORS PTY LTD (30 166 870 079), National Construction Solutions Pty Ltd (67 149 332 034), OAS Data Cabling Pty Limited (81 115 127 896), Servcore Pty Limited (93 142 961 117), SHERRY SERVICE & MAINTENANCE PTY LTD (25 079 484 843), SICADA FIRE & SAFETY (NSW) PTY LTD (69 106 726 032), SICADA FIRE & SAFETY PTY LTD (77 072 602 889), SICADA HOLDINGS PTY. LTD. (76 612 555 754), THERMOSCAN INSPECTION SERVICES PTY LTD (57 144 479 354), Transelect Pty Ltd (65 109 819 490), urban building solutions pty ltd (82 140 969 731). Register entry: https://modernslaveryregister.gov.au/statements/20579/.""}"
bacardi martini australia pty ltd,entity,{}
40 103 911 146,entity,{}
australian modern slavery register,entity,{}
2023 04 01 to 2024 03 31,entity,{}
australia,entity,{}
0 99m,entity,{}
food and beverages  agriculture and fishing,entity,{}
https   modernslaveryregister gov au statements 19582,entity,{}
equinix australia pty limited,entity,{}
25 092 807 264,entity,{}
2021 04 01 to 2022 03 30,entity,{}
350 400m,entity,{}
information technology and telecommunication,entity,{}
https   modernslaveryregister gov au statements 9226,entity,{}
commercial   general pty ltd,entity,{}
14 600 978 103,entity,{}
2021 07 01 to 2022 06 30,entity,{}
100 150m,entity,{}
construction  civil engineering and building products,entity,{}
financial  insurance and real estate activities,entity,{}
https   modernslaveryregister gov au statements 11172,entity,{}
hunter douglas holdings limited,entity,{}
47 000 238 451,entity,{}
250 300m,entity,{}
other,entity,{}
https   modernslaveryregister gov au statements 8464,entity,{}
ge healthcare australia holdings pty ltd,entity,{}
57 079 127 307,entity,{}
ge healthcare australia pty limited,entity,{}
32 001 408 402,entity,{}
general electric international inc,entity,{}
85 002 420 751,entity,{}
ge renewable energy australia pty ltd,entity,{}
47 003 760 790,entity,{}
2021 01 01 to 2021 12 31,entity,{}
united states of america,entity,{}
1bn,entity,{}
automotive  machinery and heavy electrical equipment  defence and aerospace  healthcare and pharmaceuticals,entity,{}
https   modernslaveryregister gov au statements 9255,entity,{}
united malt group limited,entity,{}
61 140 174 189,entity,{}
2020 10 01 to 2021 09 30,entity,{}
https   modernslaveryregister gov au statements 8132,entity,{}
evolution mining limited,entity,{}
74 084 669 036,entity,{}
mining  metals  chemicals and resources  including oil and gas,entity,{}
https   modernslaveryregister gov au statements 10632,entity,{}
oakmoore pty  ltd,entity,{}
13 056 159 570,entity,{}
150 200m,entity,{}
automotive  machinery and heavy electrical equipment,entity,{}
https   modernslaveryregister gov au statements 11682,entity,{}
synergy group australia holdings pty ltd,entity,{}
38 662 711 551,entity,{}
synergy group australia pty ltd,entity,{}
65 119 369 827,entity,{}
synergy group law pty ltd,entity,{}
27 654 575 569,entity,{}
thinkplace australia pty ltd,entity,{}
28 673 168 244,entity,{}
2023 07 01 to 2024 06 30,entity,{}
professional and administrative services and supplies  including legal  consulting and accounting services,entity,{}
https   modernslaveryregister gov au statements 21348,entity,{}
newmont australia pty ltd,entity,{}
95 099 040 507,entity,{}
newmont boddington pty ltd,entity,{}
32 062 936 547,entity,{}
newmont mining services pty ltd,entity,{}
22 008 087 778,entity,{}
newmont tanami pty ltd,entity,{}
39 007 688 093,entity,{}
saddleback investments pty ltd,entity,{}
96 134 978 224,entity,{}
https   modernslaveryregister gov au statements 9463,entity,{}
mitsui bussan woodchip oceania pty  ltd,entity,{}
forestry  timber products  paper and containers and packaging,entity,{}
bunbury fibre exports pty ltd,entity,{}
https   modernslaveryregister gov au statements 19303,entity,{}
new zealand king salmon investments limited,entity,{}
2022 02 01 to 2023 01 31,entity,{}
new zealand,entity,{}
https   modernslaveryregister gov au statements 14358,entity,{}
postsuper pty ltd,entity,{}
85 064 225 841,entity,{}
2020 07 01 to 2021 06 30,entity,{}
https   modernslaveryregister gov au statements 7129,entity,{}
unknown,entity,{}
ch robinson worldwide  australia  pty limited,entity,{}
51 135 205 551,entity,{}
2023 01 01 to 2023 12 31,entity,{}
800 900m,entity,{}
transportation  logistics  and storage,entity,{}
c h  robinson  australia  pty ltd,entity,{}
c h  robinson trade management pty ltd,entity,{}
c h  robinson worldwide  oceania  pty ltd,entity,{}
https   modernslaveryregister gov au statements 19046,entity,{}
cognizant technology solutions australia pty ltd,entity,{}
74 100 749 997,entity,{}
2024 01 01 to 2024 12 31,entity,{}
australia  united states of america,entity,{}
contino pty ltd,entity,{}
servian group  holdings  pty ltd,entity,{}
servian managed services pty ltd,entity,{}
servian pty ltd,entity,{}
servian  victoria  pty limited,entity,{}
svn bidco pty ltd,entity,{}
svn holdco pty ltd,entity,{}
thirdera aus pty ltd,entity,{}
vibrato pty ltd,entity,{}
https   modernslaveryregister gov au statements 22949,entity,{}
blum australia pty ltd,entity,{}
2024 07 01 to 2025 06 30,entity,{}
austria,entity,{}
other services,entity,{}
https   modernslaveryregister gov au statements 25593,entity,{}
pharm a care laboratories pty  limited,entity,{}
99 003 468 219,entity,{}
2019 07 01 to 2020 06 30,entity,{}
500 600m,entity,{}
healthcare and pharmaceuticals,entity,{}
https   modernslaveryregister gov au statements 2024,entity,{}
aspen insurance uk limited,entity,{}
33 128 637 650,entity,{}
united kingdom,entity,{}
https   modernslaveryregister gov au statements 18173,entity,{}
avetta  llc,entity,{}
2024 1059,entity,{}
300 350m,entity,{}
https   modernslaveryregister gov au statements 23227,entity,{}
kings christian education ltd,entity,{}
84 010 547 994,entity,{}
education and research,entity,{}
https   modernslaveryregister gov au statements 18265,entity,{}
fairbrother pty ltd,entity,{}
51 009 510 561,entity,{}
https   modernslaveryregister gov au statements 11311,entity,{}
nepean building   infrastructure pty ltd,entity,{}
54 125 224 302,entity,{}
nepean no1 pty ltd,entity,{}
15 606 791 931,entity,{}
https   modernslaveryregister gov au statements 11713,entity,{}
the trustee for kent relocation group pty ltd as trustee for the dace trust,entity,{}
54 712 591 712,entity,{}
transport  postal and warehousing,entity,{}
https   modernslaveryregister gov au statements 24459,entity,{}
cobham aviation services australia pty ltd,entity,{}
34 003 469 574,entity,{}
cobham sar services pty ltd,entity,{}
18 082 387 835,entity,{}
national jet express pty ltd,entity,{}
46 063 561 482,entity,{}
surveillance australia pty  ltd,entity,{}
20 050 021 308,entity,{}
transportation  logistics  and storage defence and aerospace government sector other,entity,{}
https   modernslaveryregister gov au statements 9601,entity,{}
mccormick foods australia pty  ltd,entity,{}
62 004 763 259,entity,{}
200 250m,entity,{}
https   modernslaveryregister gov au statements 7749,entity,{}
tennis australia limited,entity,{}
61 006 281 125,entity,{}
450 500m,entity,{}
https   modernslaveryregister gov au statements 2625,entity,{}
ridley corporation limited,entity,{}
33 006 708 765,entity,{}
900m 1bn,entity,{}
https   modernslaveryregister gov au statements 10735,entity,{}
statewide independent wholesalers limited,entity,{}
51 009 519 546,entity,{}
woolworths group limited,entity,{}
88 000 014 675,entity,{}
food and beverages  agriculture and fishing fashion  textiles  apparel and luxury goods,entity,{}
https   modernslaveryregister gov au statements 10009,entity,{}
diocese of sale catholic education limited,entity,{}
91 621 266 993,entity,{}
2020 01 01 to 2020 12 31,entity,{}
https   modernslaveryregister gov au statements 4386,entity,{}
anzfof3 nz pty limited,entity,{}
68 623 472 088,entity,{}
new forests asset management pty limited,entity,{}
42 114 545 283,entity,{}
the trustee for anzfof sub 1 et al,entity,{}
85 656 600 279,entity,{}
the trustee for forestry investment trust,entity,{}
83 970 141 211,entity,{}
the trustee for green triangle forest investment trust,entity,{}
48 430 631 141,entity,{}
the trustee for green triangle forest operating trust,entity,{}
83 034 357 762,entity,{}
the trustee for new forests australia new zealand forest investment fund 3,entity,{}
51 588 422 670,entity,{}
the trustee for new forests australia new zealand forest operating fund,entity,{}
18 541 900 549,entity,{}
the trustee for new forests australia new zealand forest operating fund 3,entity,{}
49 619 583 992,entity,{}
the trustee for new forests australia new zeland forest investment fund,entity,{}
27 160 021 980,entity,{}
the trustee for tasmanian forest investment trust,entity,{}
77 886 087 159,entity,{}
the trustee for tasmanian forest operating sub trust,entity,{}
70 572 091 783,entity,{}
the trustee for tasmanian forest operating trust,entity,{}
43 827 359 657,entity,{}
agriculture  forestry and fishing,entity,{}
sands capital management  llc,entity,{}
https   modernslaveryregister gov au statements 10094,entity,{}
apl kwikform pty limited trading as united scaffolding group,entity,{}
65 010 795 785,entity,{}
kwikform industrial services pty limited,entity,{}
kwikform labour services pty ltd,entity,{}
kwikform maintenance services pty ltd,entity,{}
star labour services pty ltd,entity,{}
waco kwikform leasing pty limited,entity,{}
98 073 932 135,entity,{}
waco kwikform limited,entity,{}
48 002 835 396,entity,{}
waco kwikform limited trading as star scaffolds,entity,{}
https   modernslaveryregister gov au statements 19230,entity,{}
queensland bulk water supply authority,entity,{}
75 450 239 876,entity,{}
electricity  gas  water and waste services,entity,{}
https   modernslaveryregister gov au statements 25614,entity,{}
shaw and partners limited,entity,{}
24 003 221 583,entity,{}
financial and insurance services,entity,{}
https   modernslaveryregister gov au statements 25085,entity,{}
elmo software pty ltd,entity,{}
breathe software pty ltd,entity,{}
hronboard pty ltd,entity,{}
pivot remesys pty ltd,entity,{}
the trustee for hero brands trust,entity,{}
vocam pty ltd,entity,{}
https   modernslaveryregister gov au statements 20154,entity,{}
mapei australia pty  ltd,entity,{}
italy,entity,{}
https   modernslaveryregister gov au statements 24154,entity,{}
aaw group holdings pty ltd,entity,{}
14 007 257 865,entity,{}
aaw bulk liquid logistics pty ltd,entity,{}
77 668 554 710,entity,{}
aaw global logistics  australia  pty ltd,entity,{}
55 668 555 048,entity,{}
coastalbridge pty ltd,entity,{}
50 668 259 818,entity,{}
hoyer logistics australia pty ltd,entity,{}
70 625 946 232,entity,{}
regional shipping services pty ltd,entity,{}
69 087 872 580,entity,{}
https   modernslaveryregister gov au statements 26811,entity,{}
adecco australia pty ltd,entity,{}
91 006 253 336,entity,{}
adecco holdings pty ltd,entity,{}
11 003 652 088,entity,{}
lee hecht harrison pty limited,entity,{}
18 001 292 584,entity,{}
modis consulting pty ltd,entity,{}
25 076 517 354,entity,{}
modis staffing pty ltd,entity,{}
14 007 145 637,entity,{}
spring group australia pty limited,entity,{}
16 065 183 351,entity,{}
switzerland,entity,{}
https   modernslaveryregister gov au statements 3884,entity,{}
saveba hospitality pty ltd,entity,{}
31 602 350 292,entity,{}
saveba pty ltd,entity,{}
64 002 728 985,entity,{}
consumer services  including accommodation  hospitality  tourism and leisure,entity,{}
https   modernslaveryregister gov au statements 11843,entity,{}
lopizzo  paul,entity,{}
13 203 167 857,entity,{}
2022 04 01 to 2023 03 30,entity,{}
https   modernslaveryregister gov au statements 13122,entity,{}
rb  hygiene home  australia pty ltd,entity,{}
58 629 549 506,entity,{}
reckitt benckiser group plc,entity,{}
modern slavery statement 2022 574,entity,{}
https   modernslaveryregister gov au statements 8562,entity,{}
summit auto lease australia pty limited,entity,{}
87 054 704 737,entity,{}
2019 04 01 to 2020 03 30,entity,{}
https   modernslaveryregister gov au statements 971,entity,{}
coliban region water corporation,entity,{}
96 549 082 360,entity,{}
utilities  gas  water and electricity,entity,{}
https   modernslaveryregister gov au statements 19887,entity,{}
police health limited,entity,{}
86 135 221 519,entity,{}
2022 07 01 to 2023 06 30,entity,{}
https   modernslaveryregister gov au statements 14723,entity,{}
eastern health,entity,{}
68 223 819 017,entity,{}
health care and social assistance,entity,{}
https   modernslaveryregister gov au statements 25702,entity,{}
shopping centres australasia property group re limited,entity,{}
47 158 809 851,entity,{}
https   modernslaveryregister gov au statements 6536,entity,{}
sunshine a pty ltd,entity,{}
2024 01 30 to 2025 02 04,entity,{}
fashion  textiles  apparel and luxury goods,entity,{}
https   modernslaveryregister gov au statements 22803,entity,{}
police   nurses limited,entity,{}
69 087 651 876,entity,{}
https   modernslaveryregister gov au statements 2883,entity,{}
australasian solvents and chemicals company pty  ltd,entity,{}
57 095 441 080,entity,{}
indonesia,entity,{}
singapore,entity,{}
thailand,entity,{}
https   modernslaveryregister gov au statements 14684,entity,{}
wam leaders limited,entity,{}
33 611 053 751,entity,{}
https   modernslaveryregister gov au statements 6713,entity,{}
international power  australia  holdings 2 pty limited,entity,{}
105 041 209,entity,{}
international power  retail  pty limited,entity,{}
18 107 548 854,entity,{}
ipower 2 pty limited,entity,{}
269 241 237,entity,{}
ipower pty limited,entity,{}
67 269 241 237,entity,{}
pelican point power limited,entity,{}
11 086 411 814,entity,{}
international power  australia  holdings pty limited,entity,{}
70 105 041 209,entity,{}
https   modernslaveryregister gov au statements 9474,entity,{}
defence housing australia,entity,{}
72 968 504 934,entity,{}
https   modernslaveryregister gov au statements 3127,entity,{}
kinetic it pty ltd,entity,{}
97 072 941 943,entity,{}
https   modernslaveryregister gov au statements 14543,entity,{}
symal contractors pty ltd,entity,{}
69 630 027 342,entity,{}
symal infrastructure pty ltd,entity,{}
87 130 808 276,entity,{}
unyte southern pty ltd,entity,{}
94 626 334 745,entity,{}
construction,entity,{}
https   modernslaveryregister gov au statements 25124,entity,{}
fisher   paykel healthcare corporation limited,entity,{}
69 098 026 281,entity,{}
fisher   paykel healthcare pty  limited,entity,{}
52 005 484 999,entity,{}
https   modernslaveryregister gov au statements 17859,entity,{}
aware super pty ltd,entity,{}
11 118 202 672,entity,{}
https   modernslaveryregister gov au statements 7335,entity,{}
hdi global specialty se,entity,{}
58 129 395 544,entity,{}
germany,entity,{}
https   modernslaveryregister gov au statements 18367,entity,{}
michael page international  australia  pty  limited,entity,{}
58 002 872 264,entity,{}
australia  united kingdom,entity,{}
https   modernslaveryregister gov au statements 4474,entity,{}
oracle corporation australia pty limited,entity,{}
80 003 074 468,entity,{}
oracle global services australia pty ltd,entity,{}
43 632 743 689,entity,{}
https   modernslaveryregister gov au statements 1085,entity,{}
metrics credit holdings pty ltd,entity,{}
66 150 647 091,entity,{}
metrics business finance holdings pty ltd,entity,{}
metrics credit partners pty ltd,entity,{}
metrics real estate partners pty ltd,entity,{}
navalo financial services group holdings pty ltd,entity,{}
https   modernslaveryregister gov au statements 26478,entity,{}
macquarie university,entity,{}
90 952 801 237,entity,{}
access macquarie limited,entity,{}
59 003 849 198,entity,{}
macquarie university services limited,entity,{}
83 153 973 481,entity,{}
mq health pty limited,entity,{}
46 141 203 125,entity,{}
u mq ltd,entity,{}
27 125 926 169,entity,{}
https   modernslaveryregister gov au statements 23118,entity,{}
red bull australia pty  ltd,entity,{}
67 085 840 259,entity,{}
https   modernslaveryregister gov au statements 9298,entity,{}
fawkes infrastructure bidco pty  ltd,entity,{}
fawkes infrastructure midco i pty  ltd,entity,{}
fawkes infrastructure midco ii pty  ltd,entity,{}
fawkes infrastructure topco pty  ltd,entity,{}
ventura motors proprietary limited,entity,{}
https   modernslaveryregister gov au statements 27241,entity,{}
unicharm australasia pty ltd,entity,{}
33 006 884 546,entity,{}
https   modernslaveryregister gov au statements 18871,entity,{}
gucci australia pty ltd,entity,{}
49 093 354 548,entity,{}
france,entity,{}
https   modernslaveryregister gov au statements 3918,entity,{}
aquasure finance pty ltd,entity,{}
35 136 072 627,entity,{}
aquasure holdings pty ltd,entity,{}
46 135 956 053,entity,{}
aquasure pty ltd,entity,{}
22 135 956 393,entity,{}
https   modernslaveryregister gov au statements 19944,entity,{}
t  rowe price australia limited,entity,{}
13 620 668 895,entity,{}
2022 01 01 to 2022 12 31,entity,{}
https   modernslaveryregister gov au statements 13042,entity,{}
accenture australia holdings pty ltd,entity,{}
61 096 995 649,entity,{}
accenture australia pty ltd,entity,{}
49 096 776 895,entity,{}
2019 09 01 to 2020 08 31,entity,{}
https   modernslaveryregister gov au statements 1298,entity,{}
onefortyone plantations holdings no  2 pty ltd,entity,{}
onefortyone plantations holdings pty ltd,entity,{}
onefortyone plantations pty ltd,entity,{}
onefortyone wood products pty ltd,entity,{}
https   modernslaveryregister gov au statements 21452,entity,{}
allied credit pty ltd,entity,{}
65 143 964 667,entity,{}
acg asset solutions pty ltd,entity,{}
allied credit funding spv no 1 pty limited,entity,{}
allied credit funding spv no 2 pty limited,entity,{}
allied credit investments pty ltd,entity,{}
allied credit management services pty ltd,entity,{}
allied distribution finance pty ltd,entity,{}
allied retail finance pty ltd,entity,{}
autome finance pty ltd,entity,{}
dealer motor finance australia pty ltd,entity,{}
fintech systems pty ltd,entity,{}
kmaf pty ltd,entity,{}
the trustee for allied credit abs trust 2020 1,entity,{}
the trustee for allied credit abs trust 2021 1,entity,{}
the trustee for allied credit abs trust 2022 1,entity,{}
the trustee for allied credit abs trust 2023 1  p,entity,{}
the trustee for allied credit retail funding trust,entity,{}
the trustee for arf asset trust 2,entity,{}
the trustee for the allied credit floorplan trust,entity,{}
the trustee for the allied credit retail trust 2019 1,entity,{}
the trustee for the allied credit retail trust 2019 2,entity,{}
https   modernslaveryregister gov au statements 21340,entity,{}
the trustee for parklife metro holdings unit trust,entity,{}
30 737 151 082,entity,{}
the trustee for parklife metro unit trust,entity,{}
50 667 445 077,entity,{}
600 700m,entity,{}
https   modernslaveryregister gov au statements 17641,entity,{}
d orsogna limited,entity,{}
27 063 427 752,entity,{}
manufacturing,entity,{}
https   modernslaveryregister gov au statements 27010,entity,{}
finbar group limited,entity,{}
97 009 113 473,entity,{}
https   modernslaveryregister gov au statements 26598,entity,{}
australian independent rural retailers pty ltd,entity,{}
36 112 308 835,entity,{}
b    w  rural pty limited,entity,{}
33 068 943 528,entity,{}
elders limited,entity,{}
34 004 336 636,entity,{}
elders rural services australia limited,entity,{}
72 004 045 121,entity,{}
killara feedlot pty ltd,entity,{}
18 081 072 746,entity,{}
titan ag pty ltd,entity,{}
57 122 081 574,entity,{}
2021 10 01 to 2022 09 30,entity,{}
food and beverages  agriculture and fishing financial  insurance and real estate activities professional and administrative services and supplies  including legal  consulting and accounting services other,entity,{}
https   modernslaveryregister gov au statements 12521,entity,{}
register entry,entity,{}
blujay solutions  australia  pty ltd,entity,{}
55 113 156 175,entity,{}
expedient software pty limited,entity,{}
20 079 873 626,entity,{}
2023 03 01 to 2024 02 29,entity,{}
https   modernslaveryregister gov au statements 21660,entity,{}
gpt management holdings limited,entity,{}
67 113 510 188,entity,{}
gpt wholesale office fund no1,entity,{}
17 049 857 761,entity,{}
gpt wholesale shopping centre fund no 1,entity,{}
54 681 099 751,entity,{}
ihlp legal pty limited,entity,{}
11 164 159 728,entity,{}
the trustee for darling park property trust,entity,{}
24 054 834 260,entity,{}
the trustee for darling park trust,entity,{}
57 757 023 365,entity,{}
the trustee for gpt wholesale office fund no 2,entity,{}
27 587 898 427,entity,{}
the trustee for gpt wholesale shopping centre fund no 2,entity,{}
25 612 081 006,entity,{}
the trustee for melbourne central unit trust,entity,{}
13 352 077 842,entity,{}
https   modernslaveryregister gov au statements 1074,entity,{}
bank of queensland limited,entity,{}
32 009 656 740,entity,{}
boq equipment finance limited,entity,{}
78 008 492 582,entity,{}
boq asset finance   leasing pty ltd,entity,{}
79 074 206 634,entity,{}
boq credit pty limited,entity,{}
92 080 151 266,entity,{}
boqf cashflow finance pty ltd,entity,{}
68 062 762 921,entity,{}
boq finance  aust  limited,entity,{}
56 065 745 735,entity,{}
boq funding pty limited,entity,{}
35 079 936 495,entity,{}
boq home limited,entity,{}
72 051 900 380,entity,{}
boq specialist  aust  limited,entity,{}
55 071 292 594,entity,{}
boq specialist pty ltd,entity,{}
94 110 704 464,entity,{}
b q l  management pty  ltd,entity,{}
87 081 052 342,entity,{}
home credit management pty ltd,entity,{}
84 009 108 123,entity,{}
members equity bank limited,entity,{}
56 070 887 679,entity,{}
statewest financial planning pty ltd,entity,{}
32 009 137 508,entity,{}
virgin money  australia  pty limited,entity,{}
75 103 478 897,entity,{}
virgin money financial services pty ltd,entity,{}
51 113 285 395,entity,{}
2023 09 01 to 2024 08 31,entity,{}
contract resources group pty ltd,entity,{}
https   modernslaveryregister gov au statements 14891,entity,{}
iss stoxx gmbh,entity,{}
asset international australia pty ltd,entity,{}
institutional shareholder services  australia  pty  ltd,entity,{}
rainmaker information pty limited,entity,{}
https   modernslaveryregister gov au statements 18359,entity,{}
greenstone financial services pty ltd,entity,{}
53 128 692 884,entity,{}
700 800m,entity,{}
https   modernslaveryregister gov au statements 11596,entity,{}
goodman fielder pty limited,entity,{}
51 116 399 430,entity,{}
https   modernslaveryregister gov au statements 13903,entity,{}
buildcorp holdings pty limited,entity,{}
51 140 508 685,entity,{}
buildcorp contracting nsw pty limited,entity,{}
buildcorp group pty limited,entity,{}
buildcorp infrastructure solutions pty ltd,entity,{}
buildcorp interiors pty  ltd,entity,{}
buildcorp securities   investments pty limited,entity,{}
https   modernslaveryregister gov au statements 20377,entity,{}
fluence energy pty ltd,entity,{}
18 627 071 461,entity,{}
https   modernslaveryregister gov au statements 12498,entity,{}
krispy kreme holdings pty limited,entity,{}
71 134 222 727,entity,{}
krispy kreme australia pty limited,entity,{}
59 099 478 663,entity,{}
https   modernslaveryregister gov au statements 18146,entity,{}
australia milling group pty ltd,entity,{}
57 127 428 406,entity,{}
https   modernslaveryregister gov au statements 18104,entity,{}
etihad airways pjsc,entity,{}
2025 1974,entity,{}
united arab emirates,entity,{}
transport postal and warehousing,entity,{}
https   modernslaveryregister gov au statements 24361,entity,{}
dyson appliances  aust   pty limited,entity,{}
50 073 072 509,entity,{}
dyson limited,entity,{}
dyson technology limited,entity,{}
dyson limited  dyson technology limited,entity,{}
dyson appliances  aust   pty limited  dyson technology limited,entity,{}
dyson appliances  aust   pty limited  dyson limited,entity,{}
durable consumer goods  including electronics and appliances  home furnishings and other accessories,entity,{}
https   modernslaveryregister gov au statements 13068,entity,{}
southern cross protection pty ltd,entity,{}
93 094 077 255,entity,{}
2024 04 01 to 2025 03 31,entity,{}
askara pty ltd,entity,{}
charter security protective services pty ltd,entity,{}
https   modernslaveryregister gov au statements 24727,entity,{}
linfox proprietary limited,entity,{}
59 004 667 298,entity,{}
linfox armaguard pty ltd,entity,{}
linfox asset management pty  limited,entity,{}
linfox australia pty ltd,entity,{}
linfox international group pty ltd,entity,{}
https   modernslaveryregister gov au statements 21411,entity,{}
the trustee for collagis unit trust,entity,{}
87 965 704 329,entity,{}
collagis australia pty ltd,entity,{}
23 634 258 683,entity,{}
collagis international pty ltd,entity,{}
51 649 074 082,entity,{}
https   modernslaveryregister gov au statements 17041,entity,{}
clover pipelines pty ltd,entity,{}
55 166 929 700,entity,{}
https   modernslaveryregister gov au statements 20203,entity,{}
campari australia pty ltd,entity,{}
2024 1574,entity,{}
campari 612220 ltd,entity,{}
campari new zealand ltd,entity,{}
https   modernslaveryregister gov au statements 23840,entity,{}
rp data pty ltd,entity,{}
aire software pty ltd,entity,{}
candotech pty ltd,entity,{}
cordell information pty ltd,entity,{}
plezzel pty ltd,entity,{}
prime ecosystem pty ltd,entity,{}
valex group pty ltd,entity,{}
valuation exchange pty ltd,entity,{}
https   modernslaveryregister gov au statements 23198,entity,{}
airmaster corporation pty ltd,entity,{}
26 133 652 749,entity,{}
daikin australia pty ltd,entity,{}
62 000 172 967,entity,{}
conserve it pty ltd,entity,{}
52 122 132 512,entity,{}
wholesale trade manufacturing,entity,{}
https   modernslaveryregister gov au statements 24366,entity,{}
saic motor australia pty ltd,entity,{}
30 608 096 519,entity,{}
china,entity,{}
https   modernslaveryregister gov au statements 14069,entity,{}
geraldton bulk handling pty ltd,entity,{}
45 100 105 388,entity,{}
koolan iron ore pty ltd,entity,{}
87 099 455 277,entity,{}
mount gibson iron limited,entity,{}
87 008 670 817,entity,{}
mount gibson mining limited,entity,{}
32 074 575 885,entity,{}
https   modernslaveryregister gov au statements 717,entity,{}
acciona energy australia global pty ltd,entity,{}
54 600 910 647,entity,{}
acci n energy oceania construction pty ltd,entity,{}
85 164 011 723,entity,{}
https   modernslaveryregister gov au statements 9212,entity,{}
australian country choice holdings pty ltd,entity,{}
87 009 729 999,entity,{}
https   modernslaveryregister gov au statements 3846,entity,{}
global payments australia 1 pty ltd,entity,{}
26 601 396 543,entity,{}
financial  insurance and real estate activities  education and research,entity,{}
ezidebit pty ltd,entity,{}
our online canteen pty ltd,entity,{}
pigeonhole software pty ltd,entity,{}
sentral pty ltd,entity,{}
storman software pty ltd,entity,{}
web active corporation pty ltd,entity,{}
https   modernslaveryregister gov au statements 19060,entity,{}
macquarie data centres pty ltd,entity,{}
11 612 259 391,entity,{}
macquarie telecom group limited,entity,{}
72 056 712 228,entity,{}
macquarie telecom pty limited,entity,{}
21 082 930 916,entity,{}
400 450m,entity,{}
https   modernslaveryregister gov au statements 12462,entity,{}
australia pacific airports corporation,entity,{}
89 069 775 266,entity,{}
https   modernslaveryregister gov au statements 11117,entity,{}
colas australia group pty ltd,entity,{}
11 000 388 161,entity,{}
https   modernslaveryregister gov au statements 8011,entity,{}
rural press pty limited,entity,{}
47 000 010 382,entity,{}
information media and telecommunications,entity,{}
acm   community newspapers pty ltd,entity,{}
acm news investments pty ltd,entity,{}
acm print company pty ltd,entity,{}
acm   regional media  tasmania  pty ltd,entity,{}
acm   regional printers pty ltd,entity,{}
acn 115 162 975 pty ltd,entity,{}
agricultural publishers pty  limited,entity,{}
agri growth investments pty ltd,entity,{}
agri marketplaces pty ltd,entity,{}
creative house publications pty ltd,entity,{}
farmbuy pty ltd,entity,{}
illawarra newspapers holdings pty ltd,entity,{}
mountain press pty ltd,entity,{}
newcastle newspapers pty ltd,entity,{}
newsagents direct distribution pty ltd,entity,{}
port stephens publishers pty ltd,entity,{}
queensland community newspapers pty  ltd,entity,{}
regional printers pty limited,entity,{}
regional publishers pty ltd,entity,{}
regional publishers  victoria  pty  limited,entity,{}
regional publishers  western victoria  pty  limited,entity,{}
rural press printing pty  limited,entity,{}
rural press printing  victoria  pty limited,entity,{}
rural press queensland pty  ltd,entity,{}
rural press regional media  w a   pty limited,entity,{}
s a  regional media pty  limited,entity,{}
stock journal publishers pty  ltd,entity,{}
the federal capital press of australia pty  limited,entity,{}
the trustee for port stephens publishers trust,entity,{}
western australian primary industry press pty ltd,entity,{}
https   modernslaveryregister gov au statements 27629,entity,{}
antrak logistics pty ltd,entity,{}
bollore logistics australia pty ltd,entity,{}
https   modernslaveryregister gov au statements 18674,entity,{}
barwon region water corporation,entity,{}
86 348 316 514,entity,{}
barwon asset solutions pty ltd,entity,{}
81 167 911 515,entity,{}
https   modernslaveryregister gov au statements 25424,entity,{}
sunpork consolidated pty ltd,entity,{}
32 168 995 177,entity,{}
sunpork fresh foods pty ltd,entity,{}
24 135 230 545,entity,{}
sunpork group pty ltd,entity,{}
84 131 574 091,entity,{}
sunpork pty ltd,entity,{}
11 059 168 786,entity,{}
swicker s kingaroy bacon factory pty  ltd,entity,{}
35 009 678 693,entity,{}
apfg holdings pty ltd,entity,{}
apfg management pty ltd,entity,{}
chm alliance pty ltd,entity,{}
pawk pet co  pty ltd,entity,{}
pic australasia pty ltd,entity,{}
pig improvement company australia pty ltd,entity,{}
sp bacon pty ltd,entity,{}
sp farming pty ltd,entity,{}
sp markets pty ltd,entity,{}
sp northern farming operations pty ltd,entity,{}
sp northern farming piggeries pty ltd,entity,{}
sp northern farming services pty ltd,entity,{}
sunpork commercial piggeries pty  ltd,entity,{}
sunpork farms supplies pty ltd,entity,{}
sunpork fresh processing pty ltd,entity,{}
sunpork wellness pty ltd,entity,{}
square resources holding pty ltd,entity,{}
eastern coal management pty ltd,entity,{}
eastern coal unincorporated jv ecjv,entity,{}
square boyne pty ltd,entity,{}
square eastern pty ltd,entity,{}
square exploration pty ltd,entity,{}
square marketing pty ltd,entity,{}
square resources agri pty ltd,entity,{}
square resources holding  no  2  pty ltd,entity,{}
square trading pty ltd,entity,{}
https   modernslaveryregister gov au statements 21555,entity,{}
fleets flyers pty  limited,entity,{}
41 008 417 016,entity,{}
https   modernslaveryregister gov au statements 6851,entity,{}
asc awd shipbuilder pty ltd,entity,{}
15 112 123 181,entity,{}
asc modules pty ltd,entity,{}
98 093 237 739,entity,{}
asc opv shipbuilder pty ltd,entity,{}
87 628 088 817,entity,{}
asc pty ltd,entity,{}
64 008 605 034,entity,{}
asc ssn aukus pty ltd,entity,{}
97 679 807 384,entity,{}
australian submarine corporation limited,entity,{}
australian submarine corporation llc,entity,{}
deep blue tech pty ltd,entity,{}
13 127 163 722,entity,{}
https   modernslaveryregister gov au statements 26051,entity,{}
queensland electricity transmission corporation limited,entity,{}
82 078 849 233,entity,{}
https   modernslaveryregister gov au statements 15136,entity,{}
degnan group pty ltd,entity,{}
47 633 651 698,entity,{}
11 001 745 348,entity,{}
58 663 659 416,entity,{}
39 663 659 336,entity,{}
degnan  nsw  pty ltd,entity,{}
degnan  qld  pty ltd,entity,{}
degnan  vic  pty ltd,entity,{}
https   modernslaveryregister gov au statements 25055,entity,{}
australasian food group pty ltd,entity,{}
11 154 314 913,entity,{}
https   modernslaveryregister gov au statements 17942,entity,{}
qantas superannuation limited,entity,{}
47 003 806 960,entity,{}
https   modernslaveryregister gov au statements 20829,entity,{}
farrelly construction services pty ltd,entity,{}
19 136 719 394,entity,{}
https   modernslaveryregister gov au statements 17194,entity,{}
l3harris integrated mission systems australia pty ltd,entity,{}
28 009 019 603,entity,{}
defence and aerospace,entity,{}
https   modernslaveryregister gov au statements 17468,entity,{}
tully sugar limited,entity,{}
92 011 030 256,entity,{}
https   modernslaveryregister gov au statements 9119,entity,{}
albright   wilson  australia  pty ltd,entity,{}
36 004 234 137,entity,{}
https   modernslaveryregister gov au statements 24664,entity,{}
midway metals pty ltd,entity,{}
88 001 831 090,entity,{}
https   modernslaveryregister gov au statements 7417,entity,{}
first super pty limited,entity,{}
42 053 498 472,entity,{}
https   modernslaveryregister gov au statements 1436,entity,{}
the mab unit trust,entity,{}
78 917 049 883,entity,{}
https   modernslaveryregister gov au statements 5767,entity,{}
the arnhem land progress aboriginal corporation,entity,{}
52 755 439 387,entity,{}
food and beverages  agriculture and fishing forestry  timber products  paper and containers and packaging durable consumer goods  including electronics and appliances  home furnishings and other accessories construction  civil engineering and building products consumer services  including accommodation  hospitality  tourism and leisure information technology and telecommunication professional and administrative services and supplies  including legal  consulting and accounting services cleaning and security services education and research charitable   not for profit activities,entity,{}
https   modernslaveryregister gov au statements 10237,entity,{}
chartered accountants australia and new zealand,entity,{}
50 084 642 571,entity,{}
charitable   not for profit activities,entity,{}
ca anz  malaysia  sdn bhd,entity,{}
caanz  uk  limited,entity,{}
chartered accountants australia and new zealand  hong kong  limited,entity,{}
chartered accountants australia and new zealand  singapore  private limited,entity,{}
new zealand institute of chartered accountants,entity,{}
https   modernslaveryregister gov au statements 15955,entity,{}
iag general holdings pty limited,entity,{}
iag international pty limited,entity,{}
insurance australia group limited,entity,{}
insurance australia group services pty limited,entity,{}
insurance australia limited,entity,{}
insurance manufacturers of australia pty limited,entity,{}
nrma personal lines holdings pty limited,entity,{}
vehicle repairhub pty limited,entity,{}
heartland group holdings limited  nz,entity,{}
australia  new zealand,entity,{}
australian seniors finance,entity,{}
heartland bank limited  nz,entity,{}
stockco  australia  pty limited,entity,{}
https   modernslaveryregister gov au statements 15587,entity,{}
allambi care limited,entity,{}
24 097 262 459,entity,{}
health care and social assistance other services,entity,{}
https   modernslaveryregister gov au statements 26272,entity,{}
mjcp holdings pty limited,entity,{}
65 626 875 349,entity,{}
https   modernslaveryregister gov au statements 3185,entity,{}
aurora global pty ltd,entity,{}
55 600 473 630,entity,{}
austwide communications pty ltd,entity,{}
77 620 613 185,entity,{}
link construct pty ltd,entity,{}
87 630 627 271,entity,{}
linkforce corporation pty ltd,entity,{}
45 602 050 644,entity,{}
linkforce engineering pty ltd,entity,{}
57 123 543 699,entity,{}
linkforce equipment hire pty ltd,entity,{}
54 643 949 295,entity,{}
linkforce field services pty ltd,entity,{}
29 623 671 189,entity,{}
linkforce industrial maintenance pty ltd,entity,{}
45 666 545 393,entity,{}
linkforce industrial services pty ltd,entity,{}
53 615 813 039,entity,{}
linkforce maintenance services pty ltd,entity,{}
72 611 966 440,entity,{}
linkforce procurement pty ltd,entity,{}
44 630 985 125,entity,{}
linkforce projects pty ltd,entity,{}
48 154 587 309,entity,{}
linkforce shared services pty ltd,entity,{}
79 631 066 692,entity,{}
linkforce site services pty ltd,entity,{}
63 615 813 020,entity,{}
nighthawk nominees pty ltd,entity,{}
50 098 640 629,entity,{}
the trustee for linkforce work trust,entity,{}
91 509 510 630,entity,{}
the trustee for link workforce trust,entity,{}
57 554 027 585,entity,{}
https   modernslaveryregister gov au statements 17169,entity,{}
bridgestone mining solutions australia pty ltd,entity,{}
74 000 069 714,entity,{}
72 008 809 265,entity,{}
otraco international pty ltd,entity,{}
https   modernslaveryregister gov au statements 23974,entity,{}
vantage fuels pty ltd,entity,{}
24 151 023 040,entity,{}
https   modernslaveryregister gov au statements 2743,entity,{}
67 004 235 518,entity,{}
https   modernslaveryregister gov au statements 1351,entity,{}
wam capital limited,entity,{}
34 086 587 395,entity,{}
https   modernslaveryregister gov au statements 6701,entity,{}
ravensdown shipping services pty limited,entity,{}
37 149 142 807,entity,{}
2023 06 01 to 2024 05 31,entity,{}
https   modernslaveryregister gov au statements 22027,entity,{}
celsus holding pty ltd,entity,{}
81 147 871 369,entity,{}
celsus pty ltd,entity,{}
49 147 871 172,entity,{}
https   modernslaveryregister gov au statements 26317,entity,{}
lifeflight australia limited,entity,{}
45 010 316 462,entity,{}
aeromed qld pty ltd,entity,{}
lifeflight commercial limited,entity,{}
lifeflight foundation ltd,entity,{}
lifeflight retrieval medicine limited,entity,{}
https   modernslaveryregister gov au statements 20505,entity,{}
joy global australia holding company pty ltd,entity,{}
70 059 870 058,entity,{}
joy global australia pty ltd,entity,{}
58 000 049 392,entity,{}
2020 04 01 to 2021 03 30,entity,{}
https   modernslaveryregister gov au statements 5783,entity,{}
the village building co  limited,entity,{}
97 056 509 025,entity,{}
https   modernslaveryregister gov au statements 11318,entity,{}
beca pty  ltd,entity,{}
85 004 974 341,entity,{}
beca consultants pty ltd,entity,{}
45 003 431 089,entity,{}
hunter h2o holdings pty limited,entity,{}
16 602 201 552,entity,{}
construction  civil engineering and building products professional and administrative services and supplies  including legal  consulting and accounting services,entity,{}
https   modernslaveryregister gov au statements 19544,entity,{}
copperstring 2 0 electricity transmission corporation pty ltd,entity,{}
harold street holdings pty ltd,entity,{}
powerlink transmission services pty ltd,entity,{}
queensland capacity network pty ltd,entity,{}
https   modernslaveryregister gov au statements 25231,entity,{}
blackhawk network  australia  pty ltd,entity,{}
84 123 251 703,entity,{}
digital glue australia pty ltd,entity,{}
36 127 466 899,entity,{}
digital glue international pty ltd,entity,{}
61 612 842 805,entity,{}
digital glue pty ltd,entity,{}
41 126 643 007,entity,{}
edge loyalty systems pty ltd,entity,{}
96 138 299 288,entity,{}
https   modernslaveryregister gov au statements 23219,entity,{}
danisco australia pty ltd,entity,{}
62 096 139 392,entity,{}
international flavours   fragrances  australia  pty ltd,entity,{}
77 004 269 658,entity,{}
kelp industries pty  ltd,entity,{}
92 009 502 256,entity,{}
nutrition   biosciences australia pty ltd,entity,{}
59 000 716 469,entity,{}
southern cross botanicals pty ltd,entity,{}
91 087 059 854,entity,{}
https   modernslaveryregister gov au statements 12712,entity,{}
heath newton family trust,entity,{}
56 211 021 320,entity,{}
https   modernslaveryregister gov au statements 19265,entity,{}
plan group holdings pty ltd,entity,{}
47 658 624 849,entity,{}
plan group pty ltd,entity,{}
67 160 102 198,entity,{}
plan group  geelong  pty ltd,entity,{}
plan group  qld  pty ltd,entity,{}
https   modernslaveryregister gov au statements 24457,entity,{}
sell   parker pty ltd,entity,{}
98 000 101 315,entity,{}
waste management and recycling,entity,{}
allthread industries pty limited,entity,{}
battery recyclers pty ltd,entity,{}
first forge australia pty limited,entity,{}
oxycut operations pty ltd,entity,{}
sell   parker  international  pty ltd,entity,{}
sell   parker metal recycling services  nt  pty ltd,entity,{}
sell   parker metal recycling services  wa  pty ltd,entity,{}
sell   parker secure destruction pty ltd,entity,{}
https   modernslaveryregister gov au statements 16619,entity,{}
russell corp  australia pty  ltd,entity,{}
68 069 922 970,entity,{}
https   modernslaveryregister gov au statements 22630,entity,{}
collgar wind farm pty ltd,entity,{}
1210,entity,{}
cwf holdings pty ltd,entity,{}
https   modernslaveryregister gov au statements 13832,entity,{}
obayashi corporation,entity,{}
86 002 932 756,entity,{}
japan,entity,{}
https   modernslaveryregister gov au statements 5481,entity,{}
gme pty ltd,entity,{}
93 000 346 814,entity,{}
https   modernslaveryregister gov au statements 17100,entity,{}
the goddard trust,entity,{}
39 005 794 108,entity,{}
fashion  textiles  apparel and luxury goods other,entity,{}
https   modernslaveryregister gov au statements 21730,entity,{}
parramatta leagues  club ltd,entity,{}
52 000 218 655,entity,{}
2021 11 01 to 2022 10 31,entity,{}
https   modernslaveryregister gov au statements 12706,entity,{}
d t gilbert   s nickless   w r spain,entity,{}
88 775 098 848,entity,{}
g t capital services pty ltd,entity,{}
46 068 298 448,entity,{}
g   t consultants pty  ltd,entity,{}
g   t premises pty  limited,entity,{}
64 091 984 922,entity,{}
the trustee for gilbert and tobin foundation,entity,{}
96 679 503 419,entity,{}
the trustee for g t legaltech solutions unit trust,entity,{}
64 876 640 692,entity,{}
the trustee for g t professional service unit trust,entity,{}
96 431 953 017,entity,{}
the trustee for g   t service trust,entity,{}
77 458 970 098,entity,{}
the trustee for g t tax agent unit trust,entity,{}
95 332 013 597,entity,{}
https   modernslaveryregister gov au statements 16064,entity,{}
downer edi limited,entity,{}
97 003 872 848,entity,{}
cleaning and security services,entity,{}
https   modernslaveryregister gov au statements 19903,entity,{}
martinus rail pty ltd,entity,{}
90 117 147 645,entity,{}
https   modernslaveryregister gov au statements 24049,entity,{}
camp australia proprietary limited,entity,{}
96 060 703 120,entity,{}
education and training,entity,{}
https   modernslaveryregister gov au statements 27579,entity,{}
qgif taylor holdco pty ltd,entity,{}
55 635 867 999,entity,{}
perkins lady jan pty  ltd,entity,{}
perkins maritime pty  ltd,entity,{}
qgif taylor bidco pty ltd,entity,{}
sea swift  finance  pty  limited,entity,{}
sea swift  holdings  pty  limited,entity,{}
sea swift  nt  pty ltd,entity,{}
sea swift pty  ltd,entity,{}
https   modernslaveryregister gov au statements 25891,entity,{}
allied world assurance company  ltd,entity,{}
54 163 304 907,entity,{}
bermuda,entity,{}
https   modernslaveryregister gov au statements 18455,entity,{}
boehringer ingelheim animal health australia holding pty  ltd,entity,{}
74 623 185 311,entity,{}
boehringer ingelheim pty ltd,entity,{}
52 000 452 308,entity,{}
boehringer ingelheim animal health australia pty  ltd,entity,{}
53 071 187 285,entity,{}
https   modernslaveryregister gov au statements 22415,entity,{}
chevron australia holdings pty ltd,entity,{}
60 098 079 344,entity,{}
chevron australia pty ltd,entity,{}
29 086 197 757,entity,{}
chevron  tapl  pty ltd,entity,{}
18 081 647 047,entity,{}
https   modernslaveryregister gov au statements 8961,entity,{}
2020 09 01 to 2021 08 31,entity,{}
https   modernslaveryregister gov au statements 7928,entity,{}
honda australia pty  ltd,entity,{}
66 004 759 611,entity,{}
https   modernslaveryregister gov au statements 1007,entity,{}
de bortoli wines pty limited,entity,{}
77 000 146 672,entity,{}
https   modernslaveryregister gov au statements 11950,entity,{}
l3harris communications australia pty ltd,entity,{}
88 054 982 151,entity,{}
https   modernslaveryregister gov au statements 22567,entity,{}
xero australia pty limited,entity,{}
89 124 215 247,entity,{}
https   modernslaveryregister gov au statements 24188,entity,{}
australian clinical labs limited,entity,{}
3441,entity,{}
clinical laboratories pty ltd,entity,{}
clinical laboratories  wa  pty ltd,entity,{}
acl finco pty ltd,entity,{}
acl midco pty ltd,entity,{}
ausskin cancer clinics pty ltd,entity,{}
bolton street cancer clinic pty ltd,entity,{}
dermpath ai pty ltd,entity,{}
gosford scc pty ltd,entity,{}
southern skin cancer clinic pty ltd,entity,{}
southern sun healthcare pty ltd,entity,{}
southern sun pathology  helix  pty ltd,entity,{}
southern sun pathology pty ltd,entity,{}
southern sun practices pty ltd,entity,{}
sundoctors burleigh heads pty ltd,entity,{}
sundoctors byron bay pty ltd,entity,{}
sundoctors coffs harbour  southern cross  pty ltd,entity,{}
sundoctors kalowen pty ltd,entity,{}
sundoctors nelson bay pty ltd,entity,{}
sundoctors novocastrian pty ltd,entity,{}
sundoctors pottsville pty ltd,entity,{}
sundoctors taree pty ltd,entity,{}
wollongong scc pty ltd,entity,{}
wscc healthcare pty ltd,entity,{}
https   modernslaveryregister gov au statements 26010,entity,{}
key assets the children s services provider  australia  limited,entity,{}
47 140 180 169,entity,{}
https   modernslaveryregister gov au statements 26857,entity,{}
united rentals asia pacific holdings pty ltd,entity,{}
28 620 127 791,entity,{}
united rentals australia pty ltd,entity,{}
38 069 244 417,entity,{}
united rentals u s  australasaia holdings  inc,entity,{}
14 662 750 398,entity,{}
shore assets pty  limited,entity,{}
80 161 389 886,entity,{}
shore hire group pty ltd,entity,{}
54 129 593 102,entity,{}
shore hire pty ltd,entity,{}
54 617 424 512,entity,{}
shore sales pty limited,entity,{}
40 144 933 693,entity,{}
shore train pty ltd,entity,{}
rental  hiring and real estate services,entity,{}
https   modernslaveryregister gov au statements 23710,entity,{}
ausco holdings pty limited,entity,{}
13 150 795 547,entity,{}
2021 01 01 to 2021 12 30,entity,{}
https   modernslaveryregister gov au statements 9448,entity,{}
modern slavery statement 2022 1162,entity,{}
trajan group holdings limited,entity,{}
axel semrau gmbh   co  kg,entity,{}
biopsy solutions pty ltd,entity,{}
chromatography research supplies  inc,entity,{}
grale scientific pty ltd,entity,{}
neoteryx llc,entity,{}
scientific glass manufacturing  u k  ltd,entity,{}
trajan accelerator pty ltd,entity,{}
trajan nutrition pty ltd,entity,{}
trajan scientific and medical pty ltd,entity,{}
trajan scientific australia pty ltd,entity,{}
trajan scientific americas inc,entity,{}
trajan scientific europe ltd,entity,{}
trajan scientific germany gmbh,entity,{}
trajan scientific germany holdings gmbh,entity,{}
trajan scientific germany property gmbh,entity,{}
trajan scientific japan inc,entity,{}
trajan scientific malaysia sdn bhd,entity,{}
trajan scientific switzerland sarl,entity,{}
https   modernslaveryregister gov au statements 15943,entity,{}
mcpherson s limited,entity,{}
98 004 068 419,entity,{}
https   modernslaveryregister gov au statements 10595,entity,{}
abergeldie holdings pty limited,entity,{}
76 126 110 594,entity,{}
abergeldie complex infrastructure pty ltd,entity,{}
abergeldie constructions pty limited,entity,{}
abergeldie contractors pty limited,entity,{}
abergeldie energy pty ltd,entity,{}
abergeldie personnel pty ltd,entity,{}
abergeldie pipeline renewals pty ltd,entity,{}
abergeldie plant pty ltd,entity,{}
abergeldie rail pty ltd,entity,{}
abergeldie structural fabrications pty ltd,entity,{}
abergeldie underground pty ltd,entity,{}
https   modernslaveryregister gov au statements 18481,entity,{}
h   r block limited,entity,{}
89 064 268 800,entity,{}
https   modernslaveryregister gov au statements 15640,entity,{}
queensland country bank limited,entity,{}
77 087 651 027,entity,{}
queensland country health fund ltd,entity,{}
18 085 048 237,entity,{}
https   modernslaveryregister gov au statements 5906,entity,{}
the trustee for arlec unit trust,entity,{}
59 399 836 281,entity,{}
https   modernslaveryregister gov au statements 18866,entity,{}
baillie gifford overseas,entity,{}
2021 04 06 to 2022 04 05,entity,{}
2022 1396,entity,{}
https   modernslaveryregister gov au statements 9703,entity,{}
ispt core fund,entity,{}
https   modernslaveryregister gov au statements 261,entity,{}
graincorp commodity management  holdings  pty ltd,entity,{}
32 000 013 123,entity,{}
graincorp commodity management pty ltd,entity,{}
73 107 971 095,entity,{}
graincorp foods australia pty ltd,entity,{}
81 160 258 677,entity,{}
graincorp limited,entity,{}
60 057 186 035,entity,{}
graincorp oilseeds pty ltd,entity,{}
79 006 772 578,entity,{}
graincorp oils holdings pty ltd,entity,{}
53 160 256 057,entity,{}
graincorp operations limited,entity,{}
52 003 875 401,entity,{}
graincorp services limited,entity,{}
17 050 099 146,entity,{}
food and beverages  agriculture and fishing transportation  logistics  and storage,entity,{}
https   modernslaveryregister gov au statements 6519,entity,{}
bridgehead proprietary limited,entity,{}
23 006 082 515,entity,{}
the trustee for the gandel group family trust,entity,{}
33 786 200 165,entity,{}
https   modernslaveryregister gov au statements 2250,entity,{}
associated retailers limited,entity,{}
42 004 520 030,entity,{}
retail trade,entity,{}
https   modernslaveryregister gov au statements 26654,entity,{}
competitive foods australia pty ltd,entity,{}
48 010 542 908,entity,{}
https   modernslaveryregister gov au statements 16246,entity,{}
rip curl group pty ltd,entity,{}
52 068 999 520,entity,{}
https   modernslaveryregister gov au statements 1172,entity,{}
marquis marketing pty ltd,entity,{}
76 147 689 987,entity,{}
https   modernslaveryregister gov au statements 6723,entity,{}
miki shoko co   ltd,entity,{}
2021 2644,entity,{}
2020 03 01 to 2021 02 28,entity,{}
https   modernslaveryregister gov au statements 5421,entity,{}
resolute mining limited,entity,{}
39 097 088 689,entity,{}
https   modernslaveryregister gov au statements 5169,entity,{}
quiksilver australia pty ltd,entity,{}
20 091 136 195,entity,{}
https   modernslaveryregister gov au statements 12533,entity,{}
united facility group pty ltd,entity,{}
88 098 298 170,entity,{}
https   modernslaveryregister gov au statements 14483,entity,{}
altora ag holdco pty ltd,entity,{}
29 630 396 619,entity,{}
altora ag db pty ltd,entity,{}
25 614 043 873,entity,{}
altora ag pty ltd,entity,{}
35 003 514 421,entity,{}
altora ag services pty ltd,entity,{}
82 630 396 468,entity,{}
ecl solutions pty  ltd,entity,{}
89 122 823 241,entity,{}
https   modernslaveryregister gov au statements 7099,entity,{}
goldlinq holdings pty ltd,entity,{}
goldlinq 3 holdings pty ltd,entity,{}
goldlinq 3 pty ltd,entity,{}
13 644 235 781,entity,{}
56 644 248 993,entity,{}
https   modernslaveryregister gov au statements 18275,entity,{}
north queensland airports no  1  mackay  pty limited,entity,{}
3258,entity,{}
north queensland airports no  2  mackay  pty limited,entity,{}
other services transport  postal and warehousing,entity,{}
https   modernslaveryregister gov au statements 26273,entity,{}
crown equipment pty  limited,entity,{}
crown lift trucks australia pty  limited,entity,{}
https   modernslaveryregister gov au statements 24752,entity,{}
ck bidco pty  ltd,entity,{}
ck holdco pty  ltd,entity,{}
culture kings brisbane pty ltd,entity,{}
culture kings gold coast pty ltd,entity,{}
culture kings group pty ltd,entity,{}
culture kings melbourne pty ltd,entity,{}
culture kings perth pty ltd,entity,{}
culture kings sydney pty ltd,entity,{}
culture kings nz limited,entity,{}
culture kings pty ltd,entity,{}
dxxm life ip pty ltd,entity,{}
pyra ip pty ltd,entity,{}
tf apparel pty ltd,entity,{}
tf intellectual property pty ltd,entity,{}
tf ip investments pty ltd,entity,{}
7909157,entity,{}
https   modernslaveryregister gov au statements 13626,entity,{}
cairnton holdings pty limited,entity,{}
79 008 394 134,entity,{}
castwo pty ltd,entity,{}
91 084 494 520,entity,{}
cavalane holdings pty limited,entity,{}
20 080 695 754,entity,{}
consolidated press  finance  pty ltd,entity,{}
22 001 557 035,entity,{}
cph crown holdings pty limited,entity,{}
25 603 296 804,entity,{}
cph zhaopin i pty limited,entity,{}
95 603 298 344,entity,{}
hoyts cinemas america  aus  limited,entity,{}
nil,entity,{}
wilbur holdings aus  pty limited,entity,{}
https   modernslaveryregister gov au statements 12041,entity,{}
tabcorp holdings limited,entity,{}
66 063 780 709,entity,{}
maxgaming holdings pty ltd,entity,{}
86 079 909 541,entity,{}
sky channel pty  ltd,entity,{}
77 009 136 010,entity,{}
tabcorp assets pty ltd,entity,{}
73 064 303 920,entity,{}
tabcorp finance pty ltd,entity,{}
74 108 197 084,entity,{}
tabcorp international no  4 pty ltd,entity,{}
41 146 788 614,entity,{}
tabcorp international pty ltd,entity,{}
26 006 574 652,entity,{}
tabcorp maxgaming holdings limited,entity,{}
19 108 686 040,entity,{}
tabcorp wagering participant  vic  pty ltd,entity,{}
59 154 418 489,entity,{}
tabcorp wagering  vic  pty ltd,entity,{}
37 134 587 107,entity,{}
tab limited,entity,{}
17 081 765 308,entity,{}
ubet qld limited,entity,{}
84 085 691 738,entity,{}
https   modernslaveryregister gov au statements 15503,entity,{}
defence bank limited,entity,{}
57 087 651 385,entity,{}
dbl funding trust no  1,entity,{}
https   modernslaveryregister gov au statements 20060,entity,{}
pepper group pty limited,entity,{}
55 094 317 665,entity,{}
https   modernslaveryregister gov au statements 3537,entity,{}
drake supermarkets pty ltd,entity,{}
57 109 544 416,entity,{}
https   modernslaveryregister gov au statements 16744,entity,{}
taylor corporation pty ltd,entity,{}
40 146 589 344,entity,{}
post office bondi pty ltd,entity,{}
16 618 420 652,entity,{}
taylor construction group pty ltd,entity,{}
25 067 428 344,entity,{}
taylor developments group pty ltd,entity,{}
30 096 851 697,entity,{}
taylor kingsway pty ltd,entity,{}
24 604 293 030,entity,{}
https   modernslaveryregister gov au statements 19943,entity,{}
brennan vdi pty ltd,entity,{}
38 125 976 007,entity,{}
https   modernslaveryregister gov au statements 11622,entity,{}
underground construction alliance pty ltd,entity,{}
https   modernslaveryregister gov au statements 19851,entity,{}
enett international  singapore  pte ltd,entity,{}
https   modernslaveryregister gov au statements 14601,entity,{}
modern slavery statement 2023 1812,entity,{}
uniting  nsw act,entity,{}
78 722 539 923,entity,{}
https   modernslaveryregister gov au statements 7742,entity,{}
tri star australia holding company,entity,{}
65 109 075 078,entity,{}
tri star e p pty ltd,entity,{}
79 629 728 605,entity,{}
https   modernslaveryregister gov au statements 13086,entity,{}
citywide service solutions pty ltd,entity,{}
94 066 960 085,entity,{}
https   modernslaveryregister gov au statements 7107,entity,{}
north queensland export terminal holdings pty ltd,entity,{}
17 154 644 685,entity,{}
north queensland export terminal pty ltd,entity,{}
93 149 298 206,entity,{}
https   modernslaveryregister gov au statements 24672,entity,{}
austin health,entity,{}
96 237 388 063,entity,{}
https   modernslaveryregister gov au statements 7016,entity,{}
foghorn holdings pty ltd,entity,{}
87 122 558 874,entity,{}
macpac group holdings pty ltd,entity,{}
00 638 577 625,entity,{}
macpac holdings pty ltd,entity,{}
22 609 407 436,entity,{}
macpac retail pty  ltd,entity,{}
98 129 716 025,entity,{}
mp finco pty limited,entity,{}
97 634 448 598,entity,{}
rebel group limited,entity,{}
97 110 006 678,entity,{}
rebel sport limited,entity,{}
78 003 283 823,entity,{}
srg leisure retail pty ltd,entity,{}
51 110 667 411,entity,{}
super cheap auto pty ltd,entity,{}
64 085 395 124,entity,{}
super retail group limited,entity,{}
81 108 676 204,entity,{}
2021 06 27 to 2022 07 02,entity,{}
automotive  machinery and heavy electrical equipment durable consumer goods  including electronics and appliances  home furnishings and other accessories fashion  textiles  apparel and luxury goods other,entity,{}
https   modernslaveryregister gov au statements 10722,entity,{}
tad holdco pty ltd,entity,{}
trip a deal holdings pty ltd,entity,{}
trip a deal pty ltd,entity,{}
phone a flight pty ltd,entity,{}
https   modernslaveryregister gov au statements 20953,entity,{}
australian defence apparel pty ltd,entity,{}
67 006 898 906,entity,{}
2019 06 01 to 2020 05 31,entity,{}
https   modernslaveryregister gov au statements 1509,entity,{}
aapc limited,entity,{}
87 009 175 820,entity,{}
aapc properties pty limited,entity,{}
17 065 560 885,entity,{}
accor australia   new zealand hospitality pty limited,entity,{}
74 002 462 017,entity,{}
saville hotel group pty ltd,entity,{}
33 002 563 920,entity,{}
esco australia holdings pty limited,entity,{}
14 140 443 223,entity,{}
esco dunedin pty limited,entity,{}
esco group holdings pty limited,entity,{}
esco northgate pty limited,entity,{}
esco engineering pty limited,entity,{}
esco engineering kingaroy pty limited,entity,{}
https   modernslaveryregister gov au statements 18582,entity,{}
holcim participations  australia  pty ltd,entity,{}
46 122 401 405,entity,{}
broadway   frame premix concrete pty ltd,entity,{}
76 106 469 363,entity,{}
excel concrete pty ltd,entity,{}
74 010 891 773,entity,{}
holcim  australia  holdings pty ltd,entity,{}
53 003 433 118,entity,{}
holcim  australia  pty ltd,entity,{}
87 099 732 297,entity,{}
vic mix concrete pty ltd,entity,{}
https   modernslaveryregister gov au statements 18921,entity,{}
goodstone international pty ltd,entity,{}
36 070 661 460,entity,{}
integrated packaging group pty ltd,entity,{}
89 132 697 664,entity,{}
pro pac group pty limited,entity,{}
50 095 393 776,entity,{}
pro pac industrial group pty limited,entity,{}
32 104 805 361,entity,{}
pro pac packaging  aust  pty  limited,entity,{}
12 059 499 660,entity,{}
pro pac packaging limited,entity,{}
36 112 971 874,entity,{}
forestry  timber products  paper and containers and packaging other,entity,{}
https   modernslaveryregister gov au statements 2445,entity,{}
bissell australia pty ltd,entity,{}
29 125 769 422,entity,{}
bissell international trading company,entity,{}
https   modernslaveryregister gov au statements 4151,entity,{}
raytheon australia pty ltd,entity,{}
35 063 709 295,entity,{}
https   modernslaveryregister gov au statements 22715,entity,{}
richard crookes constructions pty  limited,entity,{}
33 001 375 266,entity,{}
https   modernslaveryregister gov au statements 26067,entity,{}
bt australasia pty limited,entity,{}
93 003 050 146,entity,{}
https   modernslaveryregister gov au statements 41,entity,{}
sydney fish market pty ltd,entity,{}
24 064 254 306,entity,{}
https   modernslaveryregister gov au statements 2340,entity,{}
indigenous business australia,entity,{}
25 192 932 833,entity,{}
https   modernslaveryregister gov au statements 10714,entity,{}
adobe systems pty ltd,entity,{}
72 054 247 835,entity,{}
2020 11 28 to 2021 12 03,entity,{}
https   modernslaveryregister gov au statements 8396,entity,{}
pepsico foods group pty ltd,entity,{}
71 122 527 137,entity,{}
the smith s snackfood company pty limited,entity,{}
31 057 976 940,entity,{}
pepsico anz holdings pty ltd,entity,{}
56 610 084 716,entity,{}
pepsico australia holdings pty limited,entity,{}
25 079 719 743,entity,{}
quaker oats australia pty ltd,entity,{}
73 065 540 865,entity,{}
sakata rice snacks australia pty ltd,entity,{}
94 064 157 026,entity,{}
https   modernslaveryregister gov au statements 22841,entity,{}
arena reit limited,entity,{}
89 602 365 186,entity,{}
https   modernslaveryregister gov au statements 10116,entity,{}
tesla motors australia  pty ltd,entity,{}
68 142 889 816,entity,{}
https   modernslaveryregister gov au statements 13904,entity,{}
bookitja pty ltd,entity,{}
iba northam solar pty ltd,entity,{}
crocodile hotel pty ltd,entity,{}
darwin hotel partnership,entity,{}
iba funds,entity,{}
iba retail asset management pty ltd,entity,{}
ikara wilpena enterprises pty ltd,entity,{}
kakadu tourism  glc  pty limited,entity,{}
marlba maya pty limited,entity,{}
tennant food barn,entity,{}
https   modernslaveryregister gov au statements 15401,entity,{}
intervet australia pty limited,entity,{}
79 008 467 034,entity,{}
intervet schering plough animal health pty ltd,entity,{}
99 134 212 749,entity,{}
merck sharp   dohme  australia  pty ltd,entity,{}
14 000 173 508,entity,{}
merck sharp   dohme  holdings  pty ltd,entity,{}
57 000 235 245,entity,{}
organon pharma pty ltd,entity,{}
54 637 107 512,entity,{}
viralytics limited,entity,{}
12 010 657 351,entity,{}
https   modernslaveryregister gov au statements 5071,entity,{}
apple pty limited,entity,{}
46 002 510 054,entity,{}
durable consumer goods  including electronics and appliances  home furnishings and other accessories information technology and telecommunication,entity,{}
https   modernslaveryregister gov au statements 2475,entity,{}
bondi sands australia pty ltd,entity,{}
98 613 297 813,entity,{}
bondi sands hold co pty ltd,entity,{}
78 640 233 889,entity,{}
kao australia pty  limited,entity,{}
59 054 708 299,entity,{}
cosmetics and toiletries,entity,{}
https   modernslaveryregister gov au statements 18344,entity,{}
asgard capital management ltd,entity,{}
92 009 279 592,entity,{}
asgard wealth solutions ltd,entity,{}
28 009 143 597,entity,{}
bt financial group pty limited,entity,{}
38 087 480 331,entity,{}
bt funds management limited,entity,{}
63 002 916 458,entity,{}
bt portfolio services ltd,entity,{}
73 095 055 208,entity,{}
capital finance australia limited,entity,{}
23 069 663 136,entity,{}
rams financial group pty limited,entity,{}
30 105 207 538,entity,{}
the trustee for crusade trust no 2p of 2008,entity,{}
54 656 327 299,entity,{}
the trustee for series 2008 1m wst trust,entity,{}
55 776 534 334,entity,{}
the trustee for the westpac covered bond trust,entity,{}
41 372 138 093,entity,{}
westpac banking corporation,entity,{}
33 007 457 141,entity,{}
westpac equity holdings pty ltd,entity,{}
77 003 018 559,entity,{}
westpac financial services group ltd,entity,{}
50 000 326 312,entity,{}
westpac general insurance limited,entity,{}
99 003 719 319,entity,{}
westpac general insurance services limited,entity,{}
63 005 274 368,entity,{}
westpac lenders mortgage insurance limited,entity,{}
60 074 042 934,entity,{}
westpac life insurance services limited,entity,{}
31 003 149 157,entity,{}
westpac overseas holdings pty ltd,entity,{}
64 003 116 452,entity,{}
westpac securitisation holdings pty limited,entity,{}
95 112 457 762,entity,{}
2019 10 01 to 2020 09 30,entity,{}
smrm holdings pty ltd,entity,{}
3717,entity,{}
https   modernslaveryregister gov au statements 26565,entity,{}
schenker australia pty ltd,entity,{}
https   modernslaveryregister gov au statements 18551,entity,{}
arnott s biscuits limited,entity,{}
44 008 435 729,entity,{}
arnott s holdco pty ltd,entity,{}
80 007 245 105,entity,{}
arnotts pty ltd,entity,{}
41 000 003 001,entity,{}
campbell australasia pty ltd,entity,{}
28 004 456 937,entity,{}
chesapeake bidco pty limited,entity,{}
50 635 108 851,entity,{}
chesapeake holdco pty limited,entity,{}
17 635 109 081,entity,{}
snacking investments bidco pty limited,entity,{}
18 634 909 032,entity,{}
snacking investments holdco pty limited,entity,{}
64 634 908 482,entity,{}
snacking investments mezzco pty ltd,entity,{}
snacking investments midco pty ltd,entity,{}
2019 07 29 to 2020 08 02,entity,{}
mcdonald jones homes pty ltd,entity,{}
59 089 524 050,entity,{}
mcdonald jones homes  sydney  pty ltd,entity,{}
65 135 576 680,entity,{}
mojo homes pty limited,entity,{}
31 166 754 696,entity,{}
https   modernslaveryregister gov au statements 2080,entity,{}
turner   townsend pty ltd,entity,{}
84 115 688 830,entity,{}
2020 12 31 to 2021 06 30,entity,{}
https   modernslaveryregister gov au statements 8673,entity,{}
audika australia pty ltd,entity,{}
40 061 969 006,entity,{}
demand australia pty ltd,entity,{}
11 636 246 305,entity,{}
https   modernslaveryregister gov au statements 8711,entity,{}
sekuro pty ltd,entity,{}
14 648 798 618,entity,{}
information technology and telecommunication  professional and administrative services and supplies  including legal  consulting and accounting services,entity,{}
cxo security pty limited,entity,{}
naviro holdings pty ltd,entity,{}
naviro payroll pty  ltd,entity,{}
naviro pty ltd,entity,{}
privasec pty  ltd,entity,{}
sekuro operations pty ltd,entity,{}
solista pty  ltd,entity,{}
solista  victoria  pty ltd,entity,{}
https   modernslaveryregister gov au statements 17125,entity,{}
fluor australia pty ltd,entity,{}
https   modernslaveryregister gov au statements 17865,entity,{}
the trustee for eric alpha aup trust 1   others,entity,{}
30 179 420 673,entity,{}
utilities  gas  water and electricity construction  civil engineering and building products,entity,{}
https   modernslaveryregister gov au statements 7315,entity,{}
james hardie australia pty ltd,entity,{}
12 084 635 558,entity,{}
rci holdings pty ltd,entity,{}
55 101 671 121,entity,{}
https   modernslaveryregister gov au statements 5747,entity,{}
tivoli investments pty ltd,entity,{}
90 165 718 070,entity,{}
harvest freshcuts pty ltd,entity,{}
inguz harvest pty ltd,entity,{}
vegco pty ltd,entity,{}
https   modernslaveryregister gov au statements 22460,entity,{}
newell australia pty limited,entity,{}
68 075 071 233,entity,{}
sunbeam corporation pty ltd,entity,{}
45 000 006 771,entity,{}
https   modernslaveryregister gov au statements 8389,entity,{}
https   modernslaveryregister gov au statements 15969,entity,{}
brickworks ltd,entity,{}
17 000 028 526,entity,{}
nubrik pty ltd,entity,{}
59 004 028 559,entity,{}
the austral brick co pty ltd,entity,{}
52 000 005 550,entity,{}
brickworks supply llc  glen gery corporation  nubrik pty ltd   the austral brick co pty ltd,entity,{}
brickworks supply llc,entity,{}
brickworks ltd  glen gery corporation  nubrik pty ltd   the austral brick co pty ltd,entity,{}
glen gery corporation,entity,{}
brickworks ltd  brickworks supply llc  nubrik pty ltd   the austral brick co pty ltd,entity,{}
brickworks ltd  brickworks supply llc  glen gery corporation   the austral brick co pty ltd,entity,{}
brickworks ltd  brickworks supply llc  glen gery corporation  nubrik pty ltd,entity,{}
2023 08 01 to 2024 07 31,entity,{}
https   modernslaveryregister gov au statements 19981,entity,{}
pacific smiles group limited,entity,{}
42 103 087 449,entity,{}
dental assistant training solutions pty limited,entity,{}
dentist smiles group pty limited,entity,{}
everything dentures pty ltd,entity,{}
pacific eyes pty limited,entity,{}
https   modernslaveryregister gov au statements 21839,entity,{}
atco gas australia networks pty ltd,entity,{}
24 659 123 636,entity,{}
atco structures   logistics pty ltd,entity,{}
71 083 902 309,entity,{}
australia  canada,entity,{}
https   modernslaveryregister gov au statements 13971,entity,{}
j n abrahams   others,entity,{}
32 720 868 049,entity,{}
norton rose fulbright australia services pty ltd,entity,{}
51 091 227 486,entity,{}
https   modernslaveryregister gov au statements 10776,entity,{}
australian rail track corporation limited,entity,{}
75 081 455 754,entity,{}
inland rail pty ltd,entity,{}
73 094 819 520,entity,{}
https   modernslaveryregister gov au statements 20455,entity,{}
harvey norman holdings ltd,entity,{}
2023 3431,entity,{}
media  publishing  arts and entertainment other,entity,{}
derni pty limited,entity,{}
generic publications pty limited,entity,{}
yoogalu pty limited,entity,{}
https   modernslaveryregister gov au statements 21393,entity,{}
bx bunka australia,entity,{}
arco  qld  pty ltd,entity,{}
doorworks australia pty ltd,entity,{}
max door solutions pty ltd,entity,{}
misiv pty ltd,entity,{}
sprint roller shutters pty ltd,entity,{}
steel line garage doors australia pty ltd,entity,{}
steel line garage doors  wa  pty ltd,entity,{}
https   modernslaveryregister gov au statements 17366,entity,{}
dymocks holdings pty ltd,entity,{}
59 008 453 110,entity,{}
https   modernslaveryregister gov au statements 6979,entity,{}
liberty mutual insurance company,entity,{}
61 086 083 605,entity,{}
https   modernslaveryregister gov au statements 23424,entity,{}
access software australia pty ltd,entity,{}
40 071 007 326,entity,{}
https   modernslaveryregister gov au statements 19134,entity,{}
the trustee for australian prime property fund commercial,entity,{}
55 197 181 326,entity,{}
https   modernslaveryregister gov au statements 7405,entity,{}
bain international inc,entity,{}
29 003 850 619,entity,{}
https   modernslaveryregister gov au statements 5639,entity,{}
returned   services league of australia  queensland branch,entity,{}
79 902 601 713,entity,{}
https   modernslaveryregister gov au statements 17847,entity,{}
evolve scientific recruitment pty ltd,entity,{}
59 142 104 783,entity,{}
nes fircroft australia pty ltd,entity,{}
58 100 091 245,entity,{}
nes global pty limited,entity,{}
14 130 240 452,entity,{}
2023 11 01 to 2024 10 31,entity,{}
https   modernslaveryregister gov au statements 22251,entity,{}
hannover rueck se,entity,{}
88 002 927 031,entity,{}
https   modernslaveryregister gov au statements 22057,entity,{}
latitude finance australia,entity,{}
42 008 583 588,entity,{}
the trustee for latitude australia credit card master trust,entity,{}
50 549 133 761,entity,{}
https   modernslaveryregister gov au statements 13173,entity,{}
aesthetics australia finance pty ltd,entity,{}
15 621 040 533,entity,{}
aesthetics australia group pty ltd,entity,{}
40 621 040 640,entity,{}
aesthetics australia holdings pty ltd,entity,{}
45 621 040 220,entity,{}
aesthetics australia services pty ltd,entity,{}
81 621 040 435,entity,{}
cosmetics and toiletries consumer services  including accommodation  hospitality  tourism and leisure,entity,{}
cofco international australia pty ltd,entity,{}
25 001 069 423,entity,{}
https   modernslaveryregister gov au statements 8767,entity,{}
idlelow pty  ltd,entity,{}
21 010 727 483,entity,{}
rinkglen pty  ltd,entity,{}
98 072 960 135,entity,{}
alliance auctions pty limited,entity,{}
grand motors group nsw pty ltd as trustee for the grand motors group   sydney unit trust,entity,{}
grand motors prestige pty  ltd,entity,{}
grand motors pty  ltd,entity,{}
isaclamittan pty ltd as trustee for the nsi trust,entity,{}
north shore bmw bodyshop pty ltd,entity,{}
ns auto group pty ltd as trustee for the north shore auto group unit trust,entity,{}
prestige motors  northshore  pty limited,entity,{}
randall family holdings pty limited,entity,{}
rgcars pty ltd,entity,{}
ryde automotive group pty ltd,entity,{}
https   modernslaveryregister gov au statements 15831,entity,{}
agryl holdings limited,entity,{}
61 005 968 178,entity,{}
medisup securities limited,entity,{}
13 090 761 523,entity,{}
nufarm australia limited,entity,{}
80 004 377 780,entity,{}
nufarm limited,entity,{}
37 091 323 312,entity,{}
nuseed global holdings pty ltd,entity,{}
36 623 104 950,entity,{}
nuseed international holdings pty ltd,entity,{}
30 623 104 987,entity,{}
2023 10 01 to 2024 09 30,entity,{}
croplands equipment pty ltd,entity,{}
nuseed nutritional australia pty ltd,entity,{}
nuseed proprietary limited,entity,{}
https   modernslaveryregister gov au statements 22188,entity,{}
mfs logistics pty limited,entity,{}
31 125 320 658,entity,{}
mondiale vgl pty ltd,entity,{}
68 002 433 267,entity,{}
plasia bidco pty ltd,entity,{}
69 646 091 796,entity,{}
plasia holdco pty ltd,entity,{}
97 646 084 184,entity,{}
united global logistics pty ltd,entity,{}
28 144 641 154,entity,{}
https   modernslaveryregister gov au statements 7468,entity,{}
https   modernslaveryregister gov au statements 9543,entity,{}
parametric portfolio associates llc,entity,{}
89 153 743 894,entity,{}
https   modernslaveryregister gov au statements 9576,entity,{}
suncorp group limited,entity,{}
66 145 290 124,entity,{}
https   modernslaveryregister gov au statements 6218,entity,{}
eml payments limited,entity,{}
93 104 757 904,entity,{}
ireland,entity,{}
https   modernslaveryregister gov au statements 12030,entity,{}
nokia solutions and networks australia pty ltd,entity,{}
74 122 172 365,entity,{}
australia  finland,entity,{}
https   modernslaveryregister gov au statements 23401,entity,{}
first sentier investors asia holdings limited,entity,{}
54 054 571 701,entity,{}
first sentier investors  australia  im ltd,entity,{}
89 114 194 311,entity,{}
first sentier investors  australia  infrastructure holdings ltd,entity,{}
20 085 313 926,entity,{}
first sentier investors  australia  re ltd,entity,{}
13 006 464 428,entity,{}
first sentier investors  australia  services pty ltd,entity,{}
73 624 305 595,entity,{}
first sentier investors holdings pty limited,entity,{}
49 630 725 558,entity,{}
first sentier investors rqi pty ltd,entity,{}
24 133 312 017,entity,{}
the trustee for global diversified infrastructure fund  active,entity,{}
73 751 308 908,entity,{}
the trustee for global diversified infrastructure fund  australia,entity,{}
93 463 968 874,entity,{}
https   modernslaveryregister gov au statements 22612,entity,{}
mindtree limited,entity,{}
24 125 171 155,entity,{}
india,entity,{}
https   modernslaveryregister gov au statements 5718,entity,{}
belmont property unit trust,entity,{}
89 947 149 231,entity,{}
https   modernslaveryregister gov au statements 21931,entity,{}
argo investments limited,entity,{}
35 007 519 520,entity,{}
https   modernslaveryregister gov au statements 9913,entity,{}
squadron wind energy assets pty ltd,entity,{}
https   modernslaveryregister gov au statements 25757,entity,{}
ralmana pty  ltd,entity,{}
93 009 149 106,entity,{}
https   modernslaveryregister gov au statements 9767,entity,{}
frequency infrastructure australia holdings pty ltd,entity,{}
27 136 262 952,entity,{}
https   modernslaveryregister gov au statements 7819,entity,{}
australian finance group ltd,entity,{}
11 066 385 822,entity,{}
australian finance group securities pty ltd,entity,{}
51 099 029 428,entity,{}
https   modernslaveryregister gov au statements 1847,entity,{}
the northcott society,entity,{}
87 302 064 152,entity,{}
creativity services limited,entity,{}
75 303 032 679,entity,{}
montrose therapy   respite services,entity,{}
59 009 661 705,entity,{}
northcott innovation limited,entity,{}
45 601 575 633,entity,{}
northcott supported living limited,entity,{}
65 619 339 098,entity,{}
spinecare foundation,entity,{}
98 003 427 272,entity,{}
https   modernslaveryregister gov au statements 20276,entity,{}
nbn co limited,entity,{}
86 136 533 741,entity,{}
https   modernslaveryregister gov au statements 6506,entity,{}
the trustee for cross yarra trust 1   the trustee for cross yarra trust 2   the trustee for cross yarra trust 3   the trustee for john holland  cy  trust,entity,{}
57 956 065 885,entity,{}
https   modernslaveryregister gov au statements 16314,entity,{}
west african resources ltd,entity,{}
70 121 539 375,entity,{}
channel resources  cayman i  ltd,entity,{}
channel resources  cayman ii  ltd,entity,{}
channel resources ltd,entity,{}
kiaka gold sarl,entity,{}
kiaka sa,entity,{}
societe des mines de sanbrado sa,entity,{}
tanlouka sarl,entity,{}
volta ii ltd,entity,{}
volta properties sarl,entity,{}
volta resources  cayman  inc,entity,{}
waf finance pty ltd,entity,{}
wura resources pty ltd sarl,entity,{}
west african resources development sarl,entity,{}
https   modernslaveryregister gov au statements 18226,entity,{}
jaybro group pty ltd,entity,{}
https   modernslaveryregister gov au statements 26728,entity,{}
wise australia pty ltd,entity,{}
38 616 463 855,entity,{}
https   modernslaveryregister gov au statements 19536,entity,{}
staff australia pty  ltd,entity,{}
60 151 668 549,entity,{}
https   modernslaveryregister gov au statements 10319,entity,{}
australia pacific lng csg marketing pty limited,entity,{}
72 008 750 945,entity,{}
australia pacific lng processing pty limited,entity,{}
43 141 937 948,entity,{}
australia pacific lng pty limited,entity,{}
68 001 646 331,entity,{}
australia pacific lng marketing pty limited,entity,{}
https   modernslaveryregister gov au statements 10721,entity,{}
north queensland primary healthcare network limited,entity,{}
35 605 757 640,entity,{}
https   modernslaveryregister gov au statements 26352,entity,{}
clayton utz,entity,{}
35 740 217 343,entity,{}
the trustee for the cu services trust,entity,{}
98 393 517 932,entity,{}
tonclay services trust,entity,{}
86 726 924 905,entity,{}
the trustee for the cu services trust and tonclay services trust,entity,{}
clayton utz and tonclay services trust,entity,{}
https   modernslaveryregister gov au statements 12187,entity,{}
samsung electronics australia pty ltd,entity,{}
63 002 915 648,entity,{}
https   modernslaveryregister gov au statements 14056,entity,{}
abn group pty ltd,entity,{}
68 608 225 458,entity,{}
https   modernslaveryregister gov au statements 1364,entity,{}
afgri australia pty ltd,entity,{}
14 103 619 067,entity,{}
afgri equipment australia pty ltd,entity,{}
52 008 686 002,entity,{}
australia  south africa,entity,{}
https   modernslaveryregister gov au statements 9836,entity,{}
cheras industries pty  ltd,entity,{}
45 009 674 677,entity,{}
contract glass   aluminium pty ltd,entity,{}
51 010 828 047,entity,{}
g james australia pty  ltd,entity,{}
47 010 823 542,entity,{}
g james engineering services pty ltd,entity,{}
91 057 404 485,entity,{}
g james extrusion co pty  ltd,entity,{}
95 010 828 234,entity,{}
g james glass   aluminium pty  ltd,entity,{}
23 010 828 369,entity,{}
g james glass   aluminium  qld  pty  ltd,entity,{}
53 010 828 056,entity,{}
g james  nz  limited,entity,{}
n a,entity,{}
g  james pty  ltd,entity,{}
25 009 696 404,entity,{}
g james remelt pty  ltd,entity,{}
38 056 371 076,entity,{}
g james safety glass pty ltd,entity,{}
86 001 230 039,entity,{}
g james safety glass  qld  pty  ltd,entity,{}
55 010 828 065,entity,{}
https   modernslaveryregister gov au statements 14575,entity,{}
https   modernslaveryregister gov au statements 1423,entity,{}
fosterville gold mine pty ltd,entity,{}
kirkland lake gold australia pty ltd,entity,{}
kirkland lake gold victoria holdings pty ltd,entity,{}
canada,entity,{}
nt mining operations pty ltd,entity,{}
https   modernslaveryregister gov au statements 17709,entity,{}
https   modernslaveryregister gov au statements 5727,entity,{}
infosys bpm limited,entity,{}
99 117 658 812,entity,{}
infosys management consulting pty ltd,entity,{}
41 105 094 193,entity,{}
infosys technologies limited,entity,{}
52 090 591 209,entity,{}
portland group pty ltd,entity,{}
48 086 842 597,entity,{}
simplus anz pty ltd,entity,{}
41 103 693 714,entity,{}
simplus australia pty  ltd,entity,{}
2022 04 01 to 2023 03 31,entity,{}
australia  india,entity,{}
https   modernslaveryregister gov au statements 19418,entity,{}
cps technology   infrastructure pty ltd,entity,{}
48 148 905 159,entity,{}
https   modernslaveryregister gov au statements 26070,entity,{}
mccain foods  aust  pty ltd,entity,{}
96 000 629 587,entity,{}
https   modernslaveryregister gov au statements 1658,entity,{}
outdoor supacentre pty ltd,entity,{}
30 609 212 624,entity,{}
adventure kings pty ltd,entity,{}
adventure kings rv pty ltd,entity,{}
global import corporation pty ltd,entity,{}
outdoor supacentre rv pty ltd,entity,{}
automotive  machinery and heavy electrical equipment durable consumer goods  including electronics and appliances  home furnishings and other accessories other,entity,{}
https   modernslaveryregister gov au statements 16050,entity,{}
saunders international limited,entity,{}
14 050 287 431,entity,{}
mining  metals  chemicals and resources  including oil and gas   construction  civil engineering and building products  defence and aerospace,entity,{}
saunders asset services pty limited,entity,{}
saunders automation pty ltd,entity,{}
saunders civilbuild pty ltd,entity,{}
saunders plantweave pty limited,entity,{}
saunders property  nsw  pty ltd,entity,{}
https   modernslaveryregister gov au statements 16699,entity,{}
wga group holdings pty ltd,entity,{}
86 649 953 980,entity,{}
inception consulting engineers pty ltd,entity,{}
inception group pty ltd,entity,{}
wgansw pty ltd,entity,{}
wganz pty ltd,entity,{}
wgaqld pty ltd,entity,{}
wgasa pty ltd,entity,{}
wga shared services pty ltd,entity,{}
wgavic pty ltd,entity,{}
wgawa pty ltd,entity,{}
https   modernslaveryregister gov au statements 15786,entity,{}
winc australia pty limited,entity,{}
94 000 728 398,entity,{}
forestry  timber products  paper and containers and packaging durable consumer goods  including electronics and appliances  home furnishings and other accessories other,entity,{}
https   modernslaveryregister gov au statements 4391,entity,{}
peoplecare health limited,entity,{}
95 087 648 753,entity,{}
https   modernslaveryregister gov au statements 15709,entity,{}
4 way suspension products pty ltd,entity,{}
46 003 121 604,entity,{}
aeroklas asia pacific group pty ltd,entity,{}
56 009 887 325,entity,{}
aeroklas australia pty  ltd,entity,{}
66 149 775 628,entity,{}
flexiglass challenge pty ltd,entity,{}
11 009 267 467,entity,{}
automotive  machinery and heavy electrical equipment durable consumer goods  including electronics and appliances  home furnishings and other accessories,entity,{}
https   modernslaveryregister gov au statements 12423,entity,{}
champion iron limited,entity,{}
34 119 770 142,entity,{}
https   modernslaveryregister gov au statements 10178,entity,{}
enett international  singapore  pte  ltd,entity,{}
00 161 362 661,entity,{}
https   modernslaveryregister gov au statements 10293,entity,{}
macfarlane burnet institute for medical research and public health ltd,entity,{}
49 007 349 984,entity,{}
education and research charitable   not for profit activities,entity,{}
https   modernslaveryregister gov au statements 9240,entity,{}
e    s  trading co   discounts  pty  ltd,entity,{}
71 007 449 265,entity,{}
jb hi fi  a  pty ltd,entity,{}
abn not provided,entity,{}
jb hi fi  b  pty ltd,entity,{}
jb hi fi group pty ltd,entity,{}
jb hi fi limited,entity,{}
muir investment unit trust,entity,{}
39 033 911 881,entity,{}
the good guys discount warehouses  australia  pty ltd,entity,{}
the good guys discount warehouses  australia  trust,entity,{}
96 821 962 838,entity,{}
https   modernslaveryregister gov au statements 26665,entity,{}
ansell limited,entity,{}
89 004 085 330,entity,{}
belgium,entity,{}
malaysia,entity,{}
healthcare and pharmaceuticals other,entity,{}
p  d  holdings pty  ltd,entity,{}
p d  international pty ltd,entity,{}
https   modernslaveryregister gov au statements 19396,entity,{}
air liquide australia limited,entity,{}
57 004 385 782,entity,{}
air liquide healthcare pty  ltd,entity,{}
41 002 653 045,entity,{}
https   modernslaveryregister gov au statements 23206,entity,{}
toga pty  ltd,entity,{}
construction  civil engineering and building products financial  insurance and real estate activities,entity,{}
robert edwards real estate pty ltd,entity,{}
toga constructions nsw pty limited,entity,{}
toga cranes pty limited,entity,{}
toga project services pty limited,entity,{}
https   modernslaveryregister gov au statements 21503,entity,{}
47 000 605 818,entity,{}
bearcat tyres pty ltd,entity,{}
92 085 854 520,entity,{}
fenner dunlop australia pty  ltd,entity,{}
23 080 570 574,entity,{}
hallite seals australia pty limited,entity,{}
91 000 484 953,entity,{}
klinge holdings pty ltd,entity,{}
69 087 237 518,entity,{}
michelin australia pty ltd,entity,{}
84 006 761 628,entity,{}
france  united kingdom,entity,{}
mining  metals  chemicals and resources  including oil and gas   automotive  machinery and heavy electrical equipment,entity,{}
https   modernslaveryregister gov au statements 18670,entity,{}
mader contracting pty ltd,entity,{}
36 114 021 537,entity,{}
mader group limited,entity,{}
51 159 340 397,entity,{}
mader queensland pty ltd,entity,{}
86 611 004 552,entity,{}
https   modernslaveryregister gov au statements 2777,entity,{}
https   modernslaveryregister gov au statements 10701,entity,{}
85 168 760 861,entity,{}
https   modernslaveryregister gov au statements 591,entity,{}
lb australia holdings pty ltd,entity,{}
96 165 597 482,entity,{}
entain group pty ltd,entity,{}
25 151 956 768,entity,{}
media  publishing  arts and entertainment,entity,{}
https   modernslaveryregister gov au statements 23514,entity,{}
barra steel  vic  pty ltd,entity,{}
81 092 043 653,entity,{}
https   modernslaveryregister gov au statements 19047,entity,{}
kone elevators pty ltd,entity,{}
47 000 142 423,entity,{}
kone elevators employee benefits pty  limited,entity,{}
https   modernslaveryregister gov au statements 18731,entity,{}
avant mutual group limited,entity,{}
58 123 154 898,entity,{}
https   modernslaveryregister gov au statements 15554,entity,{}
sompo japan insurance inc,entity,{}
31 000 837 801,entity,{}
https   modernslaveryregister gov au statements 13811,entity,{}
national tyre   wheel limited,entity,{}
97 095 843 020,entity,{}
https   modernslaveryregister gov au statements 7200,entity,{}
stanwell corporation limited,entity,{}
37 078 848 674,entity,{}
tec coal pty ltd,entity,{}
https   modernslaveryregister gov au statements 20671,entity,{}
australian aged care partners holdings pty ltd,entity,{}
20 162 265 983,entity,{}
https   modernslaveryregister gov au statements 1767,entity,{}
mercedes benz financial services australia pty ltd,entity,{}
73 074 134 517,entity,{}
https   modernslaveryregister gov au statements 9566,entity,{}
dentsply sirona pty limited,entity,{}
87 111 950 602,entity,{}
the trustee for byte au unit trust,entity,{}
68 476 361 935,entity,{}
https   modernslaveryregister gov au statements 23560,entity,{}
konica minolta business solutions australia pty ltd,entity,{}
50 001 065 096,entity,{}
manufacturing retail trade,entity,{}
https   modernslaveryregister gov au statements 24483,entity,{}
auscan holdings pty limited,entity,{}
https   modernslaveryregister gov au statements 14369,entity,{}
lamanna premier group pty ltd,entity,{}
87 004 843 556,entity,{}
https   modernslaveryregister gov au statements 3750,entity,{}
standard chartered bank,entity,{}
2024 1940,entity,{}
standard chartered grindlays pty ltd,entity,{}
https   modernslaveryregister gov au statements 19437,entity,{}
ventura moters proprietary limited,entity,{}
eastcoast truck   bus service centres pty ltd,entity,{}
invicta bus services pty  ltd,entity,{}
ivanhoe bus company proprietary limited,entity,{}
peninsula transit pty ltd,entity,{}
portsea passenger service pty limited,entity,{}
the trustee for moorabbin transit unit trust,entity,{}
the trustee for ventura bus lines as trustee for barrie warren unit trust,entity,{}
us bus lines unit trust,entity,{}
ventura transit pty ltd,entity,{}
ventura property management pty ltd,entity,{}
https   modernslaveryregister gov au statements 15330,entity,{}
suzuki australia pty ltd,entity,{}
https   modernslaveryregister gov au statements 27149,entity,{}
bmw australia finance limited,entity,{}
78 007 101 715,entity,{}
bmw australia ltd,entity,{}
11 004 675 129,entity,{}
automotive  machinery and heavy electrical equipment financial  insurance and real estate activities,entity,{}
bmw melbourne pty  limited,entity,{}
bmw sydney pty  limited,entity,{}
https   modernslaveryregister gov au statements 23752,entity,{}
independence australia group,entity,{}
80 973 805 243,entity,{}
healthcare and pharmaceuticals charitable   not for profit activities other,entity,{}
https   modernslaveryregister gov au statements 2264,entity,{}
smbc leasing and finance inc,entity,{}
88 327 596 442,entity,{}
https   modernslaveryregister gov au statements 5015,entity,{}
beston global food company limited,entity,{}
28 603 023 383,entity,{}
https   modernslaveryregister gov au statements 1494,entity,{}
snack brands industries pty ltd,entity,{}
63 054 045 662,entity,{}
https   modernslaveryregister gov au statements 14827,entity,{}
tf ip investment pty ltd,entity,{}
https   modernslaveryregister gov au statements 18248,entity,{}
https   modernslaveryregister gov au statements 15189,entity,{}
endava australia pty ltd,entity,{}
90 642 165 740,entity,{}
lexicon consolidated holdings pty ltd,entity,{}
34 642 106 358,entity,{}
mudbath   co pty  ltd,entity,{}
28 601 780 929,entity,{}
the trustee for lexicon digital trust,entity,{}
21 839 289 552,entity,{}
the trustee for the dek technologies unit trust,entity,{}
93 124 967 140,entity,{}
https   modernslaveryregister gov au statements 21656,entity,{}
megt  australia  ltd,entity,{}
85 006 266 280,entity,{}
https   modernslaveryregister gov au statements 11760,entity,{}
aristocrat global holdings pty ltd,entity,{}
95 605 116 783,entity,{}
aristocrat international pty ltd,entity,{}
46 000 148 158,entity,{}
aristocrat leisure limited,entity,{}
44 002 818 368,entity,{}
aristocrat technical services pty  limited,entity,{}
70 002 645 070,entity,{}
aristocrat technologies australia pty limited,entity,{}
22 001 660 715,entity,{}
aristocrat technology gaming systems pty limited,entity,{}
20 086 153 086,entity,{}
2024 10 01 to 2025 09 30,entity,{}
other services arts and recreation services,entity,{}
https   modernslaveryregister gov au statements 27633,entity,{}
tadano oceania pty ltd,entity,{}
84 142 236 995,entity,{}
australia  japan,entity,{}
https   modernslaveryregister gov au statements 23747,entity,{}
australian payments plus ltd,entity,{}
19 649 744 203,entity,{}
bpay group holding pty ltd,entity,{}
44 626 481 525,entity,{}
bpay group pty ltd,entity,{}
60 003 311 644,entity,{}
bpay pty limited,entity,{}
69 079 137 518,entity,{}
connectid pty ltd,entity,{}
80 648 970 101,entity,{}
digital wallet pty ltd,entity,{}
93 624 272 475,entity,{}
eftpos payments australia limited,entity,{}
37 136 180 366,entity,{}
npp australia limited,entity,{}
68 601 428 737,entity,{}
https   modernslaveryregister gov au statements 15008,entity,{}
serco australia pty limited,entity,{}
44 003 677 352,entity,{}
2020 04 01 to 2021 03 31,entity,{}
https   modernslaveryregister gov au statements 1915,entity,{}
sg fleet group limited,entity,{}
40 167 554 574,entity,{}
automotive  machinery and heavy electrical equipment transportation  logistics  and storage financial  insurance and real estate activities other,entity,{}
leaseplan australia limited,entity,{}
sg fleet australia pty limited,entity,{}
sg fleet holdings pty limited,entity,{}
sg fleet investments pty ltd,entity,{}
sg fleet management pty limited,entity,{}
sg fleet solutions pty limited,entity,{}
https   modernslaveryregister gov au statements 15293,entity,{}
mcnab developments  qld  pty ltd   mcnab nq pty ltd,entity,{}
https   modernslaveryregister gov au statements 11676,entity,{}
mcnab developments  qld  pty ltd,entity,{}
63 118 748 548,entity,{}
mcnab nq pty ltd,entity,{}
83 126 974 561,entity,{}
credit union australia ltd,entity,{}
44 087 650 959,entity,{}
credicorp finance pty  ltd,entity,{}
79 010 052 981,entity,{}
credicorp insurance pty  ltd,entity,{}
50 069 196 756,entity,{}
cua management pty ltd,entity,{}
60 010 003 853,entity,{}
https   modernslaveryregister gov au statements 15306,entity,{}
efn  australia  pty limited,entity,{}
90 607 344 650,entity,{}
transportation  logistics  and storage financial  insurance and real estate activities,entity,{}
https   modernslaveryregister gov au statements 5182,entity,{}
baker hughes group australia pty ltd,entity,{}
77 618 893 226,entity,{}
mining  metals  chemicals and resources  including oil and gas  other,entity,{}
baker hughes australia pty  limited,entity,{}
baker hughes services australia pty ltd,entity,{}
20 004 752 050,entity,{}
65 009 080 951,entity,{}
https   modernslaveryregister gov au statements 19033,entity,{}
aussie broadband limited,entity,{}
29 132 090 192,entity,{}
https   modernslaveryregister gov au statements 25926,entity,{}
hrl morrison   co  australia  pty ltd,entity,{}
39 073 922 102,entity,{}
https   modernslaveryregister gov au statements 14871,entity,{}
knauf insulation pty ltd,entity,{}
73 129 827 336,entity,{}
https   modernslaveryregister gov au statements 24924,entity,{}
pfp finance pty ltd,entity,{}
84 154 640 472,entity,{}
pfp midco pty ltd,entity,{}
61 154 640 310,entity,{}
propel funeral partners limited,entity,{}
41 616 909 310,entity,{}
acquire bpo pty ltd,entity,{}
91 115 574 635,entity,{}
https   modernslaveryregister gov au statements 8193,entity,{}
transalta energy  australia  pty ltd,entity,{}
40 062 135 844,entity,{}
goldfields power pty ltd,entity,{}
tec desert no 2 pty ltd,entity,{}
tec desert pty ltd,entity,{}
tec hedland pty ltd,entity,{}
tech intermediary pty ltd,entity,{}
tec kalgoorlie pty ltd,entity,{}
tec operations pty ltd,entity,{}
tec outback pty ltd,entity,{}
tec pilbara pty ltd,entity,{}
tec pipe pty ltd,entity,{}
https   modernslaveryregister gov au statements 23314,entity,{}
employers mutual management pty ltd,entity,{}
11 001 735 191,entity,{}
https   modernslaveryregister gov au statements 3637,entity,{}
asg group limited,entity,{}
57 070 045 117,entity,{}
https   modernslaveryregister gov au statements 2572,entity,{}
russell mineral equipment pty  ltd,entity,{}
20 010 708 406,entity,{}
https   modernslaveryregister gov au statements 11512,entity,{}
honda australia motorcycle and power equipment pty  ltd,entity,{}
96 006 662 862,entity,{}
https   modernslaveryregister gov au statements 10029,entity,{}
actividentity  australia  pty ltd,entity,{}
1344,entity,{}
assa abloy australia pacific pty  limited,entity,{}
assa abloy australia pty limited,entity,{}
assa abloy door group australia pty limited,entity,{}
assa abloy entrance systems australia pty limited,entity,{}
assa abloy entrance systems industrial pty ltd,entity,{}
assa abloy global solutions australia pty ltd,entity,{}
austral monsoon building products pty ltd,entity,{}
d   d group pty ltd,entity,{}
d   d technologies pty  limited,entity,{}
go doors pty ltd,entity,{}
lietzke australia pty limited,entity,{}
monsoon industries pty  limited,entity,{}
placard pty ltd,entity,{}
record automatic doors pty ltd,entity,{}
secure edge technologies pty ltd,entity,{}
the denmore group pty ltd,entity,{}
https   modernslaveryregister gov au statements 13987,entity,{}
myhealth medical holdings pty limited,entity,{}
3685,entity,{}
myhealth management pty ltd,entity,{}
myhealth medical group pty ltd,entity,{}
myhealth services pty ltd,entity,{}
https   modernslaveryregister gov au statements 26732,entity,{}
aia australia limited,entity,{}
79 004 837 861,entity,{}
https   modernslaveryregister gov au statements 13724,entity,{}
r m  williams proprietary limited,entity,{}
17 007 527 166,entity,{}
retail trade manufacturing wholesale trade,entity,{}
jackaroo capital pty ltd,entity,{}
r m  williams australia holdings pty ltd,entity,{}
r m  williams holdings pty ltd,entity,{}
https   modernslaveryregister gov au statements 25220,entity,{}
pure storage inc,entity,{}
86 164 489 794,entity,{}
2024 02 05 to 2025 02 02,entity,{}
pure storage australia pty ltd,entity,{}
https   modernslaveryregister gov au statements 24068,entity,{}
alstom transport australia holdings pty limited,entity,{}
28 644 102 992,entity,{}
alstom transport australia pty limited,entity,{}
68 165 157 451,entity,{}
bombardier transportation australia pty ltd,entity,{}
73 010 699 804,entity,{}
bombardier transportation  customer support  australia pty ltd,entity,{}
29 088 592 938,entity,{}
bombardier transportation  v line  australia pty ltd,entity,{}
14 088 592 812,entity,{}
v line maintenance pty limited,entity,{}
31 088 510 614,entity,{}
https   modernslaveryregister gov au statements 10115,entity,{}
perkal pty ltd,entity,{}
43 009 283 363,entity,{}
https   modernslaveryregister gov au statements 26425,entity,{}
sumisho coal australia holdings pty ltd,entity,{}
71 057 890 865,entity,{}
ocean coal mining pty ltd,entity,{}
scap exploration pty ltd,entity,{}
scap hillalong pty ltd,entity,{}
scap oaky creek pty ltd,entity,{}
scap pentland pty ltd,entity,{}
scap redrock pty ltd,entity,{}
scap wandoan pty ltd,entity,{}
sumisho coal development queensland pty ltd,entity,{}
https   modernslaveryregister gov au statements 19565,entity,{}
quickway group pty limited,entity,{}
25 627 274 435,entity,{}
https   modernslaveryregister gov au statements 12196,entity,{}
21st century resorts holdings pty limited,entity,{}
33 104 201 014,entity,{}
balmoral pastoral investments pty  ltd,entity,{}
81 002 238 995,entity,{}
balmoral pastoral pty  ltd,entity,{}
22 001 202 606,entity,{}
hamilton island enterprises limited,entity,{}
61 009 946 909,entity,{}
robert oatley vineyards pty  ltd,entity,{}
63 118 584 928,entity,{}
food and beverages  agriculture and fishing consumer services  including accommodation  hospitality  tourism and leisure,entity,{}
https   modernslaveryregister gov au statements 6491,entity,{}
31 684 228 845,entity,{}
74 387 916 615,entity,{}
the trustee for australian personal loans trust,entity,{}
the trustee for australian sales finance and credit cards trust no 3,entity,{}
https   modernslaveryregister gov au statements 18083,entity,{}
southern ports authority,entity,{}
30 044 341 250,entity,{}
https   modernslaveryregister gov au statements 12029,entity,{}
burbank australia pty  ltd,entity,{}
91 007 099 872,entity,{}
beacon building services pty ltd,entity,{}
burbank australia nsw pty ltd,entity,{}
burbank australia  qld  pty ltd,entity,{}
burbank australia  sa  pty ltd,entity,{}
c l sanfilippo   storage box pty ltd,entity,{}
dynamic trade solutions pty ltd,entity,{}
national pacific finance pty ltd,entity,{}
national pacific properties australia pty ltd,entity,{}
https   modernslaveryregister gov au statements 22131,entity,{}
westlab pty ltd,entity,{}
71 606 662 113,entity,{}
https   modernslaveryregister gov au statements 11060,entity,{}
nkt pty ltd,entity,{}
26 121 391 704,entity,{}
denmark  germany  sweden,entity,{}
https   modernslaveryregister gov au statements 8098,entity,{}
orica australia pty ltd,entity,{}
orica investments pty ltd,entity,{}
orica limited,entity,{}
orica mining services pilbara pty ltd,entity,{}
https   modernslaveryregister gov au statements 24527,entity,{}
gmo australia limited,entity,{}
30 071 502 639,entity,{}
the trustee for gmo allegro trust,entity,{}
59 653 515 693,entity,{}
the trustee for gmo systematic global macro trust,entity,{}
38 976 397 475,entity,{}
https   modernslaveryregister gov au statements 18474,entity,{}
togethr trustees pty ltd,entity,{}
64 006 964 049,entity,{}
https   modernslaveryregister gov au statements 16100,entity,{}
tsa management group holdings pty ltd,entity,{}
37 622 812 177,entity,{}
tsa management group pty ltd,entity,{}
55 622 812 631,entity,{}
tsa riley pty ltd,entity,{}
71 099 000 272,entity,{}
professional  scientific and technical services,entity,{}
calcutta group pty ltd,entity,{}
footprint holdings pty ltd,entity,{}
the footprint calculator pty  ltd,entity,{}
the footprint company pty  ltd,entity,{}
tsa riley  act  pty ltd,entity,{}
tsa riley  rgb assurance  pty ltd,entity,{}
tsa riley  sa  pty ltd,entity,{}
tsa riley  vic  pty ltd,entity,{}
ausco modular pty limited,entity,{}
14 010 654 994,entity,{}
new england trading pty ltd,entity,{}
98 002 195 262,entity,{}
https   modernslaveryregister gov au statements 23882,entity,{}
australasian performing right association ltd,entity,{}
42 000 016 099,entity,{}
https   modernslaveryregister gov au statements 21777,entity,{}
tourism australia,entity,{}
99 657 548 712,entity,{}
https   modernslaveryregister gov au statements 7876,entity,{}
mainbrace constructions pty limited,entity,{}
45 002 970 658,entity,{}
mainbrace constructions  qld  pty limited,entity,{}
47 131 334 159,entity,{}
https   modernslaveryregister gov au statements 11114,entity,{}
clariant  australia  pty limited,entity,{}
30 069 435 552,entity,{}
https   modernslaveryregister gov au statements 19780,entity,{}
tricab  australia  pty ltd,entity,{}
3777,entity,{}
tricab group pty ltd,entity,{}
ballarat cables pty ltd,entity,{}
sparky warehouse australia pty ltd,entity,{}
https   modernslaveryregister gov au statements 26874,entity,{}
perkbox limited,entity,{}
28 631 404 174,entity,{}
2025 01 01 to 2025 10 04,entity,{}
https   modernslaveryregister gov au statements 25102,entity,{}
fronius australia pty ltd,entity,{}
65 144 615 896,entity,{}
australia  austria,entity,{}
https   modernslaveryregister gov au statements 1163,entity,{}
ku children s services,entity,{}
89 000 006 137,entity,{}
https   modernslaveryregister gov au statements 3781,entity,{}
bt equipment pty ltd,entity,{}
89 094 476 141,entity,{}
tutt bryant group limited,entity,{}
89 009 242 675,entity,{}
tutt bryant hire pty ltd,entity,{}
59 087 847 489,entity,{}
https   modernslaveryregister gov au statements 19563,entity,{}
gamuda engineering pty ltd,entity,{}
36 636 433 522,entity,{}
27 632 738 768,entity,{}
81 665 763 020,entity,{}
gamuda berhad,entity,{}
gamuda holdings pty ltd,entity,{}
https   modernslaveryregister gov au statements 27510,entity,{}
central highlands region water corporation,entity,{}
75 224 340 348,entity,{}
https   modernslaveryregister gov au statements 11593,entity,{}
az next generation advisory limited,entity,{}
57 167 960 018,entity,{}
https   modernslaveryregister gov au statements 12938,entity,{}
nc limited,entity,{}
northrop  aust  pty ltd,entity,{}
northrop charlestown pty ltd,entity,{}
northrop consulting engineers pty limited,entity,{}
northrop services pty ltd,entity,{}
https   modernslaveryregister gov au statements 16499,entity,{}
coal mines insurance pty ltd,entity,{}
70 000 011 727,entity,{}
coal services pty limited,entity,{}
98 099 078 234,entity,{}
mines rescue pty limited,entity,{}
15 099 078 261,entity,{}
financial  insurance and real estate activities healthcare and pharmaceuticals,entity,{}
https   modernslaveryregister gov au statements 21630,entity,{}
big river group pty ltd,entity,{}
72 000 009 754,entity,{}
https   modernslaveryregister gov au statements 15787,entity,{}
annex products pty ltd,entity,{}
89 154 777 401,entity,{}
key bidco pty ltd,entity,{}
77 642 829 589,entity,{}
key holdco pty ltd,entity,{}
28 642 828 948,entity,{}
key midco pty ltd,entity,{}
56 642 829 436,entity,{}
key topco pty ltd,entity,{}
44 642 828 199,entity,{}
https   modernslaveryregister gov au statements 11743,entity,{}
sibanye australia pty ltd,entity,{}
2023 02 10 to 2023 12 31,entity,{}
https   modernslaveryregister gov au statements 17166,entity,{}
wam alternative assets limited,entity,{}
47 168 941 704,entity,{}
https   modernslaveryregister gov au statements 6702,entity,{}
lg electronics australia pty limited,entity,{}
98 064 531 264,entity,{}
australia  republic of korea  south korea,entity,{}
https   modernslaveryregister gov au statements 18784,entity,{}
payce security group pty ltd,entity,{}
42 637 041 411,entity,{}
paynter dixon management services pty limited,entity,{}
96 097 318 084,entity,{}
paynter dixon pty limited,entity,{}
65 069 785 262,entity,{}
construction  civil engineering and building products cleaning and security services,entity,{}
https   modernslaveryregister gov au statements 3678,entity,{}
a c n  603 303 126 pty ltd,entity,{}
603 303 126,entity,{}
https   modernslaveryregister gov au statements 25890,entity,{}
iph limited,entity,{}
49 169 015 838,entity,{}
https   modernslaveryregister gov au statements 568,entity,{}
factory x pty  ltd,entity,{}
51 078 151 667,entity,{}
https   modernslaveryregister gov au statements 7540,entity,{}
cisco systems australia pty limited,entity,{}
52 050 332 940,entity,{}
broadsoft australia pty limited,entity,{}
cisco systems capital  australia  pty limited,entity,{}
exablaze pty ltd,entity,{}
meraki networks australia pty limited,entity,{}
zomojo pty  ltd,entity,{}
https   modernslaveryregister gov au statements 16855,entity,{}
wodonga institute of tafe,entity,{}
68 437 423 269,entity,{}
https   modernslaveryregister gov au statements 25035,entity,{}
wilson asset management  international  pty ltd,entity,{}
89 081 047 118,entity,{}
https   modernslaveryregister gov au statements 7571,entity,{}
trend micro australia pty  ltd,entity,{}
70 077 055 817,entity,{}
https   modernslaveryregister gov au statements 9638,entity,{}
anz bh pty ltd,entity,{}
45 658 939 952,entity,{}
anz funds pty  ltd,entity,{}
61 004 594 343,entity,{}
anz group holdings limited,entity,{}
16 659 510 791,entity,{}
anz lenders mortgage insurance pty  limited,entity,{}
77 008 680 055,entity,{}
anz rewards no  2 pty ltd,entity,{}
41 082 713 915,entity,{}
australia and new zealand banking group limited,entity,{}
11 005 357 522,entity,{}
the trustee for kingfisher trust 2008 1,entity,{}
83 026 578 533,entity,{}
votraint no  1103 pty limited,entity,{}
98 082 564 369,entity,{}
2022 10 01 to 2023 09 30,entity,{}
https   modernslaveryregister gov au statements 17084,entity,{}
67 096 902 813,entity,{}
32 142 542 014,entity,{}
24 085 316 310,entity,{}
92 168 679 525,entity,{}
32 086 209 403,entity,{}
https   modernslaveryregister gov au statements 9524,entity,{}
tjx australia holding company pty limited,entity,{}
58 605 889 843,entity,{}
tjx australia pty limited,entity,{}
73 000 171 764,entity,{}
2023 01 29 to 2024 02 03,entity,{}
https   modernslaveryregister gov au statements 18926,entity,{}
apollo health limited,entity,{}
79 159 660 036,entity,{}
st john ambulance western australia ltd,entity,{}
55 028 468 715,entity,{}
2019 06 01 to 2020 06 30,entity,{}
healthcare and pharmaceuticals charitable   not for profit activities,entity,{}
https   modernslaveryregister gov au statements 1660,entity,{}
moneyme limited,entity,{}
29 636 747 414,entity,{}
https   modernslaveryregister gov au statements 6416,entity,{}
incat holdings limited,entity,{}
50 128 645 885,entity,{}
incat tasmania pty  ltd,entity,{}
i c t  pty ltd,entity,{}
incat australia pty  ltd,entity,{}
incat chartering pty  ltd,entity,{}
incat finance pty  limited,entity,{}
incat marketing pty ltd,entity,{}
incat offshore pty  ltd,entity,{}
https   modernslaveryregister gov au statements 20588,entity,{}
group zara australia pty limited,entity,{}
64 089 376 349,entity,{}
2019 02 01 to 2020 01 31,entity,{}
https   modernslaveryregister gov au statements 931,entity,{}
68 622 305 677,entity,{}
89 622 905 113,entity,{}
ak wholesale pty limited,entity,{}
83 660 240 853,entity,{}
89 654 793 290,entity,{}
mayo hardware pty ltd,entity,{}
73 000 032 806,entity,{}
https   modernslaveryregister gov au statements 3535,entity,{}
acs australia holdings pty ltd,entity,{}
39 655 692 176,entity,{}
shift financial pty ltd,entity,{}
24 149 390 625,entity,{}
https   modernslaveryregister gov au statements 15064,entity,{}
australian investment exchange limited,entity,{}
71 076 515 930,entity,{}
nri australia holdings pty ltd,entity,{}
40 621 613 385,entity,{}
nri australia limited,entity,{}
sqa holdco pty ltd,entity,{}
52 603 366 196,entity,{}
kestrel coal group pty ltd,entity,{}
70 624 655 518,entity,{}
kestrel coal holdings pty ltd,entity,{}
55 624 151 113,entity,{}
kestrel coal midco pty ltd,entity,{}
35 624 242 628,entity,{}
kestrel coal resources pty ltd,entity,{}
98 624 245 325,entity,{}
kestrel coal subsidiary pty ltd,entity,{}
79 624 243 689,entity,{}
https   modernslaveryregister gov au statements 12730,entity,{}
enviropacific services limited,entity,{}
43 111 372 064,entity,{}
https   modernslaveryregister gov au statements 11686,entity,{}
first commercial bank  ltd,entity,{}
15 126 292 608,entity,{}
taiwan,entity,{}
https   modernslaveryregister gov au statements 22754,entity,{}
cambridge boxhill language assessment pty  ltd,entity,{}
69 159 885 257,entity,{}
education and research healthcare and pharmaceuticals,entity,{}
oet global pty ltd,entity,{}
oet usa  llc,entity,{}
https   modernslaveryregister gov au statements 20912,entity,{}
eternal aus holdco ltd,entity,{}
2024 01 01 to 2025 06 30,entity,{}
https   modernslaveryregister gov au statements 26603,entity,{}
stihl pty  ltd,entity,{}
76 004 881 145,entity,{}
https   modernslaveryregister gov au statements 23998,entity,{}
employers mutual limited   the trustee for aswig management trust,entity,{}
23 923 166 503,entity,{}
https   modernslaveryregister gov au statements 6357,entity,{}
https   modernslaveryregister gov au statements 17592,entity,{}
cox architecture pty ltd,entity,{}
95 002 535 891,entity,{}
https   modernslaveryregister gov au statements 10490,entity,{}
helios investments australia pty limited,entity,{}
12 600 077 352,entity,{}
hyperion investments australia pty limited,entity,{}
36 600 693 945,entity,{}
https   modernslaveryregister gov au statements 8039,entity,{}
menzies aviation  ground services  australia pty ltd,entity,{}
63 085 693 269,entity,{}
menzies aviation holdings  australia  pty ltd,entity,{}
18 102 031 836,entity,{}
https   modernslaveryregister gov au statements 9732,entity,{}
tung ho steel kaohiung works,entity,{}
https   modernslaveryregister gov au statements 21762,entity,{}
brother international  aust  pty ltd,entity,{}
17 001 393 835,entity,{}
https   modernslaveryregister gov au statements 748,entity,{}
cooper investors holdings pty limited,entity,{}
70 169 280 808,entity,{}
cooper investors pty limited,entity,{}
26 100 409 890,entity,{}
cooper investors esl pty limited,entity,{}
the trustee for cooper investors employee profit participation trust,entity,{}
https   modernslaveryregister gov au statements 16822,entity,{}
l1 long short fund limited,entity,{}
2023 3038,entity,{}
https   modernslaveryregister gov au statements 16292,entity,{}
novartis australia pty limited,entity,{}
81 004 371 224,entity,{}
novartis pharmaceuticals australia pty limited,entity,{}
18 004 244 160,entity,{}
sandoz pty ltd,entity,{}
60 075 449 553,entity,{}
https   modernslaveryregister gov au statements 8596,entity,{}
autodesk australia pty  ltd,entity,{}
91 006 741 340,entity,{}
2023 02 01 to 2024 01 31,entity,{}
https   modernslaveryregister gov au statements 17441,entity,{}
benevolent australia   disability services limited,entity,{}
48 619 338 153,entity,{}
the benevolent society,entity,{}
95 084 695 045,entity,{}
https   modernslaveryregister gov au statements 6281,entity,{}
defence and aerospace government sector,entity,{}
https   modernslaveryregister gov au statements 17027,entity,{}
ibm australia ltd,entity,{}
79 000 024 733,entity,{}
https   modernslaveryregister gov au statements 12972,entity,{}
mining,entity,{}
https   modernslaveryregister gov au statements 24473,entity,{}
aspen asia pacific pty ltd,entity,{}
75 146 444 484,entity,{}
aspen pharmacare australia pty limited,entity,{}
51 096 236 985,entity,{}
aspen pharma pty ltd,entity,{}
88 004 118 594,entity,{}
https   modernslaveryregister gov au statements 18215,entity,{}
anabelle bits pty ltd,entity,{}
40 068 649 972,entity,{}
bearena pty limited,entity,{}
53 125 400 062,entity,{}
the trustee for forward it  australia,entity,{}
42 597 085 374,entity,{}
tristate computer services pty ltd,entity,{}
72 091 751 656,entity,{}
https   modernslaveryregister gov au statements 7498,entity,{}
bunzl australasia limited,entity,{}
18 004 611 090,entity,{}
bunzl brands   operations pty limited,entity,{}
54 001 428 815,entity,{}
bunzl outsourcing services limited,entity,{}
99 007 286 133,entity,{}
fire rescue safety australia pty ltd,entity,{}
95 111 306 293,entity,{}
interpath services pty  ltd,entity,{}
79 007 196 581,entity,{}
https   modernslaveryregister gov au statements 5359,entity,{}
wbho australia pty ltd,entity,{}
11 095 983 681,entity,{}
https   modernslaveryregister gov au statements 5405,entity,{}
orange business services australia pty ltd,entity,{}
59 100 582 563,entity,{}
https   modernslaveryregister gov au statements 13205,entity,{}
royal automobile club of victoria  racv  limited,entity,{}
44 004 060 833,entity,{}
consumer services  including accommodation  hospitality  tourism and leisure financial  insurance and real estate activities other,entity,{}
https   modernslaveryregister gov au statements 2078,entity,{}
bindaree beef pty  limited,entity,{}
bindaree food group pty ltd,entity,{}
sanger australia pty ltd,entity,{}
yolarno pty ltd,entity,{}
https   modernslaveryregister gov au statements 16213,entity,{}
h j  langdon   co  proprietary limited,entity,{}
89 006 641 701,entity,{}
https   modernslaveryregister gov au statements 16756,entity,{}
racing products victoria pty ltd,entity,{}
63 064 067 867,entity,{}
https   modernslaveryregister gov au statements 9001,entity,{}
schiavello international pty ltd,entity,{}
47 093 924 353,entity,{}
https   modernslaveryregister gov au statements 25150,entity,{}
tiffany   co   australia  pty  ltd,entity,{}
93 128 219 554,entity,{}
tiffany   co   nz  limited,entity,{}
https   modernslaveryregister gov au statements 23698,entity,{}
jands pty ltd,entity,{}
45 001 187 837,entity,{}
jands  new zealand  limited,entity,{}
https   modernslaveryregister gov au statements 15712,entity,{}
envato pty ltd,entity,{}
11 119 159 741,entity,{}
https   modernslaveryregister gov au statements 15193,entity,{}
kogas australia pty ltd,entity,{}
1664,entity,{}
kogas prelude pty ltd,entity,{}
republic of korea  south korea,entity,{}
kglng e p ii pty ltd,entity,{}
kglng e p pty ltd,entity,{}
kglng liquefaction pty ltd,entity,{}
https   modernslaveryregister gov au statements 23929,entity,{}
fire rescue victoria,entity,{}
28 598 558 561,entity,{}
government sector,entity,{}
https   modernslaveryregister gov au statements 8271,entity,{}
the trustee for spotlight stores trading trust,entity,{}
39 564 861 886,entity,{}
https   modernslaveryregister gov au statements 16217,entity,{}
kitchen warehouse  aust  pty ltd,entity,{}
kitchen warehouse pty ltd,entity,{}
https   modernslaveryregister gov au statements 21802,entity,{}
lipa pharmaceuticals ltd,entity,{}
21 070 106 526,entity,{}
https   modernslaveryregister gov au statements 10101,entity,{}
ocs group australia pty ltd,entity,{}
24 100 515 106,entity,{}
integrated premises services pty limited,entity,{}
ips cleaning australia pty limited,entity,{}
ocs building maintenance pty ltd,entity,{}
ocs services pty ltd,entity,{}
https   modernslaveryregister gov au statements 21451,entity,{}
amart furniture pty ltd,entity,{}
65 009 810 324,entity,{}
https   modernslaveryregister gov au statements 26623,entity,{}
mojo motorcycles pty ltd,entity,{}
3659,entity,{}
motorcycle holdings limited,entity,{}
motorcycle holdings operations pty ltd,entity,{}
mw motorcycles pty ltd,entity,{}
wholesale trade retail trade,entity,{}
cassons pty ltd,entity,{}
innovative dealership solutions pty ltd,entity,{}
kymco  aust  pty ltd,entity,{}
mojo electric vehicles pty ltd,entity,{}
motorcycle accessories supermarket pty ltd,entity,{}
motorcycle holdings group unit co pty ltd,entity,{}
motorcycle holdings ids pty ltd,entity,{}
motorcycle holdings unit co pty ltd,entity,{}
motorcycle riding school pty ltd,entity,{}
myway services pty  ltd,entity,{}
netpark pty  ltd,entity,{}
north ride pty  ltd,entity,{}
pushgate pty  ltd,entity,{}
shoreway pty  ltd,entity,{}
stanbay pty  ltd,entity,{}
team moto pty  limited,entity,{}
the trustee for team moto unit trust  67 270 613 901,entity,{}
the trustee for the innovative dealership solutions unit trust  15 634 175 914,entity,{}
the motorcycle holdings group unit trust  21 881 219 602,entity,{}
trinder avenue motors pty ltd,entity,{}
mission australia,entity,{}
15 000 002 522,entity,{}
administrative and support services other services  health care and social assistance,entity,{}
mahq toowoomba limited,entity,{}
mission australia housing,entity,{}
mission australia housing holdings limited,entity,{}
mission australia housing northern territory,entity,{}
mission australia housing partnership limited,entity,{}
mission australia housing tasmania,entity,{}
mission australia housing  victoria,entity,{}
https   modernslaveryregister gov au statements 26017,entity,{}
mckenzie aged care group pty ltd,entity,{}
26 006 276 124,entity,{}
https   modernslaveryregister gov au statements 889,entity,{}
asplundh tree expert  australia  pty  ltd,entity,{}
83 055 140 424,entity,{}
tree acq pty ltd,entity,{}
92 626 678 635,entity,{}
https   modernslaveryregister gov au statements 3966,entity,{}
nationwide news pty  limited,entity,{}
98 008 438 828,entity,{}
news australia holdings pty limited,entity,{}
32 105 197 028,entity,{}
news corp australia pty limited,entity,{}
73 163 992 774,entity,{}
news life media pty limited,entity,{}
57 088 923 906,entity,{}
news pay tv financing pty ltd,entity,{}
36 157 820 338,entity,{}
national newspapers pty  ltd,entity,{}
61 009 661 778,entity,{}
the herald and weekly times pty limited,entity,{}
49 004 113 937,entity,{}
news corporation,entity,{}
exhibit 21 1 of news corp s form 10 k annual report,entity,{}
https   modernslaveryregister gov au statements 21073,entity,{}
cathay pacific airways limited,entity,{}
2024 01 01 to 2024 12 30,entity,{}
hong kong,entity,{}
ahk hong kong limited,entity,{}
cathay pacific catering services  h k   limited,entity,{}
hong kong airport services limited,entity,{}
hong kong express airways limited,entity,{}
vogue laundry services limited,entity,{}
https   modernslaveryregister gov au statements 22103,entity,{}
united equipment pty limited,entity,{}
48 115 672 841,entity,{}
https   modernslaveryregister gov au statements 25386,entity,{}
fremantle port authority,entity,{}
78 187 229 472,entity,{}
https   modernslaveryregister gov au statements 21408,entity,{}
genesys cloud services pty  ltd,entity,{}
80 077 375 887,entity,{}
2021 02 01 to 2022 01 31,entity,{}
https   modernslaveryregister gov au statements 9741,entity,{}
capricorn society limited,entity,{}
29 008 347 313,entity,{}
https   modernslaveryregister gov au statements 358,entity,{}
growthpoint properties australia limited,entity,{}
33 124 093 901,entity,{}
https   modernslaveryregister gov au statements 25484,entity,{}
chevron australia downstream fuels pty ltd,entity,{}
1529,entity,{}
chevron australia downstream holdings pty ltd,entity,{}
chevron australia downstream pty ltd,entity,{}
chevron australia products pty limited,entity,{}
https   modernslaveryregister gov au statements 23545,entity,{}
southern steel group pty  limited,entity,{}
2024 779,entity,{}
australian metal processors pty limited,entity,{}
australian rollforming manufacturers pty limited,entity,{}
boyd metal industries pty limited,entity,{}
brice metals australia pty limited,entity,{}
brice sheet   coil pty limited,entity,{}
eliott engineering pty ltd,entity,{}
ferrocut australia pty limited,entity,{}
piling solutions australia pty limited,entity,{}
rje pty limited,entity,{}
rollco pty ltd,entity,{}
rollpress proplate group pty limited,entity,{}
southern queensland steel pty limited,entity,{}
southern sheet   coil pty ltd,entity,{}
southern steel supplies pty ltd,entity,{}
southern steel trading pty limited,entity,{}
southern steel  wa  pty limited,entity,{}
steelpipes pty limited,entity,{}
surdex sheet   coil pty limited,entity,{}
surdex steel pty  limited,entity,{}
https   modernslaveryregister gov au statements 17912,entity,{}
jefferies  australia  pty ltd,entity,{}
76 623 059 898,entity,{}
jefferies  australia  securities pty ltd,entity,{}
77 610 977 074,entity,{}
2022 12 01 to 2023 11 30,entity,{}
https   modernslaveryregister gov au statements 17525,entity,{}
panaust limited,entity,{}
frieda river limited,entity,{}
inca de oro sa,entity,{}
panaust ido spa,entity,{}
panaust services  myanmar  company limited,entity,{}
panaust services  thailand  company limited,entity,{}
phu bia mining limited,entity,{}
saisana lao resources sole co   ltd,entity,{}
wuntho resources company limited,entity,{}
https   modernslaveryregister gov au statements 22991,entity,{}
66 891 891 891,entity,{}
panaust services pty ltd,entity,{}
70 073 847 855,entity,{}
centamin egypt limited,entity,{}
86 007 700 352,entity,{}
pharaoh gold mines nl,entity,{}
13 062 135 728,entity,{}
sukari gold mining company,entity,{}
https   modernslaveryregister gov au statements 18091,entity,{}
voestalpine high performance metals  australia  pty ltd,entity,{}
15 000 013 052,entity,{}
https   modernslaveryregister gov au statements 14562,entity,{}
tasmanian independent retailers co operative society limited,entity,{}
89 743 048 843,entity,{}
iga,entity,{}
island fresh produce,entity,{}
https   modernslaveryregister gov au statements 15558,entity,{}
2019 02 03 to 2020 02 01,entity,{}
https   modernslaveryregister gov au statements 288,entity,{}
queensland rail   queensland rail limited,entity,{}
queensland rail  abn 68 598 268 528,entity,{}
68 598 268 528,entity,{}
queensland rail limited  abn 71 132 181 090,entity,{}
71 132 181 090,entity,{}
transportation  logistics  and storage government sector,entity,{}
https   modernslaveryregister gov au statements 20231,entity,{}
aj lucas group limited,entity,{}
12 060 309 104,entity,{}
https   modernslaveryregister gov au statements 2705,entity,{}
lux group limited,entity,{}
https   modernslaveryregister gov au statements 24080,entity,{}
https   modernslaveryregister gov au statements 16689,entity,{}
posco australia pty ltd,entity,{}
54 002 062 160,entity,{}
https   modernslaveryregister gov au statements 13895,entity,{}
central gippsland health service,entity,{}
85 050 485 681,entity,{}
https   modernslaveryregister gov au statements 20575,entity,{}
u u holdings pty ltd,entity,{}
u u gws pty ltd,entity,{}
u u nsw pty ltd,entity,{}
u u pty ltd,entity,{}
https   modernslaveryregister gov au statements 19530,entity,{}
cantarella bros pty ltd,entity,{}
68 000 095 607,entity,{}
cantarella holdings pty ltd,entity,{}
48 000 301 619,entity,{}
siapa pty ltd,entity,{}
93 000 525 824,entity,{}
https   modernslaveryregister gov au statements 11160,entity,{}
ashurst australia   ashurst australia services pty limited   ashurst business services limited  ashurst llp,entity,{}
2024 05 01 to 2025 04 30,entity,{}
ashurst australia  abn 75 304 286 095,entity,{}
75 304 286 095,entity,{}
ashurst australia services pty limited  abn 45 001 687 618,entity,{}
45 001 687 618,entity,{}
ashurst business services limited  ashurst llp,entity,{}
https   modernslaveryregister gov au statements 24251,entity,{}
quayeyeware pty ltd,entity,{}
https   modernslaveryregister gov au statements 13982,entity,{}
janssen cilag pty ltd,entity,{}
47 000 129 975,entity,{}
johnson   johnson medical pty ltd,entity,{}
85 000 160 403,entity,{}
johnson   johnson pacific pty limited,entity,{}
73 001 121 446,entity,{}
johnson   johnson pty ltd,entity,{}
29 000 023 709,entity,{}
https   modernslaveryregister gov au statements 9266,entity,{}
2022 2418,entity,{}
modern slavery statement 2022 2418,entity,{}
yellow brick road holdings limited,entity,{}
44 119 436 083,entity,{}
https   modernslaveryregister gov au statements 11217,entity,{}
ag warehouse pty ltd,entity,{}
1900,entity,{}
saputo dairy australia pty ltd,entity,{}
https   modernslaveryregister gov au statements 14751,entity,{}
amnesium pty ltd,entity,{}
63 608 314 978,entity,{}
https   modernslaveryregister gov au statements 9704,entity,{}
colin joss   co  pty  limited,entity,{}
73 003 538 583,entity,{}
https   modernslaveryregister gov au statements 2690,entity,{}
mccain finance  aust  pty ltd,entity,{}
https   modernslaveryregister gov au statements 20622,entity,{}
ravenswood gold group pty ltd,entity,{}
18 637 523 712,entity,{}
ravenswood gold holdings pty ltd,entity,{}
65 637 525 154,entity,{}
ravenswood gold pty ltd,entity,{}
88 637 527 309,entity,{}
https   modernslaveryregister gov au statements 8865,entity,{}
ccp vi vg holdings pty ltd,entity,{}
41 630 151 530,entity,{}
https   modernslaveryregister gov au statements 5825,entity,{}
probiotec limited,entity,{}
91 075 170 151,entity,{}
abs  aus  pty ltd,entity,{}
hh packaging pty ltd,entity,{}
l j m  marketing services pty ltd,entity,{}
multipack ljm pty limited,entity,{}
probiotec pharma pty limited,entity,{}
south pack laboratories  aust  pty ltd,entity,{}
https   modernslaveryregister gov au statements 16787,entity,{}
ract insurance pty  ltd,entity,{}
96 068 167 804,entity,{}
the royal automobile club of tasmania limited,entity,{}
62 009 475 861,entity,{}
financial  insurance and real estate activities other,entity,{}
https   modernslaveryregister gov au statements 10919,entity,{}
jfc australia co pty ltd,entity,{}
36 003 080 260,entity,{}
https   modernslaveryregister gov au statements 14743,entity,{}
mcmahon services australia pty ltd,entity,{}
3417,entity,{}
mcmahon services holdings pty ltd,entity,{}
https   modernslaveryregister gov au statements 26449,entity,{}
vfmc balanced fund,entity,{}
49 461 037 206,entity,{}
victorian funds management corporation,entity,{}
27 691 254 157,entity,{}
the trustee for vfmc cash trust,entity,{}
85 846 006 499,entity,{}
the trustee for vfmc enhanced income trust,entity,{}
26 494 384 948,entity,{}
the trustee for vfmc equity trust 1,entity,{}
89 046 035 499,entity,{}
the trustee for vfmc equity trust 2,entity,{}
18 731 214 900,entity,{}
the trustee for vfmc fixed income trust,entity,{}
74 927 364 049,entity,{}
the trustee for vfmc growth fund,entity,{}
83 497 342 984,entity,{}
the trustee for vfmc inflation linked bond trust,entity,{}
13 885 184 877,entity,{}
the trustee for vfmc international equity trust 1,entity,{}
34 246 255 788,entity,{}
the trustee for vfmc international equity trust 2,entity,{}
86 405 787 790,entity,{}
the trustee for vfmc investment fund,entity,{}
38 593 361 824,entity,{}
the trustee for vfmc investment trust iv,entity,{}
72 943 752 830,entity,{}
the trustee for vfmc low volatility equity trust 1,entity,{}
30 807 977 854,entity,{}
the trustee for vfmc low volatility equity trust 2,entity,{}
79 173 041 943,entity,{}
the trustee for vfmc opportunistic strategies trust,entity,{}
50 153 652 616,entity,{}
the vfm emerging markets trust,entity,{}
77 368 025 480,entity,{}
cadia holdings pty limited,entity,{}
lihir gold limited,entity,{}
newcrest mining limited,entity,{}
newcrest operations limited,entity,{}
https   modernslaveryregister gov au statements 14692,entity,{}
airmaster australia pty ltd,entity,{}
airmaster australia unit trust,entity,{}
airmaster australia  qld  pty ltd,entity,{}
airmaster australia  vic  pty ltd,entity,{}
airmaster fire services pty ltd,entity,{}
airmaster mechanical services pty ltd,entity,{}
46 100 241 478,entity,{}
98 064 735 459,entity,{}
18 617 448 736,entity,{}
45 007 360 858,entity,{}
construction  civil engineering and building products other,entity,{}
https   modernslaveryregister gov au statements 5243,entity,{}
bupa anz healthcare holdings pty ltd,entity,{}
16 126 737 308,entity,{}
bupa anz insurance pty ltd,entity,{}
81 098 309 025,entity,{}
https   modernslaveryregister gov au statements 9509,entity,{}
darwalla milling co  pty  ltd,entity,{}
64 009 698 631,entity,{}
benfer holdings pty  ltd,entity,{}
darwalla egg producers pty  ltd,entity,{}
darwalla farming   plant co  pty  ltd,entity,{}
darwalla poultry distributors pty  ltd,entity,{}
darwalla poultry producers pty  ltd,entity,{}
golden cockerel  1962  pty  ltd,entity,{}
golden egg producers pty  ltd,entity,{}
https   modernslaveryregister gov au statements 21831,entity,{}
charlotte tilbury beauty limited,entity,{}
modern slavery statement 2022 1084,entity,{}
https   modernslaveryregister gov au statements 8819,entity,{}
carlisle homes pty ltd,entity,{}
86 106 263 209,entity,{}
https   modernslaveryregister gov au statements 2902,entity,{}
starbucks coffee australia pty ltd,entity,{}
73 169 062 926,entity,{}
https   modernslaveryregister gov au statements 20645,entity,{}
the corporation of the synod of the diocese of brisbane,entity,{}
32 025 287 736,entity,{}
https   modernslaveryregister gov au statements 5102,entity,{}
ardex australia pty  limited,entity,{}
82 000 550 005,entity,{}
australia  germany,entity,{}
https   modernslaveryregister gov au statements 19002,entity,{}
mitsui   co   australia  ltd,entity,{}
64 004 349 795,entity,{}
https   modernslaveryregister gov au statements 781,entity,{}
b p australia pty ltd,entity,{}
53 004 085 616,entity,{}
bp developments australia pty  ltd,entity,{}
54 081 102 856,entity,{}
castrol australia pty  limited,entity,{}
87 008 459 407,entity,{}
https   modernslaveryregister gov au statements 8595,entity,{}
rollease acmeda holdings pty ltd,entity,{}
60 602 994 016,entity,{}
https   modernslaveryregister gov au statements 21589,entity,{}
https   modernslaveryregister gov au statements 20187,entity,{}
planit holdings australia pty ltd,entity,{}
planit test management solutions pty ltd,entity,{}
sqa bidco pty ltd,entity,{}
https   modernslaveryregister gov au statements 19478,entity,{}
southern cross media group limited,entity,{}
91 116 024 536,entity,{}
https   modernslaveryregister gov au statements 248,entity,{}
blue lake milling pty ltd,entity,{}
30 007 968 318,entity,{}
cbh grain pty ltd,entity,{}
39 089 394 883,entity,{}
cbh group holdings pty ltd,entity,{}
74 068 223 147,entity,{}
cbh pty ltd,entity,{}
72 085 009 141,entity,{}
cbh  wa  pty ltd,entity,{}
53 008 671 421,entity,{}
co operative bulk handling limited,entity,{}
29 256 604 947,entity,{}
transport  postal and warehousing agriculture  forestry and fishing manufacturing,entity,{}
australian bulk stevedoring pty ltd,entity,{}
modern slavery register,entity,{}
https   modernslaveryregister gov au statements 26457,entity,{}
flexicommercial pty ltd,entity,{}
flexirent capital pty ltd,entity,{}
humm group limited,entity,{}
https   modernslaveryregister gov au statements 13406,entity,{}
https   modernslaveryregister gov au statements 26918,entity,{}
lindt   sprungli  australia  pty ltd,entity,{}
43 079 224 892,entity,{}
https   modernslaveryregister gov au statements 9009,entity,{}
metals x limited,entity,{}
https   modernslaveryregister gov au statements 27543,entity,{}
cbre pty limited,entity,{}
57 057 373 574,entity,{}
https   modernslaveryregister gov au statements 4090,entity,{}
ep2 management pty limited,entity,{}
25 149 908 289,entity,{}
https   modernslaveryregister gov au statements 23275,entity,{}
united wool company pty ltd,entity,{}
84 164 061 198,entity,{}
https   modernslaveryregister gov au statements 19126,entity,{}
pilbara ports authority,entity,{}
94 987 448 870,entity,{}
hedland maritime initiative pty ltd,entity,{}
70 645 630 468,entity,{}
https   modernslaveryregister gov au statements 26175,entity,{}
enviro pipes pty ltd,entity,{}
84 130 666 518,entity,{}
https   modernslaveryregister gov au statements 16710,entity,{}
australian financial complaints authority limited,entity,{}
38 620 494 340,entity,{}
https   modernslaveryregister gov au statements 21749,entity,{}
ninjaone australia pty ltd,entity,{}
22 655 215 366,entity,{}
https   modernslaveryregister gov au statements 13844,entity,{}
thryv australia pty ltd,entity,{}
30 007 423 912,entity,{}
media  publishing  arts and entertainment information technology and telecommunication,entity,{}
https   modernslaveryregister gov au statements 12096,entity,{}
border express pty ltd,entity,{}
82 000 533 880,entity,{}
https   modernslaveryregister gov au statements 15449,entity,{}
https   modernslaveryregister gov au statements 12084,entity,{}
kestrel coal pty limited,entity,{}
kestrel coal sales pty limited,entity,{}
https   modernslaveryregister gov au statements 22607,entity,{}
secretlab sg pte ltd,entity,{}
3783,entity,{}
2024 03 01 to 2025 02 28,entity,{}
https   modernslaveryregister gov au statements 26886,entity,{}
pedder s shock absorber service pty  ltd,entity,{}
90 004 848 435,entity,{}
https   modernslaveryregister gov au statements 14584,entity,{}
national can industries limited,entity,{}
89 006 266 799,entity,{}
https   modernslaveryregister gov au statements 3435,entity,{}
bg e group limited,entity,{}
57 650 895 426,entity,{}
https   modernslaveryregister gov au statements 16000,entity,{}
bloomberg australia pty ltd,entity,{}
47 622 777 851,entity,{}
bloomberg sef llc,entity,{}
bloomberg trading facility bv,entity,{}
bloomberg trading facility limited,entity,{}
netherlands,entity,{}
https   modernslaveryregister gov au statements 13100,entity,{}
cummins filtration international corp,entity,{}
https   modernslaveryregister gov au statements 23484,entity,{}
emergent cold bidco pty ltd,entity,{}
24 622 102 041,entity,{}
emergent cold holdings pty limited,entity,{}
88 000 106 141,entity,{}
emergent cold midco pty ltd,entity,{}
59 622 098 293,entity,{}
emergent cold pty ltd,entity,{}
14 059 512 159,entity,{}
emergent cold topco pty ltd,entity,{}
80 622 089 909,entity,{}
lineage ap holdings pty ltd,entity,{}
27 637 083 544,entity,{}
lineage ap intermediate holdings pty ltd,entity,{}
33 637 084 381,entity,{}
lineage aus trs pty ltd,entity,{}
57 640 590 147,entity,{}
normet asia pacific pty  ltd,entity,{}
73 119 159 625,entity,{}
https   modernslaveryregister gov au statements 24108,entity,{}
summit rural  wa  pty limited,entity,{}
49 058 794 737,entity,{}
https   modernslaveryregister gov au statements 708,entity,{}
hays specialist recruitment  australia  pty limited,entity,{}
47 001 407 281,entity,{}
https   modernslaveryregister gov au statements 7146,entity,{}
https   modernslaveryregister gov au statements 8222,entity,{}
the trustee for the pm capital global companies fund,entity,{}
83 279 564 700,entity,{}
https   modernslaveryregister gov au statements 19950,entity,{}
australian british food holdings pty ltd,entity,{}
38 613 306 826,entity,{}
https   modernslaveryregister gov au statements 13007,entity,{}
beach energy limited,entity,{}
20 007 617 969,entity,{}
https   modernslaveryregister gov au statements 2865,entity,{}
the royal womens hospital,entity,{}
62 787 822 077,entity,{}
https   modernslaveryregister gov au statements 11264,entity,{}
holdco holdings pty ltd,entity,{}
77 065 295 016,entity,{}
https   modernslaveryregister gov au statements 10307,entity,{}
meridian energy limited,entity,{}
58 355 917 919,entity,{}
dam safety intelligence limited,entity,{}
flux federation limited,entity,{}
k kako spv ltd,entity,{}
https   modernslaveryregister gov au statements 19424,entity,{}
the trustee for tribeca alpha plus fund,entity,{}
98 912 850 890,entity,{}
https   modernslaveryregister gov au statements 16575,entity,{}
fleet street express pty ltd,entity,{}
95 081 243 165,entity,{}
https   modernslaveryregister gov au statements 21506,entity,{}
hyland software inc,entity,{}
86 592 245 578,entity,{}
https   modernslaveryregister gov au statements 10315,entity,{}
bareage pty  limited,entity,{}
3059,entity,{}
cairnton pty ltd,entity,{}
conpress securities pty limited,entity,{}
consolidated press  finance  iii pty ltd,entity,{}
consolidated press  finance  ii pty ltd,entity,{}
consolidated press financial services pty limited,entity,{}
consolidated press holdings pty limited,entity,{}
cph gaming iii pty limited,entity,{}
cph gaming ii pty limited,entity,{}
cph gaming i pty limited,entity,{}
cph gaming iva pty limited,entity,{}
cph gaming ivb pty limited,entity,{}
hoyts cinemas operations pty ltd,entity,{}
northkom pty limited,entity,{}
samenic pty limited,entity,{}
northkom i pty limited,entity,{}
https   modernslaveryregister gov au statements 20952,entity,{}
avanteos investments limited,entity,{}
20 096 259 979,entity,{}
colonial first state investments limited,entity,{}
98 002 348 352,entity,{}
superannuation and investments services pty limited,entity,{}
90 646 698 160,entity,{}
qudos mutual ltd,entity,{}
53 087 650 557,entity,{}
https   modernslaveryregister gov au statements 1673,entity,{}
action drill   blast pty ltd,entity,{}
69 828 799 317,entity,{}
diab engineering pty ltd,entity,{}
golding contractors pty ltd,entity,{}
nrw holdings limited,entity,{}
primero group limited,entity,{}
rcr mining technologies pty ltd,entity,{}
the trustee for nrw unit trust,entity,{}
the trustee for overflow industrial unit trust,entity,{}
99 227 134 227,entity,{}
manufacturing construction mining,entity,{}
actionblast pty ltd,entity,{}
nrw contracting pty ltd,entity,{}
pgx ops pty ltd,entity,{}
primero group americas inc,entity,{}
primero usa inc,entity,{}
rcr heat treatment pty ltd,entity,{}
https   modernslaveryregister gov au statements 24986,entity,{}
williams sonoma australia pty ltd,entity,{}
75 157 917 783,entity,{}
https   modernslaveryregister gov au statements 11576,entity,{}
savills  aust  holdings pty limited,entity,{}
49 059 047 371,entity,{}
https   modernslaveryregister gov au statements 8805,entity,{}
https   modernslaveryregister gov au statements 7484,entity,{}
shine justice ltd,entity,{}
93 162 817 905,entity,{}
shine lawyers pty ltd,entity,{}
86 134 702 757,entity,{}
https   modernslaveryregister gov au statements 6690,entity,{}
aston coal 2 pty ltd,entity,{}
14 139 472 567,entity,{}
aston resources limited,entity,{}
91 129 361 208,entity,{}
narrabri coal pty ltd,entity,{}
76 107 813 963,entity,{}
vickery coal pty ltd,entity,{}
74 626 224 495,entity,{}
whitehaven blackwater pty ltd,entity,{}
66 672 142 997,entity,{}
whitehaven coal holdings pty ltd,entity,{}
84 124 452 571,entity,{}
whitehaven coal limited,entity,{}
68 124 425 396,entity,{}
whitehaven coal mining limited,entity,{}
65 086 426 253,entity,{}
whitehaven daunia pty ltd,entity,{}
28 672 143 583,entity,{}
whitehaven metcoal holdings pty ltd,entity,{}
76 666 288 384,entity,{}
https   modernslaveryregister gov au statements 26048,entity,{}
fisher   paykel australia pty  limited,entity,{}
71 000 042 080,entity,{}
https   modernslaveryregister gov au statements 13704,entity,{}
access arts  cpl  limited,entity,{}
56 631 019 166,entity,{}
cpl choice  passion  life,entity,{}
27 009 942 269,entity,{}
https   modernslaveryregister gov au statements 1727,entity,{}
my mc holdings pty ltd,entity,{}
92 162 190 070,entity,{}
my muscle chef pty  ltd,entity,{}
qpe spv 2 bidco pty ltd,entity,{}
not provided,entity,{}
qpe spv 2 holdco pty ltd,entity,{}
qpe spv 2 mezzco pty ltd,entity,{}
qpe spv 2 topco pty ltd,entity,{}
https   modernslaveryregister gov au statements 17112,entity,{}
jaguar land rover australia pty ltd,entity,{}
86 004 352 238,entity,{}
https   modernslaveryregister gov au statements 886,entity,{}
panther topco pty ltd,entity,{}
2558,entity,{}
abeona limited,entity,{}
everlast holdings australia pty ltd,entity,{}
fit for sport ltd,entity,{}
g b  management services ltd,entity,{}
ghb consultants ltd,entity,{}
helping hands network pty ltd,entity,{}
jag uk bidco ltd,entity,{}
jag uk holdco ltd,entity,{}
jag uk midco ltd,entity,{}
jag uk topco ltd,entity,{}
junior adventures group nominee 1 pty ltd,entity,{}
junior adventures group pty ltd,entity,{}
junior adventures group uk ltd,entity,{}
junior adventures pty ltd,entity,{}
kiwi kids education group ltd,entity,{}
oshclub pty ltd,entity,{}
panther bidco pty ltd,entity,{}
panther holdco pty ltd,entity,{}
panther midco pty ltd,entity,{}
pioneer childcare ltd,entity,{}
primary oshcare pty ltd,entity,{}
reliance hr solutions pty ltd,entity,{}
safe kids in daily supervision ltd,entity,{}
sherpa kids england ltd,entity,{}
sherpa kids international pty ltd,entity,{}
skids programme management ltd,entity,{}
sofus holdings pty ltd,entity,{}
sungao limited,entity,{}
sunrise holdco  nz  pty ltd,entity,{}
young minds connect pty ltd,entity,{}
https   modernslaveryregister gov au statements 15444,entity,{}
pernod ricard pacific holding pty ltd,entity,{}
11 222 333 444,entity,{}
pernod ricard winemakers pty ltd,entity,{}
55 666 777 888,entity,{}
https   modernslaveryregister gov au statements 15984,entity,{}
canacaccord financial group  australia  pty ltd,entity,{}
53 128 279 336,entity,{}
https   modernslaveryregister gov au statements 5638,entity,{}
brown forman australia pty limited,entity,{}
87 000 064 086,entity,{}
brown forman corporation,entity,{}
66 003 606 586,entity,{}
2023 05 01 to 2024 04 30,entity,{}
https   modernslaveryregister gov au statements 22678,entity,{}
roman catholic trust corporation for the diocese of cairns,entity,{}
50 681 607 010,entity,{}
education and research charitable   not for profit activities other,entity,{}
catholic diocese of cairns,entity,{}
catholic early learning and care,entity,{}
catholic education services,entity,{}
centacare fnq,entity,{}
good counsel college,entity,{}
good counsel primary school,entity,{}
holy cross school,entity,{}
holy spirit college,entity,{}
mackillop catholic college,entity,{}
mother of good counsel school,entity,{}
mount st bernard college,entity,{}
newman catholic college,entity,{}
our lady help of christians school,entity,{}
our lady of the sacred heart school,entity,{}
st andrew s catholic college,entity,{}
st anthony s school,entity,{}
st augustine s college,entity,{}
st augustine s school,entity,{}
st clare s school,entity,{}
st francis xavier s school,entity,{}
st gerard majella school,entity,{}
st john s school,entity,{}
st joseph s parish school,entity,{}
st joseph s school  atherton,entity,{}
st joseph s school  parramatta park,entity,{}
st mary s catholic college,entity,{}
st michael s school,entity,{}
st monica s college,entity,{}
st rita s school  babinda,entity,{}
st rita s school  south johnstone,entity,{}
st stephen s catholic college,entity,{}
st teresa s school,entity,{}
st therese s school,entity,{}
st thomas  school,entity,{}
https   modernslaveryregister gov au statements 18070,entity,{}
sektor pty limited,entity,{}
54 140 763 417,entity,{}
sektor group ltd,entity,{}
https   modernslaveryregister gov au statements 711,entity,{}
nf digital land pty ltd,entity,{}
36 643 491 052,entity,{}
animal logic studios holdings pty limited,entity,{}
netflix animation studios australia pty ltd,entity,{}
optix pty  limited,entity,{}
https   modernslaveryregister gov au statements 23327,entity,{}
pablo   rusty s pty ltd,entity,{}
20 137 878 589,entity,{}
https   modernslaveryregister gov au statements 14246,entity,{}
intellihub pty  ltd,entity,{}
57 601 509 693,entity,{}
https   modernslaveryregister gov au statements 5020,entity,{}
meyer timber pty  ltd,entity,{}
54 005 314 321,entity,{}
the trustee for meyer structalam trust,entity,{}
25 106 954 033,entity,{}
the trustee for meyer timber qld trust,entity,{}
98 924 322 634,entity,{}
timber building systems pty ltd,entity,{}
34 602 614 808,entity,{}
construction  civil engineering and building products transportation  logistics  and storage,entity,{}
https   modernslaveryregister gov au statements 3155,entity,{}
apac  holdings no  2  pty limited,entity,{}
78 136 451 959,entity,{}
apac  holdings  pty  limited,entity,{}
60 081 578 887,entity,{}
australia pacific airports corporation limited,entity,{}
australia pacific airports  launceston  pty  limited,entity,{}
79 081 578 903,entity,{}
australia pacific airports  melbourne  pty limited,entity,{}
62 076 999 114,entity,{}
transportation  logistics  and storage consumer services  including accommodation  hospitality  tourism and leisure,entity,{}
https   modernslaveryregister gov au statements 20629,entity,{}
slr consulting australia pty ltd,entity,{}
2024 01 06 to 2025 01 03,entity,{}
360 environmental pty ltd,entity,{}
australian limnological services pty ltd,entity,{}
alchemy growth partners pty ltd,entity,{}
astrebla pty ltd,entity,{}
cumberland ecology pty ltd,entity,{}
element advisory pty ltd,entity,{}
frc environmental pty ltd,entity,{}
groundwork plus holdings pty ltd,entity,{}
groundwork plus pty ltd,entity,{}
groundwork plus  sa  pty ltd,entity,{}
kdc pty ltd,entity,{}
npm technical pty ltd,entity,{}
https   modernslaveryregister gov au statements 25323,entity,{}
posco international corporation,entity,{}
https   modernslaveryregister gov au statements 9468,entity,{}
heartland group holdings ltd,entity,{}
00 000 000 000,entity,{}
2022 12 20 to 2022 12 31,entity,{}
https   modernslaveryregister gov au statements 11393,entity,{}
camelot uk bidco limited,entity,{}
clarivate analytics  international  limited,entity,{}
clarivate analytics  uk  limited,entity,{}
computer patent annuities international limited,entity,{}
cpa global finco limited,entity,{}
cpa global  landon ip  limited,entity,{}
cpa global legal support services uk limited,entity,{}
cpa global management services ltd,entity,{}
cpa global  patrafee  limited,entity,{}
cpa global renewals  uk  limited,entity,{}
cpa global software solutions australia pty limited,entity,{}
cpa global software solutions  uk  limited,entity,{}
cpaush ltd,entity,{}
envoy international limited,entity,{}
envoy limited,entity,{}
ex libris  australia  pty ltd,entity,{}
ex libris ltd   uk,entity,{}
innovative interfaces international limited,entity,{}
innovative interfaces limited,entity,{}
intellectual property associates network limited,entity,{}
ipss europe limited,entity,{}
ombiel limited,entity,{}
pi2 solutions ltd,entity,{}
proquest australia pty ltd,entity,{}
proquest ebl pty ltd,entity,{}
research research limited,entity,{}
see out pty ltd,entity,{}
vtls australia pty  ltd,entity,{}
vtls united kingdom ltd,entity,{}
wiro limited,entity,{}
media  publishing  arts and entertainment information technology and telecommunication professional and administrative services and supplies  including legal  consulting and accounting services,entity,{}
modern slavery statement 2022 2408,entity,{}
https   modernslaveryregister gov au statements 11202,entity,{}
aiko energy australia pty  ltd,entity,{}
17 669 787 357,entity,{}
2023 08 01 to 2024 06 30,entity,{}
https   modernslaveryregister gov au statements 18917,entity,{}
elanco australasia pty ltd,entity,{}
64 076 745 198,entity,{}
elanco australia holding pty limited,entity,{}
24 628 673 754,entity,{}
food and beverages  agriculture and fishing healthcare and pharmaceuticals,entity,{}
https   modernslaveryregister gov au statements 9116,entity,{}
aje wholesaling pty ltd,entity,{}
26 130 160 753,entity,{}
https   modernslaveryregister gov au statements 21336,entity,{}
yamaha motor australia pty  ltd,entity,{}
88 002 556 989,entity,{}
australian motorcycle and marine finance pty  ltd,entity,{}
85 603 969 875,entity,{}
ficeda pty ltd,entity,{}
41 003 381 235,entity,{}
yamaha motor finance australia pty  ltd,entity,{}
29 101 928 670,entity,{}
yamaha motor insurance australia pty  ltd,entity,{}
48 603 882 980,entity,{}
https   modernslaveryregister gov au statements 18263,entity,{}
nsw electricity networks assets pty limited as trustee for nsw electricity networks assets trust,entity,{}
45 710 374 720,entity,{}
nsw electricity networks operations pty limited as trustee for nsw electricity networks operations trust,entity,{}
70 250 995 390,entity,{}
https   modernslaveryregister gov au statements 11620,entity,{}
russo business school pty ltd,entity,{}
34 601 105 319,entity,{}
russo higher education pty ltd,entity,{}
78 114 135 563,entity,{}
sarina investments pty  ltd,entity,{}
81 056 887 757,entity,{}
sarina russo job access  australia  pty  ltd,entity,{}
21 090 052 350,entity,{}
sarina russo schools australia pty ltd,entity,{}
39 010 129 325,entity,{}
voice   psychologists   allied professionals pty ltd,entity,{}
65 120 069 570,entity,{}
doneilyn pty ltd,entity,{}
69 007 544 836,entity,{}
hindmarsh plumbing services pty  limited,entity,{}
sarah build pty ltd,entity,{}
sarah constructions pty ltd,entity,{}
sarah defence pty ltd,entity,{}
https   modernslaveryregister gov au statements 20668,entity,{}
southern meats pty  ltd,entity,{}
51 003 111 528,entity,{}
western australian meat marketing co operative limited,entity,{}
54 048 449 698,entity,{}
jumbuck motel pty ltd,entity,{}
wammco trading pty ltd,entity,{}
50 662 611 154,entity,{}
97 139 836 678,entity,{}
https   modernslaveryregister gov au statements 19071,entity,{}
canberra airport holdings pty limited,entity,{}
98 008 608 928,entity,{}
the trustee for the carrington trust,entity,{}
95 092 031 668,entity,{}
ct investments group pty limited,entity,{}
https   modernslaveryregister gov au statements 23985,entity,{}
art group services ltd,entity,{}
50 125 248 286,entity,{}
art life insurance ltd,entity,{}
79 607 345 853,entity,{}
art people services pty ltd,entity,{}
90 601 938 774,entity,{}
precision administration services pty ltd,entity,{}
47 098 977 667,entity,{}
qs cash pty ltd,entity,{}
qs diversified alternatives pty ltd,entity,{}
qs infrastructure pty ltd,entity,{}
qsuper global assets pty ltd,entity,{}
qsuper investment holdings pty ltd,entity,{}
the trustee for australian retirement trust,entity,{}
60 905 115 063,entity,{}
the trustee for sunsuper pooled superannuation trust,entity,{}
14 732 571 880,entity,{}
australian retirement trust pty ltd,entity,{}
88 010 720 840,entity,{}
https   modernslaveryregister gov au statements 26192,entity,{}
kuehne   nagel australia pty ltd,entity,{}
70 000 871 607,entity,{}
https   modernslaveryregister gov au statements 3386,entity,{}
ac rental pty ltd,entity,{}
55 643 652 322,entity,{}
gma corporation pty ltd,entity,{}
18 098 355 376,entity,{}
leed engineering and construction pty ltd,entity,{}
35 097 021 728,entity,{}
leed holding pty ltd,entity,{}
37 643 651 058,entity,{}
lgi holdings pty ltd,entity,{}
99 097 450 943,entity,{}
nwic pty ltd,entity,{}
35 639 392 528,entity,{}
https   modernslaveryregister gov au statements 7305,entity,{}
scalzo trading co  proprietary limited,entity,{}
52 005 318 810,entity,{}
https   modernslaveryregister gov au statements 22255,entity,{}
2022 2934,entity,{}
modern slavery statement,entity,{}
water nsw,entity,{}
21 147 934 787,entity,{}
waternsw infrastructure pty ltd,entity,{}
93 629 813 270,entity,{}
https   modernslaveryregister gov au statements 11853,entity,{}
silk logistics holdings ltd,entity,{}
https   modernslaveryregister gov au statements 16723,entity,{}
rps consultants pty ltd,entity,{}
55 108 734 407,entity,{}
https   modernslaveryregister gov au statements 5456,entity,{}
cooperatieve rabobank u a,entity,{}
70 003 917 655,entity,{}
rabobank australia limited,entity,{}
50 001 621 129,entity,{}
https   modernslaveryregister gov au statements 8715,entity,{}
b m w australia ltd,entity,{}
57 050 192 017,entity,{}
12 007 103 433,entity,{}
https   modernslaveryregister gov au statements 8855,entity,{}
iti  nsw  pty limited,entity,{}
17 003 282 755,entity,{}
iti  queensland  pty  limited,entity,{}
25 069 561 959,entity,{}
iti  sa  pty  limited,entity,{}
44 087 716 505,entity,{}
iti  victoria  pty  ltd,entity,{}
52 087 716 541,entity,{}
iti  wa  pty limited,entity,{}
71 609 250 937,entity,{}
john cook   sons pty limited,entity,{}
37 001 536 474,entity,{}
timespec nz,entity,{}
lowes   manhattan pty ltd,entity,{}
31 000 307 666,entity,{}
https   modernslaveryregister gov au statements 16108,entity,{}
george clinical pty ltd,entity,{}
33 098 184 528,entity,{}
https   modernslaveryregister gov au statements 19011,entity,{}
diamond gas resources pty  ltd,entity,{}
58 007 440 664,entity,{}
https   modernslaveryregister gov au statements 19102,entity,{}
bis finance pty limited,entity,{}
41 125 201 185,entity,{}
bis industries holdings limited,entity,{}
13 125 202 253,entity,{}
bis industries holdings limited  bis industries limited,entity,{}
australia  indonesia,entity,{}
https   modernslaveryregister gov au statements 8195,entity,{}
hancock queensland plantations pty ltd,entity,{}
30 142 129 342,entity,{}
hqplantations pty ltd,entity,{}
25 142 448 977,entity,{}
https   modernslaveryregister gov au statements 20340,entity,{}
colliers international holdings  australia  limited,entity,{}
65 008 178 238,entity,{}
https   modernslaveryregister gov au statements 2693,entity,{}
bradken pty limited,entity,{}
33 108 693 009,entity,{}
https   modernslaveryregister gov au statements 74,entity,{}
the trustee for snow trust   vr australia holdings pty ltd  vrv australia pty ltd,entity,{}
food and beverages  agriculture and fishing fashion  textiles  apparel and luxury goods construction  civil engineering and building products consumer services  including accommodation  hospitality  tourism and leisure,entity,{}
aquia pty ltd,entity,{}
australian alpine enterprises holdings pty ltd,entity,{}
australian alpine enterprises pty ltd,entity,{}
australian alpine reservation centres pty ltd,entity,{}
falls creek ski lifts pty  ltd,entity,{}
mhsc dp pty ltd,entity,{}
mhsc hotels pty ltd,entity,{}
mhsc properties pty ltd,entity,{}
mhsc transportation services pty ltd,entity,{}
mount hotham skiing company pty ltd,entity,{}
mount hotham management and reservation pty ltd,entity,{}
snow trust  abn 29 420 214 757,entity,{}
vr australia holdings pty ltd,entity,{}
vrv australia pty ltd,entity,{}
29 420 214 757,entity,{}
ora banda mining ltd,entity,{}
69 100 038 266,entity,{}
https   modernslaveryregister gov au statements 25588,entity,{}
https   modernslaveryregister gov au statements 16370,entity,{}
bridgestone australia ltd,entity,{}
65 007 516 841,entity,{}
australia  japan  new zealand  singapore,entity,{}
durable consumer goods  including electronics and appliances  home furnishings and other accessories other,entity,{}
bandag manufacturing pty  limited,entity,{}
blackstone properties pty  ltd,entity,{}
iris concepts ip pty ltd,entity,{}
lube mobile pty ltd,entity,{}
quality tyre sales pty ltd,entity,{}
redstone properties pty ltd,entity,{}
whitestone properties pty  ltd,entity,{}
https   modernslaveryregister gov au statements 18868,entity,{}
https   modernslaveryregister gov au statements 11729,entity,{}
apollo medical software solutions ltd,entity,{}
17 072 355 090,entity,{}
australian business academy pty ltd,entity,{}
citadel group australia holdings iii limited,entity,{}
77 087 743 879,entity,{}
citadel group australia holdings ii limited,entity,{}
citadel group australia holdings i limited,entity,{}
citadel group services australia pty ltd,entity,{}
citadel health limited,entity,{}
23 007 229 923,entity,{}
citadel health pty ltd,entity,{}
citadel technology solutions pty ltd,entity,{}
77 081 707 673,entity,{}
e health innovations ltd,entity,{}
81 116 080 829,entity,{}
eqstats pty ltd,entity,{}
euroking maternity software solutions ltd,entity,{}
12 116 017 728,entity,{}
filosoph e pty ltd,entity,{}
116 725 305,entity,{}
genie solutions group pty limited,entity,{}
38 618 285 993,entity,{}
genie solutions pty  ltd,entity,{}
25 086 370 130,entity,{}
gruden pty ltd,entity,{}
57 602 396 654,entity,{}
jakeman business solutions pty limited,entity,{}
72 101 963 240,entity,{}
kapish ea pty ltd,entity,{}
kapish services pty ltd,entity,{}
33 144 850 162,entity,{}
magic carpet software pty  ltd,entity,{}
85 068 769 228,entity,{}
noventus pty  ltd,entity,{}
78 134 330 046,entity,{}
pacific group bidco pty ltd,entity,{}
75 644 075 221,entity,{}
pacific group midco pty ltd,entity,{}
36 644 072 248,entity,{}
pacific group topco limited,entity,{}
85 644 302 492,entity,{}
the citadel group pty limited,entity,{}
79 127 151 026,entity,{}
wellbeing software holdings limited,entity,{}
34 601 741 191,entity,{}
wellbeing software limited,entity,{}
wellbeing software pty ltd,entity,{}
information technology and telecommunication professional and administrative services and supplies  including legal  consulting and accounting services defence and aerospace healthcare and pharmaceuticals,entity,{}
https   modernslaveryregister gov au statements 11273,entity,{}
cheetham salt limited,entity,{}
81 006 926 487,entity,{}
https   modernslaveryregister gov au statements 5161,entity,{}
graphic packaging international australia converting ltd,entity,{}
56 107 485 898,entity,{}
https   modernslaveryregister gov au statements 8503,entity,{}
tama australia pty ltd,entity,{}
88 617 155 361,entity,{}
israel,entity,{}
food and beverages  agriculture and fishing forestry  timber products  paper and containers and packaging,entity,{}
https   modernslaveryregister gov au statements 12896,entity,{}
australia by saint pty ltd,entity,{}
divico pty limited,entity,{}
evolution health pty  ltd,entity,{}
life space group pty ltd,entity,{}
ultra mix  aust   pty  ltd,entity,{}
https   modernslaveryregister gov au statements 17917,entity,{}
pricewaterhousecoopers,entity,{}
52 780 433 757,entity,{}
pricewaterhousecoopers aseanz consulting pty limited,entity,{}
77 606 603 436,entity,{}
pricewaterhousecoopers securities ltd,entity,{}
54 003 311 617,entity,{}
pwc consulting services australia pty ltd,entity,{}
50 121 867 730,entity,{}
the trustee for the pricewaterhousecoopers services trust,entity,{}
52 864 604 756,entity,{}
pricewaterhousecoopers papua new guinea,entity,{}
https   modernslaveryregister gov au statements 24962,entity,{}
torrens global education services pty ltd,entity,{}
33 603 224 728,entity,{}
torrens university australia limited,entity,{}
99 154 937 005,entity,{}
https   modernslaveryregister gov au statements 4282,entity,{}
https   modernslaveryregister gov au statements 24152,entity,{}
chrisco hampers australia limited,entity,{}
41 080 852 535,entity,{}
food and beverages  agriculture and fishing durable consumer goods  including electronics and appliances  home furnishings and other accessories,entity,{}
https   modernslaveryregister gov au statements 11306,entity,{}
grindley construction pty  limited,entity,{}
42 003 586 687,entity,{}
grindley interiors pty limited,entity,{}
73 148 960 730,entity,{}
https   modernslaveryregister gov au statements 19240,entity,{}
avery dennison materials pty ltd,entity,{}
92 007 706 934,entity,{}
https   modernslaveryregister gov au statements 18142,entity,{}
marnco pty ltd,entity,{}
86 628 184 323,entity,{}
wholesale trade,entity,{}
marnco ltd,entity,{}
https   modernslaveryregister gov au statements 23157,entity,{}
boston scientific pty ltd,entity,{}
45 071 676 063,entity,{}
https   modernslaveryregister gov au statements 11396,entity,{}
deputec pty ltd,entity,{}
91 133 632 327,entity,{}
deputy group pty ltd,entity,{}
28 608 535 093,entity,{}
deputy emea limited,entity,{}
https   modernslaveryregister gov au statements 19922,entity,{}
prysmian australia pty ltd,entity,{}
36 096 594 080,entity,{}
utilities  gas  water and electricity information technology and telecommunication other,entity,{}
https   modernslaveryregister gov au statements 24070,entity,{}
australian nickel investments pty ltd,entity,{}
43 111 599 323,entity,{}
bioheap limited,entity,{}
26 009 225 398,entity,{}
flinders prospecting pty ltd,entity,{}
90 146 899 863,entity,{}
igo canada holdings b c  ltd,entity,{}
igo limited,entity,{}
46 092 786 304,entity,{}
igo lithium holdings pty ltd,entity,{}
15 633 371 249,entity,{}
igo newsearch pty ltd,entity,{}
71 142 192 701,entity,{}
igo nickel holdings pty ltd,entity,{}
49 167 644 519,entity,{}
igo nova holdings pty ltd,entity,{}
46 009 150 083,entity,{}
igo nova pty ltd,entity,{}
36 146 091 527,entity,{}
igo stockman parent pty ltd,entity,{}
60 124 695 549,entity,{}
igo stockman project pty ltd,entity,{}
64 124 695 567,entity,{}
igo windward pty ltd,entity,{}
38 158 432 270,entity,{}
western areas limited,entity,{}
68 091 049 357,entity,{}
western areas nickel pty ltd,entity,{}
67 122 522 696,entity,{}
western platinum nl,entity,{}
17 097 742 580,entity,{}
https   modernslaveryregister gov au statements 11654,entity,{}
calypso builders pty ltd,entity,{}
58 615 344 066,entity,{}
ghg capital pty limited,entity,{}
47 100 554 532,entity,{}
grand hotel company pty ltd,entity,{}
51 073 486 003,entity,{}
grand hotel management pty ltd,entity,{}
97 067 903 306,entity,{}
hr operations pty ltd,entity,{}
80 073 552 164,entity,{}
the trustee for gh operating trust,entity,{}
56 392 821 883,entity,{}
the trustee for grand hotel trust,entity,{}
38 406 863 028,entity,{}
https   modernslaveryregister gov au statements 17332,entity,{}
f k  gardner   sons pty  ltd,entity,{}
99 010 136 053,entity,{}
fkg civil pty ltd,entity,{}
65 123 436 751,entity,{}
https   modernslaveryregister gov au statements 25976,entity,{}
https   modernslaveryregister gov au statements 3241,entity,{}
glaxosmithkline holdings pty ltd,entity,{}
75 000 465 878,entity,{}
glaxosmithkline australia pty ltd,entity,{}
glaxosm smithkline australia ptys ltd,entity,{}
glaxosmithkline investments pty ltd,entity,{}
glaxosm smithkline investments ptys ltd,entity,{}
https   modernslaveryregister gov au statements 17235,entity,{}
wam microcap limited,entity,{}
34 617 838 418,entity,{}
https   modernslaveryregister gov au statements 15806,entity,{}
pe wheatstone pty ltd,entity,{}
53 158 341 612,entity,{}
https   modernslaveryregister gov au statements 3522,entity,{}
b e campbell unit trust,entity,{}
97 164 598 120,entity,{}
https   modernslaveryregister gov au statements 665,entity,{}
carewell health pty  ltd,entity,{}
59 650 354 706,entity,{}
https   modernslaveryregister gov au statements 17124,entity,{}
air canada,entity,{}
29 094 769 561,entity,{}
https   modernslaveryregister gov au statements 18002,entity,{}
boart longyear australia pty ltd,entity,{}
99 000 401 025,entity,{}
canada  united states of america,entity,{}
https   modernslaveryregister gov au statements 9803,entity,{}
findex  aust  pty ltd,entity,{}
84 006 466 351,entity,{}
crowe horwath eis pty ltd,entity,{}
crowe horwth property securities ltd,entity,{}
crowe horwth sydney pty ltd,entity,{}
eis one pty ltd,entity,{}
findex corporate finance  aust  ltd,entity,{}
findex insurance brokers pty ltd,entity,{}
findex premium funding pty ltd,entity,{}
jadd technologies pty ltd,entity,{}
https   modernslaveryregister gov au statements 15349,entity,{}
nordex energy se   co  kg,entity,{}
nordex oceania pty ltd,entity,{}
22 128 202 102,entity,{}
automotive  machinery and heavy electrical equipment utilities  gas  water and electricity construction  civil engineering and building products,entity,{}
https   modernslaveryregister gov au statements 9342,entity,{}
lightspeed commerce inc,entity,{}
55 745 962 487,entity,{}
kounta holdings pty limited,entity,{}
kounta ip pty ltd,entity,{}
kounta pty ltd,entity,{}
lightspeed pos australia pty ltd,entity,{}
lightspeed pos holding pty ltd,entity,{}
nuorder pty ltd,entity,{}
vend pty limited,entity,{}
https   modernslaveryregister gov au statements 19451,entity,{}
icon distribution investments limited and jemena networks  act  pty ltd,entity,{}
76 670 568 688,entity,{}
icon retail investments limited and agl act retail investments pty ltd,entity,{}
46 221 314 841,entity,{}
https   modernslaveryregister gov au statements 16184,entity,{}
https   modernslaveryregister gov au statements 26013,entity,{}
liebherr australia pty  ltd,entity,{}
65 007 970 452,entity,{}
https   modernslaveryregister gov au statements 305,entity,{}
st hilliers contracting pty limited,entity,{}
66 082 729 039,entity,{}
https   modernslaveryregister gov au statements 12257,entity,{}
australian institute of health and welfare,entity,{}
16 515 245 497,entity,{}
public administration and safety,entity,{}
https   modernslaveryregister gov au statements 24864,entity,{}
australian hearing services,entity,{}
80 308 797 003,entity,{}
healthcare and pharmaceuticals government sector,entity,{}
https   modernslaveryregister gov au statements 10750,entity,{}
modern slavery statement 2024 1785,entity,{}
perry ellis international  inc,entity,{}
perry ellis europe limited,entity,{}
perry ellis international europe limited,entity,{}
https   modernslaveryregister gov au statements 19121,entity,{}
aioi nissay dowa insurance company australia pty ltd,entity,{}
11 132 524 282,entity,{}
https   modernslaveryregister gov au statements 23880,entity,{}
cua health limited,entity,{}
98 098 685 459,entity,{}
https   modernslaveryregister gov au statements 6615,entity,{}
gate gourmet cairns pty ltd,entity,{}
51 008 646 302,entity,{}
gate gourmet rail pty ltd,entity,{}
61 105 939 124,entity,{}
gate gourmet riverside pty ltd,entity,{}
37 062 648 140,entity,{}
gate gourmet services  nsw  pty ltd,entity,{}
26 083 780 634,entity,{}
gate gourmet services pty ltd,entity,{}
49 009 767 408,entity,{}
pourshins australia pty ltd,entity,{}
85 106 196 801,entity,{}
https   modernslaveryregister gov au statements 23839,entity,{}
best bar pty ltd,entity,{}
48 068 713 539,entity,{}
https   modernslaveryregister gov au statements 2088,entity,{}
australian sports commission,entity,{}
67 374 695 240,entity,{}
https   modernslaveryregister gov au statements 15045,entity,{}
the trustee for mcp secured private debt fund ii,entity,{}
77 656 240 409,entity,{}
https   modernslaveryregister gov au statements 20723,entity,{}
cover syndicate pty ltd,entity,{}
54 614 038 765,entity,{}
https   modernslaveryregister gov au statements 20134,entity,{}
mitsubishi materials trading corporation,entity,{}
36 121 426 131,entity,{}
https   modernslaveryregister gov au statements 24650,entity,{}
mizuho bank  ltd,entity,{}
https   modernslaveryregister gov au statements 24627,entity,{}
transport  postal and warehousing construction,entity,{}
https   modernslaveryregister gov au statements 25286,entity,{}
meshki pty limited,entity,{}
63 606 524 878,entity,{}
https   modernslaveryregister gov au statements 16870,entity,{}
degremont process company pty ltd,entity,{}
https   modernslaveryregister gov au statements 4992,entity,{}
