name,type,attributes
Modern slavery statement 2022-973: ELECTRO OPTIC SYSTEMS HOLDINGS LIMITED,document,{'content': 'ELECTRO OPTIC SYSTEMS HOLDINGS LIMITED (ABN 95 092 708 364) filed a joint modern slavery statement with the Australian Modern Slavery Register for the reporting period 2021-01-01 to 2021-12-31. The reporting entity is headquartered in Australia. The reporting entity has an annual revenue band of 200-250M. The reporting entity operates in the industry sectors: Defence and aerospace. Register entry: https://modernslaveryregister.gov.au/statements/9193/.'}
Modern slavery statement 2022-1152: Tiffany & Co. (Australia) Pty. Ltd.,document,"{'content': 'Tiffany & Co. (Australia) Pty. Ltd. (ABN 93 128 219 554) filed a single modern slavery statement with the Australian Modern Slavery Register for the reporting period 2021-01-01 to 2021-12-31. The reporting entity is headquartered in Australia. The reporting entity has an annual revenue band of 100-150M. The reporting entity operates in the industry sectors: Fashion, textiles, apparel and luxury goods. Register entry: https://modernslaveryregister.gov.au/statements/9435/.'}"
Modern slavery statement 2021-1317: FX BIDCO PTY LIMITED & FX GROUP HOLDINGS PTY LTD & FX HOLDCO PTY LIMITED et al.,document,"{'content': 'FX BIDCO PTY LIMITED (ABN 31 609 955 053), FX GROUP HOLDINGS PTY LTD (ABN 83 628 717 359), FX HOLDCO PTY LIMITED (ABN 33 609 955 062), FX MIDCO PTY LIMITED (ABN 14 610 799 865) and PEPPERSTONE GROUP LIMITED (ABN 12 147 055 703) filed a joint modern slavery statement with the Australian Modern Slavery Register for the reporting period 2019-07-01 to 2020-06-30. The reporting entities are headquartered in Australia. The reporting entities have an annual revenue band of 1BN+. The reporting entities operate in the industry sectors: Information technology and telecommunication Financial, insurance and real estate activities. Register entry: https://modernslaveryregister.gov.au/statements/3229/.'}"
Modern slavery statement 2021-2564: ALLY FASHION PTY LTD & DDT MANAGEMENT PTY LTD & GRANDLINE PTY LTD,document,"{'content': 'ALLY FASHION PTY LTD (ABN 93 097 575 294), DDT MANAGEMENT PTY LTD (ABN 36 628 793 251) and GRANDLINE PTY LTD (ABN 19 624 035 132) filed a joint modern slavery statement with the Australian Modern Slavery Register for the reporting period 2020-07-01 to 2021-06-30. The reporting entities are headquartered in Australia. The reporting entities have an annual revenue band of 600-700M. The reporting entities operate in the industry sectors: Cosmetics and toiletries Fashion, textiles, apparel and luxury goods. Register entry: https://modernslaveryregister.gov.au/statements/5284/.'}"
Modern slavery statement 2025-3157: SOUTHERN CROSS MEDIA GROUP LIMITED,document,{'content': 'SOUTHERN CROSS MEDIA GROUP LIMITED filed a single modern slavery statement with the Australian Modern Slavery Register for the reporting period 2024-07-01 to 2025-06-30. The reporting entity is headquartered in Australia. The reporting entity has an annual revenue band of 400-450M. The reporting entity operates in the industry sectors: Information Media and Telecommunications. Register entry: https://modernslaveryregister.gov.au/statements/26122/.'}
Modern slavery statement 2024-3534: SILVER CHAIN GROUP LIMITED,document,"{'content': 'SILVER CHAIN GROUP LIMITED (ABN 77 119 417 018) filed a single modern slavery statement with the Australian Modern Slavery Register for the reporting period 2023-07-01 to 2024-06-30. The reporting entity is headquartered in Australia. The reporting entity has an annual revenue band of 400-450M. The reporting entity operates in the industry sectors: Healthcare and pharmaceuticals Charitable / not-for-profit activities. The statement also covers the included entities: ACCESS CARE NETWORK AUSTRALIA PTY LTD (39 601 017 430), ROYAL DISTRICT NURSING SERVICE OF SA LIMITED (21 588 603 824), SILVERCHAIN FOUNDATION LTD (85 077 086 670), SILVER CHAIN - VICTORIA LIMITED (26 649 647 914). Register entry: https://modernslaveryregister.gov.au/statements/21504/.'}"
Modern slavery statement 2021-2273: ROC OIL COMPANY PTY LIMITED,document,"{'content': 'ROC OIL COMPANY PTY LIMITED (ABN 32 075 965 856) filed a single modern slavery statement with the Australian Modern Slavery Register for the reporting period 2020-01-01 to 2020-12-31. The reporting entity is headquartered in Australia. The reporting entity has an annual revenue band of 100-150M. The reporting entity operates in the industry sectors: Mining, metals, chemicals and resources (including oil and gas). Register entry: https://modernslaveryregister.gov.au/statements/4816/.'}"
Modern slavery statement 2021-4075: GUZMAN Y GOMEZ (HOLDINGS) LIMITED,document,"{'content': 'GUZMAN Y GOMEZ (HOLDINGS) LIMITED (ABN 25 125 554 743) filed a single modern slavery statement with the Australian Modern Slavery Register for the reporting period 2020-07-01 to 2021-06-30. The reporting entity is headquartered in Australia. The reporting entity has an annual revenue band of 100-150M. The reporting entity operates in the industry sectors: Food and beverages, agriculture and fishing. Register entry: https://modernslaveryregister.gov.au/statements/7543/.'}"
"Modern slavery statement 2025-2630: PUMA ENERGY (AUSTRALIA) ASSETS HOLDINGS PTY LTD, PUMA ENERGY (AUSTRALIA) BITUMEN PTY LTD",document,"{'content': 'PUMA ENERGY (AUSTRALIA) ASSETS HOLDINGS PTY LTD, PUMA ENERGY (AUSTRALIA) BITUMEN PTY LTD filed a joint modern slavery statement with the Australian Modern Slavery Register for the reporting period 2024-01-01 to 2024-12-31. The reporting entity is headquartered in Australia. The reporting entity has an annual revenue band of 300-350M. The reporting entity operates in the industry sectors: Other Services. Register entry: https://modernslaveryregister.gov.au/statements/25360/.'}"
Modern slavery statement 2023-1407: LACTALIS AUSTRALIA PTY LTD & LEMNOS FOODS PTY LTD,document,"{'content': 'LACTALIS AUSTRALIA PTY LTD (ABN 56 072 928 879) and LEMNOS FOODS PTY LTD (ABN 52 147 490 480) filed a joint modern slavery statement with the Australian Modern Slavery Register for the reporting period 2022-01-01 to 2022-12-31. The reporting entities are headquartered in Australia. The reporting entities have an annual revenue band of 1BN+. The reporting entities operate in the industry sectors: Food and beverages, agriculture and fishing. Register entry: https://modernslaveryregister.gov.au/statements/14038/.'}"
Modern slavery statement 2021-1683: RB (HYGIENE HOME) AUSTRALIA PTY LTD & Reckitt Benckiser Group plc,document,"{'content': 'RB (HYGIENE HOME) AUSTRALIA PTY LTD (ABN 58 629 549 506) and Reckitt Benckiser Group plc filed a joint modern slavery statement with the Australian Modern Slavery Register for the reporting period 2020-01-01 to 2020-12-31. The reporting entities are headquartered in Australia, United Kingdom. The reporting entities have an annual revenue band of 1BN+. The reporting entities operate in the industry sectors: Other. Register entry: https://modernslaveryregister.gov.au/statements/3845/.'}"
Modern slavery statement 2022-2492: PRICEWATERHOUSECOOPERS & PRICEWATERHOUSECOOPERS ASEANZ CONSULTING PTY LIMITED & PRICEWATERHOUSECOOPERS CONSULTING (AUSTRALIA) PTY LIMITED et al.,document,"{'content': 'PRICEWATERHOUSECOOPERS (ABN 52 780 433 757), PRICEWATERHOUSECOOPERS ASEANZ CONSULTING PTY LIMITED (ABN 77 606 603 436), PRICEWATERHOUSECOOPERS CONSULTING (AUSTRALIA) PTY LIMITED (ABN 20 607 773 295), PRICEWATERHOUSECOOPERS SECURITIES LTD (ABN 54 003 311 617) and The Trustee for THE PRICEWATERHOUSECOOPERS SERVICES TRUST (ABN 52 864 604 756) filed a joint modern slavery statement with the Australian Modern Slavery Register for the reporting period 2021-07-01 to 2022-06-30. The reporting entities are headquartered in Australia. The reporting entities have an annual revenue band of 1BN+. The reporting entities operate in the industry sectors: Professional and administrative services and supplies, including legal, consulting and accounting services. Register entry: https://modernslaveryregister.gov.au/statements/11296/.'}"
"Modern slavery statement 2024-1389: BAT AUSTRALASIA LTD, BAT AUSTRALIA LTD, BAT AUSTRALIA OVERSEAS PTY LTD, BAT SOUTH PTY LTD",document,"{'content': 'BAT AUSTRALASIA LTD, BAT AUSTRALIA LTD, BAT AUSTRALIA OVERSEAS PTY LTD, BAT SOUTH PTY LTD filed a joint modern slavery statement with the Australian Modern Slavery Register for the reporting period 2023-01-01 to 2023-12-31. The reporting entity is headquartered in Australia. The reporting entity has an annual revenue band of 1BN+. The reporting entity operates in the industry sectors: Other. The statement also covers the included entities: BAT AUSTRALIA SERVICES LTD, BAT (New Zealand) Ltd, British American Tobacco Company (Samoa) Ltd, British American Tobacco (Fiji) Marketing Pte Ltd, British American Tobacco (PNG) Limited, Central Manufacturing Company Pte Ltd, ROTHMANS ASIA PACIFIC LIMITED, Solomon Islands Tobacco Company Limited, THE BENSON & HEDGES COMPANY PTY. LIMITED, W.D. & H.O. WILLS HOLDINGS LIMITED. Register entry: https://modernslaveryregister.gov.au/statements/18538/.'}"
Modern slavery statement 2025-1481: DASSAULT SYSTEMES AUSTRALIA PTY LTD,document,{'content': 'DASSAULT SYSTEMES AUSTRALIA PTY LTD (ABN 92 113 589 772) filed a single modern slavery statement with the Australian Modern Slavery Register for the reporting period 2024-01-01 to 2024-12-31. The reporting entity is headquartered in Australia. The reporting entity has an annual revenue band of 100-150M. The reporting entity operates in the industry sectors: Information technology and telecommunication. Register entry: https://modernslaveryregister.gov.au/statements/23438/.'}
"Modern slavery statement 2025-313: JWLAND HOLDINGS PTY. LTD., SHL DEVELOPMENT PTY LTD",document,"{'content': 'JWLAND HOLDINGS PTY. LTD., SHL DEVELOPMENT PTY LTD filed a joint modern slavery statement with the Australian Modern Slavery Register for the reporting period 2023-07-01 to 2024-06-30. The reporting entity is headquartered in Australia. The reporting entity has an annual revenue band of 100-150M. The reporting entity operates in the industry sectors: Construction. The statement also covers the included entities: ALTAIR NO.1 PTY LTD (63 610 084 369), ALTAIR NO.2 PTY LTD (17 642 342 381), ALUMUNA PROPERTY PTY LTD (92 610 083 684), ARTEMIS NO.1 PTY LTD (88 657 723 487), CANBERRA DEVELOPMENT ADVISORY PTY LTD (41 663 982 983), CELESTIAL DEVELOPMENT NO.2 PTY LTD (27 169 975 633), CELESTIAL DEVELOPMENT NO.3 PTY LTD (27 169 976 443), CELESTIAL DEVELOPMENT NO.4 PTY LTD (18 169 977 655), CELESTIAL DEVELOPMENT NO.5 PTY LTD (50 169 978 161), CELESTIAL DEVELOPMENT PTY LTD (20 168 863 018), DE BURGH DEVELOPMENT PTY LTD (56 663 987 095), FRONT ARCHITECTS PTY LTD (23 611 702 964), GILES SQUARE PTY LTD (87 682 462 497), JWLAND CONSTRUCTION GROUP PTY LTD (72 680 272 557), JWLAND CONSTRUCTION PTY. LTD. (86 616 339 309), JWLAND DEVELOPMENT PTY. LTD. (76 614 856 165), JWLAND FINANCE PTY LTD (49 669 934 089), JWLAND GROUP PTY LTD (96 614 864 792), JWLAND PROJECTS BUILDING PTY LTD (55 657 384 711), MP DEVELOPMENT NO 1 PTY LTD (98 609 027 045), MP DEVELOPMENT NO. 2 PTY LTD (52 610 654 576), RIGEL PROPERTY PTY LTD (81 632 254 598), TOTEM CONSTRUCTION PTY LTD (84 660 146 903), XCHANGE PROPERTY PTY LTD (44 663 983 364). Register entry: https://modernslaveryregister.gov.au/statements/22110/.'}"
Modern slavery statement 2025-2368: FREDON INDUSTRIES PTY. LIMITED,document,{'content': 'FREDON INDUSTRIES PTY. LIMITED (ABN 12 003 361 297) filed a single modern slavery statement with the Australian Modern Slavery Register for the reporting period 2024-07-01 to 2025-06-30. The reporting entity is headquartered in Australia. The reporting entity has an annual revenue band of 800-900M. The reporting entity operates in the industry sectors: Construction. Register entry: https://modernslaveryregister.gov.au/statements/24968/.'}
Modern slavery statement 2023-2655: WAM RESEARCH LIMITED,document,"{'content': 'WAM RESEARCH LIMITED (ABN 15 100 504 541) filed a single modern slavery statement with the Australian Modern Slavery Register for the reporting period 2022-07-01 to 2023-06-30. The reporting entity is headquartered in Australia. The reporting entity has an annual revenue band of 0-99M. The reporting entity operates in the industry sectors: Financial, insurance and real estate activities. Register entry: https://modernslaveryregister.gov.au/statements/15807/.'}"
Modern slavery statement 2020-358: WCX AHT PTY LTD & WCX AT PTY LTD & WCX M4-M5 LINK AHT PTY LIMITED et al.,document,"{'content': 'WCX AHT PTY LTD (ABN 53 625 890 708), WCX AT PTY LTD (ABN 63 625 890 753), WCX M4-M5 LINK AHT PTY LIMITED (ABN 87 624 153 751), WCX M4-M5 LINK AMT PTY LTD (ABN 66 626 329 333), WCX M4-M5 LINK AT PTY LIMITED (ABN 85 624 153 742), WCX M4-M5 LINK PHT PTY LIMITED (ABN 79 624 153 779), WCX M4-M5 LINK PMT PTY LTD (ABN 17 626 329 566), WCX M4-M5 LINK PT PTY LIMITED (ABN 81 624 153 788), WCX M4 PHT PTY LTD (ABN 44 614 741 374), WCX M4 PMT PTY LTD (ABN 68 626 329 342), WCX M4 PT PTY LTD (ABN 59 614 741 436), WCX M5 AHT PTY LTD (ABN 28 608 763 524), WCX M5 AMT PTY LTD (ABN 47 626 329 253), WCX M5 AT PTY LTD (ABN 49 608 798 081), WCX M5 PHT PTY LTD (ABN 14 608 763 088), WCX M5 PMT PTY LTD (ABN 85 626 329 477), WCX M5 PT PTY LTD (ABN 36 608 798 465), WCX PHT PTY LTD (ABN 61 625 890 744) and WCX PT PTY LTD (ABN 59 625 890 799) filed a joint modern slavery statement with the Australian Modern Slavery Register for the reporting period 2019-07-01 to 2020-06-30. The reporting entities are headquartered in Australia. The reporting entities have an annual revenue band of 1BN+. The reporting entities operate in the industry sectors: Transportation, logistics, and storage. Register entry: https://modernslaveryregister.gov.au/statements/814/.'}"
Modern slavery statement 2021-3623: DIAGEO AUSTRALIA LIMITED,document,"{'content': 'DIAGEO AUSTRALIA LIMITED (ABN 33 004 167 720) filed a joint modern slavery statement with the Australian Modern Slavery Register for the reporting period 2020-07-01 to 2021-06-30. The reporting entity is headquartered in United Kingdom. The reporting entity has an annual revenue band of 700-800M. The reporting entity operates in the industry sectors: Food and beverages, agriculture and fishing. Register entry: https://modernslaveryregister.gov.au/statements/6963/.'}"
Modern slavery statement 2025-3132: BRAVURA SOLUTIONS LIMITED,document,{'content': 'BRAVURA SOLUTIONS LIMITED (ABN 54 164 391 128) filed a single modern slavery statement with the Australian Modern Slavery Register for the reporting period 2024-07-01 to 2025-06-30. The reporting entity is headquartered in Australia. The reporting entity has an annual revenue band of 300-350M. The reporting entity operates in the industry sectors: Information Media and Telecommunications. Register entry: https://modernslaveryregister.gov.au/statements/26082/.'}
Modern slavery statement 2022-296: SELECT HARVESTS LIMITED,document,"{'content': 'SELECT HARVESTS LIMITED (ABN 87 000 721 380) filed a single modern slavery statement with the Australian Modern Slavery Register for the reporting period 2021-01-01 to 2021-12-31. The reporting entity is headquartered in Australia. The reporting entity has an annual revenue band of 250-300M. The reporting entity operates in the industry sectors: Food and beverages, agriculture and fishing. Register entry: https://modernslaveryregister.gov.au/statements/8127/.'}"
Modern slavery statement 2024-11: COGI PTY LTD.,document,"{'content': 'COGI PTY LTD. (ABN 15 634 090 092) filed a joint modern slavery statement with the Australian Modern Slavery Register for the reporting period 2023-01-01 to 2023-12-31. The reporting entity is headquartered in Australia. The reporting entity has an annual revenue band of 1BN+. The reporting entity operates in the industry sectors: Fashion, textiles, apparel and luxury goods. The statement also covers the included entities: Cotton On Australia Pty Ltd, Cotton On New Zealand Limited, Cotton On South Africa Pty Ltd, Cotton On USA, Inc. Register entry: https://modernslaveryregister.gov.au/statements/16724/.'}"
Modern slavery statement 2021-877: SAMUEL SMITH & SON PTY. LTD.,document,"{'content': 'SAMUEL SMITH & SON PTY. LTD. (ABN 64 007 534 278) filed a single modern slavery statement with the Australian Modern Slavery Register for the reporting period 2019-07-01 to 2020-06-30. The reporting entity is headquartered in Australia. The reporting entity has an annual revenue band of 150-200M. The reporting entity operates in the industry sectors: Food and beverages, agriculture and fishing. Register entry: https://modernslaveryregister.gov.au/statements/2108/.'}"
Modern slavery statement 2021-1814: HSBC Australia Holdings Pty Limited & HSBC BANK AUSTRALIA LIMITED & The Hongkong and Shanghai Banking Corporation Limited,document,"{'content': 'HSBC Australia Holdings Pty Limited (ABN 22 006 513 873), HSBC BANK AUSTRALIA LIMITED (ABN 48 006 434 162) and The Hongkong and Shanghai Banking Corporation Limited (ABN 65 117 925 970) filed a joint modern slavery statement with the Australian Modern Slavery Register for the reporting period 2020-01-01 to 2020-12-31. The reporting entities are headquartered in Australia, Hong Kong. The reporting entities have an annual revenue band of 1BN+. The reporting entities operate in the industry sectors: Financial, insurance and real estate activities. Register entry: https://modernslaveryregister.gov.au/statements/4146/.'}"
Modern slavery statement 2023-2721: BRIGHTWATER CARE GROUP LIMITED,document,{'content': 'BRIGHTWATER CARE GROUP LIMITED (ABN 23 445 460 050) filed a single modern slavery statement with the Australian Modern Slavery Register for the reporting period 2022-07-01 to 2023-06-30. The reporting entity is headquartered in Australia. The reporting entity has an annual revenue band of 150-200M. The reporting entity operates in the industry sectors: Healthcare and pharmaceuticals Charitable / not-for-profit activities. Register entry: https://modernslaveryregister.gov.au/statements/15665/.'}
Modern slavery statement 2022-174: PANASONIC AUSTRALIA PTY LIMITED,document,"{'content': 'PANASONIC AUSTRALIA PTY LIMITED (ABN 83 001 592 187) filed a single modern slavery statement with the Australian Modern Slavery Register for the reporting period 2021-01-01 to 2021-12-31. The reporting entity is headquartered in Australia. The reporting entity has an annual revenue band of 250-300M. The reporting entity operates in the industry sectors: Durable consumer goods, including electronics and appliances, home furnishings and other accessories. Register entry: https://modernslaveryregister.gov.au/statements/7952/.'}"
"Modern slavery statement 2021-157: Scoot Tigerair Pte Ltd, SilkAir (Singapore) Private Limited, Singapore Airlines Limited",document,"{'content': 'Scoot Tigerair Pte Ltd, SilkAir (Singapore) Private Limited, Singapore Airlines Limited filed a joint modern slavery statement with the Australian Modern Slavery Register for the reporting period 2019-04-01 to 2020-03-31. The reporting entity is headquartered in Singapore. The reporting entity has an annual revenue band of Unknown. The reporting entity operates in the industry sectors: Transportation, logistics, and storage Consumer services, including accommodation, hospitality, tourism and leisure. Register entry: https://modernslaveryregister.gov.au/statements/1337/.'}"
Modern slavery statement 2023-3181: The Trustee for PRP Investment Trust,document,{'content': 'The Trustee for PRP Investment Trust (ABN 18 416 389 099) filed a single modern slavery statement with the Australian Modern Slavery Register for the reporting period 2022-07-01 to 2023-06-30. The reporting entity is headquartered in Australia. The reporting entity has an annual revenue band of 250-300M. The reporting entity operates in the industry sectors: Healthcare and pharmaceuticals. Register entry: https://modernslaveryregister.gov.au/statements/16450/.'}
Modern slavery statement 2022-2118: A.W. NICHOLSON PTY LTD,document,"{'content': 'A.W. NICHOLSON PTY LTD (ABN 14 118 404 381) filed a single modern slavery statement with the Australian Modern Slavery Register for the reporting period 2021-07-01 to 2022-06-30. The reporting entity is headquartered in Australia. The reporting entity has an annual revenue band of 100-150M. The reporting entity operates in the industry sectors: Construction, civil engineering and building products. Register entry: https://modernslaveryregister.gov.au/statements/10804/.'}"
Modern slavery statement 2024-2172: PUMA AUSTRALIA PTY LTD,document,"{'content': 'PUMA AUSTRALIA PTY LTD (ABN 52 050 539 501) filed a single modern slavery statement with the Australian Modern Slavery Register for the reporting period 2023-01-01 to 2023-12-31. The reporting entity is headquartered in Australia. The reporting entity has an annual revenue band of 200-250M. The reporting entity operates in the industry sectors: Fashion, textiles, apparel and luxury goods. Register entry: https://modernslaveryregister.gov.au/statements/19746/.'}"
Modern slavery statement 2023-802: JAPAN AUSTRALIA LNG (MIMI) PTY. LTD.,document,"{'content': 'JAPAN AUSTRALIA LNG (MIMI) PTY. LTD. (ABN 18 006 303 180) filed a single modern slavery statement with the Australian Modern Slavery Register for the reporting period 2022-01-01 to 2022-12-31. The reporting entity is headquartered in Australia. The reporting entity has an annual revenue band of 1BN+. The reporting entity operates in the industry sectors: Mining, metals, chemicals and resources (including oil and gas). Register entry: https://modernslaveryregister.gov.au/statements/13285/.'}"
Modern slavery statement 2023-3138: PETER WARREN AUTOMOTIVE HOLDINGS LIMITED,document,"{'content': ""PETER WARREN AUTOMOTIVE HOLDINGS LIMITED (ABN 57 615 674 185) filed a joint modern slavery statement with the Australian Modern Slavery Register for the reporting period 2022-07-01 to 2023-06-30. The reporting entity is headquartered in Australia. The reporting entity has an annual revenue band of 1BN+. The reporting entity operates in the industry sectors: Automotive, machinery and heavy electrical equipment. The statement also covers the included entities: JAMES FRIZELLE'S AUTOMOTIVE GROUP PTY. LTD. (47 010 210 723), PENFOLD MOTORS BURWOOD PTY. LTD. (28 005 667 461), PETER WARREN AUTOMOTIVE PTY LTD (67 000 293 621). Register entry: https://modernslaveryregister.gov.au/statements/16407/.""}"
Modern slavery statement 2022-2678: DONALDSON AUSTRALASIA PTY LTD,document,{'content': 'DONALDSON AUSTRALASIA PTY LTD (ABN 78 000 521 200) filed a single modern slavery statement with the Australian Modern Slavery Register for the reporting period 2021-07-01 to 2022-06-30. The reporting entity is headquartered in United States of America. The reporting entity has an annual revenue band of 100-150M. The reporting entity operates in the industry sectors: Other. Register entry: https://modernslaveryregister.gov.au/statements/11546/.'}
Modern slavery statement 2022-1: AVENG AUSTRALIA HOLDINGS PTY LTD & BUILT ENVIRONS PTY. LTD. & MCCONNELL DOWELL CONSTRUCTORS (AUST) PTY LTD et al.,document,"{'content': 'AVENG AUSTRALIA HOLDINGS PTY LTD (ABN 33 108 058 331), BUILT ENVIRONS PTY. LTD. (ABN 74 008 125 111), MCCONNELL DOWELL CONSTRUCTORS (AUST) PTY LTD (ABN 71 002 929 017), MCCONNELL DOWELL CORPORATION LIMITED (ABN 11 008 444 880) and MCCONNELL DOWELL HOLDINGS PTY. LIMITED (ABN 87 003 207 270) filed a joint modern slavery statement with the Australian Modern Slavery Register for the reporting period 2021-01-01 to 2021-12-31. The reporting entities are headquartered in Australia. The reporting entities have an annual revenue band of 1BN+. The reporting entities operate in the industry sectors: Construction, civil engineering and building products. Register entry: https://modernslaveryregister.gov.au/statements/7689/.'}"
Modern slavery statement 2023-2434: SYMAL CONTRACTORS PTY LTD & SYMAL INFRASTRUCTURE PTY LTD,document,"{'content': 'SYMAL CONTRACTORS PTY LTD (ABN 69 630 027 342) and SYMAL INFRASTRUCTURE PTY LTD (ABN 87 130 808 276) filed a joint modern slavery statement with the Australian Modern Slavery Register for the reporting period 2022-07-01 to 2023-06-30. The reporting entities are headquartered in Australia. The reporting entities have an annual revenue band of 500-600M. The reporting entities operate in the industry sectors: Construction, civil engineering and building products. Register entry: https://modernslaveryregister.gov.au/statements/15524/.'}"
Modern slavery statement 2023-2786: Ingenia Communities Holdings Limited,document,"{'content': 'Ingenia Communities Holdings Limited (ABN 92 154 444 925) filed a joint modern slavery statement with the Australian Modern Slavery Register for the reporting period 2022-07-01 to 2023-06-30. The reporting entity is headquartered in Australia. The reporting entity has an annual revenue band of 350-400M. The reporting entity operates in the industry sectors: Financial, insurance and real estate activities. The statement also covers the included entities: Eighth Gate Capital Management Pty Ltd (58 165 734 510), Eighth Gate Pty Limited (94 165 730 227), Ingenia Communities RE Limited (46 154 464 900), Sungenia Development Pty Limited (32 629 790 343), Sungenia LandCo Pty Limited (89 629 787 828), Sungenia OpCo Pty Limited (89 629 791 457). Register entry: https://modernslaveryregister.gov.au/statements/15990/.'}"
Modern slavery statement 2025-2893: ECHUCA REGIONAL HEALTH,document,{'content': 'ECHUCA REGIONAL HEALTH (ABN 30 490 690 530) filed a single modern slavery statement with the Australian Modern Slavery Register for the reporting period 2024-07-01 to 2025-06-30. The reporting entity is headquartered in Australia. The reporting entity has an annual revenue band of 100-150M. The reporting entity operates in the industry sectors: Health Care and Social Assistance. Register entry: https://modernslaveryregister.gov.au/statements/25738/.'}
Modern slavery statement 2023-327: PETUNA AQUACULTURE PTY LTD,document,"{'content': 'PETUNA AQUACULTURE PTY LTD (ABN 62 009 485 581) filed a single modern slavery statement with the Australian Modern Slavery Register for the reporting period 2021-10-01 to 2022-09-30. The reporting entity is headquartered in Australia, New Zealand. The reporting entity has an annual revenue band of 100-150M. The reporting entity operates in the industry sectors: Food and beverages, agriculture and fishing. Register entry: https://modernslaveryregister.gov.au/statements/12553/.'}"
Modern slavery statement 2022-2801: ACE PRINT AND DISPLAY PTY LIMITED & BRISBANE CULLET PTY LTD & BUILD RUN REPAIR (AUSTRALIA) PTY LTD et al.,document,"{'content': 'ACE PRINT AND DISPLAY PTY LIMITED (ABN 21 000 639 743), BRISBANE CULLET PTY LTD (ABN 13 601 145 304), BUILD RUN REPAIR (AUSTRALIA) PTY LTD (ABN 15 155 555 052), PH PENRITH PTY LTD (ABN 17 638 042 912), P & I PTY. LTD. (ABN 15 000 619 018), REGIONAL RECYCLERS PTY LTD (ABN 12 069 806 462), SALVAGE PAPER PTY LTD (ABN 34 101 429 716), The Trustee for SOUTHERN PAPER CONVERTERS TRUST (ABN 49 984 541 896), VISY ALBURY PTY LTD (ABN 91 151 816 465), VISY BOARD PROPRIETARY LIMITED (ABN 58 005 787 913), VISY BOARD (WODONGA) PTY. LTD. (ABN 34 098 839 402), VISY ENERGY PTY LTD (ABN 55 115 133 321), VISY GLAMA PTY LTD (ABN 83 077 517 581), VISY GLASS (AUSTRALASIA) PTY LTD (ABN 56 642 097 185), VISY GLASS INTERNATIONAL PTY LTD (ABN 97 006 005 929), VISY GLASS OPERATIONS (AUSTRALIA) PTY LTD (ABN 94 004 230 326), VISY GLASS PACKAGING SERVICES PTY LTD (ABN 77 004 300 725), VISY INDUSTRIES AUSTRALIA PTY LTD (ABN 74 004 337 615), VISY LOGISTICS PTY LTD (ABN 12 089 137 986), VISY PACKAGING PTY. LTD. (ABN 13 095 313 723), VISYPET PTY. LTD. (ABN 52 099 764 119), VISY PULP AND PAPER PTY. LTD. (ABN 30 086 513 144), VISY RECYCLING AUSTRALIA PTY LTD (ABN 46 118 295 239), VISY RECYCLING MRFS PTY LTD (ABN 76 118 874 972), VISY SAND QUARRY PTY LTD (ABN 49 645 945 928) and Visy Singapore Headquarters Pte Ltd (ABN 28 323 431 228) filed a joint modern slavery statement with the Australian Modern Slavery Register for the reporting period 2021-07-01 to 2022-06-30. The reporting entities are headquartered in Australia. The reporting entities have an annual revenue band of 1BN+. The reporting entities operate in the industry sectors: Forestry, timber products, paper and containers and packaging. Register entry: https://modernslaveryregister.gov.au/statements/11692/.'}"
Modern slavery statement 2022-2402: RELIANCE WORLDWIDE CORPORATION (AUST.) PTY. LTD. & RELIANCE WORLDWIDE CORPORATION LIMITED,document,"{'content': 'RELIANCE WORLDWIDE CORPORATION (AUST.) PTY. LTD. (ABN 71 004 784 301) and RELIANCE WORLDWIDE CORPORATION LIMITED (ABN 46 610 855 877) filed a joint modern slavery statement with the Australian Modern Slavery Register for the reporting period 2021-07-01 to 2022-06-30. The reporting entities are headquartered in Australia, United Kingdom, United States of America. The reporting entities have an annual revenue band of 1BN+. The reporting entities operate in the industry sectors: Other. Register entry: https://modernslaveryregister.gov.au/statements/11197/.'}"
Modern slavery statement 2022-64: THE BARRO GROUP TRUST SETTLOR MARIE TERESE WILLEY,document,"{'content': 'THE BARRO GROUP TRUST SETTLOR MARIE TERESE WILLEY (ABN 25 553 947 414) filed a single modern slavery statement with the Australian Modern Slavery Register for the reporting period 2020-07-01 to 2021-06-30. The reporting entity is headquartered in Australia. The reporting entity has an annual revenue band of 450-500M. The reporting entity operates in the industry sectors: Construction, civil engineering and building products. Register entry: https://modernslaveryregister.gov.au/statements/7789/.'}"
Modern slavery statement 2024-508: University of Tasmania,document,"{'content': 'University of Tasmania (ABN 30 764 374 782) filed a joint modern slavery statement with the Australian Modern Slavery Register for the reporting period 2023-01-01 to 2023-12-31. The reporting entity is headquartered in Australia. The reporting entity has an annual revenue band of 700-800M. The reporting entity operates in the industry sectors: Education and research. The statement also covers the included entities: A.M.C Search Limited (29 009 548 618), Tasmanian University Student Association Inc (26 112 122 929), UTAS Holdings Pty Ltd (68 601 280 880), UTAS Properties Pty Ltd (61 636 735 834). Register entry: https://modernslaveryregister.gov.au/statements/17509/.'}"
Modern slavery statement 2022-2703: AUSTRALIAN UNITY LIMITED,document,"{'content': 'AUSTRALIAN UNITY LIMITED (ABN 23 087 648 888) filed a joint modern slavery statement with the Australian Modern Slavery Register for the reporting period 2021-07-01 to 2022-06-30. The reporting entity is headquartered in Australia. The reporting entity has an annual revenue band of 1BN+. The reporting entity operates in the industry sectors: Financial, insurance and real estate activities. Register entry: https://modernslaveryregister.gov.au/statements/11525/.'}"
Modern slavery statement 2021-3951: NIOA NOMINEES PTY LTD T/F BILL NIOA FAMILY TRUST,document,{'content': 'NIOA NOMINEES PTY LTD T/F BILL NIOA FAMILY TRUST (ABN 11 646 964 149) filed a single modern slavery statement with the Australian Modern Slavery Register for the reporting period 2020-07-01 to 2021-06-30. The reporting entity is headquartered in Australia. The reporting entity has an annual revenue band of 100-150M. The reporting entity operates in the industry sectors: Defence and aerospace. Register entry: https://modernslaveryregister.gov.au/statements/7415/.'}
Modern slavery statement 2023-937: FORTREA AUSTRALIA PTY LTD & Laboratory Corporation of America Holdings,document,{'content': 'FORTREA AUSTRALIA PTY LTD (ABN 99 003 613 134) and Laboratory Corporation of America Holdings filed a joint modern slavery statement with the Australian Modern Slavery Register for the reporting period 2022-01-01 to 2022-12-31. The reporting entities are headquartered in United States of America. The reporting entities have an annual revenue band of 1BN+. The reporting entities operate in the industry sectors: Healthcare and pharmaceuticals. Register entry: https://modernslaveryregister.gov.au/statements/13476/.'}
Modern slavery statement 2023-1667: CONTACT ENERGY LIMITED,document,"{'content': 'CONTACT ENERGY LIMITED (ABN 68 080 480 477) filed a single modern slavery statement with the Australian Modern Slavery Register for the reporting period 2022-07-01 to 2023-06-30. The reporting entity is headquartered in New Zealand. The reporting entity has an annual revenue band of 1BN+. The reporting entity operates in the industry sectors: Utilities: gas, water and electricity. Register entry: https://modernslaveryregister.gov.au/statements/14416/.'}"
Modern slavery statement 2024-202: IKEA PTY LIMITED,document,"{'content': 'IKEA PTY LIMITED (ABN 84 006 270 757) filed a single modern slavery statement with the Australian Modern Slavery Register for the reporting period 2022-09-01 to 2023-08-31. The reporting entity is headquartered in Australia. The reporting entity has an annual revenue band of 1BN+. The reporting entity operates in the industry sectors: Durable consumer goods, including electronics and appliances, home furnishings and other accessories. The statement also covers the included entities: ASHPARK PTY LTD, CEBAS PTY LTD, IKEA DISTRIBUTION SERVICES AUSTRALIA PTY LTD, IKEA TRADING PTY LIMITED, SABEC PTY LTD. Register entry: https://modernslaveryregister.gov.au/statements/17035/.'}"
Modern slavery statement 2023-2478: REGIONAL EXPRESS HOLDINGS LIMITED,document,"{'content': 'REGIONAL EXPRESS HOLDINGS LIMITED filed a joint modern slavery statement with the Australian Modern Slavery Register for the reporting period 2022-07-01 to 2023-06-30. The reporting entity is headquartered in Australia. The reporting entity has an annual revenue band of 600-700M. The reporting entity operates in the industry sectors: Transportation, logistics, and storage. The statement also covers the included entities: AAPA VICTORIA PTY LTD, AIR PARTNERS PTY LTD, AUSTRALIAN AERO PROPELLER MAINTENANCE PTY LTD, AUSTRALIAN AIRLINE PILOT ACADEMY PTY LTD, PEL-AIR AVIATION PTY LTD, REGIONAL EXPRESS PTY LTD, REX AIRLINES PTY LTD, REX INVESTMENT HOLDINGS PTY LTD. Register entry: https://modernslaveryregister.gov.au/statements/15343/.'}"
Modern slavery statement 2025-1923: GOODMAN LIMITED,document,"{'content': 'GOODMAN LIMITED (ABN 69 000 123 071) filed a single modern slavery statement with the Australian Modern Slavery Register for the reporting period 2024-07-01 to 2025-06-30. The reporting entity is headquartered in Australia. The reporting entity has an annual revenue band of 1BN+. The reporting entity operates in the industry sectors: Financial, insurance and real estate activities. The statement also covers the included entities: GOODMAN FUNDS MANAGEMENT LIMITED (48 067 796 641), Goodman Logistics (HK) Limited, Goodman Logistics UK Holdings Limited. Register entry: https://modernslaveryregister.gov.au/statements/24258/.'}"
"Modern slavery statement 2024-1809: PFD FOOD SERVICES PTY LTD, STATEWIDE INDEPENDENT WHOLESALERS LIMITED, WOOLWORTHS GROUP LIMITED",document,"{'content': 'PFD FOOD SERVICES PTY LTD, STATEWIDE INDEPENDENT WHOLESALERS LIMITED, WOOLWORTHS GROUP LIMITED (ABN 88 000 014 675) filed a joint modern slavery statement with the Australian Modern Slavery Register for the reporting period 2023-07-01 to 2024-06-30. The reporting entity is headquartered in Australia. The reporting entity has an annual revenue band of 1BN+. The reporting entity operates in the industry sectors: Food and beverages, agriculture and fishing Fashion, textiles, apparel and luxury goods. The statement also covers the included entities: CARTOLOGY PTY LIMITED, DRUMSTAR PTY LTD, FABCOT PTY LTD, LEASEHOLD INVESTMENTS PTY LTD, PROGRESSIVE ENTERPRISES HOLDINGS LIMITED, WOOLWORTHS GROUP PAYMENTS PTY LIMITED, WOOLWORTHS (SOUTH AUSTRALIA) PTY LIMITED, WOOLWORTHS (VICTORIA) PTY LIMITED, WPAY PTY LIMITED. Register entry: https://modernslaveryregister.gov.au/statements/19253/.'}"
Modern slavery statement 2024-1059: SIERRA RUTILE HOLDINGS LIMITED,document,"{'content': 'SIERRA RUTILE HOLDINGS LIMITED (ABN 79 613 822 165) filed a single modern slavery statement with the Australian Modern Slavery Register for the reporting period 2023-01-01 to 2023-12-31. The reporting entity is headquartered in Australia, Sierra Leone, South Africa, United Kingdom. The reporting entity has an annual revenue band of 250-300M. The reporting entity operates in the industry sectors: Mining, metals, chemicals and resources (including oil and gas). The statement also covers the included entities: Sierra Rutile International South Africa (Pty) Ltd, Sierra Rutile International UK Limited, Sierra Rutile Investments 1 Limited, Sierra Rutile Investments (BVI) Limited, Sierra Rutile Limited, Sierra Rutile (UK) Limited, SRL Acquisitional No.3 Limited. Register entry: https://modernslaveryregister.gov.au/statements/18325/.'}"
Modern slavery statement 2025-932: Royal FrieslandCampina N.V.,document,"{'content': 'Royal FrieslandCampina N.V. filed a single modern slavery statement with the Australian Modern Slavery Register for the reporting period 2024-01-01 to 2024-12-31. The reporting entity is headquartered in Netherlands. The reporting entity has an annual revenue band of 1BN+. The reporting entity operates in the industry sectors: Food and beverages, agriculture and fishing. Register entry: https://modernslaveryregister.gov.au/statements/23056/.'}"
Modern slavery statement 2024-1497: ANCA PTY LTD,document,"{'content': 'ANCA PTY LTD (ABN 43 005 163 244) filed a single modern slavery statement with the Australian Modern Slavery Register for the reporting period 2023-07-01 to 2024-06-30. The reporting entity is headquartered in Australia. The reporting entity has an annual revenue band of 300-350M. The reporting entity operates in the industry sectors: Automotive, machinery and heavy electrical equipment. Register entry: https://modernslaveryregister.gov.au/statements/18795/.'}"
Modern slavery statement 2025-2657: PEOPLEKIND GROUP LTD,document,{'content': 'PEOPLEKIND GROUP LTD (ABN 11 652 673 553) filed a single modern slavery statement with the Australian Modern Slavery Register for the reporting period 2024-07-01 to 2025-06-30. The reporting entity is headquartered in Australia. The reporting entity has an annual revenue band of 100-150M. The reporting entity operates in the industry sectors: Accommodation and Food Services Other Services Health Care and Social Assistance Education and Training. Register entry: https://modernslaveryregister.gov.au/statements/25396/.'}
Modern slavery statement 2024-2010: EXPERIAN AUSTRALIA HOLDINGS PTY LTD,document,{'content': 'EXPERIAN AUSTRALIA HOLDINGS PTY LTD (ABN 17 124 553 984) filed a single modern slavery statement with the Australian Modern Slavery Register for the reporting period 2023-04-01 to 2024-03-31. The reporting entity is headquartered in Australia. The reporting entity has an annual revenue band of 100-150M. The reporting entity operates in the industry sectors: Other. Register entry: https://modernslaveryregister.gov.au/statements/19525/.'}
Modern slavery statement 2023-2841: APH TOP CO PTY LIMITED & PORT OF BRISBANE PTY LTD & QPH Finance Co Pty Limited et al.,document,"{'content': 'APH TOP CO PTY LIMITED (ABN 96 608 192 374), PORT OF BRISBANE PTY LTD (ABN 78 143 384 749), QPH Finance Co Pty Limited (ABN 74 146 988 454), QPH Hold Co Pty Limited (ABN 31 146 978 994), QPH PORT ACQUISITION CO PTY LIMITED (ABN 81 146 985 677), THE TRUSTEE FOR QPH HOLD TRUST (ABN 36 467 446 294) and The Trustee for QPH Property Trust (ABN 37 014 309 893) filed a joint modern slavery statement with the Australian Modern Slavery Register for the reporting period 2022-07-01 to 2023-06-30. The reporting entities are headquartered in Australia. The reporting entities have an annual revenue band of 1BN+. The reporting entities operate in the industry sectors: Transportation, logistics, and storage. Register entry: https://modernslaveryregister.gov.au/statements/15940/.'}"
Modern slavery statement 2023-1065: WYNDHAM DESTINATIONS ASIA PACIFIC PTY LTD,document,"{'content': 'WYNDHAM DESTINATIONS ASIA PACIFIC PTY LTD (ABN 30 090 083 613) filed a single modern slavery statement with the Australian Modern Slavery Register for the reporting period 2022-04-01 to 2023-03-30. The reporting entity is headquartered in Australia, Singapore, United States of America. The reporting entity has an annual revenue band of 150-200M. The reporting entity operates in the industry sectors: Consumer services, including accommodation, hospitality, tourism and leisure. Register entry: https://modernslaveryregister.gov.au/statements/13658/.'}"
Modern slavery statement 2024-3331: FLETCHER INTERNATIONAL EXPORTS PTY LTD & FLETCHER INTERNATIONAL GROUP PTY LTD,document,"{'content': 'FLETCHER INTERNATIONAL EXPORTS PTY LTD (ABN 64 003 213 652) and FLETCHER INTERNATIONAL GROUP PTY LTD (ABN 75 626 211 907) filed a joint modern slavery statement with the Australian Modern Slavery Register for the reporting period 2023-07-01 to 2024-06-30. The reporting entities are headquartered in Australia. The reporting entities have an annual revenue band of 900M-1BN. The reporting entities operate in the industry sectors: Food and beverages, agriculture and fishing. The statement also covers the included entities: Fletcher International USA LLC. Register entry: https://modernslaveryregister.gov.au/statements/21128/.'}"
Modern slavery statement 2023-541: EDEN BRAE HOLDINGS PTY LIMITED,document,"{'content': 'EDEN BRAE HOLDINGS PTY LIMITED (ABN 42 083 807 489) filed a single modern slavery statement with the Australian Modern Slavery Register for the reporting period 2021-07-01 to 2022-06-30. The reporting entity is headquartered in Australia. The reporting entity has an annual revenue band of 200-250M. The reporting entity operates in the industry sectors: Construction, civil engineering and building products. Register entry: https://modernslaveryregister.gov.au/statements/12884/.'}"
Modern slavery statement 2023-2918: Energy Infrastructure Trust,document,"{'content': 'Energy Infrastructure Trust (ABN 23 779 151 748) filed a single modern slavery statement with the Australian Modern Slavery Register for the reporting period 2022-07-01 to 2023-06-30. The reporting entity is headquartered in Australia. The reporting entity has an annual revenue band of 100-150M. The reporting entity operates in the industry sectors: Financial, insurance and real estate activities. Register entry: https://modernslaveryregister.gov.au/statements/16155/.'}"
Modern slavery statement 2021-3493: AON CORPORATION AUSTRALIA LIMITED,document,"{'content': 'AON CORPORATION AUSTRALIA LIMITED (ABN 58 004 756 772) filed a joint modern slavery statement with the Australian Modern Slavery Register for the reporting period 2020-07-01 to 2021-06-30. The reporting entity is headquartered in United Kingdom. The reporting entity has an annual revenue band of 450-500M. The reporting entity operates in the industry sectors: Financial, insurance and real estate activities. Register entry: https://modernslaveryregister.gov.au/statements/6735/.'}"
Modern slavery statement 2021-314: REDFLEX HOLDINGS LIMITED,document,{'content': 'REDFLEX HOLDINGS LIMITED (ABN 96 069 306 216) filed a joint modern slavery statement with the Australian Modern Slavery Register for the reporting period 2019-07-01 to 2020-06-30. The reporting entity is headquartered in Australia. The reporting entity has an annual revenue band of Unknown. The reporting entity operates in the industry sectors: Other. Register entry: https://modernslaveryregister.gov.au/statements/1636/.'}
Modern slavery statement 2025-1803: FOOTBALL AUSTRALIA LIMITED,document,"{'content': ""FOOTBALL AUSTRALIA LIMITED (ABN 28 106 478 068) filed a single modern slavery statement with the Australian Modern Slavery Register for the reporting period 2024-01-01 to 2024-12-31. The reporting entity is headquartered in Australia. The reporting entity has an annual revenue band of 100-150M. The reporting entity operates in the industry sectors: Other. The statement also covers the included entities: Canberra United FC Pty Limited, LOCAL ORGANISING COMMITTEE AFC WOMEN'S ASIAN CUP 2026 PTY LTD. Register entry: https://modernslaveryregister.gov.au/statements/24105/.""}"
Modern slavery statement 2025-3141: BARRENJOEY ADVISORY PTY LIMITED & BARRENJOEY CAPITAL PARTNERS GROUP HOLDINGS PTY LIMITED & BARRENJOEY CAPITAL PARTNERS GROUP PTY LIMITED et al.,document,"{'content': 'BARRENJOEY ADVISORY PTY LIMITED (ABN 17 636 976 228), BARRENJOEY CAPITAL PARTNERS GROUP HOLDINGS PTY LIMITED (ABN 44 644 241 510), BARRENJOEY CAPITAL PARTNERS GROUP PTY LIMITED (ABN 17 640 529 228), BARRENJOEY CAPITAL PARTNERS PTY LIMITED (ABN 89 636 973 290), BARRENJOEY MARKETS PTY LIMITED (ABN 66 636 976 059) and BARRENJOEY SERVICES PTY LIMITED (ABN 44 636 976 344) filed a joint modern slavery statement with the Australian Modern Slavery Register for the reporting period 2024-07-01 to 2025-06-30. The reporting entities are headquartered in Australia. The reporting entities have an annual revenue band of 400-450M. The reporting entities operate in the industry sectors: Financial and Insurance Services. Register entry: https://modernslaveryregister.gov.au/statements/26094/.'}"
Modern slavery statement 2026-158: GENPACT AUSTRALIA PTY LTD,document,"{'content': 'GENPACT AUSTRALIA PTY LTD (ABN 15 616 571 423) filed a single modern slavery statement with the Australian Modern Slavery Register for the reporting period 2025-01-01 to 2025-12-31. The reporting entity is headquartered in United States of America. The reporting entity has an annual revenue band of 250-300M. The reporting entity operates in the industry sectors: Professional, Scientific and Technical Services. Register entry: https://modernslaveryregister.gov.au/statements/27267/.'}"
Modern slavery statement 2023-1034: PHILMAC PTY. LIMITED & VINIDEX PTY LIMITED & YATALA PLASTICS PTY. LTD. et al.,document,"{'content': 'PHILMAC PTY. LIMITED (ABN 17 007 873 047), VINIDEX PTY LIMITED (ABN 42 000 664 942), YATALA PLASTICS PTY. LTD. (ABN 84 010 720 886) and ZEZT PTY LTD (ABN 30 609 589 808) filed a joint modern slavery statement with the Australian Modern Slavery Register for the reporting period 2022-01-01 to 2022-12-31. The reporting entities are headquartered in Australia, Belgium. The reporting entities have an annual revenue band of 500-600M. The reporting entities operate in the industry sectors: Construction, civil engineering and building products. Register entry: https://modernslaveryregister.gov.au/statements/13525/.'}"
Modern slavery statement 2025-3062: NOJA POWER SWITCHGEAR PTY LTD,document,{'content': 'NOJA POWER SWITCHGEAR PTY LTD (ABN 21 099 412 807) filed a single modern slavery statement with the Australian Modern Slavery Register for the reporting period 2024-07-01 to 2025-06-30. The reporting entity is headquartered in Australia. The reporting entity has an annual revenue band of 150-200M. The reporting entity operates in the industry sectors: Manufacturing. Register entry: https://modernslaveryregister.gov.au/statements/25978/.'}
Modern slavery statement 2026-107: POSCO YAMATO VINA STEEL JOINT STOCK COMPANY,document,{'content': 'POSCO YAMATO VINA STEEL JOINT STOCK COMPANY filed a single modern slavery statement with the Australian Modern Slavery Register for the reporting period 2025-01-01 to 2025-12-31. The reporting entity is headquartered in Vietnam. The reporting entity has an annual revenue band of 250-300M. The reporting entity operates in the industry sectors: Manufacturing. Register entry: https://modernslaveryregister.gov.au/statements/27195/.'}
Modern slavery statement 2023-1379: SHANGRI-LA INVESTMENTS (AUSTRALIA) PTY LIMITED,document,"{'content': 'SHANGRI-LA INVESTMENTS (AUSTRALIA) PTY LIMITED (ABN 15 146 016 033) filed a single modern slavery statement with the Australian Modern Slavery Register for the reporting period 2022-01-01 to 2022-12-31. The reporting entity is headquartered in Australia, Hong Kong. The reporting entity has an annual revenue band of 100-150M. The reporting entity operates in the industry sectors: Consumer services, including accommodation, hospitality, tourism and leisure. Register entry: https://modernslaveryregister.gov.au/statements/13921/.'}"
Modern slavery statement 2021-3008: THE TRUSTEE FOR VIC COMMERCIAL NO 2 TRUST,document,"{'content': 'THE TRUSTEE FOR VIC COMMERCIAL NO 2 TRUST (ABN 88 136 118 808) filed a single modern slavery statement with the Australian Modern Slavery Register for the reporting period 2020-07-01 to 2021-06-30. The reporting entity is headquartered in Australia. The reporting entity has an annual revenue band of 100-150M. The reporting entity operates in the industry sectors: Durable consumer goods, including electronics and appliances, home furnishings and other accessories. Register entry: https://modernslaveryregister.gov.au/statements/5969/.'}"
Modern slavery statement 2022-2387: BELMONT PROPERTY UNIT TRUST,document,{'content': 'BELMONT PROPERTY UNIT TRUST (ABN 89 947 149 231) filed a single modern slavery statement with the Australian Modern Slavery Register for the reporting period 2021-07-01 to 2022-06-30. The reporting entity is headquartered in Australia. The reporting entity has an annual revenue band of 100-150M. The reporting entity operates in the industry sectors: Other. Register entry: https://modernslaveryregister.gov.au/statements/11173/.'}
Modern slavery statement 2020-364: SOJITZ DEVELOPMENT PTY LTD,document,"{'content': 'SOJITZ DEVELOPMENT PTY LTD (ABN 34 063 050 680) filed a single modern slavery statement with the Australian Modern Slavery Register for the reporting period 2019-04-01 to 2020-03-30. The reporting entity is headquartered in Australia. The reporting entity has an annual revenue band of 500-600M. The reporting entity operates in the industry sectors: Mining, metals, chemicals and resources (including oil and gas). Register entry: https://modernslaveryregister.gov.au/statements/856/.'}"
Modern slavery statement 2023-2320: CLUB ASSIST CORPORATION PTY LTD,document,"{'content': 'CLUB ASSIST CORPORATION PTY LTD (ABN 62 065 089 278) filed a single modern slavery statement with the Australian Modern Slavery Register for the reporting period 2022-07-01 to 2023-06-30. The reporting entity is headquartered in Australia. The reporting entity has an annual revenue band of 250-300M. The reporting entity operates in the industry sectors: Automotive, machinery and heavy electrical equipment. Register entry: https://modernslaveryregister.gov.au/statements/15331/.'}"
Modern slavery statement 2023-2669: LATROBE COMMUNITY HEALTH SERVICE LIMITED,document,{'content': 'LATROBE COMMUNITY HEALTH SERVICE LIMITED (ABN 74 136 502 022) filed a single modern slavery statement with the Australian Modern Slavery Register for the reporting period 2022-07-01 to 2023-06-30. The reporting entity is headquartered in Australia. The reporting entity has an annual revenue band of 150-200M. The reporting entity operates in the industry sectors: Healthcare and pharmaceuticals Charitable / not-for-profit activities. Register entry: https://modernslaveryregister.gov.au/statements/15829/.'}
Modern slavery statement 2024-1370: LA TROBE LTD & LA TROBE UNIVERSITY & LTU SERVICES LIMITED,document,"{'content': 'LA TROBE LTD (ABN 78 618 827 615), LA TROBE UNIVERSITY (ABN 64 804 735 113) and LTU SERVICES LIMITED (ABN 62 642 748 463) filed a joint modern slavery statement with the Australian Modern Slavery Register for the reporting period 2023-01-01 to 2023-12-31. The reporting entities are headquartered in Australia. The reporting entities have an annual revenue band of 800-900M. The reporting entities operate in the industry sectors: Education and research. The statement also covers the included entities: LA TROBE LTD (78 618 827 615), LTU SERVICES LIMITED (62 642 748 463). Register entry: https://modernslaveryregister.gov.au/statements/18693/.'}"
Modern slavery statement 2023-1777: NORINCHUKIN AUSTRALIA PTY LIMITED,document,"{'content': 'NORINCHUKIN AUSTRALIA PTY LIMITED (ABN 57 617 251 617) filed a single modern slavery statement with the Australian Modern Slavery Register for the reporting period 2022-04-01 to 2023-03-30. The reporting entity is headquartered in Australia, Japan. The reporting entity has an annual revenue band of 150-200M. The reporting entity operates in the industry sectors: Financial, insurance and real estate activities. Register entry: https://modernslaveryregister.gov.au/statements/14586/.'}"
Modern slavery statement 2024-1949: PRONTO CLOUD PTY LTD & Pronto Software International Pty Ltd & PRONTO SOFTWARE LICENSING PTY LTD et al.,document,"{'content': 'PRONTO CLOUD PTY LTD (ABN 47 101 504 278), Pronto Software International Pty Ltd (ABN 18 105 264 195), PRONTO SOFTWARE LICENSING PTY LTD (ABN 55 159 798 535) and PRONTO SOFTWARE LIMITED (ABN 47 001 337 248) filed a joint modern slavery statement with the Australian Modern Slavery Register for the reporting period 2023-01-01 to 2023-12-31. The reporting entities are headquartered in Australia. The reporting entities have an annual revenue band of 100-150M. The reporting entities operate in the industry sectors: Information technology and telecommunication. The statement also covers the included entities: PRONTO CLOUD PTY LTD (47 101 504 278), Pronto Software International Pty Ltd (18 105 264 195), PRONTO SOFTWARE LICENSING PTY LTD (55 159 798 535), PRONTO SOFTWARE LIMITED (47 001 337 248). Register entry: https://modernslaveryregister.gov.au/statements/19449/.'}"
Modern slavery statement 2023-64: J.R. & E.G. RICHARDS (N.S.W.) PTY LTD & J.R. & E.G. RICHARDS PTY LTD,document,{'content': 'J.R. & E.G. RICHARDS (N.S.W.) PTY LTD (ABN 34 000 526 385) and J.R. & E.G. RICHARDS PTY LTD (ABN 86 000 389 793) filed a joint modern slavery statement with the Australian Modern Slavery Register for the reporting period 2021-07-01 to 2022-06-30. The reporting entities are headquartered in Australia. The reporting entities have an annual revenue band of 200-250M. The reporting entities operate in the industry sectors: Waste management and recycling. Register entry: https://modernslaveryregister.gov.au/statements/12165/.'}
Modern slavery statement 2025-3044: HIGGINS COATINGS PROPRIETARY LIMITED,document,{'content': 'HIGGINS COATINGS PROPRIETARY LIMITED (ABN 50 005 632 708) filed a single modern slavery statement with the Australian Modern Slavery Register for the reporting period 2024-07-01 to 2025-06-30. The reporting entity is headquartered in Australia. The reporting entity has an annual revenue band of 150-200M. The reporting entity operates in the industry sectors: Other Services. Register entry: https://modernslaveryregister.gov.au/statements/25952/.'}
Modern slavery statement 2022-2107: EASTPOINT PTY LTD & PERRON INVESTMENTS PTY LTD & The Trustee for THE PRESTIGE TOYOTA TRUST,document,"{'content': 'EASTPOINT PTY LTD (ABN 64 008 687 367), PERRON INVESTMENTS PTY LTD (ABN 48 000 003 976) and The Trustee for THE PRESTIGE TOYOTA TRUST (ABN 42 855 447 753) filed a joint modern slavery statement with the Australian Modern Slavery Register for the reporting period 2021-07-01 to 2022-06-30. The reporting entities are headquartered in Australia. The reporting entities have an annual revenue band of 1BN+. The reporting entities operate in the industry sectors: Automotive, machinery and heavy electrical equipment Financial, insurance and real estate activities. Register entry: https://modernslaveryregister.gov.au/statements/10787/.'}"
Modern slavery statement 2024-778: WPP AUNZ PTY LTD,document,"{'content': 'WPP AUNZ PTY LTD (ABN 84 001 657 370) filed a single modern slavery statement with the Australian Modern Slavery Register for the reporting period 2023-01-01 to 2023-12-31. The reporting entity is headquartered in Australia, United Kingdom. The reporting entity has an annual revenue band of 700-800M. The reporting entity operates in the industry sectors: Media, publishing, arts and entertainment. Register entry: https://modernslaveryregister.gov.au/statements/17875/.'}"
Modern slavery statement 2025-3272: CELL THERAPIES PTY LTD & PETER MACCALLUM CANCER INSTITUTE & The Trustee for PETER MACCALLUM CANCER FOUNDATION,document,"{'content': 'CELL THERAPIES PTY LTD (ABN 15 100 285 916), PETER MACCALLUM CANCER INSTITUTE (ABN 42 100 504 883) and The Trustee for PETER MACCALLUM CANCER FOUNDATION (ABN 14 786 237 480) filed a joint modern slavery statement with the Australian Modern Slavery Register for the reporting period 2024-07-01 to 2025-06-30. The reporting entities are headquartered in Australia. The reporting entities have an annual revenue band of 900M-1BN. The reporting entities operate in the industry sectors: Health Care and Social Assistance. Register entry: https://modernslaveryregister.gov.au/statements/26287/.'}"
Modern slavery statement 2021-598: GROSVENOR ENGINEERING GROUP PTY LTD,document,"{'content': 'GROSVENOR ENGINEERING GROUP PTY LTD (ABN 12 003 608 795) filed a single modern slavery statement with the Australian Modern Slavery Register for the reporting period 2020-01-01 to 2020-12-31. The reporting entity is headquartered in Australia. The reporting entity has an annual revenue band of 200-250M. The reporting entity operates in the industry sectors: Construction, civil engineering and building products. Register entry: https://modernslaveryregister.gov.au/statements/2170/.'}"
Modern slavery statement 2024-1253: CHANEL (AUSTRALIA) PTY LTD,document,"{'content': 'CHANEL (AUSTRALIA) PTY LTD (ABN 83 000 012 153) filed a single modern slavery statement with the Australian Modern Slavery Register for the reporting period 2023-01-01 to 2023-12-31. The reporting entity is headquartered in United Kingdom. The reporting entity has an annual revenue band of 500-600M. The reporting entity operates in the industry sectors: Cosmetics and toiletries Fashion, textiles, apparel and luxury goods. Register entry: https://modernslaveryregister.gov.au/statements/18576/.'}"
Modern slavery statement 2026-129: AUSTRALIAN ENERGY MARKET OPERATOR LIMITED,document,"{'content': 'AUSTRALIAN ENERGY MARKET OPERATOR LIMITED (ABN 94 072 010 327) filed a single modern slavery statement with the Australian Modern Slavery Register for the reporting period 2024-07-01 to 2025-06-30. The reporting entity is headquartered in Australia. The reporting entity has an annual revenue band of 150-200M. The reporting entity operates in the industry sectors: Electricity, Gas, Water and Waste Services. Register entry: https://modernslaveryregister.gov.au/statements/27224/.'}"
"Modern slavery statement 2025-2185: HONDA AUSTRALIA MOTORCYCLE AND POWER EQUIPMENT PTY. LTD., HONDA AUSTRALIA PTY. LTD.",document,"{'content': 'HONDA AUSTRALIA MOTORCYCLE AND POWER EQUIPMENT PTY. LTD., HONDA AUSTRALIA PTY. LTD. filed a joint modern slavery statement with the Australian Modern Slavery Register for the reporting period 2024-04-01 to 2025-03-31. The reporting entity is headquartered in Australia. The reporting entity has an annual revenue band of 900M-1BN. The reporting entity operates in the industry sectors: Manufacturing Retail Trade Wholesale Trade. Register entry: https://modernslaveryregister.gov.au/statements/24653/.'}"
Modern slavery statement 2023-1352: CLOUDSTAFF HOLDINGS PTY LIMITED,document,{'content': 'CLOUDSTAFF HOLDINGS PTY LIMITED filed a single modern slavery statement with the Australian Modern Slavery Register for the reporting period 2022-01-01 to 2022-12-31. The reporting entity is headquartered in Australia. The reporting entity has an annual revenue band of 100-150M. The reporting entity operates in the industry sectors: Other. Register entry: https://modernslaveryregister.gov.au/statements/14004/.'}
Modern slavery statement 2025-1811: FCCD (AUSTRALIA) PTY Limited,document,"{'content': 'FCCD (AUSTRALIA) PTY Limited (ABN 16 134 182 380) filed a single modern slavery statement with the Australian Modern Slavery Register for the reporting period 2023-01-01 to 2023-12-31. The reporting entity is headquartered in Australia. The reporting entity has an annual revenue band of 100-150M. The reporting entity operates in the industry sectors: Financial, insurance and real estate activities. The statement also covers the included entities: FCCD (AUSTRALIA) NOMINEE PTY LIMITED (67 134 182 657). Register entry: https://modernslaveryregister.gov.au/statements/24110/.'}"
Modern slavery statement 2023-2641: INGRAM MICRO PTY LTD,document,{'content': 'INGRAM MICRO PTY LTD (ABN 45 112 487 966) filed a single modern slavery statement with the Australian Modern Slavery Register for the reporting period 2020-07-01 to 2021-06-30. The reporting entity is headquartered in Australia. The reporting entity has an annual revenue band of 1BN+. The reporting entity operates in the industry sectors: Information technology and telecommunication. Register entry: https://modernslaveryregister.gov.au/statements/15769/.'}
Modern slavery statement 2021-3048: LENNON ENGINEERING AND CONSTRUCTION PTY LTD & OCWEN ENERGY PTY LTD & REVIR PTY LTD,document,"{'content': 'LENNON ENGINEERING AND CONSTRUCTION PTY LTD (ABN 15 612 130 597), OCWEN ENERGY PTY LTD (ABN 44 605 178 578) and REVIR PTY LTD (ABN 73 614 005 560) filed a joint modern slavery statement with the Australian Modern Slavery Register for the reporting period 2019-07-01 to 2020-06-30. The reporting entities are headquartered in Australia. The reporting entities have an annual revenue band of 1BN+. The reporting entities operate in the industry sectors: Transportation, logistics, and storage. Register entry: https://modernslaveryregister.gov.au/statements/6041/.'}"
Modern slavery statement 2023-1551: A.C.N. 085 239 998 PTY LTD & KENTUCKY FRIED CHICKEN PTY LTD & KFC ADCO LIMITED,document,"{'content': 'A.C.N. 085 239 998 PTY LTD (ABN 39 085 239 998), KENTUCKY FRIED CHICKEN PTY LTD (ABN 79 000 587 780) and KFC ADCO LIMITED (ABN 22 083 047 992) filed a joint modern slavery statement with the Australian Modern Slavery Register for the reporting period 2022-01-01 to 2022-12-31. The reporting entities are headquartered in Australia. The reporting entities have an annual revenue band of 1BN+. The reporting entities operate in the industry sectors: Food and beverages, agriculture and fishing. Register entry: https://modernslaveryregister.gov.au/statements/14232/.'}"
Modern slavery statement 2024-945: BUPA ANZ HEALTHCARE HOLDINGS PTY LTD & BUPA ANZ INSURANCE PTY LTD,document,"{'content': 'BUPA ANZ HEALTHCARE HOLDINGS PTY LTD (ABN 16 126 737 308) and BUPA ANZ INSURANCE PTY LTD (ABN 81 098 309 025) filed a joint modern slavery statement with the Australian Modern Slavery Register for the reporting period 2023-01-01 to 2023-12-31. The reporting entities are headquartered in Australia. The reporting entities have an annual revenue band of 1BN+. The reporting entities operate in the industry sectors: Financial, insurance and real estate activities Healthcare and pharmaceuticals. The statement also covers the included entities: BUPA AGED CARE AUSTRALASIA PTY LIMITED (76 120 380 654), BUPA AGED CARE AUSTRALIA HOLDINGS PTY LTD (25 082 931 744), BUPA AGED CARE AUSTRALIA PTY LTD (74 082 931 575), BUPA AGED CARE HOLDINGS PTY LTD (30 126 737 371), BUPA DENTAL CORPORATION PTY LTD (59 161 650 979), BUPA HEALTH SERVICES PTY LTD (50 003 098 655), BUPA HI HOLDINGS PTY LTD (19 129 951 855), BUPA HI PTY LTD (81 000 057 590), DENTAL CORPORATION HOLDINGS PTY LTD (70 127 265 212), Dental Corporation Pty Ltd (92 124 730 874). Register entry: https://modernslaveryregister.gov.au/statements/17471/.'}"
Modern slavery statement 2023-2190: QANTM INTELLECTUAL PROPERTY LIMITED,document,"{'content': 'QANTM INTELLECTUAL PROPERTY LIMITED filed a single modern slavery statement with the Australian Modern Slavery Register for the reporting period 2022-07-01 to 2023-06-30. The reporting entity is headquartered in Australia. The reporting entity has an annual revenue band of 100-150M. The reporting entity operates in the industry sectors: Professional and administrative services and supplies, including legal, consulting and accounting services. Register entry: https://modernslaveryregister.gov.au/statements/15153/.'}"
Modern slavery statement 2025-1049: HDI GLOBAL SPECIALTY SE,document,"{'content': 'HDI GLOBAL SPECIALTY SE (ABN 58 129 395 544) filed a single modern slavery statement with the Australian Modern Slavery Register for the reporting period 2024-01-01 to 2024-12-31. The reporting entity is headquartered in Germany. The reporting entity has an annual revenue band of 450-500M. The reporting entity operates in the industry sectors: Financial, insurance and real estate activities. Register entry: https://modernslaveryregister.gov.au/statements/23214/.'}"
Modern slavery statement 2025-1922: KALGOORLIE CONSOLIDATED GOLD MINES PTY LTD & NORTHERN STAR (CAROSUE DAM) PTY LTD & NORTHERN STAR (HBJ) PTY LTD et al.,document,"{'content': 'KALGOORLIE CONSOLIDATED GOLD MINES PTY LTD (ABN 97 009 377 619), NORTHERN STAR (CAROSUE DAM) PTY LTD (ABN 14 116 649 122), NORTHERN STAR (HBJ) PTY LTD (ABN 30 127 026 519), NORTHERN STAR (KANOWNA) PTY LIMITED (ABN 58 010 511 789), NORTHERN STAR (KLV) PTY LTD (ABN 22 004 990 274), NORTHERN STAR RESOURCES LTD (ABN 43 092 832 892), NORTHERN STAR (SARACEN GOLDFIELDS) PTY LTD (ABN 44 637 156 579), NORTHERN STAR (SARACEN KALGOORLIE) PTY LTD (ABN 19 008 143 137), NORTHERN STAR (SARACEN) PTY LTD (ABN 52 009 215 347), NORTHERN STAR (SOUTH KALGOORLIE) PTY LTD (ABN 31 009 271 532), NORTHERN STAR (THUNDERBOX) PTY LTD (ABN 15 107 154 727) and NORTH STAR HOLDINGS PTY LTD (ABN 51 089 830 642) filed a joint modern slavery statement with the Australian Modern Slavery Register for the reporting period 2024-07-01 to 2025-06-30. The reporting entities are headquartered in Australia. The reporting entities have an annual revenue band of 1BN+. The reporting entities operate in the industry sectors: Mining. The statement also covers the included entities: NORTHERN STAR (BRONZEWING) PTY LTD (34 108 513 113), NORTHERN STAR (ECHO MINING) PTY LTD (11 120 974 567), NORTHERN STAR (MKO) PTY LTD (39 135 597 634). Register entry: https://modernslaveryregister.gov.au/statements/24259/.'}"
Modern slavery statement 2025-2869: COX ARCHITECTURE PTY LTD,document,"{'content': 'COX ARCHITECTURE PTY LTD filed a single modern slavery statement with the Australian Modern Slavery Register for the reporting period 2024-07-01 to 2025-06-30. The reporting entity is headquartered in Australia. The reporting entity has an annual revenue band of Unknown. The reporting entity operates in the industry sectors: Professional, Scientific and Technical Services. Register entry: https://modernslaveryregister.gov.au/statements/25705/.'}"
Modern slavery statement 2023-2013: GALE PACIFIC LIMITED,document,{'content': 'GALE PACIFIC LIMITED filed a single modern slavery statement with the Australian Modern Slavery Register for the reporting period 2022-07-01 to 2023-06-30. The reporting entity is headquartered in Australia. The reporting entity has an annual revenue band of 150-200M. The reporting entity operates in the industry sectors: Other. Register entry: https://modernslaveryregister.gov.au/statements/14901/.'}
Modern slavery statement 2022-1640: AUSTRALIAN VINTAGE LTD,document,"{'content': 'AUSTRALIAN VINTAGE LTD (ABN 78 052 179 932) filed a single modern slavery statement with the Australian Modern Slavery Register for the reporting period 2021-07-01 to 2022-06-30. The reporting entity is headquartered in Australia. The reporting entity has an annual revenue band of 250-300M. The reporting entity operates in the industry sectors: Food and beverages, agriculture and fishing. Register entry: https://modernslaveryregister.gov.au/statements/10098/.'}"
Modern slavery statement 2025-1089: GMA GARNET PTY LTD,document,"{'content': 'GMA GARNET PTY LTD (ABN 72 009 344 227) filed a single modern slavery statement with the Australian Modern Slavery Register for the reporting period 2024-01-01 to 2024-12-31. The reporting entity is headquartered in Australia. The reporting entity has an annual revenue band of 150-200M. The reporting entity operates in the industry sectors: Mining, metals, chemicals and resources (including oil and gas). Register entry: https://modernslaveryregister.gov.au/statements/23268/.'}"
Modern slavery statement 2022-985: S&C Australia Holdco Pty Ltd & S&C AUSTRALIA INVESTMENTS PTY LTD,document,{'content': 'S&C Australia Holdco Pty Ltd (ABN 97 100 767 851) and S&C AUSTRALIA INVESTMENTS PTY LTD (ABN 44 609 705 615) filed a joint modern slavery statement with the Australian Modern Slavery Register for the reporting period 2020-12-28 to 2021-12-26. The reporting entities are headquartered in Australia. The reporting entities have an annual revenue band of 400-450M. The reporting entities operate in the industry sectors: Other. Register entry: https://modernslaveryregister.gov.au/statements/9209/.'}
Modern slavery statement 2025-2117: ICRA MC PTY LTD & ICRA OC PTY LTD & IM IRON HOLDING PTY LTD et al.,document,"{'content': 'ICRA MC PTY LTD (ABN 77 147 657 074), ICRA OC PTY LTD (ABN 41 106 260 593), IM IRON HOLDING PTY LTD (ABN 35 168 776 421), ITOCHU AUSTRALIA LTD. (ABN 63 000 192 790), ITOCHU IRON ORE AUSTRALIA PTY LTD (ABN 49 134 669 408) and ITOCHU MINERALS & ENERGY OF AUSTRALIA PTY LTD (ABN 44 009 256 259) filed a joint modern slavery statement with the Australian Modern Slavery Register for the reporting period 2024-04-01 to 2025-03-31. The reporting entities are headquartered in Japan, Australia. The reporting entities have an annual revenue band of 1BN+. The reporting entities operate in the industry sectors: Accommodation and Food Services Mining Electricity, Gas, Water and Waste Services Transport, Postal and Warehousing Agriculture, Forestry and Fishing. Register entry: https://modernslaveryregister.gov.au/statements/24564/.'}"
Modern slavery statement 2024-2099: BRANDO AUS HOLDCO PTY LTD,document,"{'content': 'BRANDO AUS HOLDCO PTY LTD (ABN 31 632 004 392) filed a single modern slavery statement with the Australian Modern Slavery Register for the reporting period 2023-01-01 to 2023-12-31. The reporting entity is headquartered in Australia. The reporting entity has an annual revenue band of 300-350M. The reporting entity operates in the industry sectors: Durable consumer goods, including electronics and appliances, home furnishings and other accessories. The statement also covers the included entities: BRANDO AUS FINCO PTY LTD (35 632 005 657), FINCO2A PTY LTD (30 616 509 552), FINCO2 PTY LTD (28 611 806 672), FINCO3A PTY LTD (17 617 160 291), FINCO3 PTY LTD (75 617 147 645), FINCO4 PTY LTD (60 619 244 236), FINCO BOND PTY LTD (47 630 701 174), FINCO INTER PTY LTD (18 630 702 680), ISALBI PTY LTD (71 003 683 127), MARLIN BRANDS PTY LTD (53 630 704 004), MARLIN MANAGEMENT SERVICES 2 PTY LTD (83 619 244 398), MARLIN MANAGEMENT SERVICES LTD (51 611 806 770), PACIFIC OPTICS PTY LTD (96 064 312 107), SIGNATURE MARKETING AUSTRALIA PTY LTD (44 168 944 563), SUSSKIND AND DANZIGER PTY. LTD. (32 094 672 358), THE DECOR CORPORATION PTY. LTD. (88 004 231 109). Register entry: https://modernslaveryregister.gov.au/statements/19633/.'}"
Modern slavery statement 2025-1227: DIAMOND GAS RESOURCES PTY. LTD.,document,"{'content': 'DIAMOND GAS RESOURCES PTY. LTD. (ABN 58 007 440 664) filed a single modern slavery statement with the Australian Modern Slavery Register for the reporting period 2024-04-01 to 2025-03-31. The reporting entity is headquartered in Australia. The reporting entity has an annual revenue band of 250-300M. The reporting entity operates in the industry sectors: Mining, metals, chemicals and resources (including oil and gas). Register entry: https://modernslaveryregister.gov.au/statements/23467/.'}"
Modern slavery statement 2021-3516: UNITI GROUP LIMITED,document,{'content': 'UNITI GROUP LIMITED (ABN 73 158 957 889) filed a single modern slavery statement with the Australian Modern Slavery Register for the reporting period 2020-07-01 to 2021-06-30. The reporting entity is headquartered in Australia. The reporting entity has an annual revenue band of 100-150M. The reporting entity operates in the industry sectors: Information technology and telecommunication. Register entry: https://modernslaveryregister.gov.au/statements/6774/.'}
Modern slavery statement 2025-3106: Civil Mining & Construction Pty Ltd,document,{'content': 'Civil Mining & Construction Pty Ltd filed a single modern slavery statement with the Australian Modern Slavery Register for the reporting period 2024-07-01 to 2025-06-30. The reporting entity is headquartered in Australia. The reporting entity has an annual revenue band of 150-200M. The reporting entity operates in the industry sectors: Construction. Register entry: https://modernslaveryregister.gov.au/statements/26043/.'}
Modern slavery statement 2025-707: Charlotte Tilbury Limited,document,{'content': 'Charlotte Tilbury Limited filed a single modern slavery statement with the Australian Modern Slavery Register for the reporting period 2024-01-01 to 2024-12-31. The reporting entity is headquartered in United Kingdom. The reporting entity has an annual revenue band of 1BN+. The reporting entity operates in the industry sectors: Cosmetics and toiletries. The statement also covers the included entities: Charlotte Tilbury Beauty Limited. Register entry: https://modernslaveryregister.gov.au/statements/22706/.'}
Modern slavery statement 2021-76: GMHBA LIMITED,document,"{'content': 'GMHBA LIMITED (ABN 98 004 417 092) filed a joint modern slavery statement with the Australian Modern Slavery Register for the reporting period 2020-01-01 to 2020-12-31. The reporting entity is headquartered in Australia. The reporting entity has an annual revenue band of 600-700M. The reporting entity operates in the industry sectors: Financial, insurance and real estate activities. Register entry: https://modernslaveryregister.gov.au/statements/1184/.'}"
Modern slavery statement 2024-1398: AUSTRALIAN METAL BUILDING PRODUCTS PTY LTD,document,"{'content': 'AUSTRALIAN METAL BUILDING PRODUCTS PTY LTD filed a single modern slavery statement with the Australian Modern Slavery Register for the reporting period 2023-01-01 to 2023-12-31. The reporting entity is headquartered in Australia. The reporting entity has an annual revenue band of 500-600M. The reporting entity operates in the industry sectors: Construction, civil engineering and building products. The statement also covers the included entities: METROLL PTY LTD, METROLL QUEENSLAND PTY LIMITED, METROLL VICTORIA PTY LIMITED. Register entry: https://modernslaveryregister.gov.au/statements/18714/.'}"
Modern slavery statement 2021-2428: WILLIS TOWERS WATSON AUSTRALIA HOLDINGS LIMITED,document,"{'content': 'WILLIS TOWERS WATSON AUSTRALIA HOLDINGS LIMITED (ABN 98 112 435 079) filed a single modern slavery statement with the Australian Modern Slavery Register for the reporting period 2020-01-01 to 2020-12-31. The reporting entity is headquartered in United Kingdom. The reporting entity has an annual revenue band of 100-150M. The reporting entity operates in the industry sectors: Financial, insurance and real estate activities. Register entry: https://modernslaveryregister.gov.au/statements/5066/.'}"
Modern slavery statement 2024-2544: PINNACLE INVESTMENT MANAGEMENT GROUP LIMITED,document,"{'content': 'PINNACLE INVESTMENT MANAGEMENT GROUP LIMITED (ABN 22 100 325 184) filed a single modern slavery statement with the Australian Modern Slavery Register for the reporting period 2023-07-01 to 2024-06-30. The reporting entity is headquartered in Australia. The reporting entity has an annual revenue band of 0-99M. The reporting entity operates in the industry sectors: Financial, insurance and real estate activities Professional and administrative services and supplies, including legal, consulting and accounting services. The statement also covers the included entities: PINNACLE FUND SERVICES LIMITED (29 082 494 362), PINNACLE INVESTMENT MANAGEMENT LIMITED (66 109 659 109), PINNACLE RE SERVICES LIMITED (42 130 508 379), Pinnacle Services Administration Pty Ltd (14 126 175 148). Register entry: https://modernslaveryregister.gov.au/statements/20158/.'}"
Modern slavery statement 2025-1010: YFG SHOPPING CENTRES PTY LTD AS TRUSTEE FOR THE FU FAMILY TRUST,document,"{'content': 'YFG SHOPPING CENTRES PTY LTD AS TRUSTEE FOR THE FU FAMILY TRUST filed a single modern slavery statement with the Australian Modern Slavery Register for the reporting period 2023-07-01 to 2024-06-30. The reporting entity is headquartered in Australia. The reporting entity has an annual revenue band of 150-200M. The reporting entity operates in the industry sectors: Food and beverages, agriculture and fishing Consumer services, including accommodation, hospitality, tourism and leisure Financial, insurance and real estate activities. The statement also covers the included entities: ALL WAY TRAVEL PTY LTD (64 629 678 771), CATCH WONDERLAND PTY LTD, KEEP FITNESS PTY LTD (54 636 435 660), LA CAFE FRANCHISING PTY LTD (11 625 760 045), LA CAFE LEASING PTY LTD (26 625 760 107), LA CAFE PTY LTD AS TRUSTEE FOR LA CAFE UNIT TRUST, LE BOULANGERIE FRANCHISING PTY LTD (20 625 761 775), LE BOULANGERIE LEASING PTY LTD (69 625 761 542), LE BOULANGERIE PTY LTD AS TRUSTEE FOR LE BOULANGERIE UNIT TRUST. Register entry: https://modernslaveryregister.gov.au/statements/22749/.'}"
Modern slavery statement 2024-773: MATCHBOX PICTURES PTY LTD & Universal Pictures International Australasia Pty Ltd,document,"{'content': 'MATCHBOX PICTURES PTY LTD (ABN 81 130 167 912) and Universal Pictures International Australasia Pty Ltd (ABN 44 122 951 099) filed a joint modern slavery statement with the Australian Modern Slavery Register for the reporting period 2023-01-01 to 2023-12-31. The reporting entities are headquartered in Australia. The reporting entities have an annual revenue band of 350-400M. The reporting entities operate in the industry sectors: Media, publishing, arts and entertainment. Register entry: https://modernslaveryregister.gov.au/statements/17901/.'}"
Modern slavery statement 2021-1343: Trafigura Pte Ltd,document,"{'content': 'Trafigura Pte Ltd (ABN 44 221 744 224) filed a single modern slavery statement with the Australian Modern Slavery Register for the reporting period 2019-10-31 to 2020-09-30. The reporting entity is headquartered in Singapore. The reporting entity has an annual revenue band of 1BN+. The reporting entity operates in the industry sectors: Mining, metals, chemicals and resources (including oil and gas). Register entry: https://modernslaveryregister.gov.au/statements/2600/.'}"
Modern slavery statement 2022-137: Carotrans Oceania Pty Ltd & MAINFREIGHT AIR & OCEAN PTY LTD & MAINFREIGHT DISTRIBUTION PTY LIMITED et al.,document,"{'content': 'Carotrans Oceania Pty Ltd (ABN 31 118 822 487), MAINFREIGHT AIR & OCEAN PTY LTD (ABN 65 007 252 333), MAINFREIGHT DISTRIBUTION PTY LIMITED (ABN 85 003 840 319), MAINFREIGHT HOLDINGS PTY LTD (ABN 24 084 637 605) and OWENS TRANSPORT PTY. LTD. (ABN 64 060 592 529) filed a joint modern slavery statement with the Australian Modern Slavery Register for the reporting period 2020-04-01 to 2021-03-30. The reporting entities are headquartered in Australia. The reporting entities have an annual revenue band of 700-800M. The reporting entities operate in the industry sectors: Transportation, logistics, and storage. Register entry: https://modernslaveryregister.gov.au/statements/7894/.'}"
Modern slavery statement 2023-3077: The Trustee for ICG Australia Fund,document,"{'content': 'The Trustee for ICG Australia Fund (ABN 87 173 763 969) filed a single modern slavery statement with the Australian Modern Slavery Register for the reporting period 2022-07-01 to 2023-06-30. The reporting entity is headquartered in Australia. The reporting entity has an annual revenue band of 200-250M. The reporting entity operates in the industry sectors: Financial, insurance and real estate activities. Register entry: https://modernslaveryregister.gov.au/statements/16344/.'}"
Modern slavery statement 2022-7: OZ GROUP CO-OP LIMITED,document,"{'content': 'OZ GROUP CO-OP LIMITED (ABN 73 482 255 177) filed a single modern slavery statement with the Australian Modern Slavery Register for the reporting period 2020-07-01 to 2021-06-30. The reporting entity is headquartered in Australia. The reporting entity has an annual revenue band of Unknown. The reporting entity operates in the industry sectors: Food and beverages, agriculture and fishing. Register entry: https://modernslaveryregister.gov.au/statements/7698/.'}"
Modern slavery statement 2023-1279: WEIR GROUP (AUSTRALIAN HOLDINGS) PTY LIMITED,document,"{'content': 'WEIR GROUP (AUSTRALIAN HOLDINGS) PTY LIMITED (ABN 57 090 873 117) filed a joint modern slavery statement with the Australian Modern Slavery Register for the reporting period 2022-01-01 to 2022-12-31. The reporting entity is headquartered in United Kingdom. The reporting entity has an annual revenue band of 100-150M. The reporting entity operates in the industry sectors: Mining, metals, chemicals and resources (including oil and gas). Register entry: https://modernslaveryregister.gov.au/statements/13930/.'}"
Modern slavery statement 2021-2628: AZELIS AUSTRALIA PTY LIMITED & CHEMCOLOUR INDUSTRIES AUSTRALIA PTY LIMITED & TIMTECHCHEM AUSTRALIA PTY LTD,document,"{'content': 'AZELIS AUSTRALIA PTY LIMITED (ABN 54 091 997 027), CHEMCOLOUR INDUSTRIES AUSTRALIA PTY LIMITED (ABN 70 125 602 271) and TIMTECHCHEM AUSTRALIA PTY LTD (ABN 90 164 411 081) filed a joint modern slavery statement with the Australian Modern Slavery Register for the reporting period 2020-01-01 to 2020-12-31. The reporting entities are headquartered in Belgium. The reporting entities have an annual revenue band of 0-99M. The reporting entities operate in the industry sectors: Other. Register entry: https://modernslaveryregister.gov.au/statements/5388/.'}"
Modern slavery statement 2022-2808: STANWELL CORPORATION LIMITED,document,"{'content': 'STANWELL CORPORATION LIMITED (ABN 37 078 848 674) filed a joint modern slavery statement with the Australian Modern Slavery Register for the reporting period 2021-07-01 to 2022-06-30. The reporting entity is headquartered in Australia. The reporting entity has an annual revenue band of 1BN+. The reporting entity operates in the industry sectors: Utilities: gas, water and electricity. Register entry: https://modernslaveryregister.gov.au/statements/11708/.'}"
Modern slavery statement 2025-89: THE VILLAGE BUILDING CO. LIMITED,document,"{'content': 'THE VILLAGE BUILDING CO. LIMITED (ABN 97 056 509 025) filed a single modern slavery statement with the Australian Modern Slavery Register for the reporting period 2023-07-01 to 2024-06-30. The reporting entity is headquartered in Australia. The reporting entity has an annual revenue band of 100-150M. The reporting entity operates in the industry sectors: Construction, civil engineering and building products Other. The statement also covers the included entities: THE BIG BANANA GROUP LIMITED (48 110 991 403). Register entry: https://modernslaveryregister.gov.au/statements/21751/.'}"
Modern slavery statement 2024-2810: Civil Mining & Construction Pty Ltd,document,"{'content': 'Civil Mining & Construction Pty Ltd filed a single modern slavery statement with the Australian Modern Slavery Register for the reporting period 2023-07-01 to 2024-06-30. The reporting entity is headquartered in Australia. The reporting entity has an annual revenue band of 150-200M. The reporting entity operates in the industry sectors: Construction, civil engineering and building products. Register entry: https://modernslaveryregister.gov.au/statements/20632/.'}"
Modern slavery statement 2024-421: HENGTONG CABLE AUSTRALIA PTY LTD,document,"{'content': 'HENGTONG CABLE AUSTRALIA PTY LTD (ABN 20 620 520 541) filed a single modern slavery statement with the Australian Modern Slavery Register for the reporting period 2023-01-01 to 2023-12-31. The reporting entity is headquartered in Australia. The reporting entity has an annual revenue band of 0-99M. The reporting entity operates in the industry sectors: Construction, civil engineering and building products. Register entry: https://modernslaveryregister.gov.au/statements/17382/.'}"
Modern slavery statement 2021-767: C S ENERGY LIMITED,document,"{'content': 'C S ENERGY LIMITED (ABN 54 078 848 745) filed a single modern slavery statement with the Australian Modern Slavery Register for the reporting period 2019-07-01 to 2020-06-30. The reporting entity is headquartered in Australia. The reporting entity has an annual revenue band of 1BN+. The reporting entity operates in the industry sectors: Utilities: gas, water and electricity. Register entry: https://modernslaveryregister.gov.au/statements/2461/.'}"
Modern slavery statement 2025-3897: TT-LINE COMPANY PTY. LTD.,document,"{'content': 'TT-LINE COMPANY PTY. LTD. (ABN 39 061 996 174) filed a single modern slavery statement with the Australian Modern Slavery Register for the reporting period 2024-07-01 to 2025-06-30. The reporting entity is headquartered in Australia. The reporting entity has an annual revenue band of 300-350M. The reporting entity operates in the industry sectors: Transport, Postal and Warehousing. Register entry: https://modernslaveryregister.gov.au/statements/27020/.'}"
Modern slavery statement 2024-277: BT FINANCIAL GROUP HOLDINGS PTY LTD & BT FUNDS MANAGEMENT LIMITED & BT PORTFOLIO SERVICES LTD et al.,document,"{'content': 'BT FINANCIAL GROUP HOLDINGS PTY LTD (ABN 50 658 576 268), BT FUNDS MANAGEMENT LIMITED (ABN 63 002 916 458), BT PORTFOLIO SERVICES LTD (ABN 73 095 055 208), CAPITAL FINANCE AUSTRALIA LIMITED (ABN 23 069 663 136), RAMS FINANCIAL GROUP PTY LIMITED (ABN 30 105 207 538), THE TRUSTEE FOR ASGARD INDEPENDENCE PLAN DIVISION TWO (ABN 90 194 410 365), THE TRUSTEE FOR BT MANAGED PORTFOLIOS TRUST (ABN 99 722 392 257), THE TRUSTEE FOR CRUSADE TRUST NO.2P OF 2008 (ABN 54 656 327 299), The Trustee for Magellan Wholesale Plus Global Fund (ABN 12 670 467 065), The Trustee for Retirement Wrap (ABN 39 827 542 991), THE TRUSTEE FOR SERIES 2008-1M WST TRUST (ABN 55 776 534 334), The trustee for the Westpac Covered Bond Trust (ABN 41 372 138 093), WESTPAC BANKING CORPORATION (ABN 33 007 457 141), WESTPAC EQUITY HOLDINGS PTY LTD (ABN 77 003 018 559), WESTPAC FINANCIAL SERVICES GROUP LTD (ABN 50 000 326 312), WESTPAC OVERSEAS HOLDINGS NO. 2 PTY LIMITED (ABN 90 121 257 510) and Westpac Securitisation Holdings Pty Limited (ABN 95 112 457 762) filed a joint modern slavery statement with the Australian Modern Slavery Register for the reporting period 2022-10-01 to 2023-09-30. The reporting entities are headquartered in Australia. The reporting entities have an annual revenue band of 1BN+. The reporting entities operate in the industry sectors: Financial, insurance and real estate activities. Register entry: https://modernslaveryregister.gov.au/statements/16999/.'}"
Modern slavery statement 2022-1949: ASC PTY LTD,document,{'content': 'ASC PTY LTD (ABN 64 008 605 034) filed a single modern slavery statement with the Australian Modern Slavery Register for the reporting period 2021-07-01 to 2022-06-30. The reporting entity is headquartered in Australia. The reporting entity has an annual revenue band of 500-600M. The reporting entity operates in the industry sectors: Defence and aerospace. Register entry: https://modernslaveryregister.gov.au/statements/10553/.'}
Modern slavery statement 2026-308: AUSTRALIAN TERMINAL OPERATIONS MANAGEMENT PTY LTD,document,{'content': 'AUSTRALIAN TERMINAL OPERATIONS MANAGEMENT PTY LTD (ABN 70 606 006 866) filed a single modern slavery statement with the Australian Modern Slavery Register for the reporting period 2025-01-01 to 2025-12-31. The reporting entity is headquartered in Australia. The reporting entity has an annual revenue band of 100-150M. The reporting entity operates in the industry sectors: Other Services. Register entry: https://modernslaveryregister.gov.au/statements/27522/.'}
Modern slavery statement 2022-1970: LAND SERVICES SA HOLDING PTY LTD,document,{'content': 'LAND SERVICES SA HOLDING PTY LTD (ABN 54 618 228 096) filed a single modern slavery statement with the Australian Modern Slavery Register for the reporting period 2021-07-01 to 2022-06-30. The reporting entity is headquartered in Australia. The reporting entity has an annual revenue band of 100-150M. The reporting entity operates in the industry sectors: Information technology and telecommunication Other. Register entry: https://modernslaveryregister.gov.au/statements/10589/.'}
Modern slavery statement 2024-2480: CLUB ASSIST CORPORATION PTY LTD,document,"{'content': 'CLUB ASSIST CORPORATION PTY LTD (ABN 62 065 089 278) filed a single modern slavery statement with the Australian Modern Slavery Register for the reporting period 2023-07-01 to 2024-06-30. The reporting entity is headquartered in Australia. The reporting entity has an annual revenue band of 250-300M. The reporting entity operates in the industry sectors: Automotive, machinery and heavy electrical equipment. Register entry: https://modernslaveryregister.gov.au/statements/20171/.'}"
Modern slavery statement 2023-1979: HITACHI ENERGY AUSTRALIA HOLDINGS PTY LTD & HITACHI ENERGY AUSTRALIA PTY LTD,document,"{'content': 'HITACHI ENERGY AUSTRALIA HOLDINGS PTY LTD (ABN 11 632 805 862) and HITACHI ENERGY AUSTRALIA PTY LTD (ABN 29 010 087 608) filed a joint modern slavery statement with the Australian Modern Slavery Register for the reporting period 2022-04-01 to 2023-03-30. The reporting entities are headquartered in Australia. The reporting entities have an annual revenue band of 500-600M. The reporting entities operate in the industry sectors: Mining, metals, chemicals and resources (including oil and gas) Utilities: gas, water and electricity Transportation, logistics, and storage Defence and aerospace. Register entry: https://modernslaveryregister.gov.au/statements/14832/.'}"
Modern slavery statement 2025-2230: FMS GROUP OPERATIONS PTY LTD,document,{'content': 'FMS GROUP OPERATIONS PTY LTD (ABN 79 621 625 769) filed a single modern slavery statement with the Australian Modern Slavery Register for the reporting period 2024-07-01 to 2025-06-30. The reporting entity is headquartered in Australia. The reporting entity has an annual revenue band of 100-150M. The reporting entity operates in the industry sectors: Mining Manufacturing Construction. Register entry: https://modernslaveryregister.gov.au/statements/24737/.'}
Modern slavery statement 2023-380: The Trustee for The Radlink Unit Trust,document,"{'content': 'The Trustee for The Radlink Unit Trust (ABN 62 890 602 388) filed a single modern slavery statement with the Australian Modern Slavery Register for the reporting period 2021-07-01 to 2022-06-30. The reporting entity is headquartered in Australia. The reporting entity has an annual revenue band of 100-150M. The reporting entity operates in the industry sectors: Construction, civil engineering and building products. Register entry: https://modernslaveryregister.gov.au/statements/12621/.'}"
Modern slavery statement 2021-3710: DENNIS FAMILY HOLDINGS PTY LTD & DENNIS FAMILY HOMES PTY LTD & DFC (SERVICES) PTY LTD,document,"{'content': 'DENNIS FAMILY HOLDINGS PTY LTD (ABN 39 097 641 855), DENNIS FAMILY HOMES PTY LTD (ABN 83 056 254 249) and DFC (SERVICES) PTY LTD (ABN 15 089 081 667) filed a joint modern slavery statement with the Australian Modern Slavery Register for the reporting period 2020-07-01 to 2021-06-30. The reporting entities are headquartered in Australia. The reporting entities have an annual revenue band of 700-800M. The reporting entities operate in the industry sectors: Construction, civil engineering and building products Financial, insurance and real estate activities. Register entry: https://modernslaveryregister.gov.au/statements/7069/.'}"
Modern slavery statement 2025-3863: HAYS SPECIALIST RECRUITMENT (AUSTRALIA) PTY LIMITED,document,{'content': 'HAYS SPECIALIST RECRUITMENT (AUSTRALIA) PTY LIMITED (ABN 47 001 407 281) filed a single modern slavery statement with the Australian Modern Slavery Register for the reporting period 2024-07-01 to 2025-06-30. The reporting entity is headquartered in United Kingdom. The reporting entity has an annual revenue band of 1BN+. The reporting entity operates in the industry sectors: Other Services. Register entry: https://modernslaveryregister.gov.au/statements/26976/.'}
Modern slavery statement 2022-306: IRON MOUNTAIN AUSTRALIA GROUP PTY LTD & IRON MOUNTAIN AUSTRALIA GROUP SERVICES PTY LTD,document,"{'content': 'IRON MOUNTAIN AUSTRALIA GROUP PTY LTD (ABN 25 004 270 991) and IRON MOUNTAIN AUSTRALIA GROUP SERVICES PTY LTD (ABN 19 079 495 346) filed a joint modern slavery statement with the Australian Modern Slavery Register for the reporting period 2021-01-01 to 2021-12-31. The reporting entities are headquartered in United States of America. The reporting entities have an annual revenue band of 400-450M. The reporting entities operate in the industry sectors: Transportation, logistics, and storage. Register entry: https://modernslaveryregister.gov.au/statements/8141/.'}"
Modern slavery statement 2023-1197: LINDT & SPRUNGLI (AUSTRALIA) PTY LTD,document,"{'content': 'LINDT & SPRUNGLI (AUSTRALIA) PTY LTD (ABN 43 079 224 892) filed a single modern slavery statement with the Australian Modern Slavery Register for the reporting period 2022-01-01 to 2022-12-31. The reporting entity is headquartered in Switzerland. The reporting entity has an annual revenue band of 200-250M. The reporting entity operates in the industry sectors: Food and beverages, agriculture and fishing. Register entry: https://modernslaveryregister.gov.au/statements/13820/.'}"
Modern slavery statement 2022-1181: STRIPE PAYMENTS AUSTRALIA PTY LTD,document,"{'content': 'STRIPE PAYMENTS AUSTRALIA PTY LTD (ABN 66 160 180 343) filed a single modern slavery statement with the Australian Modern Slavery Register for the reporting period 2021-01-01 to 2021-12-31. The reporting entity is headquartered in Australia. The reporting entity has an annual revenue band of 400-450M. The reporting entity operates in the industry sectors: Information technology and telecommunication Financial, insurance and real estate activities. Register entry: https://modernslaveryregister.gov.au/statements/9271/.'}"
Modern slavery statement 2021-1124: TELSTRA CORPORATION LIMITED & TELSTRA HOLDINGS PTY LTD,document,{'content': 'TELSTRA CORPORATION LIMITED (ABN 33 051 775 556) and TELSTRA HOLDINGS PTY LTD (ABN 45 057 808 938) filed a joint modern slavery statement with the Australian Modern Slavery Register for the reporting period 2019-07-01 to 2020-06-30. The reporting entities are headquartered in Australia. The reporting entities have an annual revenue band of 1BN+. The reporting entities operate in the industry sectors: Information technology and telecommunication. Register entry: https://modernslaveryregister.gov.au/statements/2899/.'}
Modern slavery statement 2022-2599: UTILITIES OF AUSTRALIA PTY LTD,document,"{'content': 'UTILITIES OF AUSTRALIA PTY LTD (ABN 55 063 384 127) filed a single modern slavery statement with the Australian Modern Slavery Register for the reporting period 2021-07-01 to 2022-06-30. The reporting entity is headquartered in Australia. The reporting entity has an annual revenue band of Unknown. The reporting entity operates in the industry sectors: Utilities: gas, water and electricity Transportation, logistics, and storage Information technology and telecommunication Financial, insurance and real estate activities. Register entry: https://modernslaveryregister.gov.au/statements/11447/.'}"
Modern slavery statement 2023-1437: GMA GARNET PTY LTD,document,"{'content': 'GMA GARNET PTY LTD (ABN 72 009 344 227) filed a single modern slavery statement with the Australian Modern Slavery Register for the reporting period 2022-01-01 to 2022-12-31. The reporting entity is headquartered in Australia. The reporting entity has an annual revenue band of 300-350M. The reporting entity operates in the industry sectors: Mining, metals, chemicals and resources (including oil and gas). Register entry: https://modernslaveryregister.gov.au/statements/14074/.'}"
Modern slavery statement 2021-853: A2B AUSTRALIA LIMITED,document,"{'content': 'A2B AUSTRALIA LIMITED (ABN 99 001 958 390) filed a single modern slavery statement with the Australian Modern Slavery Register for the reporting period 2019-07-01 to 2020-06-30. The reporting entity is headquartered in Australia. The reporting entity has an annual revenue band of 150-200M. The reporting entity operates in the industry sectors: Transportation, logistics, and storage. Register entry: https://modernslaveryregister.gov.au/statements/2624/.'}"
Modern slavery statement 2021-1119: INCYCLE SHOTCRETE PTY LIMITED & RUC CEMENTATION MINING CONTRACTORS PTY LTD,document,"{'content': 'INCYCLE SHOTCRETE PTY LIMITED (ABN 48 112 241 648) and RUC CEMENTATION MINING CONTRACTORS PTY LTD (ABN 99 051 252 549) filed a joint modern slavery statement with the Australian Modern Slavery Register for the reporting period 2020-01-01 to 2020-12-31. The reporting entities are headquartered in Australia, Hong Kong, Indonesia, Mongolia. The reporting entities have an annual revenue band of 300-350M. The reporting entities operate in the industry sectors: Mining, metals, chemicals and resources (including oil and gas). Register entry: https://modernslaveryregister.gov.au/statements/3020/.'}"
Modern slavery statement 2021-2209: RETURNED & SERVICES LEAGUE OF AUSTRALIA (QUEENSLAND BRANCH),document,{'content': 'RETURNED & SERVICES LEAGUE OF AUSTRALIA (QUEENSLAND BRANCH) (ABN 79 902 601 713) filed a single modern slavery statement with the Australian Modern Slavery Register for the reporting period 2019-01-01 to 2019-12-31. The reporting entity is headquartered in Australia. The reporting entity has an annual revenue band of 100-150M. The reporting entity operates in the industry sectors: Charitable / not-for-profit activities. Register entry: https://modernslaveryregister.gov.au/statements/4439/.'}
"Modern slavery statement 2023-819: ALLIED WORLD ASSURANCE COMPANY, LTD",document,"{'content': 'ALLIED WORLD ASSURANCE COMPANY, LTD (ABN 54 163 304 907) filed a single modern slavery statement with the Australian Modern Slavery Register for the reporting period 2022-01-01 to 2022-12-31. The reporting entity is headquartered in Bermuda, United States of America. The reporting entity has an annual revenue band of 1BN+. The reporting entity operates in the industry sectors: Financial, insurance and real estate activities. Register entry: https://modernslaveryregister.gov.au/statements/13307/.'}"
Modern slavery statement 2024-1733: SCHWEIGEN PTY LTD,document,"{'content': 'SCHWEIGEN PTY LTD (ABN 53 124 141 322) filed a single modern slavery statement with the Australian Modern Slavery Register for the reporting period 2023-07-01 to 2024-06-30. The reporting entity is headquartered in Australia. The reporting entity has an annual revenue band of 0-99M. The reporting entity operates in the industry sectors: Durable consumer goods, including electronics and appliances, home furnishings and other accessories. Register entry: https://modernslaveryregister.gov.au/statements/19141/.'}"
Modern slavery statement 2021-1685: TASMAN AVIATION HOLDINGS PTY LTD,document,{'content': 'TASMAN AVIATION HOLDINGS PTY LTD (ABN 34 169 324 770) filed a single modern slavery statement with the Australian Modern Slavery Register for the reporting period 2020-04-01 to 2021-03-30. The reporting entity is headquartered in Australia. The reporting entity has an annual revenue band of 100-150M. The reporting entity operates in the industry sectors: Defence and aerospace. Register entry: https://modernslaveryregister.gov.au/statements/3859/.'}
Modern slavery statement 2021-220: MIDWAY LTD,document,"{'content': 'MIDWAY LTD (ABN 44 005 616 044) filed a joint modern slavery statement with the Australian Modern Slavery Register for the reporting period 2019-07-01 to 2020-06-30. The reporting entity is headquartered in Australia. The reporting entity has an annual revenue band of 250-300M. The reporting entity operates in the industry sectors: Forestry, timber products, paper and containers and packaging. Register entry: https://modernslaveryregister.gov.au/statements/1474/.'}"
Modern slavery statement 2025-2388: LVMH PERFUMES & COSMETICS GROUP PTY LTD,document,{'content': 'LVMH PERFUMES & COSMETICS GROUP PTY LTD (ABN 63 069 188 272) filed a single modern slavery statement with the Australian Modern Slavery Register for the reporting period 2024-01-01 to 2024-12-31. The reporting entity is headquartered in France. The reporting entity has an annual revenue band of 100-150M. The reporting entity operates in the industry sectors: Retail Trade. Register entry: https://modernslaveryregister.gov.au/statements/24998/.'}
Modern slavery statement 2021-2893: MUN (AUSTRALIA) PTY LIMITED,document,{'content': 'MUN (AUSTRALIA) PTY LIMITED (ABN 49 075 460 838) filed a single modern slavery statement with the Australian Modern Slavery Register for the reporting period 2020-07-01 to 2021-06-30. The reporting entity is headquartered in Malaysia. The reporting entity has an annual revenue band of 100-150M. The reporting entity operates in the industry sectors: Healthcare and pharmaceuticals. Register entry: https://modernslaveryregister.gov.au/statements/5777/.'}
Modern slavery statement 2023-1645: MAERSK LOGISTICS & SERVICES AUSTRALIA PTY LTD & SVITZER AUSTRALIA PTY LTD & SVITZER TERMINALS AUSTRALIA PTY LIMITED,document,"{'content': 'MAERSK LOGISTICS & SERVICES AUSTRALIA PTY LTD (ABN 70 006 211 052), SVITZER AUSTRALIA PTY LTD (ABN 86 000 045 009) and SVITZER TERMINALS AUSTRALIA PTY LIMITED (ABN 43 077 751 065) filed a joint modern slavery statement with the Australian Modern Slavery Register for the reporting period 2022-01-01 to 2022-12-31. The reporting entities are headquartered in Denmark. The reporting entities have an annual revenue band of 450-500M. The reporting entities operate in the industry sectors: Transportation, logistics, and storage. Register entry: https://modernslaveryregister.gov.au/statements/14387/.'}"
Modern slavery statement 2025-754: STERIS AUSTRALIA PTY LTD,document,{'content': 'STERIS AUSTRALIA PTY LTD (ABN 18 615 709 218) filed a single modern slavery statement with the Australian Modern Slavery Register for the reporting period 2024-04-01 to 2025-03-31. The reporting entity is headquartered in Australia. The reporting entity has an annual revenue band of 100-150M. The reporting entity operates in the industry sectors: Healthcare and pharmaceuticals. Register entry: https://modernslaveryregister.gov.au/statements/22774/.'}
Modern slavery statement 2023-2536: THE UNITING CHURCH IN AUSTRALIA PROPERTY TRUST (TAS.) & THE UNITING CHURCH IN AUSTRALIA PROPERTY TRUST (VICTORIA) & UNITING AGEWELL LIMITED et al.,document,"{'content': 'THE UNITING CHURCH IN AUSTRALIA PROPERTY TRUST (TAS.) (ABN 88 774 033 774), THE UNITING CHURCH IN AUSTRALIA PROPERTY TRUST (VICTORIA) (ABN 39 703 442 583), UNITING AGEWELL LIMITED (ABN 19 628 178 816), UNITING ETHICAL INVESTORS LIMITED (ABN 46 102 469 821) and UNITING (VICTORIA AND TASMANIA) LIMITED (ABN 81 098 317 125) filed a joint modern slavery statement with the Australian Modern Slavery Register for the reporting period 2022-07-01 to 2023-06-30. The reporting entities are headquartered in Australia. The reporting entities have an annual revenue band of 600-700M. The reporting entities operate in the industry sectors: Charitable / not-for-profit activities. The statement also covers the included entities: GUARDIAN NETWORK PTY. LTD. (32 082 447 827), UCA CASH MANAGEMENT FUND LIMITED (41 075 948 444), UCA GROWTH FUND LIMITED (39 075 948 435), UNITING HOUSING (AUSTRALIA) LIMITED (31 640 217 803), UNITING HOUSING (VICTORIA) LIMITED (69 134 589 745). Register entry: https://modernslaveryregister.gov.au/statements/15643/.'}"
Modern slavery statement 2025-3795: CARLISLE HOMES PTY LTD,document,{'content': 'CARLISLE HOMES PTY LTD (ABN 86 106 263 209) filed a single modern slavery statement with the Australian Modern Slavery Register for the reporting period 2024-07-01 to 2025-06-30. The reporting entity is headquartered in Australia. The reporting entity has an annual revenue band of 900M-1BN. The reporting entity operates in the industry sectors: Construction. Register entry: https://modernslaveryregister.gov.au/statements/26902/.'}
Modern slavery statement 2024-1265: ACCIONA ENERGY AUSTRALIA GLOBAL PTY LTD,document,"{'content': 'ACCIONA ENERGY AUSTRALIA GLOBAL PTY LTD (ABN 54 600 910 647) filed a single modern slavery statement with the Australian Modern Slavery Register for the reporting period 2023-01-01 to 2023-12-31. The reporting entity is headquartered in Australia. The reporting entity has an annual revenue band of 100-150M. The reporting entity operates in the industry sectors: Utilities: gas, water and electricity. The statement also covers the included entities: ACCIONA ENERGY OCEANIA CONSTRUCTION PTY LTD (85 164 011 723), KARARA HOLDINGS PTY LTD (22 672 150 846). Register entry: https://modernslaveryregister.gov.au/statements/18583/.'}"
Modern slavery statement 2024-803: CHISHOLM INSTITUTE,document,"{'content': 'CHISHOLM INSTITUTE (ABN 65 335 795 326) filed a single modern slavery statement with the Australian Modern Slavery Register for the reporting period 2023-01-01 to 2023-12-31. The reporting entity is headquartered in Australia. The reporting entity has an annual revenue band of 200-250M. The reporting entity operates in the industry sectors: Education and research. The statement also covers the included entities: TAFE ONLINE PTY LTD (25 166 750 107), The Trustee for The Caroline Chisholm Education Foundation (43 912 374 223). Register entry: https://modernslaveryregister.gov.au/statements/17949/.'}"
Modern slavery statement 2025-1331: MEPAU PERTH BASIN PTY LTD & MITSUI E&P AUSTRALIA HOLDINGS PTY LTD,document,"{'content': 'MEPAU PERTH BASIN PTY LTD (ABN 74 009 204 031) and MITSUI E&P AUSTRALIA HOLDINGS PTY LTD (ABN 70 077 897 440) filed a joint modern slavery statement with the Australian Modern Slavery Register for the reporting period 2024-01-01 to 2024-12-31. The reporting entities are headquartered in Australia. The reporting entities have an annual revenue band of 1BN+. The reporting entities operate in the industry sectors: Other Services. The statement also covers the included entities: AWE (BASS GAS) PTY LTD (81 124 779 068), AWE ENERGY HOLDINGS PTY LTD (36 008 954 925), AWE OFFSHORE PTY LIMITED (49 080 659 418), AWE OVERSEAS PTY LIMITED (40 080 659 383), AWE PETROLEUM PTY LTD (52 009 440 975), MEPAU A PTY LTD (45 609 192 074), MEPAU ATHENA GAS PROCESSING PTY LTD (98 009 382 414), MEPAU AUSTRALIA PTY LTD (30 080 659 338), MEPAU BEHARRA SPRINGS PTY LTD (20 009 362 645), MEPAU FINANCE PTY LTD (55 080 659 445), MEPAU OTWAY BASIN PTY LTD (17 009 363 820), MEPAU P2P PTY LTD (16 079 642 747), MEPAU PROJECT PTY LTD (21 664 344 067), MEPAU (WA) INVESTMENT COMPANY PTY LTD (46 113 950 324), MITSUI E&P AUSTRALIA PTY LTD (45 108 437 529), OUTBACK CARBON PTY LTD (59 168 294 184). Register entry: https://modernslaveryregister.gov.au/statements/23573/.'}"
Modern slavery statement 2023-281: TOOL BROKERS AUSTRALIA PTY LTD & TRADETOOLS PTY LTD & TRADETOOLS REGIONAL PTY LTD,document,"{'content': 'TOOL BROKERS AUSTRALIA PTY LTD (ABN 64 060 285 976), TRADETOOLS PTY LTD (ABN 67 010 700 053) and TRADETOOLS REGIONAL PTY LTD (ABN 31 127 910 623) filed a joint modern slavery statement with the Australian Modern Slavery Register for the reporting period 2021-07-01 to 2022-06-30. The reporting entities are headquartered in Australia. The reporting entities have an annual revenue band of 450-500M. The reporting entities operate in the industry sectors: Durable consumer goods, including electronics and appliances, home furnishings and other accessories. Register entry: https://modernslaveryregister.gov.au/statements/12483/.'}"
Modern slavery statement 2024-851: DFA AUSTRALIA LIMITED,document,"{'content': 'DFA AUSTRALIA LIMITED (ABN 46 065 937 671) filed a single modern slavery statement with the Australian Modern Slavery Register for the reporting period 2023-01-01 to 2023-12-31. The reporting entity is headquartered in Australia. The reporting entity has an annual revenue band of 100-150M. The reporting entity operates in the industry sectors: Financial, insurance and real estate activities. Register entry: https://modernslaveryregister.gov.au/statements/18015/.'}"
Modern slavery statement 2024-2593: Genius Sports Limited,document,"{'content': 'Genius Sports Limited filed a single modern slavery statement with the Australian Modern Slavery Register for the reporting period 2023-01-01 to 2023-12-31. The reporting entity is headquartered in United Kingdom. The reporting entity has an annual revenue band of 600-700M. The reporting entity operates in the industry sectors: Information technology and telecommunication. The statement also covers the included entities: Bestbetting Ltd, BETGENIUS ANZ PTY LTD (20 162 091 321), Boolabus Ltd, CFL Ventures, Connextra Ltd, FanHub Media Development, FAN HUB MEDIA DIRECT PTY LIMITED (35 167 577 237), FAN HUB MEDIA HOLDINGS PTY LIMITED (25 159 873 293), FAN HUB MEDIA TRADING PTY LIMITED (56 159 883 520), Fanhub Media UK Ltd, FanHub Media USA LLC, GENIUS SPORTS ANZ PTY LTD (32 128 094 119), Genius Sports Asia Pte Ltd, Genius Sports Canada Corporation, Genius Sports CH SARL, Genius Sports Danmark ApS, Genius Sports Group Ltd, Genius Sports Holdings Ltd, Genius Sports Italy SRL, Genius Sports LT, Genius Sports Media Inc., Genius Sports Media Ltd, Genius Sports Network ApS, Genius Sports Services Colombia S.A.S, Genius Sports Services Eesti Ou, Genius Sports Services EOOD, Genius Sports Services Ltd, Genius Sports Servicos Esportivos LTDA, Genius Sports SS Holdings, Genius Sports SS LLC, Genius Sports Technologies Ltd, Genius Sports UK Ltd, Genius Sports WE SUB LLC, Photospire Ltd, Second Spectrum China Ltd, Second Spectrum HK Ltd, Second Spectrum SARL, Second Spectrum UK Ltd, Spirable Inc, Spirable Ltd, Sportcast Inc., Sport Integrity Monitor. Register entry: https://modernslaveryregister.gov.au/statements/20035/.'}"
Modern slavery statement 2023-1854: Toshiba (Australia) Pty Ltd,document,{'content': 'Toshiba (Australia) Pty Ltd (ABN 19 001 320 421) filed a single modern slavery statement with the Australian Modern Slavery Register for the reporting period 2022-04-01 to 2023-03-31. The reporting entity is headquartered in Australia. The reporting entity has an annual revenue band of 100-150M. The reporting entity operates in the industry sectors: Information technology and telecommunication. Register entry: https://modernslaveryregister.gov.au/statements/14697/.'}
Modern slavery statement 2021-1698: FELTEX CARPETS PTY LTD & GODFREY HIRST AUSTRALIA PTY LTD & Premium Floors Australia Pty Limited,document,"{'content': 'FELTEX CARPETS PTY LTD (ABN 60 068 166 843), GODFREY HIRST AUSTRALIA PTY LTD (ABN 58 000 849 758) and Premium Floors Australia Pty Limited (ABN 15 152 867 984) filed a joint modern slavery statement with the Australian Modern Slavery Register for the reporting period 2020-01-01 to 2020-12-31. The reporting entities are headquartered in Australia. The reporting entities have an annual revenue band of 1BN+. The reporting entities operate in the industry sectors: Durable consumer goods, including electronics and appliances, home furnishings and other accessories Fashion, textiles, apparel and luxury goods. Register entry: https://modernslaveryregister.gov.au/statements/3898/.'}"
Modern slavery statement 2022-2114: EMPLOYERS MUTUAL LIMITED & THE TRUSTEE FOR ASWIG MANAGEMENT TRUST,document,"{'content': 'EMPLOYERS MUTUAL LIMITED & THE TRUSTEE FOR ASWIG MANAGEMENT TRUST (ABN 23 923 166 503) filed a single modern slavery statement with the Australian Modern Slavery Register for the reporting period 2021-07-01 to 2022-06-30. The reporting entity is headquartered in Australia. The reporting entity has an annual revenue band of 400-450M. The reporting entity operates in the industry sectors: Financial, insurance and real estate activities. Register entry: https://modernslaveryregister.gov.au/statements/10801/.'}"
Modern slavery statement 2025-2529: GUZMAN Y GOMEZ LIMITED,document,{'content': 'GUZMAN Y GOMEZ LIMITED filed a single modern slavery statement with the Australian Modern Slavery Register for the reporting period 2024-07-01 to 2025-06-30. The reporting entity is headquartered in Australia. The reporting entity has an annual revenue band of 400-450M. The reporting entity operates in the industry sectors: Retail Trade. Register entry: https://modernslaveryregister.gov.au/statements/25203/.'}
Modern slavery statement 2022-1171: ADIDAS AUSTRALIA PTY LIMITED,document,"{'content': 'ADIDAS AUSTRALIA PTY LIMITED (ABN 80 058 390 659) filed a single modern slavery statement with the Australian Modern Slavery Register for the reporting period 2021-01-01 to 2021-12-31. The reporting entity is headquartered in Australia. The reporting entity has an annual revenue band of 450-500M. The reporting entity operates in the industry sectors: Fashion, textiles, apparel and luxury goods. Register entry: https://modernslaveryregister.gov.au/statements/9458/.'}"
Modern slavery statement 2025-1052: FISHER & PAYKEL AUSTRALIA PTY. LIMITED,document,"{'content': 'FISHER & PAYKEL AUSTRALIA PTY. LIMITED (ABN 71 000 042 080) filed a single modern slavery statement with the Australian Modern Slavery Register for the reporting period 2024-01-01 to 2024-12-31. The reporting entity is headquartered in Australia. The reporting entity has an annual revenue band of 700-800M. The reporting entity operates in the industry sectors: Durable consumer goods, including electronics and appliances, home furnishings and other accessories. The statement also covers the included entities: FISHER & PAYKEL AUSTRALIA HOLDINGS LIMITED (19 003 659 425), FISHER & PAYKEL CUSTOMER SERVICES PTY LTD (67 003 335 171), FISHER & PAYKEL FINANCE PTY LIMITED (31 074 265 197). Register entry: https://modernslaveryregister.gov.au/statements/23218/.'}"
Modern slavery statement 2021-3045: DALRYMPLE BAY COAL TERMINAL PTY. LTD.,document,"{'content': 'DALRYMPLE BAY COAL TERMINAL PTY. LTD. (ABN 12 010 268 167) filed a single modern slavery statement with the Australian Modern Slavery Register for the reporting period 2020-07-01 to 2021-06-30. The reporting entity is headquartered in Australia. The reporting entity has an annual revenue band of 250-300M. The reporting entity operates in the industry sectors: Transportation, logistics, and storage. Register entry: https://modernslaveryregister.gov.au/statements/6031/.'}"
Modern slavery statement 2021-264: JOHN DEERE FINANCIAL LIMITED,document,"{'content': 'JOHN DEERE FINANCIAL LIMITED (ABN 55 078 714 646) filed a single modern slavery statement with the Australian Modern Slavery Register for the reporting period 2019-11-04 to 2020-11-01. The reporting entity is headquartered in Australia. The reporting entity has an annual revenue band of 0-99M. The reporting entity operates in the industry sectors: Financial, insurance and real estate activities. Register entry: https://modernslaveryregister.gov.au/statements/1552/.'}"
Modern slavery statement 2024-3092: RITE BITE GROUP PTY LTD,document,"{'content': 'RITE BITE GROUP PTY LTD (ABN 61 623 450 117) filed a single modern slavery statement with the Australian Modern Slavery Register for the reporting period 2023-07-01 to 2024-06-30. The reporting entity is headquartered in Australia. The reporting entity has an annual revenue band of 450-500M. The reporting entity operates in the industry sectors: Food and beverages, agriculture and fishing. The statement also covers the included entities: DARRELL LEA CONFECTIONERY CO PTY LTD (27 159 928 382). Register entry: https://modernslaveryregister.gov.au/statements/20998/.'}"
Modern slavery statement 2021-129: FISHER & PAYKEL HEALTHCARE CORPORATION LIMITED & FISHER & PAYKEL HEALTHCARE PTY. LIMITED,document,{'content': 'FISHER & PAYKEL HEALTHCARE CORPORATION LIMITED (ABN 69 098 026 281) and FISHER & PAYKEL HEALTHCARE PTY. LIMITED (ABN 52 005 484 999) filed a joint modern slavery statement with the Australian Modern Slavery Register for the reporting period 2019-04-01 to 2020-03-31. The reporting entities are headquartered in Australia. The reporting entities have an annual revenue band of 1BN+. The reporting entities operate in the industry sectors: Healthcare and pharmaceuticals. Register entry: https://modernslaveryregister.gov.au/statements/1280/.'}
Modern slavery statement 2022-267: Gentrack Group Limited,document,"{'content': 'Gentrack Group Limited filed a joint modern slavery statement with the Australian Modern Slavery Register for the reporting period 2020-10-01 to 2021-09-30. The reporting entity is headquartered in New Zealand. The reporting entity has an annual revenue band of 100-150M. The reporting entity operates in the industry sectors: Utilities: gas, water and electricity Information technology and telecommunication. Register entry: https://modernslaveryregister.gov.au/statements/8093/.'}"
Modern slavery statement 2025-2301: ATLASSIAN CORPORATION,document,{'content': 'ATLASSIAN CORPORATION filed a single modern slavery statement with the Australian Modern Slavery Register for the reporting period 2024-07-01 to 2025-06-30. The reporting entity is headquartered in United States of America. The reporting entity has an annual revenue band of 1BN+. The reporting entity operates in the industry sectors: Information Media and Telecommunications. Register entry: https://modernslaveryregister.gov.au/statements/24854/.'}
Modern slavery statement 2022-2017: CENTRAL GIPPSLAND REGION WATER CORPORATION,document,{'content': 'CENTRAL GIPPSLAND REGION WATER CORPORATION (ABN 75 830 750 413) filed a single modern slavery statement with the Australian Modern Slavery Register for the reporting period 2021-07-01 to 2022-06-30. The reporting entity is headquartered in Australia. The reporting entity has an annual revenue band of 0-99M. The reporting entity operates in the industry sectors: Government Sector. Register entry: https://modernslaveryregister.gov.au/statements/10654/.'}
"Modern slavery statement 2024-3476: FLOW POWER SOLAR PTY LTD, KIN POWER GROUP PTY LTD, PROGRESSIVE GREEN PTY LTD, UTILACOR PTY LTD",document,"{'content': 'FLOW POWER SOLAR PTY LTD, KIN POWER GROUP PTY LTD, PROGRESSIVE GREEN PTY LTD, UTILACOR PTY LTD filed a joint modern slavery statement with the Australian Modern Slavery Register for the reporting period 2023-07-01 to 2024-06-30. The reporting entity is headquartered in Australia. The reporting entity has an annual revenue band of 300-350M. The reporting entity operates in the industry sectors: Utilities: gas, water and electricity. The statement also covers the included entities: Kin Power Asset Holdings Pty Ltd, Kin Power Finance Holding Pty Ltd, PROGRESSIVE GREEN TRADING PTY LTD. Register entry: https://modernslaveryregister.gov.au/statements/21419/.'}"
Modern slavery statement 2024-1231: APEX FUND HOLDINGS AUSTRALIA PTY LIMITED,document,"{'content': 'APEX FUND HOLDINGS AUSTRALIA PTY LIMITED filed a single modern slavery statement with the Australian Modern Slavery Register for the reporting period 2023-01-01 to 2023-12-31. The reporting entity is headquartered in Australia. The reporting entity has an annual revenue band of 0-99M. The reporting entity operates in the industry sectors: Financial, insurance and real estate activities. The statement also covers the included entities: APEX COMPLIANCE SOLUTIONS (AUSTRALIA) PTY LTD (43 110 507 858), APEX CORPORATE & BUSINESS SERVICES AUSTRALIA PTY LTD (33 648 611 054), APEX FUND SERVICES (AUSTRALIA) PTY LTD (86 149 408 702), APEX FUND SERVICES PTY LTD, APEX FUND SERVICES (SYDNEY) PTY LIMITED (32 131 370 931), APEX SUPERANNUATION (AUSTRALIA) PTY LTD (28 081 966 243), IFAA GROUP PTY LTD (75 638 849 699), Independent Professional Services Pty Ltd (67 126 760 638), MAINSTREAM DIGITAL SERVICES PTY LTD (91 121 671 430), MAINSTREAM SUPERANNUATION SERVICES PTY LTD (83 082 989 142). Register entry: https://modernslaveryregister.gov.au/statements/18078/.'}"
Modern slavery statement 2024-2092: AUSTRALIAN MARITIME SAFETY AUTHORITY,document,{'content': 'AUSTRALIAN MARITIME SAFETY AUTHORITY (ABN 65 377 938 320) filed a single modern slavery statement with the Australian Modern Slavery Register for the reporting period 2023-07-01 to 2024-06-30. The reporting entity is headquartered in Australia. The reporting entity has an annual revenue band of 250-300M. The reporting entity operates in the industry sectors: Government Sector. Register entry: https://modernslaveryregister.gov.au/statements/19626/.'}
Modern slavery statement 2021-626: RURAL PRESS PTY LIMITED,document,"{'content': 'RURAL PRESS PTY LIMITED (ABN 47 000 010 382) filed a single modern slavery statement with the Australian Modern Slavery Register for the reporting period 2019-07-01 to 2020-06-30. The reporting entity is headquartered in Australia. The reporting entity has an annual revenue band of 300-350M. The reporting entity operates in the industry sectors: Media, publishing, arts and entertainment. Register entry: https://modernslaveryregister.gov.au/statements/2236/.'}"
Modern slavery statement 2026-111: WHSP HOLDINGS LTD,document,"{'content': 'WHSP HOLDINGS LTD (ABN 49 000 002 728) filed a single modern slavery statement with the Australian Modern Slavery Register for the reporting period 2024-08-01 to 2025-07-31. The reporting entity is headquartered in Australia. The reporting entity has an annual revenue band of 900M-1BN. The reporting entity operates in the industry sectors: Accommodation and Food Services Rental, Hiring and Real Estate Services Education and Training Agriculture, Forestry and Fishing Financial and Insurance Services Mining Electricity, Gas, Water and Waste Services. Register entry: https://modernslaveryregister.gov.au/statements/27196/.'}"
Modern slavery statement 2025-980: OUTSOURCING OCEANIA HOLDINGS PTY LIMITED,document,"{'content': 'OUTSOURCING OCEANIA HOLDINGS PTY LIMITED (ABN 20 628 356 141) filed a single modern slavery statement with the Australian Modern Slavery Register for the reporting period 2024-01-01 to 2024-12-31. The reporting entity is headquartered in Australia. The reporting entity has an annual revenue band of 500-600M. The reporting entity operates in the industry sectors: Professional and administrative services and supplies, including legal, consulting and accounting services. The statement also covers the included entities: ALBACORE CONSULTING GROUP PTY LTD (67 644 577 471), BLUEFIN RESOURCES GROUP PTY LIMITED (93 140 092 011), BLUEFIN RESOURCES PTY. LIMITED (48 106 436 837), CLICKS RECRUIT (AUSTRALIA) PTY LTD (87 078 625 242), HOBAN RECRUITMENT PTY LTD (88 052 201 313), Horizon One Recruitment Pty Ltd (98 129 885 838), INDEX CONSULTANTS PTY LTD (33 123 720 043), Jigsaw Search Pty Ltd (92 122 998 743), MARBLE GROUP HOLDINGS PTY LTD (91 613 294 536), MARBLE GROUP PTY LTD (93 119 778 193), MARBLE GROUP SERVICES PTY LTD (66 631 301 016), OUTSOURCING OCEANIA PTY LTD (25 006 776 343), PROJECT MANAGEMENT PARTNERS PTY LIMITED (13 084 197 795), RAP2 PTY LTD (25 630 066 483), RED APPOINTMENTS GROUP HOLDINGS PTY LTD (88 637 107 281), RED APPOINTMENTS NT PTY LTD (83 153 591 587), RED APPOINTMENTS PTY LTD (35 138 057 511), STAFF SOLUTIONS AUSTRALIA PTY LTD (31 052 868 621). Register entry: https://modernslaveryregister.gov.au/statements/23119/.'}"
Modern slavery statement 2023-2460: AURELIA METALS LIMITED,document,"{'content': 'AURELIA METALS LIMITED (ABN 37 108 476 384) filed a joint modern slavery statement with the Australian Modern Slavery Register for the reporting period 2022-07-01 to 2023-06-30. The reporting entity is headquartered in Australia. The reporting entity has an annual revenue band of 350-400M. The reporting entity operates in the industry sectors: Mining, metals, chemicals and resources (including oil and gas). The statement also covers the included entities: BIG ISLAND MINING PTY LTD, DARGUES GOLD MINE PTY LTD, DEFIANCE RESOURCES PTY LTD, HERA RESOURCES PTY LIMITED, NYMAGEE RESOURCES PTY LTD, PEAK GOLD ASIA PACIFIC PTY LTD, PEAK GOLD MINES PTY LTD. Register entry: https://modernslaveryregister.gov.au/statements/15561/.'}"
Modern slavery statement 2023-573: RESOLUTION LIFE NOHC PTY LTD,document,"{'content': 'RESOLUTION LIFE NOHC PTY LTD (ABN 48 633 375 069) filed a joint modern slavery statement with the Australian Modern Slavery Register for the reporting period 2022-01-01 to 2022-12-31. The reporting entity is headquartered in Australia. The reporting entity has an annual revenue band of 0-99M. The reporting entity operates in the industry sectors: Financial, insurance and real estate activities. Register entry: https://modernslaveryregister.gov.au/statements/12932/.'}"
Modern slavery statement 2025-3037: ABI INTERNATIONAL HOLDINGS PTY LTD,document,"{'content': 'ABI INTERNATIONAL HOLDINGS PTY LTD (ABN 44 643 806 679) filed a single modern slavery statement with the Australian Modern Slavery Register for the reporting period 2024-07-01 to 2025-06-30. The reporting entity is headquartered in Australia. The reporting entity has an annual revenue band of 100-150M. The reporting entity operates in the industry sectors: Wholesale Trade Retail Trade. The statement also covers the included entities: ABI Interiors International Limited, ABI INTERIORS PTY LTD (22 612 741 385). Register entry: https://modernslaveryregister.gov.au/statements/25874/.'}"
Modern slavery statement 2023-668: GREAT LAKES INSURANCE SE & MUNCHENER RUCKVERSICHERUNGS-GESELLSCHAFT (MUNICH REINSURANCE COMPANY) & MUNICH HOLDINGS OF AUSTRALASIA PTY LTD et al.,document,"{'content': 'GREAT LAKES INSURANCE SE (ABN 18 964 580 576), MUNCHENER RUCKVERSICHERUNGS-GESELLSCHAFT (MUNICH REINSURANCE COMPANY) (ABN 90 009 763 526), MUNICH HOLDINGS OF AUSTRALASIA PTY LTD (ABN 80 000 159 651) and MUNICH REINSURANCE COMPANY OF AUSTRALASIA LIMITED (ABN 51 004 804 013) filed a joint modern slavery statement with the Australian Modern Slavery Register for the reporting period 2022-01-01 to 2022-12-31. The reporting entities are headquartered in Germany. The reporting entities have an annual revenue band of 1BN+. The reporting entities operate in the industry sectors: Financial, insurance and real estate activities. Register entry: https://modernslaveryregister.gov.au/statements/13095/.'}"
Modern slavery statement 2025-689: FISHER & PAYKEL HEALTHCARE CORPORATION LIMITED & FISHER & PAYKEL HEALTHCARE PTY. LIMITED,document,"{'content': 'FISHER & PAYKEL HEALTHCARE CORPORATION LIMITED (ABN 69 098 026 281) and FISHER & PAYKEL HEALTHCARE PTY. LIMITED (ABN 52 005 484 999) filed a joint modern slavery statement with the Australian Modern Slavery Register for the reporting period 2024-04-01 to 2025-03-31. The reporting entities are headquartered in Australia, New Zealand. The reporting entities have an annual revenue band of 1BN+. The reporting entities operate in the industry sectors: Healthcare and pharmaceuticals. The statement also covers the included entities: FISHER & PAYKEL HEALTHCARE PTY. LIMITED (52 005 484 999). Register entry: https://modernslaveryregister.gov.au/statements/22682/.'}"
Modern slavery statement 2024-2985: AUSCOAL SUPERANNUATION PTY LTD & MINE SUPER SERVICES PTY LTD & The Trustee for MINE SUPERANNUATION FUND,document,"{'content': 'AUSCOAL SUPERANNUATION PTY LTD (ABN 70 003 566 989), MINE SUPER SERVICES PTY LTD (ABN 49 051 315 014) and The Trustee for MINE SUPERANNUATION FUND (ABN 16 457 520 308) filed a joint modern slavery statement with the Australian Modern Slavery Register for the reporting period 2023-07-01 to 2024-06-30. The reporting entities are headquartered in Australia. The reporting entities have an annual revenue band of 0-99M. The reporting entities operate in the industry sectors: Financial, insurance and real estate activities. The statement also covers the included entities: MINE SUPER SERVICES PTY LTD (49 051 315 014), The Trustee for MINE SUPERANNUATION FUND (16 457 520 308). Register entry: https://modernslaveryregister.gov.au/statements/20854/.'}"
Modern slavery statement 2023-3106: NEW HORIZONS ENTERPRISES LIMITED,document,{'content': 'NEW HORIZONS ENTERPRISES LIMITED (ABN 42 002 066 604) filed a single modern slavery statement with the Australian Modern Slavery Register for the reporting period 2022-07-01 to 2023-06-30. The reporting entity is headquartered in Australia. The reporting entity has an annual revenue band of 100-150M. The reporting entity operates in the industry sectors: Charitable / not-for-profit activities. Register entry: https://modernslaveryregister.gov.au/statements/16376/.'}
Modern slavery statement 2024-1817: SMRM HOLDINGS PTY LTD,document,"{'content': 'SMRM HOLDINGS PTY LTD (ABN 85 168 760 861) filed a single modern slavery statement with the Australian Modern Slavery Register for the reporting period 2023-07-01 to 2024-06-30. The reporting entity is headquartered in Australia. The reporting entity has an annual revenue band of 1BN+. The reporting entity operates in the industry sectors: Mining, metals, chemicals and resources (including oil and gas). The statement also covers the included entities: AF TOWNSVILLE PTY LTD (54 638 510 059), FUELCHARGE PTY LTD (32 616 990 339), HYBLUE PTY LTD (25 065 395 244), HYDIP PTY LTD (29 603 926 192), IOR AVIATION PTY LTD (60 056 487 453), IOR ENERGY PTY LTD (60 010 504 444), IOR MARINE PTY LTD (93 159 791 330), IOR OILFIELD SERVICES PTY LTD (78 066 878 662), IOR PTY LTD (36 009 653 070), IOR RURAL ASSETS PTY LTD (83 641 450 473), IOR RURAL PTY LTD (76 641 451 630), IOR RURAL SERVICES PTY LTD (11 641 449 809), IOR SALES AND RENTALS PTY LTD (49 137 156 097), IOR SERVICES PTY LTD (46 151 774 159), IOR TERMINALS PTY LTD (14 057 379 067), IOR TRANSPORT PTY LTD (66 162 200 099), IOR TRANSPORT SERVICES PTY LTD (15 605 338 396), LYTTON TERMINAL HOLDINGS PTY LTD (44 635 215 744), LYTTON TERMINALS PTY LTD (52 633 000 781), STRIKE FUELS ASSETS PTY LTD (81 621 590 010), STRIKE FUELS PTY LTD (90 167 909 195). Register entry: https://modernslaveryregister.gov.au/statements/19266/.'}"
Modern slavery statement 2020-320: MITSUI BUSSAN WOODCHIP OCEANIA PTY. LTD.,document,"{'content': 'MITSUI BUSSAN WOODCHIP OCEANIA PTY. LTD. (ABN 14 070 210 990) filed a single modern slavery statement with the Australian Modern Slavery Register for the reporting period 2019-04-01 to 2020-03-30. The reporting entity is headquartered in Japan. The reporting entity has an annual revenue band of 200-250M. The reporting entity operates in the industry sectors: Forestry, timber products, paper and containers and packaging. Register entry: https://modernslaveryregister.gov.au/statements/791/.'}"
Modern slavery statement 2025-2601: HORIZON OIL LIMITED,document,{'content': 'HORIZON OIL LIMITED (ABN 51 009 799 455) filed a single modern slavery statement with the Australian Modern Slavery Register for the reporting period 2024-07-01 to 2025-06-30. The reporting entity is headquartered in Australia. The reporting entity has an annual revenue band of 100-150M. The reporting entity operates in the industry sectors: Mining. Register entry: https://modernslaveryregister.gov.au/statements/25320/.'}
"Modern slavery statement 2024-3478: Lynas Africa Holdings Pty Ltd, Lynas Africa Limited, LYNAS KALGOORLIE PTY LTD & Lynas Malaysia Sdn Bhd, LYNAS RARE EARTHS LIMITED & LYNAS SERVICES PTY LTD et al.",document,"{'content': 'Lynas Africa Holdings Pty Ltd, Lynas Africa Limited, LYNAS KALGOORLIE PTY LTD (ABN 73 053 160 302), Lynas Malaysia Sdn Bhd, LYNAS RARE EARTHS LIMITED (ABN 27 009 066 648), LYNAS SERVICES PTY LTD (ABN 31 103 936 232), Lynas USA LLC, MT WELD HOLDINGS LIMITED (ABN 75 073 998 106) and MT WELD MINING PTY LIMITED (ABN 96 053 160 400) filed a joint modern slavery statement with the Australian Modern Slavery Register for the reporting period 2023-07-01 to 2024-06-30. The reporting entities are headquartered in Australia. The reporting entities have an annual revenue band of 450-500M. The reporting entities operate in the industry sectors: Mining, metals, chemicals and resources (including oil and gas). The statement also covers the included entities: Lynas Africa Holdings Pty Ltd, Lynas Africa Limited, LYNAS KALGOORLIE PTY LTD (73 053 160 302), Lynas Malaysia Sdn Bhd, LYNAS RARE EARTHS LIMITED (27 009 066 648), LYNAS SERVICES PTY LTD (31 103 936 232), Lynas USA LLC, MT WELD HOLDINGS LIMITED (75 073 998 106), MT WELD MINING PTY LIMITED (96 053 160 400). Register entry: https://modernslaveryregister.gov.au/statements/21170/.'}"
Modern slavery statement 2021-235: FUGRO HOLDINGS (AUSTRALIA) PTY LTD,document,"{'content': 'FUGRO HOLDINGS (AUSTRALIA) PTY LTD (ABN 99 003 010 099) filed a joint modern slavery statement with the Australian Modern Slavery Register for the reporting period 2020-01-01 to 2020-12-31. The reporting entity is headquartered in Australia. The reporting entity has an annual revenue band of 150-200M. The reporting entity operates in the industry sectors: Mining, metals, chemicals and resources (including oil and gas) Utilities: gas, water and electricity Information technology and telecommunication. Register entry: https://modernslaveryregister.gov.au/statements/1499/.'}"
Modern slavery statement 2024-3003: LIFELINE AUSTRALIA,document,{'content': 'LIFELINE AUSTRALIA (ABN 84 081 031 263) filed a single modern slavery statement with the Australian Modern Slavery Register for the reporting period 2023-07-01 to 2024-06-30. The reporting entity is headquartered in Australia. The reporting entity has an annual revenue band of 100-150M. The reporting entity operates in the industry sectors: Charitable / not-for-profit activities. The statement also covers the included entities: LIFELINE DIRECT LIMITED (14 618 509 818). Register entry: https://modernslaveryregister.gov.au/statements/20880/.'}
Modern slavery statement 2025-702: SAVE THE CHILDREN AUSTRALIA,document,"{'content': 'SAVE THE CHILDREN AUSTRALIA filed a single modern slavery statement with the Australian Modern Slavery Register for the reporting period 2024-01-01 to 2024-12-31. The reporting entity is headquartered in Australia. The reporting entity has an annual revenue band of 150-200M. The reporting entity operates in the industry sectors: Charitable / not-for-profit activities. The statement also covers the included entities: CENTRE FOR EVIDENCE AND IMPLEMENTATION LTD, LIBRARY FOR ALL LTD., SAVE THE CHILDREN IMPACT FUND LIMITED. Register entry: https://modernslaveryregister.gov.au/statements/22702/.'}"
Modern slavery statement 2022-2786: REGION RE LIMITED,document,"{'content': 'REGION RE LIMITED (ABN 47 158 809 851) filed a single modern slavery statement with the Australian Modern Slavery Register for the reporting period 2021-07-01 to 2022-06-30. The reporting entity is headquartered in Australia. The reporting entity has an annual revenue band of 450-500M. The reporting entity operates in the industry sectors: Financial, insurance and real estate activities. Register entry: https://modernslaveryregister.gov.au/statements/11681/.'}"
Modern slavery statement 2021-1980: KUMHO TYRE AUSTRALIA PTY LIMITED,document,"{'content': 'KUMHO TYRE AUSTRALIA PTY LIMITED (ABN 46 003 300 678) filed a single modern slavery statement with the Australian Modern Slavery Register for the reporting period 2020-01-01 to 2020-12-31. The reporting entity is headquartered in Australia. The reporting entity has an annual revenue band of 100-150M. The reporting entity operates in the industry sectors: Automotive, machinery and heavy electrical equipment. Register entry: https://modernslaveryregister.gov.au/statements/4468/.'}"
"Modern slavery statement 2024-3475: SPC GLOBAL LTD, SPC OPERATIONS PTY LTD",document,"{'content': 'SPC GLOBAL LTD, SPC OPERATIONS PTY LTD filed a joint modern slavery statement with the Australian Modern Slavery Register for the reporting period 2023-07-01 to 2024-06-30. The reporting entity is headquartered in Australia. The reporting entity has an annual revenue band of 300-350M. The reporting entity operates in the industry sectors: Food and beverages, agriculture and fishing. The statement also covers the included entities: SPC OPERATIONS PTY LTD. Register entry: https://modernslaveryregister.gov.au/statements/21420/.'}"
Modern slavery statement 2025-2247: MORRISON AUSTRALIA PTY LIMITED,document,{'content': 'MORRISON AUSTRALIA PTY LIMITED filed a single modern slavery statement with the Australian Modern Slavery Register for the reporting period 2024-04-01 to 2025-03-31. The reporting entity is headquartered in New Zealand. The reporting entity has an annual revenue band of 100-150M. The reporting entity operates in the industry sectors: Financial and Insurance Services. Register entry: https://modernslaveryregister.gov.au/statements/24761/.'}
Modern slavery statement 2024-1052: DP WORLD AUSTRALIA (HOLDING) PTY LTD,document,"{'content': 'DP WORLD AUSTRALIA (HOLDING) PTY LTD filed a single modern slavery statement with the Australian Modern Slavery Register for the reporting period 2023-01-01 to 2023-12-31. The reporting entity is headquartered in Australia. The reporting entity has an annual revenue band of 800-900M. The reporting entity operates in the industry sectors: Transportation, logistics, and storage. The statement also covers the included entities: DP WORLD AUSTRALIA CONTAINER PARKS PTY LTD, DP WORLD AUSTRALIA (FINANCE) PTY LTD, DP WORLD AUSTRALIA LIMITED, DP WORLD BRISBANE PTY LIMITED, DP WORLD (FREMANTLE) LIMITED, DP WORLD MELBOURNE LIMITED, DP WORLD SYDNEY LIMITED. Register entry: https://modernslaveryregister.gov.au/statements/18314/.'}"
Modern slavery statement 2024-2765: NEC AUSTRALIA PTY LTD & NEC IT SERVICES AUSTRALIA PTY LTD,document,{'content': 'NEC AUSTRALIA PTY LTD (ABN 86 001 217 527) and NEC IT SERVICES AUSTRALIA PTY LTD (ABN 27 096 278 198) filed a joint modern slavery statement with the Australian Modern Slavery Register for the reporting period 2023-04-01 to 2024-03-31. The reporting entities are headquartered in Australia. The reporting entities have an annual revenue band of 350-400M. The reporting entities operate in the industry sectors: Information technology and telecommunication. The statement also covers the included entities: NEC IT SOLUTIONS AUSTRALIA PTY LTD (58 009 378 643). Register entry: https://modernslaveryregister.gov.au/statements/20576/.'}
Modern slavery statement 2025-403: MACQUARIE TECHNOLOGY GROUP LIMITED,document,"{'content': 'MACQUARIE TECHNOLOGY GROUP LIMITED filed a single modern slavery statement with the Australian Modern Slavery Register for the reporting period 2024-01-01 to 2024-12-31. The reporting entity is headquartered in Australia. The reporting entity has an annual revenue band of 350-400M. The reporting entity operates in the industry sectors: Information technology and telecommunication. The statement also covers the included entities: MACQUARIE CLOUD PTY LTD, MACQUARIE CLOUD SERVICES PTY LIMITED, MACQUARIE DATA CENTRES CANBERRA INFRACO PTY LTD, MACQUARIE DATA CENTRES CANBERRA INFRACO PTY LTD, MACQUARIE DATA CENTRES GROUP PTY LTD, MACQUARIE DATA CENTRES MACQUARIE PARK CAMPUS HOLDCO PTY LTD, MACQUARIE DATA CENTRES MACQUARIE PARK HOLDCO PTY LTD, MACQUARIE DATA CENTRES MACQUARIE PARK PROPERTY SUBTST PTY LTD, MACQUARIE DATA CENTRES MACQUARIE PARK PROPERTY TST PTY LTD, MACQUARIE DATA CENTRES MANAGER PTY LTD, MACQUARIE DATA CENTRES SYDNEY HOLDCO PTY LTD, MACQUARIE DATA CENTRES SYDNEY INFRACO PTY LTD, MACQUARIE DIGITAL INFRASTRUCTURE PTY LTD, Macquarie Hosting (Singapore) Pte Limited, MACQUARIE INFRATECH GROUP PTY LIMITED, MACQUARIE TECHNOLOGY OPERATIONS PTY LIMITED. Register entry: https://modernslaveryregister.gov.au/statements/22244/.'}"
Modern slavery statement 2021-2076: PACCAR AUSTRALIA PTY. LTD.,document,"{'content': 'PACCAR AUSTRALIA PTY. LTD. (ABN 43 004 669 667) filed a single modern slavery statement with the Australian Modern Slavery Register for the reporting period 2020-01-01 to 2020-12-31. The reporting entity is headquartered in Australia. The reporting entity has an annual revenue band of 900M-1BN. The reporting entity operates in the industry sectors: Transportation, logistics, and storage. Register entry: https://modernslaveryregister.gov.au/statements/4633/.'}"
Modern slavery statement 2023-410: BIG BEN HOLDINGS PTY. LIMITED,document,"{'content': 'BIG BEN HOLDINGS PTY. LIMITED (ABN 63 008 434 562) filed a single modern slavery statement with the Australian Modern Slavery Register for the reporting period 2022-04-01 to 2023-03-30. The reporting entity is headquartered in Australia. The reporting entity has an annual revenue band of 1BN+. The reporting entity operates in the industry sectors: Mining, metals, chemicals and resources (including oil and gas). Register entry: https://modernslaveryregister.gov.au/statements/12666/.'}"
Modern slavery statement 2022-1374: SCOR Global Life Australia Pty Limited & SCOR REINSURANCE ASIA-PACIFIC PTE. LTD.,document,"{'content': 'SCOR Global Life Australia Pty Limited (ABN 83 148 897 670) and SCOR REINSURANCE ASIA-PACIFIC PTE. LTD. (ABN 85 071 103 092) filed a joint modern slavery statement with the Australian Modern Slavery Register for the reporting period 2021-07-01 to 2022-06-30. The reporting entities are headquartered in Australia, France. The reporting entities have an annual revenue band of 350-400M. The reporting entities operate in the industry sectors: Financial, insurance and real estate activities. Register entry: https://modernslaveryregister.gov.au/statements/9669/.'}"
Modern slavery statement 2024-3309: MINDA INCORPORATED,document,"{'content': 'MINDA INCORPORATED (ABN 37 020 000 711) filed a single modern slavery statement with the Australian Modern Slavery Register for the reporting period 2023-07-01 to 2024-06-30. The reporting entity is headquartered in Australia. The reporting entity has an annual revenue band of 150-200M. The reporting entity operates in the industry sectors: Charitable / not-for-profit activities. The statement also covers the included entities: MINDA HOUSING LIMITED (49 622 248 908), S.A. GROUP ENTERPRISES INCORPORATED (40 005 498 775). Register entry: https://modernslaveryregister.gov.au/statements/21271/.'}"
Modern slavery statement 2023-683: AI SKY AUS HOLDCO PTY LIMITED & DEBITSUCCESS PTY LTD & Links Modular Solutions Pty Ltd et al.,document,"{'content': 'AI SKY AUS HOLDCO PTY LIMITED (ABN 67 636 519 143), DEBITSUCCESS PTY LTD (ABN 32 095 551 581), Links Modular Solutions Pty Ltd (ABN 23 104 429 923), MYXPLOR PTY LTD (ABN 93 604 322 910), QK Technologies Pty Ltd (ABN 13 119 998 122), The trustee for the ffa paysmart unit trust (ABN 62 695 382 965) and Zenrol Pty Ltd (ABN 19 156 032 138) filed a joint modern slavery statement with the Australian Modern Slavery Register for the reporting period 2022-01-01 to 2022-12-31. The reporting entities are headquartered in United States of America. The reporting entities have an annual revenue band of 150-200M. The reporting entities operate in the industry sectors: Information technology and telecommunication Financial, insurance and real estate activities. Register entry: https://modernslaveryregister.gov.au/statements/13111/.'}"
Modern slavery statement 2022-863: BAYER AUSTRALIA LTD & BAYER CROPSCIENCE PTY LTD & IMAXEON PTY LTD et al.,document,"{'content': 'BAYER AUSTRALIA LTD (ABN 22 000 138 714), BAYER CROPSCIENCE PTY LTD (ABN 87 000 226 022), IMAXEON PTY LTD (ABN 93 093 950 906) and MONSANTO AUSTRALIA PTY LTD (ABN 86 006 725 560) filed a joint modern slavery statement with the Australian Modern Slavery Register for the reporting period 2021-01-01 to 2021-12-31. The reporting entities are headquartered in Germany. The reporting entities have an annual revenue band of 1BN+. The reporting entities operate in the industry sectors: Food and beverages, agriculture and fishing Healthcare and pharmaceuticals. Register entry: https://modernslaveryregister.gov.au/statements/9037/.'}"
Modern slavery statement 2022-1248: RUSSELL INVESTMENT GROUP PTY LTD & RUSSELL INVESTMENT MANAGEMENT LTD. & RUSSELL INVESTMENTS AUSTRALIA HOLDCO PTY LIMITED et al.,document,"{'content': 'RUSSELL INVESTMENT GROUP PTY LTD (ABN 92 003 066 859), RUSSELL INVESTMENT MANAGEMENT LTD. (ABN 53 068 338 974), RUSSELL INVESTMENTS AUSTRALIA HOLDCO PTY LIMITED (ABN 99 612 159 314), RUSSELL INVESTMENTS IMPLEMENTATION SERVICES, LLC (ABN 24 642 194 625) and TOTAL RISK MANAGEMENT PTY LIMITED (ABN 62 008 644 353) filed a joint modern slavery statement with the Australian Modern Slavery Register for the reporting period 2021-01-01 to 2021-12-31. The reporting entities are headquartered in United States of America. The reporting entities have an annual revenue band of 700-800M. The reporting entities operate in the industry sectors: Financial, insurance and real estate activities. Register entry: https://modernslaveryregister.gov.au/statements/9533/.'}"
Modern slavery statement 2021-2889: BM ALLIANCE COAL OPERATIONS PTY LIMITED,document,"{'content': 'BM ALLIANCE COAL OPERATIONS PTY LIMITED (ABN 67 096 412 752) filed a single modern slavery statement with the Australian Modern Slavery Register for the reporting period 2020-07-01 to 2021-06-30. The reporting entity is headquartered in Australia. The reporting entity has an annual revenue band of 600-700M. The reporting entity operates in the industry sectors: Mining, metals, chemicals and resources (including oil and gas). Register entry: https://modernslaveryregister.gov.au/statements/5770/.'}"
Modern slavery statement 2024-532: T. F. WOOLLAM & SON PTY. LTD.,document,"{'content': 'T. F. WOOLLAM & SON PTY. LTD. (ABN 94 009 676 064) filed a single modern slavery statement with the Australian Modern Slavery Register for the reporting period 2022-07-01 to 2023-06-30. The reporting entity is headquartered in Australia. The reporting entity has an annual revenue band of 200-250M. The reporting entity operates in the industry sectors: Construction, civil engineering and building products. Register entry: https://modernslaveryregister.gov.au/statements/17537/.'}"
Modern slavery statement 2024-1209: NESTE CORPORATION,document,"{'content': 'NESTE CORPORATION filed a single modern slavery statement with the Australian Modern Slavery Register for the reporting period 2023-01-01 to 2023-12-31. The reporting entity is headquartered in Finland. The reporting entity has an annual revenue band of 1BN+. The reporting entity operates in the industry sectors: Mining, metals, chemicals and resources (including oil and gas). The statement also covers the included entities: B J B LLC, NESTE AUSTRALIA PTY LTD (99 636 657 488), Neste Components B.V., Neste Singapore Pte. Ltd.. Register entry: https://modernslaveryregister.gov.au/statements/18502/.'}"
Modern slavery statement 2023-2445: NEXUS DAY HOSPITALS HOLDINGS PTY LTD,document,"{'content': 'NEXUS DAY HOSPITALS HOLDINGS PTY LTD (ABN 75 165 809 101) filed a joint modern slavery statement with the Australian Modern Slavery Register for the reporting period 2022-07-01 to 2023-06-30. The reporting entity is headquartered in Australia. The reporting entity has an annual revenue band of 150-200M. The reporting entity operates in the industry sectors: Healthcare and pharmaceuticals. The statement also covers the included entities: ALBANY DAY HOSPITAL PTY LTD (19 618 239 231), BONDI NEWCO PTY LTD (57 604 636 240), BPDH OPERATING CO. PTY LTD (34 625 771 931), BROOKVALE DAY HOSPITAL PTY LTD (55 639 116 386), BUNBURY DAY SURGERY PTY LTD (64 126 982 581), CANBERRA PRIVATE HOSPITAL PTY LIMITED (51 164 995 402), CHARLESTOWN PRIVATE HOSPITAL PTY LTD (53 602 063 267), CORYMBIA NEWCO PTY LTD (88 606 420 857), CROWS NEST DAY SURGERY PTY LTD (19 169 125 437), ETTARRE PTY LTD (28 128 586 667), FELPET PTY. LIMITED (70 052 500 133), HOBART DAY SURGERY PTY LTD (37 065 718 989), INSIGHT NEWCO PTY LTD (78 601 453 892), KOGARAH PRIVATE HOSPITAL PTY LTD (77 114 793 743), MANNINGHAM DAY PROCEDURE CENTRE PTY LTD (13 165 901 173), MONTSERRAT HEALTHCARE PTY LTD (57 162 843 610), MONTSERRAT HEALTHCARE PTY LTD (57 162 843 610), NEXUS DAY HOSPITALS PTY LTD (32 165 826 808), NEXUS PHDS HOLDINGS PTY LTD (23 633 923 716), NEXUS WINDSOR PRIVATE HOLDINGS PTY LTD (37 631 676 018), NM&IG DAY SURGERY PTY LTD (87 107 603 396), North Lakes Day Hospital Pty Ltd (77 147 143 075), SUNDEW DAY SURGERY PTY LTD (20 619 887 240), SURGICAL EXCELLENCE SOUTHPORT PTY LTD (48 616 381 269), The Trustee for THE OXFORD UNIT TRUST (37 404 392 761), VERMONT PRIVATE HOSPITAL PTY LTD (70 606 820 937), WESTERN HAEMATOLOGY AND ONCOLOGY CLINICS PTY LTD (32 615 067 377), WINDERMERE HOUSE PTY LTD (94 074 780 635). Register entry: https://modernslaveryregister.gov.au/statements/15283/.'}"
Modern slavery statement 2023-1312: City Holdings (Aus) Pty Ltd,document,"{'content': 'City Holdings (Aus) Pty Ltd (ABN 33 135 098 636) filed a single modern slavery statement with the Australian Modern Slavery Register for the reporting period 2022-01-01 to 2022-12-31. The reporting entity is headquartered in Australia. The reporting entity has an annual revenue band of 500-600M. The reporting entity operates in the industry sectors: Construction, civil engineering and building products Cleaning and security services Other. Register entry: https://modernslaveryregister.gov.au/statements/13956/.'}"
Modern slavery statement 2023-2537: WILEY && CO. PTY. LTD. & YELLOW STAR ENTERPRISES PTY LTD,document,"{'content': 'WILEY && CO. PTY. LTD. (ABN 40 010 604 869) and YELLOW STAR ENTERPRISES PTY LTD (ABN 49 164 413 343) filed a joint modern slavery statement with the Australian Modern Slavery Register for the reporting period 2022-07-01 to 2023-06-30. The reporting entities are headquartered in Australia. The reporting entities have an annual revenue band of 150-200M. The reporting entities operate in the industry sectors: Construction, civil engineering and building products Professional and administrative services and supplies, including legal, consulting and accounting services. The statement also covers the included entities: STOMMPY AUSTRALIA PTY LTD (67 616 117 278), WILEY INTERNATIONAL HOLDING CO PTY LTD (94 164 541 520). Register entry: https://modernslaveryregister.gov.au/statements/15656/.'}"
Modern slavery statement 2021-2776: SUMISHO COAL AUSTRALIA HOLDINGS PTY LTD,document,"{'content': 'SUMISHO COAL AUSTRALIA HOLDINGS PTY LTD (ABN 71 057 890 865) filed a joint modern slavery statement with the Australian Modern Slavery Register for the reporting period 2020-04-01 to 2021-03-30. The reporting entity is headquartered in Australia. The reporting entity has an annual revenue band of 200-250M. The reporting entity operates in the industry sectors: Mining, metals, chemicals and resources (including oil and gas). Register entry: https://modernslaveryregister.gov.au/statements/5610/.'}"
Modern slavery statement 2025-1472: CHRISTIAN DIOR AUSTRALIA PTY LTD,document,"{'content': 'CHRISTIAN DIOR AUSTRALIA PTY LTD filed a single modern slavery statement with the Australian Modern Slavery Register for the reporting period 2024-01-01 to 2024-12-31. The reporting entity is headquartered in France. The reporting entity has an annual revenue band of 200-250M. The reporting entity operates in the industry sectors: Fashion, textiles, apparel and luxury goods. Register entry: https://modernslaveryregister.gov.au/statements/23741/.'}"
Modern slavery statement 2023-2373: Sunwater Limited,document,"{'content': 'Sunwater Limited (ABN 17 020 276 523) filed a joint modern slavery statement with the Australian Modern Slavery Register for the reporting period 2022-07-01 to 2023-06-30. The reporting entity is headquartered in Australia. The reporting entity has an annual revenue band of 350-400M. The reporting entity operates in the industry sectors: Utilities: gas, water and electricity Government Sector. The statement also covers the included entities: BURNETT WATER PTY. LTD. (82 097 206 614), EUNGELLA WATER PIPELINE PTY LTD (17 070 999 236), NORTH WEST QUEENSLAND WATER PIPELINE PTY LTD (13 070 999 218). Register entry: https://modernslaveryregister.gov.au/statements/15435/.'}"
Modern slavery statement 2023-1198: MONDELEZ AUSTRALIA (FOODS) LTD & MONDELEZ AUSTRALIA HOLDINGS PTY LTD & MONDELEZ AUSTRALIA PTY LTD,document,"{'content': 'MONDELEZ AUSTRALIA (FOODS) LTD (ABN 15 004 125 071), MONDELEZ AUSTRALIA HOLDINGS PTY LTD (ABN 86 004 880 817) and MONDELEZ AUSTRALIA PTY LTD (ABN 78 004 551 473) filed a joint modern slavery statement with the Australian Modern Slavery Register for the reporting period 2022-01-01 to 2022-12-31. The reporting entities are headquartered in United States of America. The reporting entities have an annual revenue band of 1BN+. The reporting entities operate in the industry sectors: Food and beverages, agriculture and fishing. Register entry: https://modernslaveryregister.gov.au/statements/13825/.'}"
Modern slavery statement 2025-2936: NOVA AEROSPACE PROPRIETARY LIMITED & NOVA SYSTEMS AUSTRALIA PTY LTD,document,"{'content': 'NOVA AEROSPACE PROPRIETARY LIMITED (ABN 11 090 818 214) and NOVA SYSTEMS AUSTRALIA PTY LTD (ABN 39 613 308 008) filed a joint modern slavery statement with the Australian Modern Slavery Register for the reporting period 2024-07-01 to 2025-06-30. The reporting entities are headquartered in Australia. The reporting entities have an annual revenue band of 400-450M. The reporting entities operate in the industry sectors: Professional, Scientific and Technical Services. Register entry: https://modernslaveryregister.gov.au/statements/25806/.'}"
"Modern slavery statement 2023-2701: RESIMAC GROUP LTD, RESIMAC LIMITED",document,"{'content': 'RESIMAC GROUP LTD, RESIMAC LIMITED filed a joint modern slavery statement with the Australian Modern Slavery Register for the reporting period 2022-07-01 to 2023-06-30. The reporting entity is headquartered in Australia. The reporting entity has an annual revenue band of 800-900M. The reporting entity operates in the industry sectors: Financial, insurance and real estate activities. The statement also covers the included entities: FAI FIRST MORTGAGE PTY LIMITED, HOMELOANS.COM.AU PTY LTD, RESIMAC ASSET FINANCE PTY LIMITED, RESIMAC FINANCIAL SERVICES PTY LTD, THE SERVICING COMPANY PTY LTD. Register entry: https://modernslaveryregister.gov.au/statements/15885/.'}"
Modern slavery statement 2023-1454: FLSMIDTH INDUSTRIAL SOLUTIONS (AUSTRALIA) PTY LTD & FLSMIDTH PTY LTD,document,"{'content': 'FLSMIDTH INDUSTRIAL SOLUTIONS (AUSTRALIA) PTY LTD (ABN 30 005 610 748) and FLSMIDTH PTY LTD (ABN 85 000 221 590) filed a joint modern slavery statement with the Australian Modern Slavery Register for the reporting period 2022-01-01 to 2022-12-31. The reporting entities are headquartered in Australia, Denmark. The reporting entities have an annual revenue band of 450-500M. The reporting entities operate in the industry sectors: Mining, metals, chemicals and resources (including oil and gas) Automotive, machinery and heavy electrical equipment. Register entry: https://modernslaveryregister.gov.au/statements/14084/.'}"
Modern slavery statement 2023-1985: SUMMIT AUTO LEASE AUSTRALIA PTY LIMITED,document,"{'content': 'SUMMIT AUTO LEASE AUSTRALIA PTY LIMITED (ABN 87 054 704 737) filed a single modern slavery statement with the Australian Modern Slavery Register for the reporting period 2022-07-01 to 2023-06-30. The reporting entity is headquartered in Australia. The reporting entity has an annual revenue band of 100-150M. The reporting entity operates in the industry sectors: Financial, insurance and real estate activities. Register entry: https://modernslaveryregister.gov.au/statements/14862/.'}"
Modern slavery statement 2025-1985: PARKER HANNIFIN AUSTRALIA HOLDING PTY LIMITED & PARKER HANNIFIN (AUSTRALIA) PTY. LIMITED,document,{'content': 'PARKER HANNIFIN AUSTRALIA HOLDING PTY LIMITED (ABN 61 117 010 107) and PARKER HANNIFIN (AUSTRALIA) PTY. LIMITED (ABN 89 008 446 893) filed a joint modern slavery statement with the Australian Modern Slavery Register for the reporting period 2023-07-01 to 2024-06-30. The reporting entities are headquartered in Australia. The reporting entities have an annual revenue band of 250-300M. The reporting entities operate in the industry sectors: Mining Wholesale Trade Manufacturing. Register entry: https://modernslaveryregister.gov.au/statements/24372/.'}
Modern slavery statement 2026-38: QUICKWAY GROUP PTY LIMITED,document,{'content': 'QUICKWAY GROUP PTY LIMITED (ABN 25 627 274 435) filed a single modern slavery statement with the Australian Modern Slavery Register for the reporting period 2024-07-01 to 2025-06-30. The reporting entity is headquartered in Australia. The reporting entity has an annual revenue band of 150-200M. The reporting entity operates in the industry sectors: Construction. Register entry: https://modernslaveryregister.gov.au/statements/27083/.'}
Modern slavery statement 2022-496: TK ELEVATOR AUSTRALIA PTY LTD,document,"{'content': 'TK ELEVATOR AUSTRALIA PTY LTD (ABN 12 073 056 149) filed a single modern slavery statement with the Australian Modern Slavery Register for the reporting period 2020-10-01 to 2021-09-30. The reporting entity is headquartered in Australia. The reporting entity has an annual revenue band of 100-150M. The reporting entity operates in the industry sectors: Construction, civil engineering and building products Other. Register entry: https://modernslaveryregister.gov.au/statements/8450/.'}"
Modern slavery statement 2025-1708: Ghella Pty Ltd,document,"{'content': 'Ghella Pty Ltd (ABN 85 142 392 461) filed a single modern slavery statement with the Australian Modern Slavery Register for the reporting period 2024-01-01 to 2024-12-31. The reporting entity is headquartered in Australia. The reporting entity has an annual revenue band of 450-500M. The reporting entity operates in the industry sectors: Construction, civil engineering and building products. The statement also covers the included entities: GI&P PTY LTD, RIX ASSET MAINTENANCE PTY LIMITED, RIX GROUND ENGINEERING PTY LTD, THE RIX GROUP PTY LTD. Register entry: https://modernslaveryregister.gov.au/statements/23977/.'}"
Modern slavery statement 2025-939: BRADKEN PTY LIMITED,document,"{'content': 'BRADKEN PTY LIMITED filed a single modern slavery statement with the Australian Modern Slavery Register for the reporting period 2024-04-01 to 2025-03-31. The reporting entity is headquartered in Australia. The reporting entity has an annual revenue band of 900M-1BN. The reporting entity operates in the industry sectors: Mining, metals, chemicals and resources (including oil and gas). Register entry: https://modernslaveryregister.gov.au/statements/23062/.'}"
Modern slavery statement 2025-3651: REGION RE LIMITED,document,"{'content': 'REGION RE LIMITED (ABN 47 158 809 851) filed a single modern slavery statement with the Australian Modern Slavery Register for the reporting period 2024-07-01 to 2025-06-30. The reporting entity is headquartered in Australia. The reporting entity has an annual revenue band of 400-450M. The reporting entity operates in the industry sectors: Rental, Hiring and Real Estate Services Financial and Insurance Services. Register entry: https://modernslaveryregister.gov.au/statements/26725/.'}"
"Modern slavery statement 2025-1570: CUSHMAN & WAKEFIELD PTY LTD, DTZ AUS BIDCO PTY LTD, DTZ AUS HOLDCO PTY LTD, DTZ Australia Pty Ltd",document,"{'content': 'CUSHMAN & WAKEFIELD PTY LTD, DTZ AUS BIDCO PTY LTD, DTZ AUS HOLDCO PTY LTD, DTZ Australia Pty Ltd filed a joint modern slavery statement with the Australian Modern Slavery Register for the reporting period 2024-01-01 to 2024-12-31. The reporting entity is headquartered in Australia. The reporting entity has an annual revenue band of 600-700M. The reporting entity operates in the industry sectors: Financial, insurance and real estate activities Professional and administrative services and supplies, including legal, consulting and accounting services. Register entry: https://modernslaveryregister.gov.au/statements/23668/.'}"
Modern slavery statement 2024-658: HOSPIRA ADELAIDE PTY LTD & HOSPIRA AUSTRALIA PTY LTD & HOSPIRA HOLDINGS (S.A.) PTY LTD et al.,document,"{'content': 'HOSPIRA ADELAIDE PTY LTD (ABN 60 007 988 767), HOSPIRA AUSTRALIA PTY LTD (ABN 58 097 064 330), HOSPIRA HOLDINGS (S.A.) PTY LTD (ABN 14 121 147 019), PFIZER AUSTRALIA HOLDINGS PTY LIMITED (ABN 91 108 292 799), Pfizer Australia Investments Pty Ltd (ABN 86 146 429 138), PFIZER AUSTRALIA PTY LTD (ABN 50 008 422 348), PFIZER (PERTH) PTY LTD (ABN 32 051 824 956), PFIZER PFE AUSTRALIA PTY LTD (ABN 17 169 276 920) and RESAPP HEALTH LIMITED (ABN 51 094 468 318) filed a joint modern slavery statement with the Australian Modern Slavery Register for the reporting period 2022-12-01 to 2023-11-30. The reporting entities are headquartered in Australia. The reporting entities have an annual revenue band of 1BN+. The reporting entities operate in the industry sectors: Healthcare and pharmaceuticals. Register entry: https://modernslaveryregister.gov.au/statements/17688/.'}"
Modern slavery statement 2025-2191: BABCOCK MISSION CRITICAL SERVICES AUSTRALASIA PTY LTD & BABCOCK PTY LTD & NAVAL SHIP MANAGEMENT (AUSTRALIA) PTY LTD,document,"{'content': 'BABCOCK MISSION CRITICAL SERVICES AUSTRALASIA PTY LTD (ABN 50 011 075 460), BABCOCK PTY LTD (ABN 32 050 019 817) and NAVAL SHIP MANAGEMENT (AUSTRALIA) PTY LTD (ABN 56 158 512 157) filed a joint modern slavery statement with the Australian Modern Slavery Register for the reporting period 2024-04-01 to 2025-03-31. The reporting entities are headquartered in Australia. The reporting entities have an annual revenue band of 500-600M. The reporting entities operate in the industry sectors: Other Services. The statement also covers the included entities: BABCOCK AUSTRALIA HOLDINGS PTY LTD (99 602 953 739). Register entry: https://modernslaveryregister.gov.au/statements/24684/.'}"
"Modern slavery statement 2022-528: TAIWAN COOPERATIVE BANK,LTD.",document,"{'content': 'TAIWAN COOPERATIVE BANK,LTD. (ABN 96 139 482 634) filed a single modern slavery statement with the Australian Modern Slavery Register for the reporting period 2021-01-01 to 2021-12-31. The reporting entity is headquartered in Taiwan. The reporting entity has an annual revenue band of 0-99M. The reporting entity operates in the industry sectors: Financial, insurance and real estate activities. Register entry: https://modernslaveryregister.gov.au/statements/8512/.'}"
"Modern slavery statement 2025-2033: HAMILTON & MARINO CONSTRUCTIONS PTY LTD, HAMILTON & MARINO HOLDINGS PTY LTD, HAMILTON & MARINO PTY LTD",document,"{'content': 'HAMILTON & MARINO CONSTRUCTIONS PTY LTD, HAMILTON & MARINO HOLDINGS PTY LTD, HAMILTON & MARINO PTY LTD filed a joint modern slavery statement with the Australian Modern Slavery Register for the reporting period 2024-07-01 to 2025-06-30. The reporting entity is headquartered in Australia. The reporting entity has an annual revenue band of 500-600M. The reporting entity operates in the industry sectors: Construction. The statement also covers the included entities: HAMILTON & MARINO DEVELOPMENTS PTY LTD, HMB COLLINGWOOD PTY LTD, HMB SERVICES PTY LTD. Register entry: https://modernslaveryregister.gov.au/statements/24452/.'}"
Modern slavery statement 2022-112: AUSTRALASIAN SOLVENTS AND CHEMICALS COMPANY PTY. LTD.,document,"{'content': 'AUSTRALASIAN SOLVENTS AND CHEMICALS COMPANY PTY. LTD. (ABN 57 095 441 080) filed a joint modern slavery statement with the Australian Modern Slavery Register for the reporting period 2020-07-01 to 2021-06-30. The reporting entity is headquartered in Australia, Indonesia, New Zealand, Singapore, Thailand. The reporting entity has an annual revenue band of 100-150M. The reporting entity operates in the industry sectors: Mining, metals, chemicals and resources (including oil and gas). Register entry: https://modernslaveryregister.gov.au/statements/7858/.'}"
"Modern slavery statement 2023-1483: Wilmar Australia Holdings Pty Limited, Wilmar Australia Pty Limited, WILMAR BIOETHANOL (AUSTRALIA) PTY LTD, WILMAR ETHANOL (AUSTRALIA) PTY LTD, WILMAR SUGAR AUSTRALIA HOLDINGS PTY LTD, WILMAR SUGAR AUSTRALIA INVESTMENTS PTY LTD, WILMAR SUGAR AUSTRALIA LIMITED, WILMAR SUGAR AUSTRALIA TRADING PTY. LTD., WILMAR SUGAR PTY LTD, WILMAR SUGAR REFINING INVESTMENTS PTY LTD",document,"{'content': 'Wilmar Australia Holdings Pty Limited, Wilmar Australia Pty Limited, WILMAR BIOETHANOL (AUSTRALIA) PTY LTD, WILMAR ETHANOL (AUSTRALIA) PTY LTD, WILMAR SUGAR AUSTRALIA HOLDINGS PTY LTD, WILMAR SUGAR AUSTRALIA INVESTMENTS PTY LTD, WILMAR SUGAR AUSTRALIA LIMITED, WILMAR SUGAR AUSTRALIA TRADING PTY. LTD., WILMAR SUGAR PTY LTD, WILMAR SUGAR REFINING INVESTMENTS PTY LTD filed a joint modern slavery statement with the Australian Modern Slavery Register for the reporting period 2022-01-01 to 2022-12-31. The reporting entity is headquartered in Australia. The reporting entity has an annual revenue band of 1BN+. The reporting entity operates in the industry sectors: Food and beverages, agriculture and fishing. Register entry: https://modernslaveryregister.gov.au/statements/13988/.'}"
Modern slavery statement 2021-1459: THE INDEPENDENT LIQUOR GROUP (SUPPLIERS) CO-OPERATIVE LIMITED,document,"{'content': 'THE INDEPENDENT LIQUOR GROUP (SUPPLIERS) CO-OPERATIVE LIMITED (ABN 63 629 864 769) filed a joint modern slavery statement with the Australian Modern Slavery Register for the reporting period 2019-07-01 to 2020-06-30. The reporting entity is headquartered in Australia. The reporting entity has an annual revenue band of 350-400M. The reporting entity operates in the industry sectors: Food and beverages, agriculture and fishing. Register entry: https://modernslaveryregister.gov.au/statements/3456/.'}"
Modern slavery statement 2025-2193: HITACHI RAIL STS AUSTRALIA PTY LTD,document,{'content': 'HITACHI RAIL STS AUSTRALIA PTY LTD (ABN 34 068 707 380) filed a single modern slavery statement with the Australian Modern Slavery Register for the reporting period 2024-04-01 to 2025-03-31. The reporting entity is headquartered in Australia. The reporting entity has an annual revenue band of 350-400M. The reporting entity operates in the industry sectors: Other Services. Register entry: https://modernslaveryregister.gov.au/statements/24694/.'}
Modern slavery statement 2022-1667: MELBOURNE CRICKET CLUB,document,"{'content': 'MELBOURNE CRICKET CLUB (ABN 92 871 871 964) filed a single modern slavery statement with the Australian Modern Slavery Register for the reporting period 2021-04-01 to 2022-03-30. The reporting entity is headquartered in Australia. The reporting entity has an annual revenue band of 100-150M. The reporting entity operates in the industry sectors: Consumer services, including accommodation, hospitality, tourism and leisure. Register entry: https://modernslaveryregister.gov.au/statements/10138/.'}"
Modern slavery statement 2023-570: THE FRED HOLLOWS FOUNDATION,document,{'content': 'THE FRED HOLLOWS FOUNDATION (ABN 46 070 556 642) filed a single modern slavery statement with the Australian Modern Slavery Register for the reporting period 2022-01-01 to 2022-12-31. The reporting entity is headquartered in Australia. The reporting entity has an annual revenue band of 100-150M. The reporting entity operates in the industry sectors: Charitable / not-for-profit activities. Register entry: https://modernslaveryregister.gov.au/statements/12934/.'}
Modern slavery statement 2025-880: HUBSPOT AUSTRALIA PTY LTD,document,{'content': 'HUBSPOT AUSTRALIA PTY LTD filed a single modern slavery statement with the Australian Modern Slavery Register for the reporting period 2024-01-01 to 2024-12-31. The reporting entity is headquartered in United States of America. The reporting entity has an annual revenue band of 0-99M. The reporting entity operates in the industry sectors: Other. Register entry: https://modernslaveryregister.gov.au/statements/22973/.'}
Modern slavery statement 2021-4120: ACTIV FOUNDATION INCORPORATED,document,{'content': 'ACTIV FOUNDATION INCORPORATED (ABN 11 553 592 765) filed a single modern slavery statement with the Australian Modern Slavery Register for the reporting period 2020-07-01 to 2021-06-30. The reporting entity is headquartered in Australia. The reporting entity has an annual revenue band of 100-150M. The reporting entity operates in the industry sectors: Charitable / not-for-profit activities. Register entry: https://modernslaveryregister.gov.au/statements/7585/.'}
Modern slavery statement 2020-173: Workday Limited,document,{'content': 'Workday Limited (ABN 99 829 043 186) filed a single modern slavery statement with the Australian Modern Slavery Register for the reporting period 2019-02-01 to 2021-01-31. The reporting entity is headquartered in Ireland. The reporting entity has an annual revenue band of 1BN+. The reporting entity operates in the industry sectors: Information technology and telecommunication. Register entry: https://modernslaveryregister.gov.au/statements/521/.'}
Modern slavery statement 2022-634: CAMERON APME HOLDING PTY LTD & SCHLUMBERGER AUSTRALIA PTY LTD,document,"{'content': 'CAMERON APME HOLDING PTY LTD (ABN 37 141 037 925) and SCHLUMBERGER AUSTRALIA PTY LTD (ABN 74 002 459 225) filed a joint modern slavery statement with the Australian Modern Slavery Register for the reporting period 2021-01-01 to 2021-12-31. The reporting entities are headquartered in Australia. The reporting entities have an annual revenue band of 500-600M. The reporting entities operate in the industry sectors: Mining, metals, chemicals and resources (including oil and gas). Register entry: https://modernslaveryregister.gov.au/statements/8671/.'}"
"Modern slavery statement 2023-1230: Expedia Group, Inc., Expedia, Inc., Hotels.com L.P., STAYZ PTY LIMITED, Trivago N.V.",document,"{'content': 'Expedia Group, Inc., Expedia, Inc., Hotels.com L.P., STAYZ PTY LIMITED, Trivago N.V. filed a joint modern slavery statement with the Australian Modern Slavery Register for the reporting period 2022-01-01 to 2022-12-31. The reporting entity is headquartered in United States of America. The reporting entity has an annual revenue band of 100-150M. The reporting entity operates in the industry sectors: Other. Register entry: https://modernslaveryregister.gov.au/statements/13867/.'}"
Modern slavery statement 2024-3624: ROLLEASE ACMEDA HOLDINGS PTY LTD,document,{'content': 'ROLLEASE ACMEDA HOLDINGS PTY LTD (ABN 60 602 994 016) filed a single modern slavery statement with the Australian Modern Slavery Register for the reporting period 2022-07-31 to 2023-12-31. The reporting entity is headquartered in Australia. The reporting entity has an annual revenue band of 100-150M. The reporting entity operates in the industry sectors: Other. Register entry: https://modernslaveryregister.gov.au/statements/21163/.'}
Modern slavery statement 2025-3270: YOURTOWN,document,{'content': 'YOURTOWN (ABN 11 102 379 386) filed a single modern slavery statement with the Australian Modern Slavery Register for the reporting period 2024-07-01 to 2025-06-30. The reporting entity is headquartered in Australia. The reporting entity has an annual revenue band of 100-150M. The reporting entity operates in the industry sectors: Other Services. Register entry: https://modernslaveryregister.gov.au/statements/26285/.'}
Modern slavery statement 2024-3269: Ahrens Group Pty Ltd,document,"{'content': 'Ahrens Group Pty Ltd (ABN 76 114 260 230) filed a single modern slavery statement with the Australian Modern Slavery Register for the reporting period 2023-07-01 to 2024-06-30. The reporting entity is headquartered in Australia. The reporting entity has an annual revenue band of 500-600M. The reporting entity operates in the industry sectors: Construction, civil engineering and building products. The statement also covers the included entities: AD MINING & ENGINEERING SERVICES PTY LTD (67 665 564 134), AHRENS EASTERN AUSTRALIA PTY LTD (42 002 891 643), AHRENS OLYMPIC DAM PTY LTD (40 085 501 051), A&P PARKES HOLDINGS PTY LTD (79 615 350 635), COWELL ELECTRIC SUPPLY PTY LTD (13 626 950 829), PARKES EMPLOYMENT PTY LTD (51 605 622 857), PIONEER WATER TANKS PTY LTD (65 604 579 651), PLD Electrical Pty Ltd (55 126 420 746), SOUTHERN CROSS WATER PTY LTD (18 630 205 702), WHEATBELT STEEL PTY LTD (45 625 274 688). Register entry: https://modernslaveryregister.gov.au/statements/21209/.'}"
Modern slavery statement 2022-2923: HCF HOLDCO PTY LIMITED,document,"{'content': 'HCF HOLDCO PTY LIMITED (ABN 53 653 844 181) filed a single modern slavery statement with the Australian Modern Slavery Register for the reporting period 2021-07-01 to 2022-06-30. The reporting entity is headquartered in Australia. The reporting entity has an annual revenue band of 400-450M. The reporting entity operates in the industry sectors: Food and beverages, agriculture and fishing. Register entry: https://modernslaveryregister.gov.au/statements/11840/.'}"
Modern slavery statement 2024-3673: PYMBLE LADIES' COLLEGE,document,"{'content': ""PYMBLE LADIES' COLLEGE filed a single modern slavery statement with the Australian Modern Slavery Register for the reporting period 2023-01-01 to 2023-12-31. The reporting entity is headquartered in Australia. The reporting entity has an annual revenue band of 0-99M. The reporting entity operates in the industry sectors: Education and research. The statement also covers the included entities: PYMBLE LADIES' COLLEGE FOUNDATION LIMITED, Pymble Ladies’ College Property Limited, PYMBLE LADIES COLLEGE TRUST (79 441 309 051). Register entry: https://modernslaveryregister.gov.au/statements/19761/.""}"
Modern slavery statement 2025-1463: RINNAI AUSTRALIA PTY. LTD.,document,"{'content': 'RINNAI AUSTRALIA PTY. LTD. (ABN 74 005 138 769) filed a single modern slavery statement with the Australian Modern Slavery Register for the reporting period 2024-01-01 to 2024-12-31. The reporting entity is headquartered in Australia. The reporting entity has an annual revenue band of 350-400M. The reporting entity operates in the industry sectors: Manufacturing Professional, Scientific and Technical Services. The statement also covers the included entities: IZONE PTY LTD, Rinnai Manufacturing Malaysia Sdn Bhd, SEG INVESTMENT HOLDINGS PTY LTD (70 679 305 867). Register entry: https://modernslaveryregister.gov.au/statements/23720/.'}"
"Modern slavery statement 2021-2055: ATKINS AUSTRALASIA PTY LTD, KENTZ PTY LTD, SNC-LAVALIN AUSTRALIA PTY LTD., SNC-LAVALIN ENGINEERING PTY LTD, SNC-Lavalin Group Inc., SNC-LAVALIN RAIL & TRANSIT PTY LIMITED, WS Atkins International Limited",document,"{'content': 'ATKINS AUSTRALASIA PTY LTD, KENTZ PTY LTD, SNC-LAVALIN AUSTRALIA PTY LTD., SNC-LAVALIN ENGINEERING PTY LTD, SNC-Lavalin Group Inc., SNC-LAVALIN RAIL & TRANSIT PTY LIMITED, WS Atkins International Limited filed a joint modern slavery statement with the Australian Modern Slavery Register for the reporting period 2020-01-01 to 2020-12-31. The reporting entity is headquartered in Canada. The reporting entity has an annual revenue band of 1BN+. The reporting entity operates in the industry sectors: Construction, civil engineering and building products. Register entry: https://modernslaveryregister.gov.au/statements/4092/.'}"
Modern slavery statement 2026-194: MAYNE PHARMA GROUP LIMITED,document,"{'content': 'MAYNE PHARMA GROUP LIMITED (ABN 76 115 832 963) filed a single modern slavery statement with the Australian Modern Slavery Register for the reporting period 2024-07-01 to 2025-06-30. The reporting entity is headquartered in Australia. The reporting entity has an annual revenue band of 400-450M. The reporting entity operates in the industry sectors: Manufacturing. The statement also covers the included entities: ADELAIDE APOTHECARY LLC, DISTRIBUTERX LLC, MAYNE HOLDINGS US INC, MAYNE PHARMA COMMERCIAL LLC, MAYNE PHARMA INTERNATIONAL PTY LTD (88 007 870 984), MAYNE PHARMA (IRELAND) LIMITED, MAYNE PHARMA LLC, MAYNE PHARMA UK LIMITED, MAYNE PHARMA VENTURES LLC, MAYNE PHARMA VENTURES PTY LTD (32 168 896 357), Mayne Products Pty Ltd (59 140 866 379), SWAN PHARMACEUTICALS LLC. Register entry: https://modernslaveryregister.gov.au/statements/27347/.'}"
Modern slavery statement 2023-1038: TOTALENERGIES EP AUSTRALIA & TOTALENERGIES EP ICHTHYS B.V. & TOTALENERGIES GLNG AUSTRALIA,document,"{'content': 'TOTALENERGIES EP AUSTRALIA (ABN 96 832 035 151), TOTALENERGIES EP ICHTHYS B.V. (ABN 68 590 123 627) and TOTALENERGIES GLNG AUSTRALIA (ABN 11 978 897 527) filed a joint modern slavery statement with the Australian Modern Slavery Register for the reporting period 2022-01-01 to 2022-12-31. The reporting entities are headquartered in Australia, France, Netherlands. The reporting entities have an annual revenue band of 1BN+. The reporting entities operate in the industry sectors: Mining, metals, chemicals and resources (including oil and gas). Register entry: https://modernslaveryregister.gov.au/statements/13533/.'}"
Modern slavery statement 2021-1599: ADOBE SYSTEMS PTY LTD,document,{'content': 'ADOBE SYSTEMS PTY LTD (ABN 72 054 247 835) filed a single modern slavery statement with the Australian Modern Slavery Register for the reporting period 2019-11-30 to 2020-11-27. The reporting entity is headquartered in United States of America. The reporting entity has an annual revenue band of 500-600M. The reporting entity operates in the industry sectors: Information technology and telecommunication. Register entry: https://modernslaveryregister.gov.au/statements/3708/.'}
Modern slavery statement 2021-687: Brambles Limited,document,"{'content': 'Brambles Limited (ABN 89 118 896 021) filed a joint modern slavery statement with the Australian Modern Slavery Register for the reporting period 2019-07-01 to 2020-06-30. The reporting entity is headquartered in Australia, United Kingdom. The reporting entity has an annual revenue band of 1BN+. The reporting entity operates in the industry sectors: Transportation, logistics, and storage. Register entry: https://modernslaveryregister.gov.au/statements/1958/.'}"
Modern slavery statement 2022-1127: CEDAR PACIFIC INVESTMENT MANAGEMENT PTY LTD,document,"{'content': 'CEDAR PACIFIC INVESTMENT MANAGEMENT PTY LTD (ABN 89 608 750 438) filed a single modern slavery statement with the Australian Modern Slavery Register for the reporting period 2021-01-01 to 2021-12-31. The reporting entity is headquartered in Australia. The reporting entity has an annual revenue band of 0-99M. The reporting entity operates in the industry sectors: Financial, insurance and real estate activities. Register entry: https://modernslaveryregister.gov.au/statements/9407/.'}"
Modern slavery statement 2022-2769: TOGA HOTEL MANAGEMENT HOLDINGS PTY LIMITED,document,"{'content': 'TOGA HOTEL MANAGEMENT HOLDINGS PTY LIMITED (ABN 82 162 986 352) filed a joint modern slavery statement with the Australian Modern Slavery Register for the reporting period 2021-07-01 to 2022-06-30. The reporting entity is headquartered in Australia. The reporting entity has an annual revenue band of 250-300M. The reporting entity operates in the industry sectors: Consumer services, including accommodation, hospitality, tourism and leisure. Register entry: https://modernslaveryregister.gov.au/statements/11657/.'}"
Modern slavery statement 2023-617: ANSVAR INSURANCE LIMITED,document,"{'content': 'ANSVAR INSURANCE LIMITED (ABN 21 007 216 506) filed a single modern slavery statement with the Australian Modern Slavery Register for the reporting period 2022-01-01 to 2022-12-31. The reporting entity is headquartered in Australia. The reporting entity has an annual revenue band of 150-200M. The reporting entity operates in the industry sectors: Financial, insurance and real estate activities. Register entry: https://modernslaveryregister.gov.au/statements/13023/.'}"
Modern slavery statement 2024-516: The Trustee for BRAEMAC UNIT TRUST,document,"{'content': 'The Trustee for BRAEMAC UNIT TRUST (ABN 71 332 650 026) filed a single modern slavery statement with the Australian Modern Slavery Register for the reporting period 2022-01-01 to 2022-12-31. The reporting entity is headquartered in Australia. The reporting entity has an annual revenue band of 150-200M. The reporting entity operates in the industry sectors: Other. The statement also covers the included entities: BRAEMAC ENGINEERING PTY LTD (28 159 835 668), BRAEMAC (S.A.) PTY. LIMITED (59 054 422 230), BRAETEC PTY. LIMITED (32 002 161 702). Register entry: https://modernslaveryregister.gov.au/statements/17517/.'}"
Modern slavery statement 2023-1089: COLCAP FINANCIAL LIMITED,document,"{'content': 'COLCAP FINANCIAL LIMITED filed a joint modern slavery statement with the Australian Modern Slavery Register for the reporting period 2022-01-01 to 2022-12-31. The reporting entity is headquartered in Australia. The reporting entity has an annual revenue band of 250-300M. The reporting entity operates in the industry sectors: Financial, insurance and real estate activities. Register entry: https://modernslaveryregister.gov.au/statements/13687/.'}"
Modern slavery statement 2021-3490: IAG GENERAL HOLDINGS PTY LIMITED & IAG INTERNATIONAL PTY LIMITED & INSURANCE AUSTRALIA GROUP LIMITED et al.,document,"{'content': 'IAG GENERAL HOLDINGS PTY LIMITED (ABN 97 620 745 753), IAG INTERNATIONAL PTY LIMITED (ABN 94 084 509 982), INSURANCE AUSTRALIA GROUP LIMITED (ABN 60 090 739 923), INSURANCE AUSTRALIA GROUP SERVICES PTY LIMITED (ABN 38 008 435 201), INSURANCE AUSTRALIA LIMITED (ABN 11 000 016 722), INSURANCE MANUFACTURERS OF AUSTRALIA PTY LIMITED (ABN 93 004 208 084) and NRMA PERSONAL LINES HOLDINGS PTY LIMITED (ABN 98 088 394 398) filed a joint modern slavery statement with the Australian Modern Slavery Register for the reporting period 2020-07-01 to 2021-06-30. The reporting entities are headquartered in Australia. The reporting entities have an annual revenue band of 1BN+. The reporting entities operate in the industry sectors: Financial, insurance and real estate activities. Register entry: https://modernslaveryregister.gov.au/statements/6698/.'}"
"Modern slavery statement 2024-1168: Ausenco Chile Limitada, Ausenco do Brasil Engenharia Ltda, Ausenco Engineering Canada ULC, Ausenco Engineering USA South Inc, AUSENCO INTERNATIONAL PTY LTD & AUSENCO MANAGEMENT PTY LTD & Ausenco Mexico S. De R.L. De C.V, AUSENCO OPERATIONS PTY LTD et al.",document,"{'content': 'Ausenco Chile Limitada, Ausenco do Brasil Engenharia Ltda, Ausenco Engineering Canada ULC, Ausenco Engineering USA South Inc, AUSENCO INTERNATIONAL PTY LTD (ABN 98 096 016 849), AUSENCO MANAGEMENT PTY LTD (ABN 11 071 372 597), Ausenco Mexico S. De R.L. De C.V, AUSENCO OPERATIONS PTY LTD (ABN 47 100 042 153), Ausenco Peru S.R.L, AUSENCO PROJECTS AUSTRALIA PTY LTD (ABN 99 649 690 399), Ausenco PSI LLC, Ausenco Rylson Asset Optimisation Pty Ltd, AUSENCO RYLSON PTY LTD (ABN 46 075 179 387), AUSENCO SERVICES PTY LTD (ABN 82 011 057 837) and Ausenco Sustainability ULC, Vector Argentina SA filed a joint modern slavery statement with the Australian Modern Slavery Register for the reporting period 2023-01-01 to 2023-12-31. The reporting entities are headquartered in Australia. The reporting entities have an annual revenue band of 500-600M. The reporting entities operate in the industry sectors: Mining, metals, chemicals and resources (including oil and gas). The statement also covers the included entities: Ausenco Communities Pty Ltd, AUSENCO EAST AFRICA PROJECTS PTY LTD (25 662 897 074), AUSENCO GLOBAL PTY LTD (17 126 395 935), AUSENCO PTY LTD (31 114 541 114), AUSENCO SOLUTIONS PTY LTD (58 114 777 463), Ausenco South America Holdings Pty Ltd, Pipeline Systems International Australia Pty Ltd (89 127 202 911). Register entry: https://modernslaveryregister.gov.au/statements/18466/.'}"
Modern slavery statement 2023-2387: TIMBERLINK AUSTRALIA PTY LIMITED,document,"{'content': 'TIMBERLINK AUSTRALIA PTY LIMITED (ABN 12 161 713 015) filed a single modern slavery statement with the Australian Modern Slavery Register for the reporting period 2022-07-01 to 2023-06-30. The reporting entity is headquartered in Australia. The reporting entity has an annual revenue band of 400-450M. The reporting entity operates in the industry sectors: Forestry, timber products, paper and containers and packaging. Register entry: https://modernslaveryregister.gov.au/statements/15459/.'}"
Modern slavery statement 2021-3007: Mercury NZ Ltd,document,"{'content': 'Mercury NZ Ltd filed a single modern slavery statement with the Australian Modern Slavery Register for the reporting period 2020-07-01 to 2021-06-30. The reporting entity is headquartered in New Zealand. The reporting entity has an annual revenue band of 1BN+. The reporting entity operates in the industry sectors: Utilities: gas, water and electricity. Register entry: https://modernslaveryregister.gov.au/statements/5968/.'}"
Modern slavery statement 2022-1651: NINTENDO AUSTRALIA PTY LIMITED,document,"{'content': 'NINTENDO AUSTRALIA PTY LIMITED (ABN 43 060 566 083) filed a single modern slavery statement with the Australian Modern Slavery Register for the reporting period 2021-04-01 to 2022-03-30. The reporting entity is headquartered in Australia. The reporting entity has an annual revenue band of 450-500M. The reporting entity operates in the industry sectors: Durable consumer goods, including electronics and appliances, home furnishings and other accessories. Register entry: https://modernslaveryregister.gov.au/statements/10114/.'}"
Modern slavery statement 2025-2681: Modus Projects Pty Ltd,document,{'content': 'Modus Projects Pty Ltd filed a single modern slavery statement with the Australian Modern Slavery Register for the reporting period 2024-07-01 to 2025-06-30. The reporting entity is headquartered in Australia. The reporting entity has an annual revenue band of 150-200M. The reporting entity operates in the industry sectors: Construction Other Services. Register entry: https://modernslaveryregister.gov.au/statements/25427/.'}
Modern slavery statement 2023-456: AUTISM SPECTRUM AUSTRALIA (ASPECT),document,{'content': 'AUTISM SPECTRUM AUSTRALIA (ASPECT) (ABN 12 000 637 267) filed a single modern slavery statement with the Australian Modern Slavery Register for the reporting period 2022-01-01 to 2022-12-31. The reporting entity is headquartered in Australia. The reporting entity has an annual revenue band of 100-150M. The reporting entity operates in the industry sectors: Education and research Charitable / not-for-profit activities. Register entry: https://modernslaveryregister.gov.au/statements/12752/.'}
Modern slavery statement 2025-1569: HarbourVest Partners (U.K.) Limited,document,"{'content': 'HarbourVest Partners (U.K.) Limited filed a single modern slavery statement with the Australian Modern Slavery Register for the reporting period 2024-01-01 to 2024-12-31. The reporting entity is headquartered in Germany, Ireland, Switzerland, United Kingdom. The reporting entity has an annual revenue band of 100-150M. The reporting entity operates in the industry sectors: Financial, insurance and real estate activities. The statement also covers the included entities: HarbourVest Partners (Ireland) Limited, HarbourVest Partners (Ireland) Limited, Zweigniederlassung Deutschland, HarbourVest Partners (Switzerland) GmbH. Register entry: https://modernslaveryregister.gov.au/statements/23831/.'}"
Modern slavery statement 2025-1536: UNISYS AUSTRALIA PTY LIMITED,document,{'content': 'UNISYS AUSTRALIA PTY LIMITED filed a single modern slavery statement with the Australian Modern Slavery Register for the reporting period 2024-01-01 to 2024-12-31. The reporting entity is headquartered in Australia. The reporting entity has an annual revenue band of 200-250M. The reporting entity operates in the industry sectors: Information technology and telecommunication. The statement also covers the included entities: Unisys Mortgage Processing (No.1) Pty Ltd (29 147 490 819). Register entry: https://modernslaveryregister.gov.au/statements/23742/.'}
Modern slavery statement 2025-2232: OLYMPUS AUSTRALIA PTY LTD,document,{'content': 'OLYMPUS AUSTRALIA PTY LTD (ABN 90 078 493 295) filed a single modern slavery statement with the Australian Modern Slavery Register for the reporting period 2024-04-01 to 2025-03-31. The reporting entity is headquartered in Australia. The reporting entity has an annual revenue band of 200-250M. The reporting entity operates in the industry sectors: Health Care and Social Assistance. Register entry: https://modernslaveryregister.gov.au/statements/24740/.'}
Modern slavery statement 2024-1077: RAPHA RACING PTY LTD,document,"{'content': 'RAPHA RACING PTY LTD (ABN 92 155 411 180) filed a single modern slavery statement with the Australian Modern Slavery Register for the reporting period 2023-02-01 to 2024-01-31. The reporting entity is headquartered in United Kingdom. The reporting entity has an annual revenue band of 200-250M. The reporting entity operates in the industry sectors: Fashion, textiles, apparel and luxury goods. Register entry: https://modernslaveryregister.gov.au/statements/18353/.'}"
Modern slavery statement 2025-1079: MATRAD PTY. LTD.,document,"{'content': 'MATRAD PTY. LTD. (ABN 27 011 019 088) filed a single modern slavery statement with the Australian Modern Slavery Register for the reporting period 2024-01-01 to 2024-12-31. The reporting entity is headquartered in Australia. The reporting entity has an annual revenue band of 200-250M. The reporting entity operates in the industry sectors: Food and beverages, agriculture and fishing. Register entry: https://modernslaveryregister.gov.au/statements/23169/.'}"
Modern slavery statement 2023-4: MITSUBISHI ELECTRIC AUSTRALIA PTY LTD,document,"{'content': 'MITSUBISHI ELECTRIC AUSTRALIA PTY LTD (ABN 58 001 215 792) filed a single modern slavery statement with the Australian Modern Slavery Register for the reporting period 2021-04-01 to 2022-03-31. The reporting entity is headquartered in Australia. The reporting entity has an annual revenue band of 400-450M. The reporting entity operates in the industry sectors: Automotive, machinery and heavy electrical equipment. Register entry: https://modernslaveryregister.gov.au/statements/12071/.'}"
Modern slavery statement 2023-3386: SWIFT HOLDINGS INVESTMENTS PTY LTD,document,"{'content': 'SWIFT HOLDINGS INVESTMENTS PTY LTD filed a joint modern slavery statement with the Australian Modern Slavery Register for the reporting period 2022-01-01 to 2022-12-31. The reporting entity is headquartered in Australia. The reporting entity has an annual revenue band of 1BN+. The reporting entity operates in the industry sectors: Automotive, machinery and heavy electrical equipment. The statement also covers the included entities: AIRPORT MOTOR GROUP PTY LTD, AL BERWICK PTY LTD, AL MADDINGTON PTY LTD, AL MELVILLE PTY LTD, AL MIDLAND PTY LTD, AL MORLEY PTY LTD, AL WANNEROO PTY LTD, MIDLAND 2015 PTY LTD, PROSSER 2015 PTY LTD, Wirraway Motor Company Pty Ltd. Register entry: https://modernslaveryregister.gov.au/statements/16539/.'}"
Modern slavery statement 2023-3020: COLIBAN REGION WATER CORPORATION,document,"{'content': 'COLIBAN REGION WATER CORPORATION (ABN 96 549 082 360) filed a single modern slavery statement with the Australian Modern Slavery Register for the reporting period 2022-07-01 to 2023-06-30. The reporting entity is headquartered in Australia. The reporting entity has an annual revenue band of 150-200M. The reporting entity operates in the industry sectors: Utilities: gas, water and electricity. Register entry: https://modernslaveryregister.gov.au/statements/16258/.'}"
Modern slavery statement 2020-9: KERRY INGREDIENTS AUSTRALIA PTY. LIMITED,document,"{'content': 'KERRY INGREDIENTS AUSTRALIA PTY. LIMITED (ABN 47 072 996 895) filed a single modern slavery statement with the Australian Modern Slavery Register for the reporting period 2019-07-01 to 2020-06-30. The reporting entity is headquartered in Ireland. The reporting entity has an annual revenue band of 200-250M. The reporting entity operates in the industry sectors: Food and beverages, agriculture and fishing Other. Register entry: https://modernslaveryregister.gov.au/statements/40/.'}"
"Modern slavery statement 2024-3164: AGTRADE HOLDINGS PTY LTD, AGTRADE INTERNATIONAL PTY LTD & AUSTRALIAN RURAL EXPORTS PTY. LTD., HA HOLD CO PTY LTD, PARADIGM FOODS PTY LTD",document,"{'content': 'AGTRADE HOLDINGS PTY LTD, AGTRADE INTERNATIONAL PTY LTD (ABN 87 139 280 461) and AUSTRALIAN RURAL EXPORTS PTY. LTD., HA HOLD CO PTY LTD, PARADIGM FOODS PTY LTD filed a joint modern slavery statement with the Australian Modern Slavery Register for the reporting period 2023-07-01 to 2024-06-30. The reporting entities are headquartered in Australia. The reporting entities have an annual revenue band of 450-500M. The reporting entities operate in the industry sectors: Food and beverages, agriculture and fishing. The statement also covers the included entities: AGTRADE FINANCIAL PTY LTD, AGTRADE PASTORAL PTY LTD, NATUREBASE PTY LTD (30 660 359 339), THRIVEAGRI PTY LTD (68 601 999 820). Register entry: https://modernslaveryregister.gov.au/statements/20521/.'}"
Modern slavery statement 2023-3222: SERV FINCO PTY LTD & The Trustee for SECURE ELECTRONIC REGISTRIES VICTORIA TRUST & The Trustee for SERV HOLDINGS TRUST,document,"{'content': 'SERV FINCO PTY LTD (ABN 16 627 986 476), The Trustee for SECURE ELECTRONIC REGISTRIES VICTORIA TRUST (ABN 83 206 746 897) and The Trustee for SERV HOLDINGS TRUST (ABN 91 458 812 703) filed a joint modern slavery statement with the Australian Modern Slavery Register for the reporting period 2022-07-01 to 2023-06-30. The reporting entities are headquartered in Australia. The reporting entities have an annual revenue band of 300-350M. The reporting entities operate in the industry sectors: Information technology and telecommunication Other. Register entry: https://modernslaveryregister.gov.au/statements/16413/.'}"
Modern slavery statement 2022-1898: GERALDTON FUEL COMPANY PTY LTD,document,"{'content': 'GERALDTON FUEL COMPANY PTY LTD (ABN 29 002 844 162) filed a single modern slavery statement with the Australian Modern Slavery Register for the reporting period 2021-01-01 to 2021-12-31. The reporting entity is headquartered in Australia. The reporting entity has an annual revenue band of 300-350M. The reporting entity operates in the industry sectors: Transportation, logistics, and storage. Register entry: https://modernslaveryregister.gov.au/statements/10470/.'}"
Modern slavery statement 2024-2123: CRAFTED LEARNING PTY LTD,document,"{'content': 'CRAFTED LEARNING PTY LTD (ABN 14 640 119 786) filed a single modern slavery statement with the Australian Modern Slavery Register for the reporting period 2023-10-01 to 2024-09-30. The reporting entity is headquartered in Australia. The reporting entity has an annual revenue band of 0-99M. The reporting entity operates in the industry sectors: Professional and administrative services and supplies, including legal, consulting and accounting services. Register entry: https://modernslaveryregister.gov.au/statements/19664/.'}"
Modern slavery statement 2025-600: WPP AUNZ PTY LTD,document,"{'content': 'WPP AUNZ PTY LTD (ABN 84 001 657 370) filed a single modern slavery statement with the Australian Modern Slavery Register for the reporting period 2024-01-01 to 2024-12-31. The reporting entity is headquartered in Australia, United Kingdom. The reporting entity has an annual revenue band of 700-800M. The reporting entity operates in the industry sectors: Media, publishing, arts and entertainment. Register entry: https://modernslaveryregister.gov.au/statements/22555/.'}"
Modern slavery statement 2022-2650: AMC AUSCO 1 PTY LTD & LA TROBE FINANCIAL ASSET MANAGEMENT LIMITED & LA TROBE FINANCIAL PTY LIMITED et al.,document,"{'content': 'AMC AUSCO 1 PTY LTD (ABN 49 658 085 771), LA TROBE FINANCIAL ASSET MANAGEMENT LIMITED (ABN 27 007 332 363), LA TROBE FINANCIAL PTY LIMITED (ABN 80 115 895 362) and LA TROBE FINANCIAL SERVICES PTY LIMITED (ABN 30 006 479 527) filed a joint modern slavery statement with the Australian Modern Slavery Register for the reporting period 2021-07-01 to 2022-06-30. The reporting entities are headquartered in Australia. The reporting entities have an annual revenue band of 1BN+. The reporting entities operate in the industry sectors: Financial, insurance and real estate activities. Register entry: https://modernslaveryregister.gov.au/statements/11507/.'}"
Modern slavery statement 2022-353: JBS GLOBAL MEAT HOLDINGS PTY LTD,document,"{'content': 'JBS GLOBAL MEAT HOLDINGS PTY LTD (ABN 84 050 207 960) filed a single modern slavery statement with the Australian Modern Slavery Register for the reporting period 2019-12-30 to 2020-12-27. The reporting entity is headquartered in Netherlands. The reporting entity has an annual revenue band of 1BN+. The reporting entity operates in the industry sectors: Food and beverages, agriculture and fishing. Register entry: https://modernslaveryregister.gov.au/statements/8201/.'}"
"Modern slavery statement 2023-3032: HEALTHE CARE GROUP PTY LTD, Healthe Care Surgical Group Pty Ltd, HEALTHE CARE SURGICAL HOLDINGS PTY LTD",document,"{'content': 'HEALTHE CARE GROUP PTY LTD, Healthe Care Surgical Group Pty Ltd, HEALTHE CARE SURGICAL HOLDINGS PTY LTD filed a joint modern slavery statement with the Australian Modern Slavery Register for the reporting period 2022-01-01 to 2022-12-31. The reporting entity is headquartered in Australia. The reporting entity has an annual revenue band of 600-700M. The reporting entity operates in the industry sectors: Healthcare and pharmaceuticals. The statement also covers the included entities: HEALTHE CARE NORTH GOSFORD PTY LTD, HEALTHE CARE VALLEY PTY LTD. Register entry: https://modernslaveryregister.gov.au/statements/16290/.'}"
Modern slavery statement 2024-3546: WHITES GROUP PTY LTD,document,"{'content': 'WHITES GROUP PTY LTD (ABN 25 001 845 478) filed a single modern slavery statement with the Australian Modern Slavery Register for the reporting period 2023-07-01 to 2024-06-30. The reporting entity is headquartered in Australia. The reporting entity has an annual revenue band of 150-200M. The reporting entity operates in the industry sectors: Durable consumer goods, including electronics and appliances, home furnishings and other accessories. Register entry: https://modernslaveryregister.gov.au/statements/21514/.'}"
Modern slavery statement 2024-832: UNITI GROUP LIMITED,document,"{'content': 'UNITI GROUP LIMITED (ABN 73 158 957 889) filed a single modern slavery statement with the Australian Modern Slavery Register for the reporting period 2023-01-01 to 2023-12-31. The reporting entity is headquartered in Australia. The reporting entity has an annual revenue band of 200-250M. The reporting entity operates in the industry sectors: Information technology and telecommunication. The statement also covers the included entities: 1300 AUSTRALIA PTY LTD, 1300 HOLDINGS PTY LTD, CALL DYNAMICS PTY LTD, CAPITAL FIBRE NETWORKS PTY LTD, FDX HOLDINGS PTY LTD, FIBREWORKS INTERNET PTY LTD, FONE DYNAMICS PTY LTD, HARBOUR ISP PTY LTD, LBN CO PTY LTD, LINK US PTY. LTD., OPENETWORKS PTY LTD, OPTICOMM INTEGRATION PTY LTD, OPTICOMM PTY LTD, SERVICE ELEMENTS PTY LTD, UNITI ENTERPRISE PTY LTD, UNITI EST PTY LTD, UNITI FIXED WIRELESS PTY LTD, UNITI PLAY PTY LTD, UNITI RETAIL PTY LTD. Register entry: https://modernslaveryregister.gov.au/statements/17994/.'}"
"Modern slavery statement 2024-2322: BAI COMMUNICATIONS HOLDINGS PTY LTD, BAI COMMUNICATIONS NETWORKS PTY LTD, BAI COMMUNICATIONS PTY LTD & BAI CRITICAL COMMUNICATIONS PTY LTD & DIGITAL 4 PTY LIMITED et al.",document,"{'content': 'BAI COMMUNICATIONS HOLDINGS PTY LTD, BAI COMMUNICATIONS NETWORKS PTY LTD, BAI COMMUNICATIONS PTY LTD (ABN 99 086 048 562), BAI CRITICAL COMMUNICATIONS PTY LTD (ABN 35 133 800 129), DIGITAL 4 PTY LIMITED (ABN 79 129 827 363) and FREQUENCY INFRASTRUCTURE AUSTRALIA HOLDINGS PTY LTD (ABN 27 136 262 952) filed a joint modern slavery statement with the Australian Modern Slavery Register for the reporting period 2023-07-01 to 2024-06-30. The reporting entities are headquartered in Australia. The reporting entities have an annual revenue band of 300-350M. The reporting entities operate in the industry sectors: Information technology and telecommunication. The statement also covers the included entities: BAI Aust Pty Limited, Broadcast Australia Finance No.2 Pty Limited (97 100 915 697), BROADCAST AUSTRALIA FINANCE PTY LIMITED (42 100 443 598), Broadcast Australia Holdings (VIC) Pty Limited (14 101 213 281), BROADCAST AUSTRALIA INFRASTRUCTURE HOLDINGS PTY LIMITED (72 086 459 127), BROADCAST AUSTRALIA NO.1 PTY LIMITED (88 126 949 031), FREQUENCY INFRASTRUCTURE AUSTRALIA PTY LTD (58 136 263 011), FREQUENCY INFRASTRUCTURE HOLDINGS NO. 1 PTY LTD (17 133 980 711), FREQUENCY INFRASTRUCTURE HOLDINGS PTY LTD (34 099 653 068), FREQUENCY INFRASTRUCTURE MANAGEMENT PTY LIMITED (29 066 047 738), FREQUENCY INFRASTRUCTURE PTY LTD (18 084 388 983), The Bridge Networks Pty Limited (18 108 646 340). Register entry: https://modernslaveryregister.gov.au/statements/19947/.'}"
Modern slavery statement 2024-194: VITEX PHARMACEUTICALS PTY LTD,document,{'content': 'VITEX PHARMACEUTICALS PTY LTD (ABN 81 089 651 383) filed a single modern slavery statement with the Australian Modern Slavery Register for the reporting period 2023-01-01 to 2023-12-31. The reporting entity is headquartered in Australia. The reporting entity has an annual revenue band of 150-200M. The reporting entity operates in the industry sectors: Healthcare and pharmaceuticals. Register entry: https://modernslaveryregister.gov.au/statements/17024/.'}
Modern slavery statement 2025-3709: SHRIRO HOLDINGS LIMITED,document,{'content': 'SHRIRO HOLDINGS LIMITED (ABN 29 605 279 329) filed a single modern slavery statement with the Australian Modern Slavery Register for the reporting period 2024-07-01 to 2025-06-30. The reporting entity is headquartered in Australia. The reporting entity has an annual revenue band of 100-150M. The reporting entity operates in the industry sectors: Wholesale Trade. Register entry: https://modernslaveryregister.gov.au/statements/26809/.'}
Modern slavery statement 2023-2958: TOGA PTY. LTD.,document,"{'content': 'TOGA PTY. LTD. (ABN 27 000 926 947) filed a joint modern slavery statement with the Australian Modern Slavery Register for the reporting period 2022-01-01 to 2022-12-31. The reporting entity is headquartered in Australia. The reporting entity has an annual revenue band of 100-150M. The reporting entity operates in the industry sectors: Construction, civil engineering and building products Financial, insurance and real estate activities. The statement also covers the included entities: ROBERT EDWARDS REAL ESTATE PTY LTD (47 000 605 818), Toga Constructions NSW Pty Limited (43 143 154 045), TOGA CRANES PTY LIMITED (30 655 082 189), TOGA PROJECT SERVICES PTY LIMITED (56 000 965 515). Register entry: https://modernslaveryregister.gov.au/statements/16206/.'}"
Modern slavery statement 2022-316: ACA INTERNATIONAL PTY LIMITED.,document,"{'content': 'ACA INTERNATIONAL PTY LIMITED. (ABN 94 056 550 700) filed a single modern slavery statement with the Australian Modern Slavery Register for the reporting period 2020-07-01 to 2021-06-30. The reporting entity is headquartered in Australia. The reporting entity has an annual revenue band of 150-200M. The reporting entity operates in the industry sectors: Transportation, logistics, and storage. Register entry: https://modernslaveryregister.gov.au/statements/8149/.'}"
Modern slavery statement 2024-140: VITASOY AUSTRALIA PRODUCTS PTY LTD,document,"{'content': 'VITASOY AUSTRALIA PRODUCTS PTY LTD (ABN 18 088 959 835) filed a single modern slavery statement with the Australian Modern Slavery Register for the reporting period 2022-04-01 to 2023-03-31. The reporting entity is headquartered in Australia. The reporting entity has an annual revenue band of 100-150M. The reporting entity operates in the industry sectors: Food and beverages, agriculture and fishing. Register entry: https://modernslaveryregister.gov.au/statements/16931/.'}"
Modern slavery statement 2024-1011: GREAT LAKES INSURANCE SE & MUNCHENER RUCKVERSICHERUNGS-GESELLSCHAFT (MUNICH REINSURANCE COMPANY) & MUNICH HOLDINGS OF AUSTRALASIA PTY LTD et al.,document,"{'content': 'GREAT LAKES INSURANCE SE (ABN 18 964 580 576), MUNCHENER RUCKVERSICHERUNGS-GESELLSCHAFT (MUNICH REINSURANCE COMPANY) (ABN 90 009 763 526), MUNICH HOLDINGS OF AUSTRALASIA PTY LTD (ABN 80 000 159 651) and MUNICH REINSURANCE COMPANY OF AUSTRALASIA LIMITED (ABN 51 004 804 013) filed a joint modern slavery statement with the Australian Modern Slavery Register for the reporting period 2023-01-01 to 2023-12-31. The reporting entities are headquartered in Germany. The reporting entities have an annual revenue band of 1BN+. The reporting entities operate in the industry sectors: Financial, insurance and real estate activities. Register entry: https://modernslaveryregister.gov.au/statements/18247/.'}"
Modern slavery statement 2021-1037: THE TRUSTEE FOR QANSTRUCT (AUST) UNIT TRUST,document,"{'content': 'THE TRUSTEE FOR QANSTRUCT (AUST) UNIT TRUST (ABN 88 765 907 859) filed a single modern slavery statement with the Australian Modern Slavery Register for the reporting period 2020-01-01 to 2020-12-31. The reporting entity is headquartered in Australia. The reporting entity has an annual revenue band of 250-300M. The reporting entity operates in the industry sectors: Construction, civil engineering and building products. Register entry: https://modernslaveryregister.gov.au/statements/2918/.'}"
Modern slavery statement 2025-1130: SECOM AUSTRALIA PTY. LIMITED,document,"{'content': 'SECOM AUSTRALIA PTY. LIMITED (ABN 91 050 293 420) filed a single modern slavery statement with the Australian Modern Slavery Register for the reporting period 2024-01-01 to 2024-12-31. The reporting entity is headquartered in Australia. The reporting entity has an annual revenue band of 150-200M. The reporting entity operates in the industry sectors: Other. The statement also covers the included entities: ASSET SECURITY CONCEPTS PTY LIMITED (70 113 813 595), THE TRUSTEE FOR SECOM TECHNICAL SERVICES UNIT TRUST (97 319 699 425). Register entry: https://modernslaveryregister.gov.au/statements/23338/.'}"
Modern slavery statement 2024-2086: HEP AUSTRALIA HOLDINGS PTY LTD,document,"{'content': 'HEP AUSTRALIA HOLDINGS PTY LTD (ABN 22 129 428 155) filed a single modern slavery statement with the Australian Modern Slavery Register for the reporting period 2023-04-01 to 2024-03-31. The reporting entity is headquartered in United States of America. The reporting entity has an annual revenue band of 250-300M. The reporting entity operates in the industry sectors: Mining, metals, chemicals and resources (including oil and gas). The statement also covers the included entities: H-E PARTS ENGINEERING PTY LTD (64 161 075 832), H-E PARTS INTERNATIONAL CRUSHING SOLUTIONS PTY LTD (33 009 300 690), H-E PARTS INTERNATIONAL MINING SOLUTIONS COOLING DIVISION PTY LTD (68 129 884 019), H-E PARTS INTERNATIONAL MINING SOLUTIONS ENGINE DIVISION PTY LTD (25 154 694 952), H-E PARTS INTERNATIONAL MINING SOLUTIONS PTY LTD (58 007 761 499), H-E PARTS TRADING PTY LTD (31 146 904 761). Register entry: https://modernslaveryregister.gov.au/statements/19615/.'}"
Modern slavery statement 2022-2798: PANTHER TOPCO PTY LTD,document,{'content': 'PANTHER TOPCO PTY LTD (ABN 79 626 390 136) filed a single modern slavery statement with the Australian Modern Slavery Register for the reporting period 2021-07-01 to 2022-06-30. The reporting entity is headquartered in Australia. The reporting entity has an annual revenue band of Unknown. The reporting entity operates in the industry sectors: Education and research. Register entry: https://modernslaveryregister.gov.au/statements/11616/.'}
Modern slavery statement 2020-62: COLES GROUP LIMITED,document,"{'content': 'COLES GROUP LIMITED (ABN 11 004 089 936) filed a joint modern slavery statement with the Australian Modern Slavery Register for the reporting period 2019-07-01 to 2020-06-30. The reporting entity is headquartered in Australia. The reporting entity has an annual revenue band of 1BN+. The reporting entity operates in the industry sectors: Food and beverages, agriculture and fishing. Register entry: https://modernslaveryregister.gov.au/statements/212/.'}"
Modern slavery statement 2025-844: EPIC WRIGHT HEATON PTY LTD,document,"{'content': 'EPIC WRIGHT HEATON PTY LTD (ABN 65 000 105 233) filed a single modern slavery statement with the Australian Modern Slavery Register for the reporting period 2024-04-01 to 2025-03-31. The reporting entity is headquartered in Australia. The reporting entity has an annual revenue band of 150-200M. The reporting entity operates in the industry sectors: Food and beverages, agriculture and fishing. Register entry: https://modernslaveryregister.gov.au/statements/22914/.'}"
Modern slavery statement 2021-1634: BT AUSTRALASIA PTY LIMITED,document,{'content': 'BT AUSTRALASIA PTY LIMITED (ABN 93 003 050 146) filed a joint modern slavery statement with the Australian Modern Slavery Register for the reporting period 2020-04-01 to 2021-03-30. The reporting entity is headquartered in United Kingdom. The reporting entity has an annual revenue band of 200-250M. The reporting entity operates in the industry sectors: Information technology and telecommunication. Register entry: https://modernslaveryregister.gov.au/statements/3771/.'}
Modern slavery statement 2023-1969: As Colour Pty Limited,document,"{'content': 'As Colour Pty Limited (ABN 17 130 999 165) filed a single modern slavery statement with the Australian Modern Slavery Register for the reporting period 2022-04-01 to 2023-03-30. The reporting entity is headquartered in Australia. The reporting entity has an annual revenue band of 100-150M. The reporting entity operates in the industry sectors: Fashion, textiles, apparel and luxury goods. Register entry: https://modernslaveryregister.gov.au/statements/14837/.'}"
Modern slavery statement 2022-2245: JAX COAL PTY LTD & NORTHERN HUB (DRAKE) PTY LTD & QCOAL PTY LTD,document,"{'content': 'JAX COAL PTY LTD (ABN 89 133 499 500), NORTHERN HUB (DRAKE) PTY LTD (ABN 86 609 547 033) and QCOAL PTY LTD (ABN 99 010 911 234) filed a joint modern slavery statement with the Australian Modern Slavery Register for the reporting period 2021-07-01 to 2022-06-30. The reporting entities are headquartered in Australia. The reporting entities have an annual revenue band of 1BN+. The reporting entities operate in the industry sectors: Mining, metals, chemicals and resources (including oil and gas). Register entry: https://modernslaveryregister.gov.au/statements/10985/.'}"
Modern slavery statement 2024-3200: CANVA PTY LTD,document,"{'content': 'CANVA PTY LTD filed a single modern slavery statement with the Australian Modern Slavery Register for the reporting period 2023-07-01 to 2024-06-30. The reporting entity is headquartered in Australia. The reporting entity has an annual revenue band of 1BN+. The reporting entity operates in the industry sectors: Information technology and telecommunication. The statement also covers the included entities: Beijing Canva Information Technology Co., Canva Germany Gmbh, Canva HK Limited, Canva Japan KK, Canva Korea Ltd, Canva New Zealand Limited, Canva Singapore Operations Pte Ltd, Canva Solutions Inc.. Register entry: https://modernslaveryregister.gov.au/statements/21133/.'}"
Modern slavery statement 2021-3783: BEACH ENERGY LIMITED,document,"{'content': 'BEACH ENERGY LIMITED (ABN 20 007 617 969) filed a single modern slavery statement with the Australian Modern Slavery Register for the reporting period 2020-07-01 to 2021-06-30. The reporting entity is headquartered in Australia. The reporting entity has an annual revenue band of 1BN+. The reporting entity operates in the industry sectors: Mining, metals, chemicals and resources (including oil and gas). Register entry: https://modernslaveryregister.gov.au/statements/7181/.'}"
Modern slavery statement 2025-1230: LEIDOS AUSTRALIA PTY LIMITED,document,"{'content': 'LEIDOS AUSTRALIA PTY LIMITED filed a single modern slavery statement with the Australian Modern Slavery Register for the reporting period 2024-01-01 to 2024-12-31. The reporting entity is headquartered in Australia. The reporting entity has an annual revenue band of 800-900M. The reporting entity operates in the industry sectors: Defence and aerospace Government Sector. The statement also covers the included entities: LEIDOS AIRBORNE SOLUTIONS AUSTRALIA PTY LTD, LEIDOS NAS PTY LTD, LEIDOS PTY LTD, LEIDOS SAR SERVICES PTY LTD, LEIDOS SM PTY LTD, SURVEILLANCE AUSTRALIA PTY. LTD.. Register entry: https://modernslaveryregister.gov.au/statements/23462/.'}"
Modern slavery statement 2024-365: THYSSENKRUPP MATERIALS AUSTRALIA PTY LTD,document,"{'content': 'THYSSENKRUPP MATERIALS AUSTRALIA PTY LTD (ABN 94 078 033 520) filed a single modern slavery statement with the Australian Modern Slavery Register for the reporting period 2022-10-01 to 2023-09-30. The reporting entity is headquartered in Australia. The reporting entity has an annual revenue band of 250-300M. The reporting entity operates in the industry sectors: Mining, metals, chemicals and resources (including oil and gas) Construction, civil engineering and building products. Register entry: https://modernslaveryregister.gov.au/statements/17284/.'}"
Modern slavery statement 2024-1546: THE UNIVERSITY OF QUEENSLAND,document,"{'content': 'THE UNIVERSITY OF QUEENSLAND (ABN 63 942 912 684) filed a single modern slavery statement with the Australian Modern Slavery Register for the reporting period 2023-01-01 to 2023-12-31. The reporting entity is headquartered in Australia. The reporting entity has an annual revenue band of 1BN+. The reporting entity operates in the industry sectors: Education and research Healthcare and pharmaceuticals. The statement also covers the included entities: JKTECH PTY LTD (67 096 091 619), UNIQUEST PTY LIMITED (19 010 529 898), UQ College Limited (28 142 912 614), UQ HEALTH CARE LIMITED (42 145 286 862), UQ RESIDENCES LIMITED (28 650 300 600), UQ Sport Ltd (25 135 537 183). Register entry: https://modernslaveryregister.gov.au/statements/18867/.'}"
Modern slavery statement 2025-1275: UNIVERSITY OF TECHNOLOGY SYDNEY,document,"{'content': 'UNIVERSITY OF TECHNOLOGY SYDNEY (ABN 77 257 686 961) filed a single modern slavery statement with the Australian Modern Slavery Register for the reporting period 2024-01-01 to 2024-12-31. The reporting entity is headquartered in Australia. The reporting entity has an annual revenue band of 1BN+. The reporting entity operates in the industry sectors: Education and research. The statement also covers the included entities: ACCESSUTS PTY LIMITED (55 098 424 312), UTS GLOBAL PTY LTD (32 154 014 481). Register entry: https://modernslaveryregister.gov.au/statements/23196/.'}"
Modern slavery statement 2021-3809: McMillan Shakespeare Limited,document,"{'content': 'McMillan Shakespeare Limited (ABN 74 107 233 983) filed a joint modern slavery statement with the Australian Modern Slavery Register for the reporting period 2020-07-01 to 2021-06-30. The reporting entity is headquartered in Australia. The reporting entity has an annual revenue band of 500-600M. The reporting entity operates in the industry sectors: Financial, insurance and real estate activities. Register entry: https://modernslaveryregister.gov.au/statements/7220/.'}"
Modern slavery statement 2021-1181: PERKINS LADY JAN PTY. LTD. & PERKINS MARITIME PTY. LTD. & QGIF TAYLOR BIDCO PTY LTD et al.,document,"{'content': 'PERKINS LADY JAN PTY. LTD. (ABN 57 064 110 247), PERKINS MARITIME PTY. LTD. (ABN 12 009 616 960), QGIF TAYLOR BIDCO PTY LTD (ABN 66 635 870 398), QGIF TAYLOR HOLDCO PTY LTD (ABN 55 635 867 999), SEA SWIFT (FINANCE) PTY. LIMITED (ABN 87 159 387 550), SEA SWIFT (HOLDINGS) PTY. LIMITED (ABN 49 159 387 390), SEA SWIFT (NT) PTY LTD (ABN 25 161 588 414) and SEA SWIFT PTY. LTD. (ABN 16 010 889 040) filed a joint modern slavery statement with the Australian Modern Slavery Register for the reporting period 2019-07-01 to 2020-06-30. The reporting entities are headquartered in Australia. The reporting entities have an annual revenue band of 150-200M. The reporting entities operate in the industry sectors: Transportation, logistics, and storage. Register entry: https://modernslaveryregister.gov.au/statements/3079/.'}"
Modern slavery statement 2023-2122: AUTUMN FINANCE COMPANY PTY LIMITED & LAND SERVICES SA EMPLOYEE 2 PTY LTD & LAND SERVICES SA EMPLOYEE PTY LTD et al.,document,"{'content': 'AUTUMN FINANCE COMPANY PTY LIMITED (ABN 38 616 548 031), LAND SERVICES SA EMPLOYEE 2 PTY LTD (ABN 11 618 252 592), LAND SERVICES SA EMPLOYEE PTY LTD (ABN 88 618 252 538), LAND SERVICES SA HOLDING PTY LTD (ABN 54 618 228 096), LAND SERVICES SA HOLDING TRUST (ABN 14 477 089 305), LAND SERVICES SA OPERATING PTY LTD (ABN 76 618 229 815), RELATIONAL DATA SYSTEMS PTY LTD (ABN 38 114 514 037) and THE TRUSTEE FOR LAND SERVICES SA OPERATING TRUST (ABN 86 836 650 939) filed a joint modern slavery statement with the Australian Modern Slavery Register for the reporting period 2022-07-01 to 2023-06-30. The reporting entities are headquartered in Australia. The reporting entities have an annual revenue band of 150-200M. The reporting entities operate in the industry sectors: Information technology and telecommunication Government Sector. Register entry: https://modernslaveryregister.gov.au/statements/15060/.'}"
Modern slavery statement 2022-2159: AUSTRALIAN FOUNDATION INVESTMENT COMPANY LIMITED,document,"{'content': 'AUSTRALIAN FOUNDATION INVESTMENT COMPANY LIMITED (ABN 56 004 147 120) filed a single modern slavery statement with the Australian Modern Slavery Register for the reporting period 2021-07-01 to 2022-06-30. The reporting entity is headquartered in Australia. The reporting entity has an annual revenue band of 350-400M. The reporting entity operates in the industry sectors: Financial, insurance and real estate activities. Register entry: https://modernslaveryregister.gov.au/statements/10867/.'}"
Modern slavery statement 2023-2086: AUSTRALIAN RAIL TRACK CORPORATION LIMITED,document,"{'content': 'AUSTRALIAN RAIL TRACK CORPORATION LIMITED (ABN 75 081 455 754) filed a single modern slavery statement with the Australian Modern Slavery Register for the reporting period 2022-07-01 to 2023-06-30. The reporting entity is headquartered in Australia. The reporting entity has an annual revenue band of 700-800M. The reporting entity operates in the industry sectors: Construction, civil engineering and building products Transportation, logistics, and storage. Register entry: https://modernslaveryregister.gov.au/statements/15011/.'}"
Modern slavery statement 2021-3869: 7-ELEVEN STORES PTY LTD & 7 HOLDINGS PTY. LTD. & Convenience Holdings Pty Ltd,document,"{'content': '7-ELEVEN STORES PTY LTD (ABN 48 005 299 427), 7 HOLDINGS PTY. LTD. (ABN 31 005 620 851) and Convenience Holdings Pty Ltd (ABN 71 143 746 356) filed a joint modern slavery statement with the Australian Modern Slavery Register for the reporting period 2020-07-01 to 2021-06-30. The reporting entities are headquartered in Australia. The reporting entities have an annual revenue band of 1BN+. The reporting entities operate in the industry sectors: Food and beverages, agriculture and fishing. Register entry: https://modernslaveryregister.gov.au/statements/7310/.'}"
Modern slavery statement 2021-492: YOUI PTY LTD,document,"{'content': 'YOUI PTY LTD (ABN 79 123 074 733) filed a single modern slavery statement with the Australian Modern Slavery Register for the reporting period 2019-07-01 to 2020-06-30. The reporting entity is headquartered in Australia, South Africa. The reporting entity has an annual revenue band of 600-700M. The reporting entity operates in the industry sectors: Financial, insurance and real estate activities. Register entry: https://modernslaveryregister.gov.au/statements/1985/.'}"
Modern slavery statement 2024-1039: ASICS OCEANIA PTY LTD,document,"{'content': 'ASICS OCEANIA PTY LTD (ABN 59 003 091 389) filed a single modern slavery statement with the Australian Modern Slavery Register for the reporting period 2023-01-01 to 2023-12-31. The reporting entity is headquartered in Japan. The reporting entity has an annual revenue band of 350-400M. The reporting entity operates in the industry sectors: Fashion, textiles, apparel and luxury goods. Register entry: https://modernslaveryregister.gov.au/statements/18297/.'}"
Modern slavery statement 2024-3629: STAR GROUP HOLDINGS PTY LIMITED,document,"{'content': 'STAR GROUP HOLDINGS PTY LIMITED (ABN 93 000 452 924) filed a single modern slavery statement with the Australian Modern Slavery Register for the reporting period 2023-07-01 to 2024-06-30. The reporting entity is headquartered in Australia. The reporting entity has an annual revenue band of 150-200M. The reporting entity operates in the industry sectors: Construction, civil engineering and building products Information technology and telecommunication Professional and administrative services and supplies, including legal, consulting and accounting services. The statement also covers the included entities: ELECT ENERGY PTY LIMITED (72 096 917 485), SOLAR ELECTRIC & ENGINEERING SUPPLIES PTY LTD (22 000 125 306), STAR ELECTRICAL CO PTY LTD (65 000 218 708). Register entry: https://modernslaveryregister.gov.au/statements/19514/.'}"
Modern slavery statement 2025-3796: Perseus Mining Limited,document,{'content': 'Perseus Mining Limited filed a single modern slavery statement with the Australian Modern Slavery Register for the reporting period 2024-07-01 to 2025-06-30. The reporting entity is headquartered in Australia. The reporting entity has an annual revenue band of 1BN+. The reporting entity operates in the industry sectors: Mining. Register entry: https://modernslaveryregister.gov.au/statements/26903/.'}
Modern slavery statement 2022-546: D.M. & M.T. NOLAN PTY. LTD.,document,"{'content': 'D.M. & M.T. NOLAN PTY. LTD. (ABN 29 009 767 766) filed a single modern slavery statement with the Australian Modern Slavery Register for the reporting period 2021-04-01 to 2022-03-30. The reporting entity is headquartered in Australia. The reporting entity has an annual revenue band of 100-150M. The reporting entity operates in the industry sectors: Transportation, logistics, and storage. Register entry: https://modernslaveryregister.gov.au/statements/8548/.'}"
Modern slavery statement 2023-2521: IPH LIMITED,document,"{'content': 'IPH LIMITED (ABN 49 169 015 838) filed a joint modern slavery statement with the Australian Modern Slavery Register for the reporting period 2022-07-01 to 2023-06-30. The reporting entity is headquartered in Australia. The reporting entity has an annual revenue band of 450-500M. The reporting entity operates in the industry sectors: Professional and administrative services and supplies, including legal, consulting and accounting services. The statement also covers the included entities: SPRUSON & FERGUSON PTY LIMITED (55 601 269 050). Register entry: https://modernslaveryregister.gov.au/statements/15629/.'}"
Modern slavery statement 2021-1195: PARKVIEW CONSTRUCTIONS PTY. LIMITED,document,"{'content': 'PARKVIEW CONSTRUCTIONS PTY. LIMITED (ABN 41 078 064 963) filed a single modern slavery statement with the Australian Modern Slavery Register for the reporting period 2019-07-01 to 2020-06-30. The reporting entity is headquartered in Australia. The reporting entity has an annual revenue band of 450-500M. The reporting entity operates in the industry sectors: Construction, civil engineering and building products. Register entry: https://modernslaveryregister.gov.au/statements/3121/.'}"
Modern slavery statement 2023-2131: FREDON INDUSTRIES PTY. LIMITED,document,"{'content': 'FREDON INDUSTRIES PTY. LIMITED (ABN 12 003 361 297) filed a single modern slavery statement with the Australian Modern Slavery Register for the reporting period 2022-07-01 to 2023-06-30. The reporting entity is headquartered in Australia. The reporting entity has an annual revenue band of 700-800M. The reporting entity operates in the industry sectors: Construction, civil engineering and building products. Register entry: https://modernslaveryregister.gov.au/statements/15077/.'}"
Modern slavery statement 2024-881: PANAUST LIMITED,document,"{'content': 'PANAUST LIMITED (ABN 17 011 065 160) filed a single modern slavery statement with the Australian Modern Slavery Register for the reporting period 2023-01-01 to 2023-12-31. The reporting entity is headquartered in Australia. The reporting entity has an annual revenue band of 900M-1BN. The reporting entity operates in the industry sectors: Mining, metals, chemicals and resources (including oil and gas). The statement also covers the included entities: Frieda River Limited, Inca de Oro SA, PanAust Services (Myanmar) Company Limited, PANAUST SERVICES PTY LTD (70 073 847 855), PanAust Services (Thailand) Company Limited, Phu Bia Mining Limited, Saisana Lao Resources Sole Co., Ltd, Wuntho Resources Company Limited. Register entry: https://modernslaveryregister.gov.au/statements/18063/.'}"
Modern slavery statement 2024-3646: ASPEN ASIA PACIFIC PTY LTD,document,"{'content': 'ASPEN ASIA PACIFIC PTY LTD (ABN 75 146 444 484) filed a single modern slavery statement with the Australian Modern Slavery Register for the reporting period 2023-07-01 to 2024-06-30. The reporting entity is headquartered in Australia. The reporting entity has an annual revenue band of 500-600M. The reporting entity operates in the industry sectors: Healthcare and pharmaceuticals. The statement also covers the included entities: ASPEN PHARMACARE AUSTRALIA PTY LIMITED (51 096 236 985), ASPEN PHARMA PTY LTD (88 004 118 594). Register entry: https://modernslaveryregister.gov.au/statements/21606/.'}"
Modern slavery statement 2022-2749: Charter Hall Limited,document,"{'content': 'Charter Hall Limited (ABN 57 113 531 150) filed a joint modern slavery statement with the Australian Modern Slavery Register for the reporting period 2021-07-01 to 2022-06-30. The reporting entity is headquartered in Australia. The reporting entity has an annual revenue band of 1BN+. The reporting entity operates in the industry sectors: Financial, insurance and real estate activities. Register entry: https://modernslaveryregister.gov.au/statements/11642/.'}"
Modern slavery statement 2021-639: Petstock Pty Ltd,document,"{'content': 'Petstock Pty Ltd (ABN 80 098 394 588) filed a single modern slavery statement with the Australian Modern Slavery Register for the reporting period 2019-07-01 to 2020-06-30. The reporting entity is headquartered in Australia. The reporting entity has an annual revenue band of 350-400M. The reporting entity operates in the industry sectors: Food and beverages, agriculture and fishing. Register entry: https://modernslaveryregister.gov.au/statements/2261/.'}"
Modern slavery statement 2023-578: GENERAL REINSURANCE AUSTRALIA LTD & GENERAL REINSURANCE LIFE AUSTRALIA LTD,document,"{'content': 'GENERAL REINSURANCE AUSTRALIA LTD (ABN 16 008 427 450) and GENERAL REINSURANCE LIFE AUSTRALIA LTD (ABN 73 002 166 869) filed a joint modern slavery statement with the Australian Modern Slavery Register for the reporting period 2022-01-01 to 2022-12-31. The reporting entities are headquartered in Australia. The reporting entities have an annual revenue band of 700-800M. The reporting entities operate in the industry sectors: Financial, insurance and real estate activities. Register entry: https://modernslaveryregister.gov.au/statements/12949/.'}"
"Modern slavery statement 2023-762: International Power (Australia) Holdings 2 Pty Limited, INTERNATIONAL POWER (RETAIL) PTY LIMITED & IPOWER 2 PTY LIMITED & IPOWER PTY LIMITED & PELICAN POINT POWER LIMITED",document,"{'content': 'International Power (Australia) Holdings 2 Pty Limited, INTERNATIONAL POWER (RETAIL) PTY LIMITED (ABN 18 107 548 854), IPOWER 2 PTY LIMITED & IPOWER PTY LIMITED (ABN 67 269 241 237) and PELICAN POINT POWER LIMITED (ABN 11 086 411 814) filed a joint modern slavery statement with the Australian Modern Slavery Register for the reporting period 2022-01-01 to 2022-12-31. The reporting entities are headquartered in Australia. The reporting entities have an annual revenue band of 1BN+. The reporting entities operate in the industry sectors: Utilities: gas, water and electricity Construction, civil engineering and building products. Register entry: https://modernslaveryregister.gov.au/statements/13232/.'}"
Modern slavery statement 2024-133: TNA AUSTRALIA PTY LIMITED,document,"{'content': 'TNA AUSTRALIA PTY LIMITED (ABN 38 002 937 859) filed a single modern slavery statement with the Australian Modern Slavery Register for the reporting period 2022-07-01 to 2023-06-30. The reporting entity is headquartered in Australia. The reporting entity has an annual revenue band of 250-300M. The reporting entity operates in the industry sectors: Automotive, machinery and heavy electrical equipment. The statement also covers the included entities: NID FROM TNA PTY LIMITED (47 617 168 153), TNA 87 PTY LIMITED (48 159 080 752), TNA 94 PTY LIMITED (93 160 730 012), TNA ASIA LIMITED, TNA AUSTRALIA MANUFACTURING PTY LIMITED (55 611 809 655), TNA AUSTRALIA SOLUTIONS PTY LIMITED (15 611 809 422), TNA CANADA LIMITED, TNA CENTRAL EUROPE GMBH, TNA EUROPE LIMITED, TNA JAPAN KK, TNA MENA FZCO, TNAMEX C DE RL DE CV, TNA NA MANUFACTURING INC, TNA NEW ZEALAND LIMITED, TNA NL MANUFACTURING B.V., TNA NORTH AMERICA INC, TNA PACKAGING EQUIPMENT LTDA, TNA PACKAGING SYSTEMS ASIA INC, TNA PACKAGING SYSTEMS (SOUTH AFRICA) PTY LTD, TNA (SHANGHAI) SOLUTIONS LIMITED, TNA SOLUTIONS PTY LIMITED (18 611 810 229), TNA SOLUTIONS (QINGDAO) LIMITED, TNA SOUTHERN EUROPE S.R.L., TNA UK MANUFACTURING LIMITED. Register entry: https://modernslaveryregister.gov.au/statements/16908/.'}"
Modern slavery statement 2024-1737: CHRISTIAN DIOR AUSTRALIA PTY LTD,document,"{'content': 'CHRISTIAN DIOR AUSTRALIA PTY LTD filed a single modern slavery statement with the Australian Modern Slavery Register for the reporting period 2022-01-01 to 2022-12-31. The reporting entity is headquartered in France. The reporting entity has an annual revenue band of 200-250M. The reporting entity operates in the industry sectors: Fashion, textiles, apparel and luxury goods. Register entry: https://modernslaveryregister.gov.au/statements/19146/.'}"
Modern slavery statement 2025-2580: DENDROBIUM COAL PTY LTD & ENDEAVOUR COAL PTY LIMITED & GEAR M ILLAWARRA MET COAL PTY LTD et al.,document,"{'content': 'DENDROBIUM COAL PTY LTD (ABN 85 098 744 088), ENDEAVOUR COAL PTY LIMITED (ABN 38 099 830 476), GEAR M ILLAWARRA MET COAL PTY LTD (ABN 85 675 001 055), GEAR M NSW HCC PTY LTD (ABN 12 674 998 880), GOLDEN M NSW PTY LTD (ABN 62 674 991 345), ILLAWARRA COAL HOLDINGS PTY LTD (ABN 69 093 857 286) and ILLAWARRA SERVICES PROPRIETARY LIMITED (ABN 12 003 996 370) filed a joint modern slavery statement with the Australian Modern Slavery Register for the reporting period 2024-08-29 to 2024-12-31. The reporting entities are headquartered in Australia. The reporting entities have an annual revenue band of 1BN+. The reporting entities operate in the industry sectors: Mining. Register entry: https://modernslaveryregister.gov.au/statements/25277/.'}"
Modern slavery statement 2022-2783: YOORALLA,document,{'content': 'YOORALLA (ABN 14 005 304 432) filed a single modern slavery statement with the Australian Modern Slavery Register for the reporting period 2021-07-01 to 2022-06-30. The reporting entity is headquartered in Australia. The reporting entity has an annual revenue band of 100-150M. The reporting entity operates in the industry sectors: Charitable / not-for-profit activities. Register entry: https://modernslaveryregister.gov.au/statements/11673/.'}
Modern slavery statement 2023-622: EXPERIS AUSTRALIA PTY LTD & MANPOWER SERVICES (AUSTRALIA) PTY LTD & RIGHT MANAGEMENT CONSULTANTS PTY LTD,document,"{'content': 'EXPERIS AUSTRALIA PTY LTD (ABN 57 071 352 031), MANPOWER SERVICES (AUSTRALIA) PTY LTD (ABN 15 071 884 994) and RIGHT MANAGEMENT CONSULTANTS PTY LTD (ABN 82 006 132 163) filed a joint modern slavery statement with the Australian Modern Slavery Register for the reporting period 2022-01-01 to 2022-12-31. The reporting entities are headquartered in Australia. The reporting entities have an annual revenue band of 350-400M. The reporting entities operate in the industry sectors: Professional and administrative services and supplies, including legal, consulting and accounting services. Register entry: https://modernslaveryregister.gov.au/statements/12680/.'}"
Modern slavery statement 2025-2423: ERTECH HOLDINGS PTY LTD,document,{'content': 'ERTECH HOLDINGS PTY LTD (ABN 93 008 999 353) filed a single modern slavery statement with the Australian Modern Slavery Register for the reporting period 2024-07-01 to 2025-06-30. The reporting entity is headquartered in Australia. The reporting entity has an annual revenue band of 400-450M. The reporting entity operates in the industry sectors: Construction. Register entry: https://modernslaveryregister.gov.au/statements/25060/.'}
Modern slavery statement 2021-1239: BLONDIE TRADING PTY LTD & RIVET ENERGY AVIATION PTY LIMITED & RIVET ENERGY PTY LTD et al.,document,"{'content': 'BLONDIE TRADING PTY LTD (ABN 41 621 811 845), RIVET ENERGY AVIATION PTY LIMITED (ABN 73 616 024 901), RIVET ENERGY PTY LTD (ABN 37 112 151 694), RIVET MINING SERVICES PTY LTD (ABN 32 119 899 446), SMS Rental (WA) Pty Ltd (ABN 41 127 585 933) and SUNSHINE REFUELLERS PTY LTD (ABN 65 600 542 514) filed a joint modern slavery statement with the Australian Modern Slavery Register for the reporting period 2019-07-01 to 2020-06-30. The reporting entities are headquartered in Australia. The reporting entities have an annual revenue band of 800-900M. The reporting entities operate in the industry sectors: Mining, metals, chemicals and resources (including oil and gas) Transportation, logistics, and storage. Register entry: https://modernslaveryregister.gov.au/statements/3147/.'}"
Modern slavery statement 2024-3356: Y CHEN & G DOWD & P.H FORD & S.P MORGAN & J.S MORVELL & E WOOLLEY,document,"{'content': 'Y CHEN & G DOWD & P.H FORD & S.P MORGAN & J.S MORVELL & E WOOLLEY (ABN 58 041 376 985) filed a single modern slavery statement with the Australian Modern Slavery Register for the reporting period 2023-07-01 to 2024-06-30. The reporting entity is headquartered in Australia. The reporting entity has an annual revenue band of 250-300M. The reporting entity operates in the industry sectors: Professional and administrative services and supplies, including legal, consulting and accounting services. Register entry: https://modernslaveryregister.gov.au/statements/21283/.'}"
Modern slavery statement 2021-4142: VGI PARTNERS ASIAN INVESTMENTS LIMITED,document,"{'content': 'VGI PARTNERS ASIAN INVESTMENTS LIMITED (ABN 58 635 219 484) filed a single modern slavery statement with the Australian Modern Slavery Register for the reporting period 2020-07-01 to 2021-06-30. The reporting entity is headquartered in Australia. The reporting entity has an annual revenue band of 100-150M. The reporting entity operates in the industry sectors: Financial, insurance and real estate activities. Register entry: https://modernslaveryregister.gov.au/statements/7622/.'}"
Modern slavery statement 2022-221: Electronics Boutique Australia Pty Limited,document,{'content': 'Electronics Boutique Australia Pty Limited (ABN 55 077 681 442) filed a single modern slavery statement with the Australian Modern Slavery Register for the reporting period 2020-02-01 to 2021-01-31. The reporting entity is headquartered in Australia. The reporting entity has an annual revenue band of 900M-1BN. The reporting entity operates in the industry sectors: Other. Register entry: https://modernslaveryregister.gov.au/statements/8031/.'}
Modern slavery statement 2023-2184: GRANGE RESOURCES LIMITED,document,"{'content': 'GRANGE RESOURCES LIMITED (ABN 80 009 132 405) filed a single modern slavery statement with the Australian Modern Slavery Register for the reporting period 2022-01-01 to 2022-12-31. The reporting entity is headquartered in Australia. The reporting entity has an annual revenue band of 450-500M. The reporting entity operates in the industry sectors: Mining, metals, chemicals and resources (including oil and gas). Register entry: https://modernslaveryregister.gov.au/statements/15162/.'}"
"Modern slavery statement 2023-1475: MMA OFFSHORE LIMITED, MMA OFFSHORE VESSEL OPERATIONS PTY LTD",document,"{'content': 'MMA OFFSHORE LIMITED, MMA OFFSHORE VESSEL OPERATIONS PTY LTD filed a joint modern slavery statement with the Australian Modern Slavery Register for the reporting period 2022-07-01 to 2023-06-30. The reporting entity is headquartered in Australia. The reporting entity has an annual revenue band of 600-700M. The reporting entity operates in the industry sectors: Mining, metals, chemicals and resources (including oil and gas). Register entry: https://modernslaveryregister.gov.au/statements/14118/.'}"
Modern slavery statement 2025-432: SIEMENS HEALTHCARE PTY LTD,document,{'content': 'SIEMENS HEALTHCARE PTY LTD (ABN 83 604 853 938) filed a single modern slavery statement with the Australian Modern Slavery Register for the reporting period 2023-10-01 to 2024-09-30. The reporting entity is headquartered in Germany. The reporting entity has an annual revenue band of 600-700M. The reporting entity operates in the industry sectors: Healthcare and pharmaceuticals. Register entry: https://modernslaveryregister.gov.au/statements/22291/.'}
Modern slavery statement 2024-1064: FLSMIDTH PTY LTD,document,"{'content': 'FLSMIDTH PTY LTD (ABN 85 000 221 590) filed a single modern slavery statement with the Australian Modern Slavery Register for the reporting period 2023-01-01 to 2023-12-31. The reporting entity is headquartered in Denmark. The reporting entity has an annual revenue band of 500-600M. The reporting entity operates in the industry sectors: Mining, metals, chemicals and resources (including oil and gas) Automotive, machinery and heavy electrical equipment. The statement also covers the included entities: FLSMIDTH ABON PTY LTD (20 004 703 002). Register entry: https://modernslaveryregister.gov.au/statements/18335/.'}"
Modern slavery statement 2022-2195: AUSWIDE BANK LTD,document,"{'content': 'AUSWIDE BANK LTD (ABN 40 087 652 060) filed a single modern slavery statement with the Australian Modern Slavery Register for the reporting period 2021-07-01 to 2022-06-30. The reporting entity is headquartered in Australia. The reporting entity has an annual revenue band of 100-150M. The reporting entity operates in the industry sectors: Financial, insurance and real estate activities. Register entry: https://modernslaveryregister.gov.au/statements/10922/.'}"
Modern slavery statement 2021-705: THE TRUSTEE FOR AIRTRUNK AUSTRALIA HOLDINGS TRUST & THE TRUSTEE FOR AIRTRUNK SYDNEY LAND TRUST & The Trustee for Andante Holding Trust,document,"{'content': 'THE TRUSTEE FOR AIRTRUNK AUSTRALIA HOLDINGS TRUST (ABN 89 469 259 695), THE TRUSTEE FOR AIRTRUNK SYDNEY LAND TRUST (ABN 89 561 908 089) and The Trustee for Andante Holding Trust (ABN 57 334 256 317) filed a joint modern slavery statement with the Australian Modern Slavery Register for the reporting period 2019-07-01 to 2020-06-30. The reporting entities are headquartered in Australia. The reporting entities have an annual revenue band of 300-350M. The reporting entities operate in the industry sectors: Construction, civil engineering and building products Information technology and telecommunication. Register entry: https://modernslaveryregister.gov.au/statements/2166/.'}"
Modern slavery statement 2025-475: CH ROBINSON WORLDWIDE (AUSTRALIA) PTY LIMITED,document,"{'content': 'CH ROBINSON WORLDWIDE (AUSTRALIA) PTY LIMITED filed a single modern slavery statement with the Australian Modern Slavery Register for the reporting period 2024-01-01 to 2024-12-31. The reporting entity is headquartered in Australia, United States of America. The reporting entity has an annual revenue band of 1BN+. The reporting entity operates in the industry sectors: Transportation, logistics, and storage. The statement also covers the included entities: C.H. ROBINSON (AUSTRALIA) PTY LTD, C.H. ROBINSON TRADE MANAGEMENT PTY LTD, C.H. ROBINSON WORLDWIDE (AU) PTY LTD, C.H. ROBINSON WORLDWIDE (OCEANIA) PTY LTD. Register entry: https://modernslaveryregister.gov.au/statements/22358/.'}"
Modern slavery statement 2022-1815: D AMENTAS & Others,document,"{'content': 'D AMENTAS & Others (ABN 72 157 316 912) filed a single modern slavery statement with the Australian Modern Slavery Register for the reporting period 2021-05-01 to 2022-04-30. The reporting entity is headquartered in Australia. The reporting entity has an annual revenue band of 100-150M. The reporting entity operates in the industry sectors: Professional and administrative services and supplies, including legal, consulting and accounting services. Register entry: https://modernslaveryregister.gov.au/statements/10354/.'}"
Modern slavery statement 2022-1480: Martinus Rail Pty Ltd,document,"{'content': 'Martinus Rail Pty Ltd (ABN 90 117 147 645) filed a single modern slavery statement with the Australian Modern Slavery Register for the reporting period 2021-07-01 to 2022-06-30. The reporting entity is headquartered in Australia. The reporting entity has an annual revenue band of 350-400M. The reporting entity operates in the industry sectors: Construction, civil engineering and building products. Register entry: https://modernslaveryregister.gov.au/statements/9839/.'}"
Modern slavery statement 2023-1310: GOLD FIELDS AUSTRALIA PTY LIMITED,document,"{'content': 'GOLD FIELDS AUSTRALIA PTY LIMITED (ABN 91 098 385 285) filed a joint modern slavery statement with the Australian Modern Slavery Register for the reporting period 2022-01-01 to 2022-12-31. The reporting entity is headquartered in Australia. The reporting entity has an annual revenue band of 1BN+. The reporting entity operates in the industry sectors: Mining, metals, chemicals and resources (including oil and gas). Register entry: https://modernslaveryregister.gov.au/statements/13961/.'}"
Modern slavery statement 2022-783: Garmin Australasia Pty Ltd,document,"{'content': 'Garmin Australasia Pty Ltd (ABN 85 129 153 448) filed a single modern slavery statement with the Australian Modern Slavery Register for the reporting period 2021-01-01 to 2021-12-31. The reporting entity is headquartered in Australia. The reporting entity has an annual revenue band of 250-300M. The reporting entity operates in the industry sectors: Durable consumer goods, including electronics and appliances, home furnishings and other accessories. Register entry: https://modernslaveryregister.gov.au/statements/8920/.'}"
Modern slavery statement 2025-215: SAYONA MINING LIMITED,document,"{'content': 'SAYONA MINING LIMITED (ABN 26 091 951 978) filed a single modern slavery statement with the Australian Modern Slavery Register for the reporting period 2023-07-01 to 2024-06-30. The reporting entity is headquartered in Australia. The reporting entity has an annual revenue band of 200-250M. The reporting entity operates in the industry sectors: Mining, metals, chemicals and resources (including oil and gas). The statement also covers the included entities: 9474-9454 Quebec Inc., North American Lithium Inc., SAYONA EAST KIMBERLEY PTY LTD (71 606 515 940), Sayona Inc., SAYONA INTERNATIONAL PTY LTD (51 612 121 838), SAYONA LITHIUM PTY LTD (39 010 661 506), Sayona North Inc., Sayona Quebec Inc.. Register entry: https://modernslaveryregister.gov.au/statements/21953/.'}"
Modern slavery statement 2024-1864: SINGTEL OPTUS PTY LIMITED,document,"{'content': 'SINGTEL OPTUS PTY LIMITED (ABN 90 052 833 208) filed a single modern slavery statement with the Australian Modern Slavery Register for the reporting period 2023-04-01 to 2024-03-31. The reporting entity is headquartered in Australia. The reporting entity has an annual revenue band of 1BN+. The reporting entity operates in the industry sectors: Information technology and telecommunication. The statement also covers the included entities: ALPHAWEST LIMITED (32 009 222 931), ALPHAWEST SERVICES PTY LTD (49 009 196 347), AMAYSIM MOBILE PTY LTD (82 645 692 093), ENSYST PTY LIMITED (73 096 947 401), OPTUS ADSL PTY LIMITED (17 138 676 356), OPTUS C1 SATELLITE PTY LIMITED (80 087 587 504), OPTUS INTERNET PTY LIMITED (14 083 164 532), OPTUS MOBILE PTY LIMITED (65 054 365 696), OPTUS NETWORKS PTY LIMITED (92 008 570 330), OPTUS SATELLITE NETWORK PTY LIMITED (15 091 789 945), OPTUS SATELLITE PTY LIMITED (33 091 790 313), OPTUS VISION PTY LIMITED (50 066 518 821), OPTUS WHOLESALE PTY LIMITED (86 092 227 551). Register entry: https://modernslaveryregister.gov.au/statements/19327/.'}"
Modern slavery statement 2021-4140: DOMINO'S PIZZA ENTERPRISES LIMITED,document,"{'content': ""DOMINO'S PIZZA ENTERPRISES LIMITED (ABN 16 010 489 326) filed a single modern slavery statement with the Australian Modern Slavery Register for the reporting period 2020-07-01 to 2021-06-30. The reporting entity is headquartered in Australia. The reporting entity has an annual revenue band of 1BN+. The reporting entity operates in the industry sectors: Food and beverages, agriculture and fishing. Register entry: https://modernslaveryregister.gov.au/statements/7618/.""}"
"Modern slavery statement 2023-1572: BUILDSOFT PTY LTD, MITEK AUSTRALIA LTD., PLATINUM GLOBAL SERVICES PTY LTD",document,"{'content': 'BUILDSOFT PTY LTD, MITEK AUSTRALIA LTD., PLATINUM GLOBAL SERVICES PTY LTD filed a joint modern slavery statement with the Australian Modern Slavery Register for the reporting period 2022-07-01 to 2023-06-30. The reporting entity is headquartered in United States of America. The reporting entity has an annual revenue band of 150-200M. The reporting entity operates in the industry sectors: Automotive, machinery and heavy electrical equipment Construction, civil engineering and building products. Register entry: https://modernslaveryregister.gov.au/statements/14282/.'}"
Modern slavery statement 2023-33: INTESA SANPAOLO SPA,document,"{'content': 'INTESA SANPAOLO SPA (ABN 46 156 153 829) filed a single modern slavery statement with the Australian Modern Slavery Register for the reporting period 2021-01-01 to 2021-12-31. The reporting entity is headquartered in Italy. The reporting entity has an annual revenue band of 1BN+. The reporting entity operates in the industry sectors: Financial, insurance and real estate activities. Register entry: https://modernslaveryregister.gov.au/statements/12115/.'}"
Modern slavery statement 2024-2054: Infratil Limited,document,"{'content': 'Infratil Limited filed a single modern slavery statement with the Australian Modern Slavery Register for the reporting period 2023-04-01 to 2024-03-31. The reporting entity is headquartered in New Zealand. The reporting entity has an annual revenue band of 400-450M. The reporting entity operates in the industry sectors: Utilities: gas, water and electricity Information technology and telecommunication Financial, insurance and real estate activities Healthcare and pharmaceuticals. Register entry: https://modernslaveryregister.gov.au/statements/19577/.'}"
Modern slavery statement 2021-1250: PENDAL FUND SERVICES LIMITED & PENDAL GROUP LIMITED & PENDAL INSTITUTIONAL LIMITED et al.,document,"{'content': 'PENDAL FUND SERVICES LIMITED (ABN 13 161 249 332), PENDAL GROUP LIMITED (ABN 28 126 385 822), PENDAL INSTITUTIONAL LIMITED (ABN 17 126 390 627) and Pendal UK Limited, Regnan - Governance Research and Engagement Pty Limited (ABN 93 125 320 041) filed a joint modern slavery statement with the Australian Modern Slavery Register for the reporting period 2020-01-01 to 2020-12-31. The reporting entities are headquartered in Australia, United Kingdom, United States of America. The reporting entities have an annual revenue band of 800-900M. The reporting entities operate in the industry sectors: Financial, insurance and real estate activities. Register entry: https://modernslaveryregister.gov.au/statements/3075/.'}"
Modern slavery statement 2024-2316: DXC TECHNOLOGY AUSTRALIA HOLDINGS PTY LTD,document,"{'content': 'DXC TECHNOLOGY AUSTRALIA HOLDINGS PTY LTD (ABN 33 120 570 390) filed a single modern slavery statement with the Australian Modern Slavery Register for the reporting period 2023-04-01 to 2024-03-31. The reporting entity is headquartered in Australia. The reporting entity has an annual revenue band of 1BN+. The reporting entity operates in the industry sectors: Information technology and telecommunication. The statement also covers the included entities: AUSTRALIAN COLLEGE OF PROJECT MANAGEMENT PTY. LTD. (70 094 353 367), BLULEADER PTY LTD (24 116 995 549), DXC CONNECT PTY LIMITED (69 001 002 731), DXC CONSULTING PTY LIMITED (83 121 920 938), DXC Eclipse Pty Ltd, DXC ENTERPRISE AUSTRALIA PTY LTD (16 612 896 527), DXC INSURANCE SOLUTIONS AUSTRALIA PTY LTD (26 642 464 300), DXC INTEGRATED SERVICES VICTORIA PTY LTD (18 003 645 645), DXC NZ HOLDINGS PTY LTD (39 613 204 765), DXC Oxygen Pty Ltd, DXC PROFESSIONAL SOLUTIONS PTY LIMITED (52 086 879 012), DXC RED ROCK PTY LTD (59 081 356 425), DXC SAE PTY LIMITED (60 618 634 754), DXC SN PTY LTD (55 124 654 520), DXC TECHNOLOGY AUSTRALIA PTY LIMITED (18 008 476 944), DXC UNITED PTY LIMITED (65 067 682 928), INTEG QUEENSLAND PTY LTD (13 063 187 119), SABLE SYSTEMS PTY. LTD. (81 111 664 272), WHITE LABELLED PTY LTD (82 129 979 737), Xchanging Pty Limited (23 118 452 654). Register entry: https://modernslaveryregister.gov.au/statements/19953/.'}"
Modern slavery statement 2024-238: EMERSON AUTOMATION SOLUTIONS FINAL CONTROL AUSTRALIA PTY LIMITED & EMERSON PROCESS MANAGEMENT AUSTRALIA PTY LTD,document,"{'content': 'EMERSON AUTOMATION SOLUTIONS FINAL CONTROL AUSTRALIA PTY LIMITED (ABN 83 000 922 690) and EMERSON PROCESS MANAGEMENT AUSTRALIA PTY LTD (ABN 99 004 590 005) filed a joint modern slavery statement with the Australian Modern Slavery Register for the reporting period 2023-01-01 to 2023-12-31. The reporting entities are headquartered in Australia. The reporting entities have an annual revenue band of 200-250M. The reporting entities operate in the industry sectors: Other. The statement also covers the included entities: EMERSON AUTOMATION SOLUTIONS FINAL CONTROL AUSTRALIA PTY LIMITED (83 000 922 690), EMERSON PROCESS MANAGEMENT AUSTRALIA PTY LTD (99 004 590 005). Register entry: https://modernslaveryregister.gov.au/statements/17102/.'}"
Modern slavery statement 2021-1291: TNA AUSTRALIA PTY LIMITED,document,{'content': 'TNA AUSTRALIA PTY LIMITED (ABN 38 002 937 859) filed a single modern slavery statement with the Australian Modern Slavery Register for the reporting period 2019-07-01 to 2020-06-30. The reporting entity is headquartered in Australia. The reporting entity has an annual revenue band of 200-250M. The reporting entity operates in the industry sectors: Other. Register entry: https://modernslaveryregister.gov.au/statements/3114/.'}
Modern slavery statement 2022-340: DITH AUSTRALIA PTY LTD,document,"{'content': 'DITH AUSTRALIA PTY LTD (ABN 21 620 953 166) filed a single modern slavery statement with the Australian Modern Slavery Register for the reporting period 2020-10-01 to 2021-09-30. The reporting entity is headquartered in Luxembourg, Switzerland. The reporting entity has an annual revenue band of 200-250M. The reporting entity operates in the industry sectors: Mining, metals, chemicals and resources (including oil and gas) Construction, civil engineering and building products. Register entry: https://modernslaveryregister.gov.au/statements/8187/.'}"
Modern slavery statement 2025-1062: PEPPER MONEY LIMITED,document,"{'content': 'PEPPER MONEY LIMITED (ABN 55 094 317 665) filed a single modern slavery statement with the Australian Modern Slavery Register for the reporting period 2024-01-01 to 2024-12-31. The reporting entity is headquartered in Australia. The reporting entity has an annual revenue band of 350-400M. The reporting entity operates in the industry sectors: Financial, insurance and real estate activities. The statement also covers the included entities: PEPPER ASSET FINANCE PTY LTD. Register entry: https://modernslaveryregister.gov.au/statements/23226/.'}"
Modern slavery statement 2022-970: EVAND PTY LTD,document,"{'content': 'EVAND PTY LTD (ABN 59 072 254 007) filed a single modern slavery statement with the Australian Modern Slavery Register for the reporting period 2021-01-01 to 2021-12-31. The reporting entity is headquartered in Australia. The reporting entity has an annual revenue band of 450-500M. The reporting entity operates in the industry sectors: Automotive, machinery and heavy electrical equipment Construction, civil engineering and building products. Register entry: https://modernslaveryregister.gov.au/statements/9187/.'}"
Modern slavery statement 2024-2533: SOUTHERN PORTS AUTHORITY,document,"{'content': 'SOUTHERN PORTS AUTHORITY (ABN 30 044 341 250) filed a single modern slavery statement with the Australian Modern Slavery Register for the reporting period 2023-07-01 to 2024-06-30. The reporting entity is headquartered in Australia. The reporting entity has an annual revenue band of 150-200M. The reporting entity operates in the industry sectors: Transportation, logistics, and storage. Register entry: https://modernslaveryregister.gov.au/statements/20259/.'}"
Modern slavery statement 2021-954: FLETCHER BUILDING (AUSTRALIA) PTY LTD,document,"{'content': 'FLETCHER BUILDING (AUSTRALIA) PTY LTD (ABN 11 093 539 452) filed a joint modern slavery statement with the Australian Modern Slavery Register for the reporting period 2020-01-01 to 2020-12-31. The reporting entity is headquartered in New Zealand. The reporting entity has an annual revenue band of 1BN+. The reporting entity operates in the industry sectors: Construction, civil engineering and building products. Register entry: https://modernslaveryregister.gov.au/statements/2788/.'}"
Modern slavery statement 2022-1079: EDITH COWAN UNIVERSITY,document,{'content': 'EDITH COWAN UNIVERSITY (ABN 54 361 485 361) filed a single modern slavery statement with the Australian Modern Slavery Register for the reporting period 2021-01-01 to 2021-12-31. The reporting entity is headquartered in Australia. The reporting entity has an annual revenue band of 500-600M. The reporting entity operates in the industry sectors: Education and research. Register entry: https://modernslaveryregister.gov.au/statements/9336/.'}
Modern slavery statement 2021-2659: HINO MOTOR SALES AUSTRALIA PTY. LTD.,document,"{'content': 'HINO MOTOR SALES AUSTRALIA PTY. LTD. (ABN 74 064 989 724) filed a single modern slavery statement with the Australian Modern Slavery Register for the reporting period 2020-04-01 to 2021-03-30. The reporting entity is headquartered in Australia, Japan. The reporting entity has an annual revenue band of 450-500M. The reporting entity operates in the industry sectors: Other. Register entry: https://modernslaveryregister.gov.au/statements/5450/.'}"
Modern slavery statement 2026-281: NIPPY'S AUSTRALIA PTY LTD,document,"{'content': ""NIPPY'S AUSTRALIA PTY LTD (ABN 30 008 138 332) filed a single modern slavery statement with the Australian Modern Slavery Register for the reporting period 2024-07-01 to 2025-06-30. The reporting entity is headquartered in Australia. The reporting entity has an annual revenue band of 100-150M. The reporting entity operates in the industry sectors: Accommodation and Food Services Agriculture, Forestry and Fishing. Register entry: https://modernslaveryregister.gov.au/statements/27478/.""}"
Modern slavery statement 2020-469: BRISTOW HELICOPTERS AUSTRALIA PTY LTD.,document,"{'content': 'BRISTOW HELICOPTERS AUSTRALIA PTY LTD. (ABN 92 000 565 579) filed a joint modern slavery statement with the Australian Modern Slavery Register for the reporting period 2019-04-01 to 2020-03-30. The reporting entity is headquartered in Australia. The reporting entity has an annual revenue band of 100-150M. The reporting entity operates in the industry sectors: Transportation, logistics, and storage. Register entry: https://modernslaveryregister.gov.au/statements/1002/.'}"
Modern slavery statement 2025-408: THE COUNCIL OF TRINITY GRAMMAR SCHOOL,document,{'content': 'THE COUNCIL OF TRINITY GRAMMAR SCHOOL (ABN 79 245 605 610) filed a single modern slavery statement with the Australian Modern Slavery Register for the reporting period 2024-01-01 to 2024-12-31. The reporting entity is headquartered in Australia. The reporting entity has an annual revenue band of 100-150M. The reporting entity operates in the industry sectors: Education and research. Register entry: https://modernslaveryregister.gov.au/statements/22250/.'}
"Modern slavery statement 2025-1517: ALLEGIS GROUP APAC HOLDINGS PTY LTD, ALLEGIS GROUP AUSTRALIA PTY LTD.",document,"{'content': 'ALLEGIS GROUP APAC HOLDINGS PTY LTD, ALLEGIS GROUP AUSTRALIA PTY LTD. filed a joint modern slavery statement with the Australian Modern Slavery Register for the reporting period 2024-01-01 to 2024-12-31. The reporting entity is headquartered in Australia. The reporting entity has an annual revenue band of 150-200M. The reporting entity operates in the industry sectors: Professional and administrative services and supplies, including legal, consulting and accounting services. The statement also covers the included entities: ALLEGIS GLOBAL SOLUTIONS (AUSTRALIA) PTY LTD, ALLEGIS SERVICES AUSTRALIA PTY LTD. Register entry: https://modernslaveryregister.gov.au/statements/23642/.'}"
Modern slavery statement 2022-1465: SILICON METAL COMPANY OF AUSTRALIA PTY LTD,document,"{'content': 'SILICON METAL COMPANY OF AUSTRALIA PTY LTD (ABN 73 009 401 736) filed a single modern slavery statement with the Australian Modern Slavery Register for the reporting period 2020-01-01 to 2020-12-31. The reporting entity is headquartered in Australia. The reporting entity has an annual revenue band of 100-150M. The reporting entity operates in the industry sectors: Mining, metals, chemicals and resources (including oil and gas). Register entry: https://modernslaveryregister.gov.au/statements/9818/.'}"
Modern slavery statement 2023-2074: CW GROUP HOLDINGS LIMITED,document,{'content': 'CW GROUP HOLDINGS LIMITED (ABN 83 635 851 839) filed a joint modern slavery statement with the Australian Modern Slavery Register for the reporting period 2022-07-01 to 2023-06-30. The reporting entity is headquartered in Australia. The reporting entity has an annual revenue band of 1BN+. The reporting entity operates in the industry sectors: Healthcare and pharmaceuticals. Register entry: https://modernslaveryregister.gov.au/statements/14995/.'}
Modern slavery statement 2021-3479: Vestal Water Pty Ltd & ZIP HEATERS (AUST) PTY LTD & ZIP INDUSTRIES (AUST.) PTY LIMITED et al.,document,"{'content': 'Vestal Water Pty Ltd (ABN 55 136 540 460), ZIP HEATERS (AUST) PTY LTD (ABN 46 000 578 727), ZIP INDUSTRIES (AUST.) PTY LIMITED (ABN 15 000 072 257) and ZIP WATER SERVICES (QLD) PTY LTD (ABN 21 634 096 610) filed a joint modern slavery statement with the Australian Modern Slavery Register for the reporting period 2020-07-01 to 2021-06-30. The reporting entities are headquartered in Australia. The reporting entities have an annual revenue band of 300-350M. The reporting entities operate in the industry sectors: Food and beverages, agriculture and fishing Durable consumer goods, including electronics and appliances, home furnishings and other accessories. Register entry: https://modernslaveryregister.gov.au/statements/5864/.'}"
Modern slavery statement 2024-1118: MITSUI E&P AUSTRALIA HOLDINGS PTY LTD,document,"{'content': 'MITSUI E&P AUSTRALIA HOLDINGS PTY LTD (ABN 70 077 897 440) filed a single modern slavery statement with the Australian Modern Slavery Register for the reporting period 2023-01-01 to 2023-12-31. The reporting entity is headquartered in Australia. The reporting entity has an annual revenue band of 900M-1BN. The reporting entity operates in the industry sectors: Mining, metals, chemicals and resources (including oil and gas). The statement also covers the included entities: AWE (BASS GAS) PTY LTD (81 124 779 068), AWE ENERGY HOLDINGS PTY LTD (36 008 954 925), AWE OFFSHORE PTY LIMITED (49 080 659 418), AWE OVERSEAS PTY LIMITED (40 080 659 383), AWE PETROLEUM PTY LTD (52 009 440 975), MEPAU A PTY LTD (45 609 192 074), MEPAU ATHENA GAS PROCESSING PTY LTD (98 009 382 414), MEPAU AUSTRALIA PTY LTD (30 080 659 338), MEPAU BEHARRA SPRINGS PTY LTD (20 009 362 645), MEPAU FINANCE PTY LTD (55 080 659 445), MEPAU OTWAY BASIN PTY LTD (17 009 363 820), MEPAU P2P PTY LTD (16 079 642 747), MEPAU PERTH BASIN PTY LTD (74 009 204 031), MEPAU PROJECT PTY LTD (21 664 344 067), MEPAU (WA) INVESTMENT COMPANY PTY LTD (46 113 950 324), MITSUI E&P AUSTRALIA PTY LTD (45 108 437 529), OUTBACK CARBON PTY LTD (59 168 294 184). Register entry: https://modernslaveryregister.gov.au/statements/18413/.'}"
Modern slavery statement 2020-105: ELECTRONICS BOUTIQUE AUSTRALIA PTY LIMITED,document,{'content': 'ELECTRONICS BOUTIQUE AUSTRALIA PTY LIMITED (ABN 50 077 681 442) filed a single modern slavery statement with the Australian Modern Slavery Register for the reporting period 2019-02-01 to 2020-01-31. The reporting entity is headquartered in Australia. The reporting entity has an annual revenue band of Unknown. The reporting entity operates in the industry sectors: Other. Register entry: https://modernslaveryregister.gov.au/statements/321/.'}
Modern slavery statement 2021-1499: LEVI STRAUSS (AUSTRALIA) PTY LTD,document,"{'content': 'LEVI STRAUSS (AUSTRALIA) PTY LTD (ABN 67 000 607 965) filed a single modern slavery statement with the Australian Modern Slavery Register for the reporting period 2019-12-01 to 2020-11-30. The reporting entity is headquartered in United States of America. The reporting entity has an annual revenue band of 100-150M. The reporting entity operates in the industry sectors: Fashion, textiles, apparel and luxury goods. Register entry: https://modernslaveryregister.gov.au/statements/3526/.'}"
Modern slavery statement 2023-2707: PROTECH GROUP (AUST) PTY LTD,document,"{'content': 'PROTECH GROUP (AUST) PTY LTD (ABN 38 163 904 694) filed a joint modern slavery statement with the Australian Modern Slavery Register for the reporting period 2022-07-01 to 2023-06-30. The reporting entity is headquartered in Australia. The reporting entity has an annual revenue band of 450-500M. The reporting entity operates in the industry sectors: Mining, metals, chemicals and resources (including oil and gas) Durable consumer goods, including electronics and appliances, home furnishings and other accessories Utilities: gas, water and electricity Waste management and recycling Construction, civil engineering and building products Transportation, logistics, and storage Other. The statement also covers the included entities: DREAMPATH RECRUITMENT PTY LTD (88 635 076 238), PROTECH BUSINESS SERVICES PTY LTD (84 126 325 291), PROTECH GPS PTY LTD (60 110 148 662), PROTECH HRA PTY LTD (69 636 550 742), PROTECH MANAGED PROJECT SERVICES PTY LTD (19 600 040 480), PROTECH MINING AND MAINTENANCE PTY LTD (91 150 548 815), PROTECH NORTHERN REGION PTY LTD (36 145 085 070), Protech Personnel (NSW) Pty Ltd (72 124 060 466), PROTECH PERSONNEL (NT) PTY LTD (40 159 227 326), Protech Personnel Pty Ltd (34 117 782 466), PROTECH PERSONNEL (VIC) PTY LTD (97 149 736 498), Protech Personnel (WA) Pty Ltd (54 155 223 537), PROTECH RAIL PTY LTD (15 658 017 951), PROTECH SOUTHERN REGION PTY LTD (96 156 026 489), QUANTUM SAFETY PTY LTD (62 635 564 573). Register entry: https://modernslaveryregister.gov.au/statements/15880/.'}"
Modern slavery statement 2025-3586: AUSTRALIAN MILITARY BANK LTD,document,{'content': 'AUSTRALIAN MILITARY BANK LTD (ABN 48 087 649 741) filed a single modern slavery statement with the Australian Modern Slavery Register for the reporting period 2024-07-01 to 2025-06-30. The reporting entity is headquartered in Australia. The reporting entity has an annual revenue band of 100-150M. The reporting entity operates in the industry sectors: Financial and Insurance Services. Register entry: https://modernslaveryregister.gov.au/statements/24903/.'}
Modern slavery statement 2021-3108: TOYOTA FINANCE AUSTRALIA LTD,document,"{'content': 'TOYOTA FINANCE AUSTRALIA LTD (ABN 48 002 435 181) filed a single modern slavery statement with the Australian Modern Slavery Register for the reporting period 2020-04-01 to 2021-03-30. The reporting entity is headquartered in Australia. The reporting entity has an annual revenue band of 1BN+. The reporting entity operates in the industry sectors: Financial, insurance and real estate activities. Register entry: https://modernslaveryregister.gov.au/statements/6152/.'}"
Modern slavery statement 2021-1719: TAIPOWER BENGALLA PTY. LIMITED,document,"{'content': 'TAIPOWER BENGALLA PTY. LIMITED (ABN 18 075 407 617) filed a single modern slavery statement with the Australian Modern Slavery Register for the reporting period 2020-01-01 to 2020-12-31. The reporting entity is headquartered in Australia. The reporting entity has an annual revenue band of 150-200M. The reporting entity operates in the industry sectors: Mining, metals, chemicals and resources (including oil and gas). Register entry: https://modernslaveryregister.gov.au/statements/3886/.'}"
Modern slavery statement 2023-1748: ECF ASIA PACIFIC PTY LTD,document,"{'content': 'ECF ASIA PACIFIC PTY LTD (ABN 50 602 487 721) filed a joint modern slavery statement with the Australian Modern Slavery Register for the reporting period 2022-07-01 to 2023-06-30. The reporting entity is headquartered in France. The reporting entity has an annual revenue band of 350-400M. The reporting entity operates in the industry sectors: Transportation, logistics, and storage Other. Register entry: https://modernslaveryregister.gov.au/statements/14542/.'}"
Modern slavery statement 2025-3060: NAVY HEALTH LTD,document,{'content': 'NAVY HEALTH LTD (ABN 61 092 229 000) filed a single modern slavery statement with the Australian Modern Slavery Register for the reporting period 2024-07-01 to 2025-06-30. The reporting entity is headquartered in Australia. The reporting entity has an annual revenue band of 100-150M. The reporting entity operates in the industry sectors: Financial and Insurance Services. Register entry: https://modernslaveryregister.gov.au/statements/25979/.'}
Modern slavery statement 2025-3665: SCYNE ADVISORY HOLDINGS PTY LIMITED,document,"{'content': 'SCYNE ADVISORY HOLDINGS PTY LIMITED (ABN 51 669 327 397) filed a single modern slavery statement with the Australian Modern Slavery Register for the reporting period 2024-07-01 to 2025-06-30. The reporting entity is headquartered in Australia. The reporting entity has an annual revenue band of 200-250M. The reporting entity operates in the industry sectors: Professional, Scientific and Technical Services. Register entry: https://modernslaveryregister.gov.au/statements/26760/.'}"
Modern slavery statement 2023-2035: GLOBALIZATION PARTNERS PTY. LTD.,document,"{'content': 'GLOBALIZATION PARTNERS PTY. LTD. (ABN 24 609 771 146) filed a single modern slavery statement with the Australian Modern Slavery Register for the reporting period 2022-07-01 to 2023-06-30. The reporting entity is headquartered in Australia, United States of America. The reporting entity has an annual revenue band of 100-150M. The reporting entity operates in the industry sectors: Professional and administrative services and supplies, including legal, consulting and accounting services Other. Register entry: https://modernslaveryregister.gov.au/statements/14928/.'}"
Modern slavery statement 2022-2683: Fulton Hogan Australia Pty Ltd,document,"{'content': 'Fulton Hogan Australia Pty Ltd (ABN 42 135 849 115) filed a joint modern slavery statement with the Australian Modern Slavery Register for the reporting period 2021-07-01 to 2022-06-30. The reporting entity is headquartered in Australia. The reporting entity has an annual revenue band of 1BN+. The reporting entity operates in the industry sectors: Construction, civil engineering and building products. Register entry: https://modernslaveryregister.gov.au/statements/11551/.'}"
Modern slavery statement 2024-1462: GALLAGHER BASSETT SERVICES PTY LTD,document,"{'content': 'GALLAGHER BASSETT SERVICES PTY LTD (ABN 68 009 778 018) filed a single modern slavery statement with the Australian Modern Slavery Register for the reporting period 2023-01-01 to 2023-12-31. The reporting entity is headquartered in Australia. The reporting entity has an annual revenue band of 500-600M. The reporting entity operates in the industry sectors: Financial, insurance and real estate activities. The statement also covers the included entities: AURENDA PTY LTD (46 100 068 586), Aurenda Training Services Pty Ltd (95 137 137 663), CORPORATE SERVICES NETWORK PTY LTD (30 074 864 609), GALLAGHER BASSETT SERVICES WORKERS COMPENSATION VIC PTY LTD (70 100 375 620), MY PLAN MANAGER GROUP PTY LTD (35 634 629 280). Register entry: https://modernslaveryregister.gov.au/statements/18770/.'}"
Modern slavery statement 2023-99: PALLADIUM GROUP HOLDINGS PTY LTD & PALLADIUM INTERNATIONAL PTY LTD,document,"{'content': 'PALLADIUM GROUP HOLDINGS PTY LTD (ABN 57 140 654 075) and PALLADIUM INTERNATIONAL PTY LTD (ABN 23 010 020 201) filed a joint modern slavery statement with the Australian Modern Slavery Register for the reporting period 2022-01-01 to 2022-12-31. The reporting entities are headquartered in Australia. The reporting entities have an annual revenue band of 0-99M. The reporting entities operate in the industry sectors: Professional and administrative services and supplies, including legal, consulting and accounting services. Register entry: https://modernslaveryregister.gov.au/statements/12212/.'}"
Modern slavery statement 2023-2817: The Trustee for Registry Hold Trust,document,"{'content': 'The Trustee for Registry Hold Trust (ABN 49 294 162 680) filed a joint modern slavery statement with the Australian Modern Slavery Register for the reporting period 2022-07-01 to 2023-06-30. The reporting entity is headquartered in Australia. The reporting entity has an annual revenue band of 600-700M. The reporting entity operates in the industry sectors: Other. The statement also covers the included entities: QUEENSLAND TITLES REGISTRY PTY LTD (23 648 568 101), REGISTRY FINANCE PTY LTD (77 645 947 226). Register entry: https://modernslaveryregister.gov.au/statements/16018/.'}"
Modern slavery statement 2023-2354: MEDIBANK HEALTH SOLUTIONS PTY LIMITED & MEDIBANK PRIVATE LIMITED,document,"{'content': 'MEDIBANK HEALTH SOLUTIONS PTY LIMITED (ABN 99 078 934 791) and MEDIBANK PRIVATE LIMITED (ABN 47 080 890 259) filed a joint modern slavery statement with the Australian Modern Slavery Register for the reporting period 2022-07-01 to 2023-06-30. The reporting entities are headquartered in Australia. The reporting entities have an annual revenue band of 1BN+. The reporting entities operate in the industry sectors: Financial, insurance and real estate activities. The statement also covers the included entities: AMPLAR HOME HEALTH PTY LTD (59 008 193 100), AUSTRALIAN HEALTH MANAGEMENT GROUP PTY LIMITED (96 003 683 298), HEALTHSTRONG PTY. LTD. (61 155 277 919), INTEGRATED CARE SERVICES PTY LTD (71 059 950 695), LIVE BETTER MANAGEMENT PTY LTD (93 003 457 289), MEDIBANK HEALTH SOLUTIONS TELEHEALTH PTY LIMITED (40 069 396 792), MEDI FINANCIAL SERVICES PTY LTD (94 138 752 815), MH INVESTMENT HOLDINGS PTY LTD (18 169 818 884), MH OPERATIONS PTY LTD (15 659 287 680), MHSI PTY LTD (57 659 284 607), MH SOLUTIONS INVESTMENTS PTY LTD (52 642 022 124). Register entry: https://modernslaveryregister.gov.au/statements/15412/.'}"
Modern slavery statement 2022-626: AUSTRALIAN NATURE INVESTMENT PTY LTD,document,"{'content': 'AUSTRALIAN NATURE INVESTMENT PTY LTD (ABN 16 611 339 621) filed a single modern slavery statement with the Australian Modern Slavery Register for the reporting period 2020-01-01 to 2021-12-31. The reporting entity is headquartered in Australia. The reporting entity has an annual revenue band of 400-450M. The reporting entity operates in the industry sectors: Food and beverages, agriculture and fishing. Register entry: https://modernslaveryregister.gov.au/statements/8661/.'}"
Modern slavery statement 2021-2943: DE LUCA CORPORATION PTY LTD,document,"{'content': 'DE LUCA CORPORATION PTY LTD (ABN 80 055 193 514) filed a single modern slavery statement with the Australian Modern Slavery Register for the reporting period 2020-07-01 to 2021-06-30. The reporting entity is headquartered in Australia. The reporting entity has an annual revenue band of 100-150M. The reporting entity operates in the industry sectors: Construction, civil engineering and building products. Register entry: https://modernslaveryregister.gov.au/statements/5856/.'}"
Modern slavery statement 2021-3787: ARC METAL GROUP PTY LTD & HACER AUSTRALIA PTY LTD & HACER GROUP AUSTRALIA PTY LTD et al.,document,"{'content': 'ARC METAL GROUP PTY LTD (ABN 72 615 321 438), HACER AUSTRALIA PTY LTD (ABN 90 650 862 721), HACER GROUP AUSTRALIA PTY LTD (ABN 69 612 663 831), Hacer Group NSW Pty Ltd (ABN 99 604 733 282), Hacer Group Qld Pty Ltd (ABN 87 142 880 975), HACER GROUP SA PTY LTD (ABN 66 605 304 514), HACER GROUP WA PTY LTD (ABN 48 604 376 632) and THE TRUSTEE FOR THE HACER GROUP UNIT TRUST (ABN 86 972 049 616) filed a joint modern slavery statement with the Australian Modern Slavery Register for the reporting period 2020-07-01 to 2021-06-30. The reporting entities are headquartered in Australia. The reporting entities have an annual revenue band of 450-500M. The reporting entities operate in the industry sectors: Construction, civil engineering and building products. Register entry: https://modernslaveryregister.gov.au/statements/7176/.'}"
Modern slavery statement 2023-2228: ARB CORPORATION LIMITED,document,"{'content': 'ARB CORPORATION LIMITED (ABN 31 006 708 756) filed a single modern slavery statement with the Australian Modern Slavery Register for the reporting period 2022-07-01 to 2023-06-30. The reporting entity is headquartered in Australia. The reporting entity has an annual revenue band of 600-700M. The reporting entity operates in the industry sectors: Automotive, machinery and heavy electrical equipment. Register entry: https://modernslaveryregister.gov.au/statements/15218/.'}"
Modern slavery statement 2022-897: WORMALD AUSTRALIA PTY LTD,document,"{'content': 'WORMALD AUSTRALIA PTY LTD (ABN 80 008 399 004) filed a single modern slavery statement with the Australian Modern Slavery Register for the reporting period 2021-01-01 to 2021-12-31. The reporting entity is headquartered in Australia. The reporting entity has an annual revenue band of 250-300M. The reporting entity operates in the industry sectors: Construction, civil engineering and building products Cleaning and security services Defence and aerospace. Register entry: https://modernslaveryregister.gov.au/statements/9086/.'}"
Modern slavery statement 2021-3587: Global Contractor Management Solutions Pty Ltd,document,"{'content': 'Global Contractor Management Solutions Pty Ltd (ABN 96 158 179 054) filed a joint modern slavery statement with the Australian Modern Slavery Register for the reporting period 2020-07-01 to 2021-06-30. The reporting entity is headquartered in Australia. The reporting entity has an annual revenue band of 500-600M. The reporting entity operates in the industry sectors: Professional and administrative services and supplies, including legal, consulting and accounting services. Register entry: https://modernslaveryregister.gov.au/statements/6887/.'}"
Modern slavery statement 2023-3037: PILLOW TALK PTY. LTD.,document,{'content': 'PILLOW TALK PTY. LTD. (ABN 69 010 861 711) filed a single modern slavery statement with the Australian Modern Slavery Register for the reporting period 2022-07-01 to 2023-06-30. The reporting entity is headquartered in Australia. The reporting entity has an annual revenue band of 250-300M. The reporting entity operates in the industry sectors: Other. Register entry: https://modernslaveryregister.gov.au/statements/16287/.'}
Modern slavery statement 2020-394: DONALDSON AUSTRALASIA PTY LTD,document,{'content': 'DONALDSON AUSTRALASIA PTY LTD (ABN 78 000 521 200) filed a single modern slavery statement with the Australian Modern Slavery Register for the reporting period 2019-07-01 to 2020-06-30. The reporting entity is headquartered in United States of America. The reporting entity has an annual revenue band of Unknown. The reporting entity operates in the industry sectors: Other. Register entry: https://modernslaveryregister.gov.au/statements/902/.'}
Modern slavery statement 2023-3084: The Trustee for Metrics Credit Partners Diversified Australian Senior Loan Fund,document,"{'content': 'The Trustee for Metrics Credit Partners Diversified Australian Senior Loan Fund (ABN 72 575 264 654) filed a single modern slavery statement with the Australian Modern Slavery Register for the reporting period 2022-07-01 to 2023-06-30. The reporting entity is headquartered in Australia. The reporting entity has an annual revenue band of 400-450M. The reporting entity operates in the industry sectors: Financial, insurance and real estate activities. Register entry: https://modernslaveryregister.gov.au/statements/16350/.'}"
Modern slavery statement 2025-1345: MULTI MARKET SERVICES AUSTRALIA HOLDINGS PTY LTD & PUBLICIS COMMUNICATIONS AUSTRALIA PTY LTD & PUBLICIS MEDIA AUSTRALIA PTY LTD,document,"{'content': 'MULTI MARKET SERVICES AUSTRALIA HOLDINGS PTY LTD (ABN 50 000 026 228), PUBLICIS COMMUNICATIONS AUSTRALIA PTY LTD (ABN 86 001 720 921) and PUBLICIS MEDIA AUSTRALIA PTY LTD (ABN 40 001 786 858) filed a joint modern slavery statement with the Australian Modern Slavery Register for the reporting period 2024-01-01 to 2024-12-31. The reporting entities are headquartered in Australia, France. The reporting entities have an annual revenue band of 600-700M. The reporting entities operate in the industry sectors: Media, publishing, arts and entertainment Information technology and telecommunication. The statement also covers the included entities: 212IGNITE PTY LTD, BALANCE INTERNET PTY LTD, CITRUS GLOBAL HOLDINGS PTY. LTD., CITRUS INTERNATIONAL PTY. LTD., PUBLICIS COMMUNICATIONS AUSTRALIA PTY LTD, PUBLICIS MEDIA AUSTRALIA PTY LTD, PUBLICIS RED LION PTY LIMITED, PUBLICIS SAPIENT AUSTRALIA PTY LTD, THIRD HORIZON CONSULTING PTY LTD, TQUILA ANZ PTY LTD, ZEUS ENTERPRISE AUSTRALIA PTY LTD. Register entry: https://modernslaveryregister.gov.au/statements/23025/.'}"
"Modern slavery statement 2022-1548: NORTHERN STAR (CAROSUE DAM) PTY LTD & NORTHERN STAR (HBJ) PTY LTD & NORTHERN STAR (HOLDINGS) PTY LTD, NORTHERN STAR (KANOWNA) LIMITED et al.",document,"{'content': 'NORTHERN STAR (CAROSUE DAM) PTY LTD (ABN 14 116 649 122), NORTHERN STAR (HBJ) PTY LTD (ABN 30 127 026 519), NORTHERN STAR (HOLDINGS) PTY LTD, NORTHERN STAR (KANOWNA) LIMITED (ABN 58 010 511 789), NORTHERN STAR (KLV) PTY LTD (ABN 22 004 990 274), NORTHERN STAR RESOURCES LTD (ABN 43 092 832 892), NORTHERN STAR (SARACEN GOLDFIELDS) PTY LTD (ABN 44 637 156 579), NORTHERN STAR (SARACEN KALGOORLIE) PTY LTD (ABN 19 008 143 137), NORTHERN STAR (SOUTH KALGOORLIE) PTY LTD (ABN 31 009 271 532), NORTHERN STAR (THUNDERBOX) PTY LTD (ABN 15 107 154 727) and SARACEN MINERAL HOLDINGS LIMITED (ABN 52 009 215 347) filed a joint modern slavery statement with the Australian Modern Slavery Register for the reporting period 2021-07-01 to 2022-06-30. The reporting entities are headquartered in Australia. The reporting entities have an annual revenue band of 1BN+. The reporting entities operate in the industry sectors: Mining, metals, chemicals and resources (including oil and gas). Register entry: https://modernslaveryregister.gov.au/statements/9952/.'}"
Modern slavery statement 2023-2797: MARUBENI-ITOCHU TUBULARS OCEANIA PTY LTD,document,"{'content': 'MARUBENI-ITOCHU TUBULARS OCEANIA PTY LTD (ABN 87 077 953 827) filed a single modern slavery statement with the Australian Modern Slavery Register for the reporting period 2020-04-01 to 2021-03-31. The reporting entity is headquartered in Japan. The reporting entity has an annual revenue band of 100-150M. The reporting entity operates in the industry sectors: Mining, metals, chemicals and resources (including oil and gas). Register entry: https://modernslaveryregister.gov.au/statements/15953/.'}"
Modern slavery statement 2024-2514: THINKING ERGONOMIX PTY LIMITED,document,{'content': 'THINKING ERGONOMIX PTY LIMITED (ABN 63 095 989 638) filed a single modern slavery statement with the Australian Modern Slavery Register for the reporting period 2023-07-01 to 2024-06-30. The reporting entity is headquartered in Australia. The reporting entity has an annual revenue band of 0-99M. The reporting entity operates in the industry sectors: Other. Register entry: https://modernslaveryregister.gov.au/statements/20233/.'}
Modern slavery statement 2023-1288: PRINCESS POLLY ONLINE PTY LTD,document,"{'content': 'PRINCESS POLLY ONLINE PTY LTD (ABN 43 169 210 520) filed a single modern slavery statement with the Australian Modern Slavery Register for the reporting period 2022-01-01 to 2022-12-31. The reporting entity is headquartered in Australia, United States of America. The reporting entity has an annual revenue band of 350-400M. The reporting entity operates in the industry sectors: Fashion, textiles, apparel and luxury goods. Register entry: https://modernslaveryregister.gov.au/statements/13941/.'}"
"Modern slavery statement 2021-2379: AVFI PTY LTD & Callidus New Caledonia SARL, Callidus Process Solutions Madagascar SARL, CALLIDUS PROCESS SOLUTIONS PTY LTD & CALLIDUS WELDING SOLUTIONS PTY LTD et al.",document,"{'content': 'AVFI PTY LTD (ABN 83 159 299 242), Callidus New Caledonia SARL, Callidus Process Solutions Madagascar SARL, CALLIDUS PROCESS SOLUTIONS PTY LTD (ABN 99 077 149 529), CALLIDUS WELDING SOLUTIONS PTY LTD (ABN 56 104 455 165), ENERGY CONSERVATION TECHNOLOGIES PTY LTD (ABN 29 634 309 292), Fire Protection Technologies Pty Ltd, FIRE PROTECTION TECHNOLOGIES PTY LTD (ABN 69 634 309 461), PON.BIKE (AUSTRALIA) PTY LTD (ABN 35 150 559 925), PON HOLDING AUSTRALIA PTY LTD (ABN 67 164 517 104) and Prochem Group New Zealand Pty Ltd, PROCHEM PIPELINE PRODUCTS PTY LTD (ABN 74 000 337 824) filed a joint modern slavery statement with the Australian Modern Slavery Register for the reporting period 2020-01-01 to 2020-12-31. The reporting entities are headquartered in Australia. The reporting entities have an annual revenue band of 350-400M. The reporting entities operate in the industry sectors: Mining, metals, chemicals and resources (including oil and gas) Construction, civil engineering and building products Other. Register entry: https://modernslaveryregister.gov.au/statements/4939/.'}"
Modern slavery statement 2024-1745: BBC STUDIOS AUSTRALIA HOLDINGS PTY LTD,document,"{'content': 'BBC STUDIOS AUSTRALIA HOLDINGS PTY LTD (ABN 85 127 624 104) filed a single modern slavery statement with the Australian Modern Slavery Register for the reporting period 2023-04-01 to 2024-03-31. The reporting entity is headquartered in Australia. The reporting entity has an annual revenue band of 150-200M. The reporting entity operates in the industry sectors: Media, publishing, arts and entertainment. The statement also covers the included entities: BBC STUDIOS AUSTRALIA PTY LTD (20 129 255 616), BBC STUDIOS PRODUCTIONS AUSTRALIA PTY LTD (47 129 527 082), PARADISE PRODUCTIONS NO.1 PTY LTD (25 672 640 041), THE OFFICE PRODUCTION PTY LTD (82 657 861 544). Register entry: https://modernslaveryregister.gov.au/statements/19114/.'}"
Modern slavery statement 2022-551: FACTORY MUTUAL INSURANCE COMPANY,document,"{'content': 'FACTORY MUTUAL INSURANCE COMPANY (ABN 47 163 108 861) filed a single modern slavery statement with the Australian Modern Slavery Register for the reporting period 2021-01-01 to 2021-12-31. The reporting entity is headquartered in United States of America. The reporting entity has an annual revenue band of 300-350M. The reporting entity operates in the industry sectors: Financial, insurance and real estate activities. Register entry: https://modernslaveryregister.gov.au/statements/8554/.'}"
"Modern slavery statement 2026-131: The Trustee for SNOW TRUST & VR AUSTRALIA HOLDINGS PTY LTD, VRV AUSTRALIA PTY LTD",document,"{'content': 'The Trustee for SNOW TRUST (ABN 29 420 214 757) and VR AUSTRALIA HOLDINGS PTY LTD, VRV AUSTRALIA PTY LTD filed a joint modern slavery statement with the Australian Modern Slavery Register for the reporting period 2024-08-01 to 2025-07-31. The reporting entities are headquartered in Australia. The reporting entities have an annual revenue band of 200-250M. The reporting entities operate in the industry sectors: Retail Trade Accommodation and Food Services Arts and Recreation Services Other Services Construction. The statement also covers the included entities: Aquia Pty Ltd, Australian Alpine Enterprises Holdings Pty Ltd, AUSTRALIAN ALPINE ENTERPRISES PTY LTD, AUSTRALIAN ALPINE RESERVATION CENTRES PTY LTD, FALLS CREEK SKI LIFTS PTY. LTD., MHSC DP PTY LTD, MHSC HOTELS PTY LTD, MHSC PROPERTIES PTY LTD, MHSC TRANSPORTATION SERVICES PTY LTD, Mount Hotham Management and Reservation Pty Ltd, MOUNT HOTHAM SKIING COMPANY PTY LTD. Register entry: https://modernslaveryregister.gov.au/statements/27231/.'}"
Modern slavery statement 2025-3660: ESTIA HEALTH TOPCO PTY LTD,document,"{'content': 'ESTIA HEALTH TOPCO PTY LTD filed a single modern slavery statement with the Australian Modern Slavery Register for the reporting period 2024-07-01 to 2025-06-30. The reporting entity is headquartered in Australia. The reporting entity has an annual revenue band of 1BN+. The reporting entity operates in the industry sectors: Health Care and Social Assistance. The statement also covers the included entities: ESTIA FINANCE PTY. LTD., ESTIA HEALTH BIDCO PTY LTD, ESTIA HEALTH HOLDCO PTY LTD, ESTIA HEALTH MIDCO PTY LTD, ESTIA HEALTH PTY LTD, ESTIA HEALTH RESIDENTIAL AGED CARE PTY LTD, ESTIA INVESTMENTS PTY. LTD.. Register entry: https://modernslaveryregister.gov.au/statements/26243/.'}"
Modern slavery statement 2023-91: QMETCO LIMITED,document,"{'content': 'QMETCO LIMITED (ABN 98 008 124 025) filed a joint modern slavery statement with the Australian Modern Slavery Register for the reporting period 2022-01-01 to 2022-12-31. The reporting entity is headquartered in Australia. The reporting entity has an annual revenue band of 600-700M. The reporting entity operates in the industry sectors: Mining, metals, chemicals and resources (including oil and gas). Register entry: https://modernslaveryregister.gov.au/statements/12198/.'}"
Modern slavery statement 2021-2481: AMERICOLD AUSTRALIAN HOLDINGS PTY LTD & AMERICOLD AUSTRALIA PTY LTD & AMERICOLD LOGISTICS LIMITED et al.,document,"{'content': 'AMERICOLD AUSTRALIAN HOLDINGS PTY LTD (ABN 48 117 491 291), AMERICOLD AUSTRALIA PTY LTD (ABN 14 116 962 219), AMERICOLD LOGISTICS LIMITED (ABN 58 004 902 998) and ICICLE AUSTRALIA PROPERTY PTY LIMITED (ABN 22 605 994 107) filed a joint modern slavery statement with the Australian Modern Slavery Register for the reporting period 2020-07-01 to 2021-06-30. The reporting entities are headquartered in United States of America. The reporting entities have an annual revenue band of 1BN+. The reporting entities operate in the industry sectors: Transportation, logistics, and storage. Register entry: https://modernslaveryregister.gov.au/statements/5148/.'}"
Modern slavery statement 2021-3666: AJ LUCAS GROUP LIMITED,document,"{'content': 'AJ LUCAS GROUP LIMITED (ABN 12 060 309 104) filed a single modern slavery statement with the Australian Modern Slavery Register for the reporting period 2020-07-01 to 2021-06-30. The reporting entity is headquartered in Australia. The reporting entity has an annual revenue band of 100-150M. The reporting entity operates in the industry sectors: Mining, metals, chemicals and resources (including oil and gas). Register entry: https://modernslaveryregister.gov.au/statements/7014/.'}"
Modern slavery statement 2025-1689: INTERFACE AUST. HOLDINGS PTY LIMITED & INTERFACE AUST PTY LIMITED,document,{'content': 'INTERFACE AUST. HOLDINGS PTY LIMITED (ABN 68 074 804 381) and INTERFACE AUST PTY LIMITED (ABN 39 000 692 026) filed a joint modern slavery statement with the Australian Modern Slavery Register for the reporting period 2024-01-01 to 2024-12-31. The reporting entities are headquartered in Australia. The reporting entities have an annual revenue band of 100-150M. The reporting entities operate in the industry sectors: Manufacturing. Register entry: https://modernslaveryregister.gov.au/statements/23956/.'}
Modern slavery statement 2020-350: SERCO GROUP PTY LIMITED,document,{'content': 'SERCO GROUP PTY LIMITED (ABN 55 061 889 763) filed a joint modern slavery statement with the Australian Modern Slavery Register for the reporting period 2019-04-01 to 2020-03-30. The reporting entity is headquartered in United Kingdom. The reporting entity has an annual revenue band of Unknown. The reporting entity operates in the industry sectors: Other. Register entry: https://modernslaveryregister.gov.au/statements/838/.'}
Modern slavery statement 2021-2602: DDH 1 DRILLING PTY LIMITED & DDH1 LIMITED & RANGER EXPLORATION DRILLING PTY LTD et al.,document,"{'content': 'DDH 1 DRILLING PTY LIMITED (ABN 73 154 493 008), DDH1 LIMITED (ABN 48 636 677 088), RANGER EXPLORATION DRILLING PTY LTD (ABN 51 617 982 680) and STRIKE DRILLING PTY LTD (ABN 89 164 225 656) filed a joint modern slavery statement with the Australian Modern Slavery Register for the reporting period 2020-07-01 to 2021-06-30. The reporting entities are headquartered in Australia. The reporting entities have an annual revenue band of 250-300M. The reporting entities operate in the industry sectors: Mining, metals, chemicals and resources (including oil and gas). Register entry: https://modernslaveryregister.gov.au/statements/5362/.'}"
Modern slavery statement 2024-469: BECTON DICKINSON PTY. LTD.,document,{'content': 'BECTON DICKINSON PTY. LTD. (ABN 82 005 914 796) filed a single modern slavery statement with the Australian Modern Slavery Register for the reporting period 2022-10-01 to 2023-09-30. The reporting entity is headquartered in United States of America. The reporting entity has an annual revenue band of 300-350M. The reporting entity operates in the industry sectors: Healthcare and pharmaceuticals. Register entry: https://modernslaveryregister.gov.au/statements/17458/.'}
Modern slavery statement 2025-2051: BURBERRY GROUP PLC,document,{'content': 'BURBERRY GROUP PLC filed a single modern slavery statement with the Australian Modern Slavery Register for the reporting period 2024-04-01 to 2025-03-31. The reporting entity is headquartered in United Kingdom. The reporting entity has an annual revenue band of 1BN+. The reporting entity operates in the industry sectors: Retail Trade. The statement also covers the included entities: BURBERRY PACIFIC PTY LTD. Register entry: https://modernslaveryregister.gov.au/statements/24478/.'}
Modern slavery statement 2023-3125: YELLOW BRICK ROAD HOLDINGS LIMITED,document,"{'content': 'YELLOW BRICK ROAD HOLDINGS LIMITED (ABN 44 119 436 083) filed a joint modern slavery statement with the Australian Modern Slavery Register for the reporting period 2022-01-01 to 2022-12-31. The reporting entity is headquartered in Australia. The reporting entity has an annual revenue band of 300-350M. The reporting entity operates in the industry sectors: Financial, insurance and real estate activities. The statement also covers the included entities: RESI MORTGAGE CORPORATION PTY LIMITED (61 092 564 415), RESI WHOLESALE FUNDING PTY LIMITED (22 140 674 120), VOW FINANCIAL GROUP PTY LTD (26 135 411 120), VOW FINANCIAL PTY LTD (66 138 789 161), YBR ADMINISTRATION SERVICES PTY LTD (20 612 545 356), YELLOW BRICK ROAD FINANCE PTY. LIMITED (33 128 708 109), YELLOW BRICK ROAD GROUP PTY. LIMITED (58 124 415 194). Register entry: https://modernslaveryregister.gov.au/statements/16392/.'}"
Modern slavery statement 2022-427: AIRBUS AUSTRALIA PACIFIC LIMITED,document,"{'content': 'AIRBUS AUSTRALIA PACIFIC LIMITED (ABN 68 003 035 470) filed a single modern slavery statement with the Australian Modern Slavery Register for the reporting period 2021-01-01 to 2021-12-31. The reporting entity is headquartered in France, Netherlands. The reporting entity has an annual revenue band of 600-700M. The reporting entity operates in the industry sectors: Defence and aerospace. Register entry: https://modernslaveryregister.gov.au/statements/8321/.'}"
Modern slavery statement 2024-2680: THE UBA GROUP PTY LTD,document,"{'content': 'THE UBA GROUP PTY LTD (ABN 22 126 575 335) filed a single modern slavery statement with the Australian Modern Slavery Register for the reporting period 2023-07-01 to 2024-06-30. The reporting entity is headquartered in Australia. The reporting entity has an annual revenue band of 150-200M. The reporting entity operates in the industry sectors: Durable consumer goods, including electronics and appliances, home furnishings and other accessories. The statement also covers the included entities: ACTION SPORTS EQUIPMENT PTY LTD (70 122 978 330), UNCLE BILLS ASIA PACIFIC PTY LTD (60 617 385 734), Uncle Bills (Australia) Pty Limited (12 110 447 731). Register entry: https://modernslaveryregister.gov.au/statements/20465/.'}"
Modern slavery statement 2023-1466: BRIDGESTONE MINING SOLUTIONS AUSTRALIA PTY LTD,document,"{'content': 'BRIDGESTONE MINING SOLUTIONS AUSTRALIA PTY LTD (ABN 74 000 069 714) filed a single modern slavery statement with the Australian Modern Slavery Register for the reporting period 2022-01-01 to 2022-12-31. The reporting entity is headquartered in Australia. The reporting entity has an annual revenue band of 900M-1BN. The reporting entity operates in the industry sectors: Automotive, machinery and heavy electrical equipment Transportation, logistics, and storage. Register entry: https://modernslaveryregister.gov.au/statements/14107/.'}"
Modern slavery statement 2023-1060: MARUBENI ALUMINIUM AUSTRALIA PTY. LTD.,document,"{'content': 'MARUBENI ALUMINIUM AUSTRALIA PTY. LTD. (ABN 60 056 598 871) filed a single modern slavery statement with the Australian Modern Slavery Register for the reporting period 2022-01-01 to 2022-12-31. The reporting entity is headquartered in Australia, Japan. The reporting entity has an annual revenue band of 300-350M. The reporting entity operates in the industry sectors: Mining, metals, chemicals and resources (including oil and gas). Register entry: https://modernslaveryregister.gov.au/statements/13652/.'}"
Modern slavery statement 2024-432: CARGOTEC AUSTRALIA PTY LTD & INVER PORT SERVICES PTY LTD & KALMAR EQUIPMENT (AUSTRALIA) PTY. LTD.,document,"{'content': 'CARGOTEC AUSTRALIA PTY LTD (ABN 72 097 663 431), INVER PORT SERVICES PTY LTD (ABN 15 087 079 347) and KALMAR EQUIPMENT (AUSTRALIA) PTY. LTD. (ABN 64 078 885 613) filed a joint modern slavery statement with the Australian Modern Slavery Register for the reporting period 2023-01-01 to 2023-12-31. The reporting entities are headquartered in Australia. The reporting entities have an annual revenue band of 200-250M. The reporting entities operate in the industry sectors: Transportation, logistics, and storage. The statement also covers the included entities: INVER PORT SERVICES PTY LTD (15 087 079 347), KALMAR EQUIPMENT (AUSTRALIA) PTY. LTD. (64 078 885 613). Register entry: https://modernslaveryregister.gov.au/statements/17396/.'}"
Modern slavery statement 2022-2949: N.A ACKROYD & Others & The Trustee for JUSTICE UNIT TRUST,document,"{'content': 'N.A ACKROYD & Others (ABN 15 364 527 724) and The Trustee for JUSTICE UNIT TRUST (ABN 45 128 258 564) filed a joint modern slavery statement with the Australian Modern Slavery Register for the reporting period 2021-07-01 to 2022-06-30. The reporting entities are headquartered in Australia. The reporting entities have an annual revenue band of 100-150M. The reporting entities operate in the industry sectors: Professional and administrative services and supplies, including legal, consulting and accounting services. Register entry: https://modernslaveryregister.gov.au/statements/11875/.'}"
Modern slavery statement 2023-1791: SANDRAN HOLDINGS PTY. LIMITED,document,"{'content': 'SANDRAN HOLDINGS PTY. LIMITED (ABN 91 002 235 725) filed a single modern slavery statement with the Australian Modern Slavery Register for the reporting period 2022-07-01 to 2023-06-30. The reporting entity is headquartered in Australia. The reporting entity has an annual revenue band of 100-150M. The reporting entity operates in the industry sectors: Financial, insurance and real estate activities. Register entry: https://modernslaveryregister.gov.au/statements/14616/.'}"
Modern slavery statement 2024-494: ELDERS INSURANCE (UNDERWRITING AGENCY) PTY LIMITED & QBE GROUP SERVICES PTY LTD & QBE HOLDINGS (AAP) PTY LIMITED et al.,document,"{'content': 'ELDERS INSURANCE (UNDERWRITING AGENCY) PTY LIMITED (ABN 56 138 879 026), QBE GROUP SERVICES PTY LTD (ABN 18 606 738 916), QBE HOLDINGS (AAP) PTY LIMITED (ABN 26 000 005 881), QBE INSURANCE (AUSTRALIA) LIMITED (ABN 78 003 191 035), QBE INSURANCE GROUP LIMITED (ABN 28 008 485 014), QBE Insurance Holdings Pty Limited (ABN 69 146 960 438), QBE LENDERS` MORTGAGE INSURANCE LIMITED (ABN 70 000 511 071) and QBE MANAGEMENT SERVICES PTY LTD (ABN 92 004 800 131) filed a joint modern slavery statement with the Australian Modern Slavery Register for the reporting period 2023-01-01 to 2023-12-31. The reporting entities are headquartered in Australia. The reporting entities have an annual revenue band of 1BN+. The reporting entities operate in the industry sectors: Financial, insurance and real estate activities. The statement also covers the included entities: AUSTRALIAN AVIATION UNDERWRITING POOL PROPRIETARY LIMITED (49 004 489 810), AUSTRAL MERCANTILE COLLECTIONS PTY LIMITED (11 083 776 149), QBE EMERGING MARKETS HOLDINGS PTY LIMITED (95 054 880 554), QBE INSURANCE (INTERNATIONAL) LTD (11 000 000 948), QBE INVESTMENTS (AUSTRALIA) PTY LIMITED (21 002 263 345), QBE LATIN AMERICA INSURANCE HOLDINGS PTY LTD (69 615 319 885), QBE MANAGEMENT SERVICES (PHILIPPINES) PTY LTD (93 121 904 783), QBE STRATEGIC CAPITAL COMPANY PTY LTD (20 000 679 498), QBE VENTURES PTY LTD (18 645 330 481), QBE WORKERS COMPENSATION (NSW) LTD (95 003 195 604), QBE WORKERS COMPENSATION (VIC) LIMITED (99 060 159 757), The Trustee for QBE Share and Option Plan Discretionary Trust for Overseas Employees (94 719 526 147), TRADE CREDIT COLLECTIONS PTY. LIMITED (82 635 741 605), TRADE CREDIT UNDERWRITING AGENCY PTY LTD (73 160 077 574). Register entry: https://modernslaveryregister.gov.au/statements/16977/.'}"
Modern slavery statement 2025-672: Brunswick Corporation,document,"{'content': 'Brunswick Corporation filed a single modern slavery statement with the Australian Modern Slavery Register for the reporting period 2024-01-01 to 2024-12-31. The reporting entity is headquartered in United States of America. The reporting entity has an annual revenue band of 1BN+. The reporting entity operates in the industry sectors: Other. The statement also covers the included entities: AUS HOLDCO PTY LIMITED, FLITEBOARD PTY LTD, MARINE POWER INTERNATIONAL LLC (25 003 100 007), NAVICO AUSTRALIA PTY LIMITED (96 124 340 898). Register entry: https://modernslaveryregister.gov.au/statements/22662/.'}"
Modern slavery statement 2021-2908: AUSTRALIAN RAIL TRACK CORPORATION LIMITED,document,"{'content': 'AUSTRALIAN RAIL TRACK CORPORATION LIMITED (ABN 75 081 455 754) filed a single modern slavery statement with the Australian Modern Slavery Register for the reporting period 2020-07-01 to 2021-06-30. The reporting entity is headquartered in Australia. The reporting entity has an annual revenue band of 700-800M. The reporting entity operates in the industry sectors: Construction, civil engineering and building products Transportation, logistics, and storage. Register entry: https://modernslaveryregister.gov.au/statements/5796/.'}"
Modern slavery statement 2021-1214: HALL HOLDCO PTY LTD,document,"{'content': 'HALL HOLDCO PTY LTD (ABN 83 623 029 005) filed a single modern slavery statement with the Australian Modern Slavery Register for the reporting period 2019-07-01 to 2020-06-30. The reporting entity is headquartered in Australia. The reporting entity has an annual revenue band of 150-200M. The reporting entity operates in the industry sectors: Construction, civil engineering and building products Other. Register entry: https://modernslaveryregister.gov.au/statements/3125/.'}"
Modern slavery statement 2023-1602: ELECTRONICS BOUTIQUE AUSTRALIA PTY LIMITED,document,{'content': 'ELECTRONICS BOUTIQUE AUSTRALIA PTY LIMITED (ABN 50 077 681 442) filed a single modern slavery statement with the Australian Modern Slavery Register for the reporting period 2021-07-01 to 2022-06-30. The reporting entity is headquartered in Australia. The reporting entity has an annual revenue band of 800-900M. The reporting entity operates in the industry sectors: Other. Register entry: https://modernslaveryregister.gov.au/statements/14322/.'}
Modern slavery statement 2021-3774: TIGER HOLDCO PTY LTD,document,"{'content': 'TIGER HOLDCO PTY LTD (ABN 71 639 276 412) filed a single modern slavery statement with the Australian Modern Slavery Register for the reporting period 2020-07-01 to 2021-06-30. The reporting entity is headquartered in Australia. The reporting entity has an annual revenue band of 100-150M. The reporting entity operates in the industry sectors: Food and beverages, agriculture and fishing Media, publishing, arts and entertainment Consumer services, including accommodation, hospitality, tourism and leisure. Register entry: https://modernslaveryregister.gov.au/statements/7156/.'}"
Modern slavery statement 2024-3425: B.I.C. SERVICES PTY. LIMITED & CONSOLIDATED PROPERTY SERVICES PTY LTD,document,{'content': 'B.I.C. SERVICES PTY. LIMITED (ABN 40 003 700 301) and CONSOLIDATED PROPERTY SERVICES PTY LTD (ABN 60 164 974 814) filed a joint modern slavery statement with the Australian Modern Slavery Register for the reporting period 2023-07-01 to 2024-06-30. The reporting entities are headquartered in Australia. The reporting entities have an annual revenue band of 400-450M. The reporting entities operate in the industry sectors: Cleaning and security services. Register entry: https://modernslaveryregister.gov.au/statements/21304/.'}
Modern slavery statement 2023-1369: ESSILOR AUSTRALIA PTY LTD & LUXOTTICA RETAIL AUSTRALIA PTY LTD & Luxottica South Pacific Holdings Pty Limited,document,"{'content': 'ESSILOR AUSTRALIA PTY LTD (ABN 96 002 659 458), LUXOTTICA RETAIL AUSTRALIA PTY LTD (ABN 26 000 025 758) and Luxottica South Pacific Holdings Pty Limited (ABN 58 104 629 772) filed a joint modern slavery statement with the Australian Modern Slavery Register for the reporting period 2022-01-01 to 2022-12-31. The reporting entities are headquartered in Australia, France, Italy. The reporting entities have an annual revenue band of 1BN+. The reporting entities operate in the industry sectors: Fashion, textiles, apparel and luxury goods Healthcare and pharmaceuticals. Register entry: https://modernslaveryregister.gov.au/statements/14012/.'}"
Modern slavery statement 2021-2411: ALS INDUSTRIAL PTY LTD & ALS LIMITED & AUSTRALIAN LABORATORY SERVICES PTY. LTD.,document,"{'content': 'ALS INDUSTRIAL PTY LTD (ABN 21 006 353 046), ALS LIMITED (ABN 92 009 657 489) and AUSTRALIAN LABORATORY SERVICES PTY. LTD. (ABN 84 009 936 029) filed a joint modern slavery statement with the Australian Modern Slavery Register for the reporting period 2020-07-01 to 2021-06-30. The reporting entities are headquartered in Australia. The reporting entities have an annual revenue band of 1BN+. The reporting entities operate in the industry sectors: Other. Register entry: https://modernslaveryregister.gov.au/statements/5040/.'}"
Modern slavery statement 2021-2197: L'OREAL AUSTRALIA PTY LTD,document,"{'content': ""L'OREAL AUSTRALIA PTY LTD (ABN 40 004 191 673) filed a single modern slavery statement with the Australian Modern Slavery Register for the reporting period 2020-01-01 to 2020-12-31. The reporting entity is headquartered in Australia. The reporting entity has an annual revenue band of 600-700M. The reporting entity operates in the industry sectors: Cosmetics and toiletries Fashion, textiles, apparel and luxury goods. Register entry: https://modernslaveryregister.gov.au/statements/4774/.""}"
Modern slavery statement 2022-2525: SPECIAL BROADCASTING SERVICE CORPORATION,document,"{'content': 'SPECIAL BROADCASTING SERVICE CORPORATION (ABN 91 314 398 574) filed a single modern slavery statement with the Australian Modern Slavery Register for the reporting period 2021-07-01 to 2022-06-30. The reporting entity is headquartered in Australia. The reporting entity has an annual revenue band of 450-500M. The reporting entity operates in the industry sectors: Media, publishing, arts and entertainment. Register entry: https://modernslaveryregister.gov.au/statements/11349/.'}"
Modern slavery statement 2021-2818: Nomura Global Financial Products Inc.,document,"{'content': 'Nomura Global Financial Products Inc. filed a single modern slavery statement with the Australian Modern Slavery Register for the reporting period 2020-04-01 to 2021-03-30. The reporting entity is headquartered in United States of America. The reporting entity has an annual revenue band of 200-250M. The reporting entity operates in the industry sectors: Financial, insurance and real estate activities. Register entry: https://modernslaveryregister.gov.au/statements/5633/.'}"
Modern slavery statement 2025-3742: COTTON ON AUSTRALIA PTY LTD,document,{'content': 'COTTON ON AUSTRALIA PTY LTD (ABN 13 634 090 083) filed a single modern slavery statement with the Australian Modern Slavery Register for the reporting period 2024-07-01 to 2025-06-30. The reporting entity is headquartered in Australia. The reporting entity has an annual revenue band of 1BN+. The reporting entity operates in the industry sectors: Retail Trade. Register entry: https://modernslaveryregister.gov.au/statements/26839/.'}
Modern slavery statement 2021-2128: GLAD CLEANING SERVICE PTY. LTD. & GLAD GROUP PTY LTD & GLAD MAINTENANCE PTY. LTD. et al.,document,"{'content': 'GLAD CLEANING SERVICE PTY. LTD. (ABN 43 054 617 891), GLAD GROUP PTY LTD (ABN 62 092 928 115), GLAD MAINTENANCE PTY. LTD. (ABN 85 127 522 481), GLAD SECURITY PTY. LTD. (ABN 99 122 097 590) and MUTUAL CLEANING & MAINTENANCE PTY. LTD. (ABN 53 006 516 810) filed a joint modern slavery statement with the Australian Modern Slavery Register for the reporting period 2019-07-01 to 2020-06-30. The reporting entities are headquartered in Australia. The reporting entities have an annual revenue band of 0-99M. The reporting entities operate in the industry sectors: Cleaning and security services. Register entry: https://modernslaveryregister.gov.au/statements/4719/.'}"
Modern slavery statement 2022-1576: CH ROBINSON WORLDWIDE (AUSTRALIA) PTY LIMITED,document,"{'content': 'CH ROBINSON WORLDWIDE (AUSTRALIA) PTY LIMITED (ABN 51 135 205 551) filed a single modern slavery statement with the Australian Modern Slavery Register for the reporting period 2021-07-01 to 2022-06-30. The reporting entity is headquartered in United States of America. The reporting entity has an annual revenue band of 100-150M. The reporting entity operates in the industry sectors: Transportation, logistics, and storage. Register entry: https://modernslaveryregister.gov.au/statements/10005/.'}"
Modern slavery statement 2025-3551: DYMOCKS HOLDINGS PTY LTD,document,{'content': 'DYMOCKS HOLDINGS PTY LTD (ABN 59 008 453 110) filed a single modern slavery statement with the Australian Modern Slavery Register for the reporting period 2024-07-01 to 2025-06-30. The reporting entity is headquartered in Australia. The reporting entity has an annual revenue band of 100-150M. The reporting entity operates in the industry sectors: Retail Trade Other Services. Register entry: https://modernslaveryregister.gov.au/statements/26622/.'}
Modern slavery statement 2025-2606: SELECT HARVESTS LIMITED,document,"{'content': 'SELECT HARVESTS LIMITED (ABN 87 000 721 380) filed a single modern slavery statement with the Australian Modern Slavery Register for the reporting period 2023-11-01 to 2024-10-31. The reporting entity is headquartered in Australia. The reporting entity has an annual revenue band of 250-300M. The reporting entity operates in the industry sectors: Agriculture, Forestry and Fishing. The statement also covers the included entities: KIBLEY PTY. LTD., KYNDALYN PARK PTY LTD, MERIRAM PTY LTD, SELECT HARVESTS FOOD PRODUCTS PTY LTD. Register entry: https://modernslaveryregister.gov.au/statements/25330/.'}"
Modern slavery statement 2021-1694: CASA TECHNOLOGIES PTY LTD,document,{'content': 'CASA TECHNOLOGIES PTY LTD (ABN 11 632 730 020) filed a single modern slavery statement with the Australian Modern Slavery Register for the reporting period 2020-01-01 to 2020-12-31. The reporting entity is headquartered in Australia. The reporting entity has an annual revenue band of 250-300M. The reporting entity operates in the industry sectors: Information technology and telecommunication. Register entry: https://modernslaveryregister.gov.au/statements/3882/.'}
Modern slavery statement 2021-2139: AB Funding Pty Ltd & APEX CAR RENTALS PTY LTD & AU HOLDCO PTY LTD et al.,document,"{'content': 'AB Funding Pty Ltd (ABN 95 125 104 654), APEX CAR RENTALS PTY LTD (ABN 65 159 894 970), AU HOLDCO PTY LTD (ABN 57 159 895 744), AVIS MANAGEMENT PTY LTD (ABN 50 001 889 336), BUDGET RENT A CAR AUSTRALIA PTY. LTD. (ABN 89 007 348 021), BUDGET RENT A CAR OPERATIONS PTY LTD (ABN 55 054 583 925), SHOW GROUP ENTERPRISES PTY LIMITED (ABN 86 070 810 703) and W T H PTY LTD (ABN 15 000 165 855) filed a joint modern slavery statement with the Australian Modern Slavery Register for the reporting period 2020-01-01 to 2020-12-31. The reporting entities are headquartered in Australia. The reporting entities have an annual revenue band of 600-700M. The reporting entities operate in the industry sectors: Automotive, machinery and heavy electrical equipment Consumer services, including accommodation, hospitality, tourism and leisure Cleaning and security services. Register entry: https://modernslaveryregister.gov.au/statements/4651/.'}"
Modern slavery statement 2024-407: WINDFIELD HOLDINGS PTY LTD,document,"{'content': 'WINDFIELD HOLDINGS PTY LTD (ABN 60 160 456 164) filed a single modern slavery statement with the Australian Modern Slavery Register for the reporting period 2023-01-01 to 2023-12-31. The reporting entity is headquartered in Australia. The reporting entity has an annual revenue band of 1BN+. The reporting entity operates in the industry sectors: Mining, metals, chemicals and resources (including oil and gas). Register entry: https://modernslaveryregister.gov.au/statements/17362/.'}"
Modern slavery statement 2021-1104: MNF GROUP LIMITED,document,{'content': 'MNF GROUP LIMITED (ABN 37 118 699 853) filed a single modern slavery statement with the Australian Modern Slavery Register for the reporting period 2019-07-01 to 2020-06-30. The reporting entity is headquartered in Australia. The reporting entity has an annual revenue band of 200-250M. The reporting entity operates in the industry sectors: Information technology and telecommunication. Register entry: https://modernslaveryregister.gov.au/statements/2247/.'}
Modern slavery statement 2021-2164: TREND MICRO AUSTRALIA PTY. LTD.,document,{'content': 'TREND MICRO AUSTRALIA PTY. LTD. (ABN 70 077 055 817) filed a single modern slavery statement with the Australian Modern Slavery Register for the reporting period 2020-04-01 to 2021-03-30. The reporting entity is headquartered in Japan. The reporting entity has an annual revenue band of 200-250M. The reporting entity operates in the industry sectors: Information technology and telecommunication. Register entry: https://modernslaveryregister.gov.au/statements/4766/.'}
Modern slavery statement 2023-432: TD Securities (USA) LLC & Toronto Dominion (South East Asia) Limited,document,"{'content': 'TD Securities (USA) LLC (ABN 00 000 000 000) and Toronto Dominion (South East Asia) Limited (ABN 00 000 000 000) filed a joint modern slavery statement with the Australian Modern Slavery Register for the reporting period 2021-11-01 to 2022-10-31. The reporting entities are headquartered in Singapore, United States of America. The reporting entities have an annual revenue band of 1BN+. The reporting entities operate in the industry sectors: Financial, insurance and real estate activities. Register entry: https://modernslaveryregister.gov.au/statements/12708/.'}"
Modern slavery statement 2023-3390: LINFOX PROPRIETARY LIMITED,document,"{'content': 'LINFOX PROPRIETARY LIMITED (ABN 59 004 667 298) filed a joint modern slavery statement with the Australian Modern Slavery Register for the reporting period 2022-07-01 to 2023-06-30. The reporting entity is headquartered in Australia. The reporting entity has an annual revenue band of 1BN+. The reporting entity operates in the industry sectors: Transportation, logistics, and storage. The statement also covers the included entities: Linfox Armaguard Pty Ltd (83 099 701 872), LINFOX AUSTRALIA PTY LTD (47 004 718 647), LINFOX INTERNATIONAL GROUP PTY LTD (79 058 015 544). Register entry: https://modernslaveryregister.gov.au/statements/16674/.'}"
Modern slavery statement 2022-2293: Northern SEQ Distributor - Retailer Authority,document,"{'content': 'Northern SEQ Distributor - Retailer Authority (ABN 89 791 717 472) filed a single modern slavery statement with the Australian Modern Slavery Register for the reporting period 2021-07-01 to 2022-06-30. The reporting entity is headquartered in Australia. The reporting entity has an annual revenue band of 700-800M. The reporting entity operates in the industry sectors: Utilities: gas, water and electricity. Register entry: https://modernslaveryregister.gov.au/statements/11046/.'}"
Modern slavery statement 2022-902: China Construction Bank Corporation,document,"{'content': 'China Construction Bank Corporation (ABN 24 125 167 553) filed a single modern slavery statement with the Australian Modern Slavery Register for the reporting period 2021-01-01 to 2021-12-31. The reporting entity is headquartered in China. The reporting entity has an annual revenue band of 600-700M. The reporting entity operates in the industry sectors: Financial, insurance and real estate activities. Register entry: https://modernslaveryregister.gov.au/statements/9098/.'}"
Modern slavery statement 2025-2965: S.N ARONEY & A.P BROWN & D CURRY & S.A LEWIN & J.A MAZZOTTA & J.V NERURKER & J PRICE & A GADIEL & A SPALDING & A BREARLEY & A WHEALY & B TAYLOR & C HALLGATH & C GOTIS-GRAHAM & R WHITE & OTHERS,document,"{'content': 'S.N ARONEY & A.P BROWN & D CURRY & S.A LEWIN & J.A MAZZOTTA & J.V NERURKER & J PRICE & A GADIEL & A SPALDING & A BREARLEY & A WHEALY & B TAYLOR & C HALLGATH & C GOTIS-GRAHAM & R WHITE & OTHERS (ABN 51 493 069 734) filed a single modern slavery statement with the Australian Modern Slavery Register for the reporting period 2024-07-01 to 2025-06-30. The reporting entity is headquartered in Australia. The reporting entity has an annual revenue band of 350-400M. The reporting entity operates in the industry sectors: Professional, Scientific and Technical Services. Register entry: https://modernslaveryregister.gov.au/statements/25840/.'}"
Modern slavery statement 2025-800: KUBOTA AUSTRALIA PTY LTD,document,"{'content': 'KUBOTA AUSTRALIA PTY LTD (ABN 72 005 300 621) filed a single modern slavery statement with the Australian Modern Slavery Register for the reporting period 2024-01-01 to 2024-12-31. The reporting entity is headquartered in Japan. The reporting entity has an annual revenue band of 600-700M. The reporting entity operates in the industry sectors: Automotive, machinery and heavy electrical equipment. The statement also covers the included entities: Kubota New Zealand Limited. Register entry: https://modernslaveryregister.gov.au/statements/22849/.'}"
Modern slavery statement 2023-2501: BAPTCARE LTD,document,{'content': 'BAPTCARE LTD (ABN 12 069 130 463) filed a single modern slavery statement with the Australian Modern Slavery Register for the reporting period 2022-07-01 to 2023-06-30. The reporting entity is headquartered in Australia. The reporting entity has an annual revenue band of 350-400M. The reporting entity operates in the industry sectors: Charitable / not-for-profit activities. Register entry: https://modernslaveryregister.gov.au/statements/15601/.'}
Modern slavery statement 2025-1986: MULTIGATE MEDICAL PRODUCTS PTY LTD,document,{'content': 'MULTIGATE MEDICAL PRODUCTS PTY LTD (ABN 98 003 283 529) filed a single modern slavery statement with the Australian Modern Slavery Register for the reporting period 2024-07-01 to 2025-06-30. The reporting entity is headquartered in Australia. The reporting entity has an annual revenue band of 150-200M. The reporting entity operates in the industry sectors: Manufacturing. Register entry: https://modernslaveryregister.gov.au/statements/24375/.'}
Modern slavery statement 2023-2196: BUILT GROUP HOLDINGS PTY LIMITED,document,"{'content': 'BUILT GROUP HOLDINGS PTY LIMITED (ABN 88 163 462 637) filed a single modern slavery statement with the Australian Modern Slavery Register for the reporting period 2022-07-01 to 2023-06-30. The reporting entity is headquartered in Australia. The reporting entity has an annual revenue band of 1BN+. The reporting entity operates in the industry sectors: Construction, civil engineering and building products. Register entry: https://modernslaveryregister.gov.au/statements/15177/.'}"
Modern slavery statement 2024-2974: AMPLITUDE ENERGY LIMITED,document,"{'content': 'AMPLITUDE ENERGY LIMITED (ABN 93 096 170 295) filed a single modern slavery statement with the Australian Modern Slavery Register for the reporting period 2023-07-01 to 2024-06-30. The reporting entity is headquartered in Australia. The reporting entity has an annual revenue band of 200-250M. The reporting entity operates in the industry sectors: Mining, metals, chemicals and resources (including oil and gas). The statement also covers the included entities: COOPER ENERGY (AGP) PTY LTD, COOPER ENERGY (AUSTRALIA) PTY. LTD., COOPER ENERGY (BMG) PTY LTD, COOPER ENERGY (CB) PTY LTD, COOPER ENERGY (CH) PTY. LTD. (70 615 355 023), COOPER ENERGY (CS) PTY LTD, COOPER ENERGY (EA) PTY. LTD., COOPER ENERGY (FINANCE) PTY LTD, COOPER ENERGY (HC) PTY. LTD., COOPER ENERGY (IC) PTY. LTD., COOPER ENERGY (MARKETING) PTY LTD, COOPER ENERGY (MF) PTY. LTD. (37 615 354 955), COOPER ENERGY (MGP) PTY. LTD. (66 615 355 005), COOPER ENERGY (MS) PTY LTD, COOPER ENERGY (PBF) PTY. LTD. (43 615 354 982), COOPER ENERGY (PB PIPELINES) PTY. LTD., COOPER ENERGY (SOLE) PTY. LTD., COOPER ENERGY (TC) PTY. LTD., COOPER ENERGY (VO) PTY. LTD., Essential Petroleum Exploration Pty Ltd (86 122 852 457), SOMERTON ENERGY LIMITED (38 089 956 150). Register entry: https://modernslaveryregister.gov.au/statements/19941/.'}"
Modern slavery statement 2020-53: ASTELLAS PHARMA AUSTRALIA PTY LTD,document,{'content': 'ASTELLAS PHARMA AUSTRALIA PTY LTD (ABN 81 147 915 482) filed a single modern slavery statement with the Australian Modern Slavery Register for the reporting period 2019-04-01 to 2020-03-30. The reporting entity is headquartered in Australia. The reporting entity has an annual revenue band of 100-150M. The reporting entity operates in the industry sectors: Healthcare and pharmaceuticals. Register entry: https://modernslaveryregister.gov.au/statements/172/.'}
Modern slavery statement 2024-2567: QUDOS MUTUAL LTD,document,"{'content': 'QUDOS MUTUAL LTD (ABN 53 087 650 557) filed a single modern slavery statement with the Australian Modern Slavery Register for the reporting period 2023-07-01 to 2024-06-30. The reporting entity is headquartered in Australia. The reporting entity has an annual revenue band of 0-99M. The reporting entity operates in the industry sectors: Financial, insurance and real estate activities. Register entry: https://modernslaveryregister.gov.au/statements/20309/.'}"
Modern slavery statement 2022-1932: BGH BIDCO A PTY LTD & MARRON GROUP HOLDINGS PTY LTD & MARRON GROUP MIDCO 1 PTY LTD et al.,document,"{'content': 'BGH BIDCO A PTY LTD (ABN 79 631 573 763), MARRON GROUP HOLDINGS PTY LTD (ABN 71 631 941 403), MARRON GROUP MIDCO 1 PTY LTD (ABN 54 633 571 052), MARRON GROUP MIDCO 2 PTY LTD (ABN 29 631 562 582), Marron Group UK Holdings Limited, NAVITAS PTY LIMITED (ABN 69 109 613 309), NAVITAS SAE HOLDINGS PTY LTD (ABN 75 141 128 869), NAVITAS SAE (UK) HOLDINGS PTY LTD (ABN 27 087 590 010) and NAVITAS UK HOLDINGS LIMITED filed a joint modern slavery statement with the Australian Modern Slavery Register for the reporting period 2021-07-01 to 2022-06-30. The reporting entities are headquartered in Australia, United Kingdom. The reporting entities have an annual revenue band of 1BN+. The reporting entities operate in the industry sectors: Education and research. Register entry: https://modernslaveryregister.gov.au/statements/10528/.'}"
Modern slavery statement 2021-2304: CAPRAL LIMITED,document,"{'content': 'CAPRAL LIMITED (ABN 78 004 213 692) filed a single modern slavery statement with the Australian Modern Slavery Register for the reporting period 2020-01-01 to 2020-12-31. The reporting entity is headquartered in Australia. The reporting entity has an annual revenue band of 400-450M. The reporting entity operates in the industry sectors: Mining, metals, chemicals and resources (including oil and gas) Construction, civil engineering and building products. Register entry: https://modernslaveryregister.gov.au/statements/4595/.'}"
"Modern slavery statement 2024-3506: Lavomer Riah Pty Ltd, SHAVER SHOP GROUP LIMITED & SHAVER SHOP PTY. LTD.",document,"{'content': 'Lavomer Riah Pty Ltd, SHAVER SHOP GROUP LIMITED (ABN 78 150 747 649) and SHAVER SHOP PTY. LTD. (ABN 86 092 829 019) filed a joint modern slavery statement with the Australian Modern Slavery Register for the reporting period 2023-07-01 to 2024-06-30. The reporting entities are headquartered in Australia. The reporting entities have an annual revenue band of 200-250M. The reporting entities operate in the industry sectors: Durable consumer goods, including electronics and appliances, home furnishings and other accessories Cosmetics and toiletries. The statement also covers the included entities: Lavomer Riah Pty Ltd, SHAVER SHOP PTY. LTD. (86 092 829 019). Register entry: https://modernslaveryregister.gov.au/statements/21471/.'}"
Modern slavery statement 2023-447: BRANDO AUS HOLDCO PTY LTD & MARLIN BRANDS PTY LTD,document,"{'content': 'BRANDO AUS HOLDCO PTY LTD (ABN 31 632 004 392) and MARLIN BRANDS PTY LTD (ABN 53 630 704 004) filed a joint modern slavery statement with the Australian Modern Slavery Register for the reporting period 2022-01-01 to 2022-12-31. The reporting entities are headquartered in Australia. The reporting entities have an annual revenue band of 500-600M. The reporting entities operate in the industry sectors: Durable consumer goods, including electronics and appliances, home furnishings and other accessories. Register entry: https://modernslaveryregister.gov.au/statements/12728/.'}"
Modern slavery statement 2025-2779: ARTISAN CONSULTING PTY LTD & BEXTON IT SERVICES PTY LTD & Braestone Pty Ltd et al.,document,"{'content': 'ARTISAN CONSULTING PTY LTD (ABN 82 609 913 199), BEXTON IT SERVICES PTY LTD (ABN 82 169 381 739), Braestone Pty Ltd (ABN 47 145 743 282), COALESCENT INFRASTRUCTURE BROKERS PTY LTD (ABN 69 607 807 956), COROMA CONSULTING PTY LTD (ABN 36 604 278 131), DATA ADDICTION PTY LTD (ABN 32 630 447 657), FRONDE AUSTRALIA PTY LIMITED, Fronde Systems Group Limited, LVP TECH BIDCO PTY LTD, LVP Tech FinCo Pty Ltd, LVP Tech MidCo Pty Ltd, LVP TECHNOLOGY SERVICES PTY LTD (ABN 72 643 786 118), LVPTech NZ BidCo Limited, Q1 PROFESSIONAL SERVICES PTY LTD (ABN 34 160 055 907), Q1 Recruitment Pty Ltd (ABN 17 122 874 417), SACON GROUP PTY LTD (ABN 27 163 538 903), SEISMA PTY LTD (ABN 43 108 575 604), SmartApps NZ Limited, SMART APPS PTY LTD (ABN 86 118 725 081) and SYSTEMS AND PEOPLE PTY LTD (ABN 78 069 268 588) filed a joint modern slavery statement with the Australian Modern Slavery Register for the reporting period 2024-07-01 to 2025-06-30. The reporting entities are headquartered in New Zealand, Australia. The reporting entities have an annual revenue band of 100-150M. The reporting entities operate in the industry sectors: Professional, Scientific and Technical Services. Register entry: https://modernslaveryregister.gov.au/statements/25561/.'}"
"Modern slavery statement 2025-2949: PARF COMPANY 1 PTY LTD, PARF COMPANY 2 PTY LTD",document,"{'content': 'PARF COMPANY 1 PTY LTD, PARF COMPANY 2 PTY LTD filed a joint modern slavery statement with the Australian Modern Slavery Register for the reporting period 2024-07-01 to 2025-06-30. The reporting entity is headquartered in Australia. The reporting entity has an annual revenue band of 350-400M. The reporting entity operates in the industry sectors: Electricity, Gas, Water and Waste Services. Register entry: https://modernslaveryregister.gov.au/statements/25820/.'}"
Modern slavery statement 2025-222: ACCENTURE AUSTRALIA HOLDINGS PTY LTD & ACCENTURE AUSTRALIA PTY LIMITED & AVANADE AUSTRALIA PTY LIMITED,document,"{'content': 'ACCENTURE AUSTRALIA HOLDINGS PTY LTD (ABN 61 096 995 649), ACCENTURE AUSTRALIA PTY LIMITED (ABN 49 096 776 895) and AVANADE AUSTRALIA PTY LIMITED (ABN 58 093 925 207) filed a joint modern slavery statement with the Australian Modern Slavery Register for the reporting period 2023-09-01 to 2024-08-31. The reporting entities are headquartered in Australia. The reporting entities have an annual revenue band of 1BN+. The reporting entities operate in the industry sectors: Information technology and telecommunication. Register entry: https://modernslaveryregister.gov.au/statements/21951/.'}"
Modern slavery statement 2022-1641: COLES GROUP LIMITED & COLES SUPERMARKETS AUSTRALIA PTY LTD & Eureka Operations Pty Ltd et al.,document,"{'content': 'COLES GROUP LIMITED (ABN 11 004 089 936), COLES SUPERMARKETS AUSTRALIA PTY LTD (ABN 45 004 189 708), Eureka Operations Pty Ltd (ABN 78 104 811 216) and LIQUORLAND (AUSTRALIA) PTY. LTD. (ABN 82 007 512 414) filed a joint modern slavery statement with the Australian Modern Slavery Register for the reporting period 2021-07-01 to 2022-06-30. The reporting entities are headquartered in Australia. The reporting entities have an annual revenue band of 1BN+. The reporting entities operate in the industry sectors: Food and beverages, agriculture and fishing. Register entry: https://modernslaveryregister.gov.au/statements/10100/.'}"
"Modern slavery statement 2023-1368: FEI AUSTRALIA PTY LTD, FEI MELBOURNE PTY LTD, Fisher Scientific Australia Pty Ltd, OXOID AUSTRALIA PTY. LIMITED, PATHEON BIOLOGICS AUSTRALIA PTY LTD, THERMO ELECTRON AUSTRALIA PTY LIMITED",document,"{'content': 'FEI AUSTRALIA PTY LTD, FEI MELBOURNE PTY LTD, Fisher Scientific Australia Pty Ltd, OXOID AUSTRALIA PTY. LIMITED, PATHEON BIOLOGICS AUSTRALIA PTY LTD, THERMO ELECTRON AUSTRALIA PTY LIMITED filed a joint modern slavery statement with the Australian Modern Slavery Register for the reporting period 2022-01-01 to 2022-12-31. The reporting entity is headquartered in Australia, United States of America. The reporting entity has an annual revenue band of 700-800M. The reporting entity operates in the industry sectors: Healthcare and pharmaceuticals Other. Register entry: https://modernslaveryregister.gov.au/statements/13741/.'}"
Modern slavery statement 2021-3477: AGL ENERGY LIMITED,document,"{'content': 'AGL ENERGY LIMITED (ABN 74 115 061 375) filed a joint modern slavery statement with the Australian Modern Slavery Register for the reporting period 2020-07-01 to 2021-06-30. The reporting entity is headquartered in Australia. The reporting entity has an annual revenue band of 1BN+. The reporting entity operates in the industry sectors: Utilities: gas, water and electricity Information technology and telecommunication. Register entry: https://modernslaveryregister.gov.au/statements/6717/.'}"
Modern slavery statement 2021-168: Suncorp Group Limited,document,"{'content': 'Suncorp Group Limited (ABN 66 145 290 124) filed a joint modern slavery statement with the Australian Modern Slavery Register for the reporting period 2019-07-01 to 2020-06-30. The reporting entity is headquartered in Australia, New Zealand. The reporting entity has an annual revenue band of 1BN+. The reporting entity operates in the industry sectors: Financial, insurance and real estate activities. Register entry: https://modernslaveryregister.gov.au/statements/1372/.'}"
Modern slavery statement 2021-1464: CANADIAN IMPERIAL BANK OF COMMERCE,document,"{'content': 'CANADIAN IMPERIAL BANK OF COMMERCE (ABN 33 608 235 847) filed a joint modern slavery statement with the Australian Modern Slavery Register for the reporting period 2019-11-01 to 2020-10-31. The reporting entity is headquartered in Canada. The reporting entity has an annual revenue band of 1BN+. The reporting entity operates in the industry sectors: Financial, insurance and real estate activities. Register entry: https://modernslaveryregister.gov.au/statements/3410/.'}"
Modern slavery statement 2021-3721: WCX AHT PTY LTD & WCX AT PTY LTD & WCX M4-M5 LINK AHT PTY LIMITED et al.,document,"{'content': 'WCX AHT PTY LTD (ABN 53 625 890 708), WCX AT PTY LTD (ABN 63 625 890 753), WCX M4-M5 LINK AHT PTY LIMITED (ABN 87 624 153 751), WCX M4-M5 LINK AMT PTY LTD (ABN 66 626 329 333), WCX M4-M5 LINK AT PTY LIMITED (ABN 85 624 153 742), WCX M4-M5 LINK PHT PTY LIMITED (ABN 79 624 153 779), WCX M4-M5 LINK PMT PTY LTD (ABN 17 626 329 566), WCX M4-M5 LINK PT PTY LIMITED (ABN 81 624 153 788), WCX M4 PHT PTY LTD (ABN 44 614 741 374), WCX M4 PMT PTY LTD (ABN 68 626 329 342), WCX M4 PT PTY LTD (ABN 59 614 741 436), WCX M5 AHT PTY LTD (ABN 28 608 763 524), WCX M5 AMT PTY LTD (ABN 47 626 329 253), WCX M5 AT PTY LTD (ABN 49 608 798 081), WCX M5 PHT PTY LTD (ABN 14 608 763 088), WCX M5 PMT PTY LTD (ABN 85 626 329 477), WCX M5 PT PTY LTD (ABN 36 608 798 465), WCX PHT PTY LTD (ABN 61 625 890 744) and WCX PT PTY LTD (ABN 59 625 890 799) filed a joint modern slavery statement with the Australian Modern Slavery Register for the reporting period 2020-07-01 to 2021-06-30. The reporting entities are headquartered in Australia. The reporting entities have an annual revenue band of 1BN+. The reporting entities operate in the industry sectors: Transportation, logistics, and storage. Register entry: https://modernslaveryregister.gov.au/statements/6484/.'}"
Modern slavery statement 2025-1584: TGI SPORT HOLDINGS PTY LIMITED,document,"{'content': 'TGI SPORT HOLDINGS PTY LIMITED (ABN 79 628 374 210) filed a single modern slavery statement with the Australian Modern Slavery Register for the reporting period 2024-01-01 to 2024-12-31. The reporting entity is headquartered in Australia. The reporting entity has an annual revenue band of 0-99M. The reporting entity operates in the industry sectors: Media, publishing, arts and entertainment Professional and administrative services and supplies, including legal, consulting and accounting services. The statement also covers the included entities: SPORTSMATE TECHNOLOGIES PTY LTD (28 613 795 681), TGI MERCHANDISE PTY LTD (79 119 725 469), TGI SPORT MARKETING (AUST) PTY LTD (36 603 385 575), TGI SPORT PTY LTD (34 107 716 521), TGI SPORT (RUGBY LEAGUE TALENT) PTY LTD (50 084 079 621). Register entry: https://modernslaveryregister.gov.au/statements/23847/.'}"
Modern slavery statement 2021-2673: MELBOURNE CRICKET CLUB,document,"{'content': 'MELBOURNE CRICKET CLUB (ABN 92 871 871 964) filed a single modern slavery statement with the Australian Modern Slavery Register for the reporting period 2019-04-01 to 2020-03-31. The reporting entity is headquartered in Australia. The reporting entity has an annual revenue band of 150-200M. The reporting entity operates in the industry sectors: Media, publishing, arts and entertainment Consumer services, including accommodation, hospitality, tourism and leisure. Register entry: https://modernslaveryregister.gov.au/statements/5468/.'}"
Modern slavery statement 2023-1493: JBS GLOBAL MEAT HOLDINGS PTY LTD,document,"{'content': 'JBS GLOBAL MEAT HOLDINGS PTY LTD filed a single modern slavery statement with the Australian Modern Slavery Register for the reporting period 2021-12-27 to 2022-12-25. The reporting entity is headquartered in Netherlands. The reporting entity has an annual revenue band of 1BN+. The reporting entity operates in the industry sectors: Food and beverages, agriculture and fishing. Register entry: https://modernslaveryregister.gov.au/statements/14148/.'}"
Modern slavery statement 2025-2489: HEMPEL (WATTYL) AUSTRALIA PTY LTD,document,{'content': 'HEMPEL (WATTYL) AUSTRALIA PTY LTD (ABN 40 000 035 914) filed a single modern slavery statement with the Australian Modern Slavery Register for the reporting period 2024-01-01 to 2024-12-31. The reporting entity is headquartered in Denmark. The reporting entity has an annual revenue band of 200-250M. The reporting entity operates in the industry sectors: Manufacturing Wholesale Trade Retail Trade. Register entry: https://modernslaveryregister.gov.au/statements/25157/.'}
Modern slavery statement 2023-2325: GUZMAN Y GOMEZ (HOLDINGS) LIMITED,document,"{'content': 'GUZMAN Y GOMEZ (HOLDINGS) LIMITED (ABN 25 125 554 743) filed a single modern slavery statement with the Australian Modern Slavery Register for the reporting period 2022-07-01 to 2023-06-30. The reporting entity is headquartered in Australia. The reporting entity has an annual revenue band of 700-800M. The reporting entity operates in the industry sectors: Food and beverages, agriculture and fishing. Register entry: https://modernslaveryregister.gov.au/statements/15354/.'}"
Modern slavery statement 2022-2502: NOJA POWER SWITCHGEAR PTY LTD,document,"{'content': 'NOJA POWER SWITCHGEAR PTY LTD (ABN 21 099 412 807) filed a single modern slavery statement with the Australian Modern Slavery Register for the reporting period 2021-07-01 to 2022-06-30. The reporting entity is headquartered in Australia, Brazil. The reporting entity has an annual revenue band of 100-150M. The reporting entity operates in the industry sectors: Automotive, machinery and heavy electrical equipment. Register entry: https://modernslaveryregister.gov.au/statements/11323/.'}"
Modern slavery statement 2025-412: BROWN BROTHERS MILAWA VINEYARD PTY. LIMITED,document,"{'content': 'BROWN BROTHERS MILAWA VINEYARD PTY. LIMITED (ABN 56 005 349 235) filed a single modern slavery statement with the Australian Modern Slavery Register for the reporting period 2023-07-01 to 2024-06-30. The reporting entity is headquartered in Australia. The reporting entity has an annual revenue band of 100-150M. The reporting entity operates in the industry sectors: Food and beverages, agriculture and fishing. Register entry: https://modernslaveryregister.gov.au/statements/22252/.'}"
Modern slavery statement 2022-516: RESOLUTION LIFE AUSTRALIA PTY LTD,document,"{'content': 'RESOLUTION LIFE AUSTRALIA PTY LTD (ABN 48 629 568 912) filed a joint modern slavery statement with the Australian Modern Slavery Register for the reporting period 2021-01-01 to 2021-12-31. The reporting entity is headquartered in Bermuda. The reporting entity has an annual revenue band of 450-500M. The reporting entity operates in the industry sectors: Financial, insurance and real estate activities. Register entry: https://modernslaveryregister.gov.au/statements/8488/.'}"
"Modern slavery statement 2025-1789: ADCORP HOLDINGS AUSTRALIA PTY LIMITED, LABOUR SOLUTIONS AUSTRALIA PTY LTD & PAXUS AUSTRALIA PTY LIMITED",document,"{'content': 'ADCORP HOLDINGS AUSTRALIA PTY LIMITED, LABOUR SOLUTIONS AUSTRALIA PTY LTD (ABN 76 008 137 782) and PAXUS AUSTRALIA PTY LIMITED filed a joint modern slavery statement with the Australian Modern Slavery Register for the reporting period 2024-07-01 to 2025-06-30. The reporting entities are headquartered in Australia, South Africa. The reporting entities have an annual revenue band of 500-600M. The reporting entities operate in the industry sectors: Other. Register entry: https://modernslaveryregister.gov.au/statements/24028/.'}"
Modern slavery statement 2022-2533: BIELBY HOLDINGS PTY. LTD.,document,"{'content': 'BIELBY HOLDINGS PTY. LTD. (ABN 36 052 188 600) filed a single modern slavery statement with the Australian Modern Slavery Register for the reporting period 2021-07-01 to 2022-06-30. The reporting entity is headquartered in Australia. The reporting entity has an annual revenue band of 200-250M. The reporting entity operates in the industry sectors: Construction, civil engineering and building products. Register entry: https://modernslaveryregister.gov.au/statements/11358/.'}"
Modern slavery statement 2022-2750: A.C.N. 080 903 957 PTY LTD & A.C.N. 081 035 752 PTY LTD & CDS INTERNATIONAL LIMITED et al.,document,"{'content': 'A.C.N. 080 903 957 PTY LTD (ABN 31 080 903 957), A.C.N. 081 035 752 PTY LTD (ABN 82 081 035 752), CDS INTERNATIONAL LIMITED (ABN 28 088 251 843), COMPUTERSHARE COMMUNICATION SERVICES PTY LIMITED (ABN 76 007 153 184), COMPUTERSHARE INVESTOR SERVICES PTY LIMITED (ABN 48 078 279 277), COMPUTERSHARE LIMITED (ABN 71 005 485 825) and REGISTRARS HOLDINGS PTY LTD (ABN 80 067 346 829) filed a joint modern slavery statement with the Australian Modern Slavery Register for the reporting period 2021-07-01 to 2022-06-30. The reporting entities are headquartered in Australia. The reporting entities have an annual revenue band of 1BN+. The reporting entities operate in the industry sectors: Information technology and telecommunication Financial, insurance and real estate activities Professional and administrative services and supplies, including legal, consulting and accounting services. Register entry: https://modernslaveryregister.gov.au/statements/11645/.'}"
Modern slavery statement 2023-1573: WEST AFRICAN RESOURCES LTD,document,"{'content': 'WEST AFRICAN RESOURCES LTD (ABN 70 121 539 375) filed a single modern slavery statement with the Australian Modern Slavery Register for the reporting period 2022-01-01 to 2022-12-31. The reporting entity is headquartered in Australia. The reporting entity has an annual revenue band of 600-700M. The reporting entity operates in the industry sectors: Mining, metals, chemicals and resources (including oil and gas). Register entry: https://modernslaveryregister.gov.au/statements/14281/.'}"
Modern slavery statement 2021-3776: AMATEK HOLDINGS LIMITED & AMATEK INDUSTRIES PTY LIMITED & AMATEK INVESTMENTS PTY LIMITED et al.,document,"{'content': 'AMATEK HOLDINGS LIMITED (ABN 42 081 878 453), AMATEK INDUSTRIES PTY LIMITED (ABN 27 081 870 653), AMATEK INVESTMENTS PTY LIMITED (ABN 40 081 870 706), AUSTRAL BRONZE CRANE COPPER LIMITED (ABN 31 008 466 840), BANDELLE PTY. LIMITED (ABN 26 003 921 891), BARON INSULATION PTY LTD (ABN 99 132 459 931), CRANE ENFIELD METALS PTY. LIMITED (ABN 51 008 408 151), CRANE GROUP LIMITED (ABN 91 008 410 302), CRANE SHARE PLAN PTY LTD (ABN 57 080 982 207), CREVET LTD. (ABN 25 011 027 115), CREVET PIPELINES PTY LTD (ABN 26 002 992 896), CTCI PTY LIMITED (ABN 86 152 253 837), EE-FIT PTY LIMITED (ABN 82 147 368 358), EFA TECHNOLOGIES PTY LTD (ABN 41 083 189 897), FBHS (AUST) PTY LTD (ABN 83 126 232 504), FBSOL PTY LIMITED (ABN 75 147 653 825), FLETCHER BUILDING (AUSTRALIA) PTY LTD (ABN 11 093 539 452), FLETCHER BUILDING PRODUCTS AUSTRALIA PTY LTD (ABN 72 166 188 610), FLETCHER INDUSTRIES AUSTRALIA PTY LIMITED (ABN 97 009 643 672), FLETCHER INSULATION PTY LIMITED (ABN 72 001 175 355), GATIC PTY LIMITED (ABN 78 006 799 757), GERALDTON INDEPENDENT BUILDING SUPPLIES PTY LTD (ABN 55 097 089 944), IPLEX PIPELINES AUSTRALIA PTY LIMITED (ABN 56 079 613 308), IPLEX PROPERTIES PTY. LIMITED (ABN 91 080 073 070), KEY PLASTICS PTY. LTD. (ABN 80 000 063 623), KINGSTON BRIDGE ENGINEERING PTY LTD (ABN 38 068 106 356), LAMINATES HOLDINGS PTY LIMITED (ABN 39 125 475 863), LAMINEX GROUP PTY LIMITED (ABN 98 004 093 092), LAMINEX OVERSEAS HOLDINGS PTY LIMITED (ABN 70 125 356 916), LAMINEX US HOLDINGS PTY LIMITED (ABN 18 125 357 066), MILNES HOLDINGS LTD. (ABN 96 003 466 591), MORINDA AUSTRALIA PTY LTD (ABN 34 082 051 287), NORTHERN IRON AND BRASS FOUNDRY PTY. LTD. (ABN 83 078 991 803), OLIVERI SOLUTIONS PTY LIMITED (ABN 12 007 551 886), POLYMER FUSION EDUCATION PTY LTD (ABN 47 102 473 049), S CUBED PTY LIMITED (ABN 73 147 653 816), STRAMIT CORPORATION PTY LIMITED (ABN 57 005 010 195), TASMAN AUSTRALIA PTY LIMITED (ABN 43 081 835 074), TASMAN BUILDING PRODUCTS PTY LIMITED (ABN 62 081 835 154), TBP GROUP PTY LTD (ABN 68 083 878 460) and TRADELINK PTY LIMITED (ABN 29 000 003 832) filed a joint modern slavery statement with the Australian Modern Slavery Register for the reporting period 2020-07-01 to 2021-06-30. The reporting entities are headquartered in New Zealand. The reporting entities have an annual revenue band of 1BN+. The reporting entities operate in the industry sectors: Construction, civil engineering and building products. Register entry: https://modernslaveryregister.gov.au/statements/7162/.'}"
Modern slavery statement 2024-1368: Aurec Group Pty Ltd & AUREC PTY LTD & FinXL Professional Services Pty Ltd et al.,document,"{'content': 'Aurec Group Pty Ltd (ABN 73 147 561 028), AUREC PTY LTD (ABN 60 103 121 464), FinXL Professional Services Pty Ltd (ABN 74 104 804 793), Randstad Digital Holdings Pty Ltd, RANDSTAD DIGITAL PTY LTD (ABN 43 085 406 300), RANDSTAD HOLDINGS PTY LIMITED (ABN 33 098 899 855) and RANDSTAD PTY LIMITED (ABN 28 080 275 378) filed a joint modern slavery statement with the Australian Modern Slavery Register for the reporting period 2023-01-01 to 2023-12-31. The reporting entities are headquartered in Australia. The reporting entities have an annual revenue band of 1BN+. The reporting entities operate in the industry sectors: Professional and administrative services and supplies, including legal, consulting and accounting services. The statement also covers the included entities: CHALFONT CONSULTING PTY LTD (79 648 842 111), DIGBY MORGAN PTY LTD (55 125 434 166), HREXL Group Pty Ltd (26 143 956 781), HR Partners Pty Limited (54 124 424 022). Register entry: https://modernslaveryregister.gov.au/statements/18623/.'}"
Modern slavery statement 2025-230: NOVA AEROSPACE PROPRIETARY LIMITED,document,{'content': 'NOVA AEROSPACE PROPRIETARY LIMITED (ABN 11 090 818 214) filed a single modern slavery statement with the Australian Modern Slavery Register for the reporting period 2023-07-01 to 2024-06-30. The reporting entity is headquartered in Australia. The reporting entity has an annual revenue band of 100-150M. The reporting entity operates in the industry sectors: Defence and aerospace. Register entry: https://modernslaveryregister.gov.au/statements/21975/.'}
Modern slavery statement 2021-928: ALTRAC LIGHT RAIL 1 PTY LIMITED & ALTRAC LIGHT RAIL 2 PTY LIMITED & ALTRAC LIGHT RAIL 3 PTY LIMITED,document,"{'content': 'ALTRAC LIGHT RAIL 1 PTY LIMITED & ALTRAC LIGHT RAIL 2 PTY LIMITED & ALTRAC LIGHT RAIL 3 PTY LIMITED (ABN 37 399 764 913) filed a single modern slavery statement with the Australian Modern Slavery Register for the reporting period 2019-07-01 to 2020-06-30. The reporting entity is headquartered in Australia. The reporting entity has an annual revenue band of 350-400M. The reporting entity operates in the industry sectors: Construction, civil engineering and building products. Register entry: https://modernslaveryregister.gov.au/statements/2646/.'}"
Modern slavery statement 2021-3369: St George Community Housing,document,{'content': 'St George Community Housing (ABN 35 565 549 842) filed a single modern slavery statement with the Australian Modern Slavery Register for the reporting period 2020-07-01 to 2021-06-30. The reporting entity is headquartered in Australia. The reporting entity has an annual revenue band of 100-150M. The reporting entity operates in the industry sectors: Charitable / not-for-profit activities. Register entry: https://modernslaveryregister.gov.au/statements/6553/.'}
Modern slavery statement 2021-1856: COFCO INTERNATIONAL AUSTRALIA PTY LTD,document,"{'content': 'COFCO INTERNATIONAL AUSTRALIA PTY LTD (ABN 25 001 069 423) filed a single modern slavery statement with the Australian Modern Slavery Register for the reporting period 2020-01-01 to 2020-12-31. The reporting entity is headquartered in Australia. The reporting entity has an annual revenue band of 700-800M. The reporting entity operates in the industry sectors: Food and beverages, agriculture and fishing. Register entry: https://modernslaveryregister.gov.au/statements/4209/.'}"
Modern slavery statement 2025-1267: NASDAQ AUSTRALIA HOLDINGS PTY LTD,document,"{'content': 'NASDAQ AUSTRALIA HOLDINGS PTY LTD (ABN 15 145 262 371) filed a single modern slavery statement with the Australian Modern Slavery Register for the reporting period 2024-01-01 to 2024-12-31. The reporting entity is headquartered in Australia. The reporting entity has an annual revenue band of 250-300M. The reporting entity operates in the industry sectors: Information Media and Telecommunications. The statement also covers the included entities: eVestment Alliance Australia Pty Ltd, NASDAQ PTY LTD, SMARTS BROKER COMPLIANCE PTY LTD, SMARTS MARKET SURVEILLANCE PTY LTD. Register entry: https://modernslaveryregister.gov.au/statements/23122/.'}"
Modern slavery statement 2025-164: ATRON ENTERPRISES PTY LTD & THOMAS FOODS INTERNATIONAL AUSTRALIA PTY LTD & THOMAS FOODS INTERNATIONAL CONSOLIDATED PTY LIMITED et al.,document,"{'content': 'ATRON ENTERPRISES PTY LTD (ABN 73 122 150 485), THOMAS FOODS INTERNATIONAL AUSTRALIA PTY LTD (ABN 94 007 939 424), THOMAS FOODS INTERNATIONAL CONSOLIDATED PTY LIMITED (ABN 20 105 099 849), THOMAS FOODS INTERNATIONAL PTY LIMITED (ABN 52 008 178 121) and THOMAS FOODS INTERNATIONAL STAWELL PTY LIMITED (ABN 69 004 967 800) filed a joint modern slavery statement with the Australian Modern Slavery Register for the reporting period 2023-07-01 to 2024-06-30. The reporting entities are headquartered in Australia. The reporting entities have an annual revenue band of 1BN+. The reporting entities operate in the industry sectors: Food and beverages, agriculture and fishing. The statement also covers the included entities: Adding Value Pty Limited (94 132 465 573), ATRON MANAGEMENT PTY LTD (34 606 598 485), COUNTRY FRESH AUSTRALIA PTY LTD (17 082 427 003), COUNTRY FRESH NATIONWIDE PTY LTD (41 132 083 393), COUNTRY WOOL EXPORTS PTY. LTD (69 062 175 286), C.R. & S. PTY. LTD. (75 008 146 245), LOBETHAL ABATTOIRS PTY LIMITED (65 105 579 566), LOBETHAL FOOD PROCESSORS PTY LIMITED (69 105 579 520), MEAT INDUSTRY SERVICES PTY LTD (20 080 397 226), THOMAS CAPPO SEAFOODS PTY LIMITED (80 621 912 007), THOMAS FARMS AUSTRALIA PTY. LTD. (36 138 042 930), THOMAS FARMS KITCHEN PTY LTD (23 164 871 783), THOMAS FOODS INTERNATIONAL BOURKE PTY LIMITED (94 654 997 001), THOMAS FOODS INTERNATIONAL EMPLOYMENT SERVICES PTY LIMITED (86 659 852 169), THOMAS FOODS INTERNATIONAL FEEDLOT HOLDINGS PTY LIMITED (91 167 190 276), THOMAS FOODS INTERNATIONAL FEEDLOT PROPERTIES PTY LIMITED (69 167 194 238), THOMAS FOODS INTERNATIONAL FEEDLOT PTY LIMITED (58 167 194 194), THOMAS FOODS INTERNATIONAL LOBETHAL PTY LIMITED (67 105 579 511), THOMAS FOODS INTERNATIONAL MURRAY BRIDGE PTY LIMITED (34 085 672 457), THOMAS FOODS INTERNATIONAL ROSE PARK PTY LIMITED (77 602 320 070), THOMAS FOODS INTERNATIONAL RURAL PTY LIMITED (51 602 439 930), THOMAS FOODS INTERNATIONAL STAWELL PTY LIMITED (69 004 967 800), THOMAS FOODS INTERNATIONAL TAMWORTH PTY LIMITED (82 089 140 634), THOMAS FOODS INTERNATIONAL WALLANGARRA PTY LIMITED (25 000 481 363), T&R CATTLE CO. PTY LIMITED (40 111 117 705), T&R (NORTHERN TERRITORY) PTY LIMITED (14 111 764 811), T&R (Port Pirie) Pty Limited (89 121 497 783), T&R (Western Australia) Pty Limited (93 117 792 499). Register entry: https://modernslaveryregister.gov.au/statements/21856/.'}"
"Modern slavery statement 2025-822: Kokuyo Co., Ltd",document,"{'content': 'Kokuyo Co., Ltd filed a single modern slavery statement with the Australian Modern Slavery Register for the reporting period 2024-01-01 to 2024-12-31. The reporting entity is headquartered in Japan. The reporting entity has an annual revenue band of 300-350M. The reporting entity operates in the industry sectors: Durable consumer goods, including electronics and appliances, home furnishings and other accessories. The statement also covers the included entities: Actus Co., Ltd., CLEARNOTE Inc., CW Facility Solution Inc., Dongguan Lamex Furniture Co., Ltd., ESTIC Co., Ltd., Global Known Ltd., Heartland Co., Ltd., IWAMI Paper Industry Co., Ltd., Kaunet Co., Ltd., KOKUYO CAMLIN Ltd., KOKUYO Commerce (Shanghai) Co., Ltd, KOKUYO Design Consultants (Shanghai) Co., Ltd., KOKUYO Finance Co., Ltd., KOKUYO Furniture (China) Co., Ltd, KOKUYO Hong Kong Ltd., KOKUYO-IK(THAILAND) Co., Ltd., KOKUYO INTERNATIONAL ASIA CO., LTD., KOKUYO International (MALAYSIA) Sdn. Bhd, KOKUYO International (THAILAND) Co., Ltd., KOKUYO K Heart Co., Ltd., KOKUYO Logitem Co., Ltd., KOKUYO (MALAYSIA) Sdn.Bhd., KOKUYO Marketing Co., Ltd., KOKUYO MVP Co., Ltd., KOKUYO & Partners Co., Ltd., KOKUYO Product Shiga Co., Ltd., KOKUYO RIDDHI PAPER PRODUCTS Pvt., Ltd., KOKUYO (Shanghai) Management Co., Ltd., KOKUYO Supply Logistics Co., Ltd., KOKUYO VIETNAM Co., Ltd., KOKUYO VIETNAM Trading Co., Ltd., Lamex China Investment Ltd., Lamex(S) Sales Pte Ltd, Lamex Trading Co. Ltd., ORIGIN Co., Ltd., PT. KOKUYO FURNITURE INDONESIA, S&T Logistics (Shanghai) Co., Ltd., Vertex Co., Ltd, Wilkhahn Japan Co., Ltd.. Register entry: https://modernslaveryregister.gov.au/statements/22879/.'}"
Modern slavery statement 2024-1907: RESTHAVEN INCORPORATED,document,{'content': 'RESTHAVEN INCORPORATED (ABN 79 976 580 833) filed a single modern slavery statement with the Australian Modern Slavery Register for the reporting period 2023-07-01 to 2024-06-30. The reporting entity is headquartered in Australia. The reporting entity has an annual revenue band of 250-300M. The reporting entity operates in the industry sectors: Charitable / not-for-profit activities. Register entry: https://modernslaveryregister.gov.au/statements/19388/.'}
Modern slavery statement 2025-1157: Tianqi Lithium Energy Australia Pty Ltd,document,"{'content': 'Tianqi Lithium Energy Australia Pty Ltd (ABN 24 862 057 747) filed a single modern slavery statement with the Australian Modern Slavery Register for the reporting period 2024-01-01 to 2024-12-31. The reporting entity is headquartered in Australia. The reporting entity has an annual revenue band of 1BN+. The reporting entity operates in the industry sectors: Mining, metals, chemicals and resources (including oil and gas). Register entry: https://modernslaveryregister.gov.au/statements/23369/.'}"
Modern slavery statement 2021-3418: AGED CARE & HOUSING GROUP INC,document,{'content': 'AGED CARE & HOUSING GROUP INC (ABN 99 437 071 895) filed a single modern slavery statement with the Australian Modern Slavery Register for the reporting period 2020-07-01 to 2021-06-30. The reporting entity is headquartered in Australia. The reporting entity has an annual revenue band of 100-150M. The reporting entity operates in the industry sectors: Healthcare and pharmaceuticals. Register entry: https://modernslaveryregister.gov.au/statements/6632/.'}
Modern slavery statement 2021-3334: GERALDTON BULK HANDLING PTY LTD & KOOLAN IRON ORE PTY LTD & MOUNT GIBSON IRON LIMITED et al.,document,"{'content': 'GERALDTON BULK HANDLING PTY LTD (ABN 45 100 105 388), KOOLAN IRON ORE PTY LTD (ABN 87 099 455 277), MOUNT GIBSON IRON LIMITED (ABN 87 008 670 817) and MOUNT GIBSON MINING LIMITED (ABN 32 074 575 885) filed a joint modern slavery statement with the Australian Modern Slavery Register for the reporting period 2020-07-01 to 2021-06-30. The reporting entities are headquartered in Australia. The reporting entities have an annual revenue band of 500-600M. The reporting entities operate in the industry sectors: Mining, metals, chemicals and resources (including oil and gas). Register entry: https://modernslaveryregister.gov.au/statements/6503/.'}"
Modern slavery statement 2022-2472: NEW AIM PTY. LTD.,document,"{'content': 'NEW AIM PTY. LTD. (ABN 50 115 804 432) filed a single modern slavery statement with the Australian Modern Slavery Register for the reporting period 2019-07-01 to 2020-06-30. The reporting entity is headquartered in Australia. The reporting entity has an annual revenue band of 250-300M. The reporting entity operates in the industry sectors: Durable consumer goods, including electronics and appliances, home furnishings and other accessories. Register entry: https://modernslaveryregister.gov.au/statements/11261/.'}"
Modern slavery statement 2025-200: CHAPVIEW PTY. LTD. & ORORA INVESTMENTS PTY LTD & ORORA LIMITED et al.,document,"{'content': 'CHAPVIEW PTY. LTD. (ABN 92 010 896 714), ORORA INVESTMENTS PTY LTD (ABN 58 086 070 626), ORORA LIMITED (ABN 55 004 275 165) and ORORA PACKAGING AUSTRALIA PTY LTD (ABN 32 165 443 667) filed a joint modern slavery statement with the Australian Modern Slavery Register for the reporting period 2023-07-01 to 2024-06-30. The reporting entities are headquartered in Australia. The reporting entities have an annual revenue band of 1BN+. The reporting entities operate in the industry sectors: Food and beverages, agriculture and fishing. The statement also covers the included entities: ACN002693843 BOX PTY LTD, AGAL HOLDINGS PTY LIMITED (72 096 911 367), ORORA CLOSURE SYSTEMS PTY LTD (61 114 759 278). Register entry: https://modernslaveryregister.gov.au/statements/21926/.'}"
Modern slavery statement 2025-2870: VETS CENTRAL HOLDINGS PTY LTD,document,"{'content': 'VETS CENTRAL HOLDINGS PTY LTD filed a single modern slavery statement with the Australian Modern Slavery Register for the reporting period 2024-07-01 to 2025-06-30. The reporting entity is headquartered in Australia. The reporting entity has an annual revenue band of 100-150M. The reporting entity operates in the industry sectors: Health Care and Social Assistance Agriculture, Forestry and Fishing Other Services. The statement also covers the included entities: FACEBARK PTY LTD, KINGS ROAD VETERINARY SURGERY PTY LTD, MISTYCAT PTY LTD, NORTHERN BEACHES VETERINARY HOSPITAL PTY LTD, VC OPERATIONS (NSW) PTY LTD, VC OPERATIONS PTY LTD, VC OPERATIONS (WA) PTY LTD, VETS CENTRAL (NEW ZEALAND) LIMITED, VETS CENTRAL PTY LTD. Register entry: https://modernslaveryregister.gov.au/statements/25698/.'}"
Modern slavery statement 2023-1221: WISDOM PROPERTIES GROUP PTY LTD,document,"{'content': 'WISDOM PROPERTIES GROUP PTY LTD (ABN 82 089 425 829) filed a single modern slavery statement with the Australian Modern Slavery Register for the reporting period 2022-01-01 to 2022-12-31. The reporting entity is headquartered in Australia. The reporting entity has an annual revenue band of 100-150M. The reporting entity operates in the industry sectors: Construction, civil engineering and building products. Register entry: https://modernslaveryregister.gov.au/statements/13858/.'}"
Modern slavery statement 2025-2804: MAKITA (AUSTRALIA) PTY LTD,document,{'content': 'MAKITA (AUSTRALIA) PTY LTD (ABN 57 001 117 335) filed a single modern slavery statement with the Australian Modern Slavery Register for the reporting period 2024-04-01 to 2025-03-31. The reporting entity is headquartered in Japan. The reporting entity has an annual revenue band of 500-600M. The reporting entity operates in the industry sectors: Wholesale Trade Manufacturing. Register entry: https://modernslaveryregister.gov.au/statements/25533/.'}
Modern slavery statement 2022-420: CANBERRA AIRPORT HOLDINGS PTY LIMITED,document,{'content': 'CANBERRA AIRPORT HOLDINGS PTY LIMITED (ABN 98 008 608 928) filed a joint modern slavery statement with the Australian Modern Slavery Register for the reporting period 2020-07-01 to 2021-06-30. The reporting entity is headquartered in Australia. The reporting entity has an annual revenue band of 250-300M. The reporting entity operates in the industry sectors: Other. Register entry: https://modernslaveryregister.gov.au/statements/8308/.'}
Modern slavery statement 2023-303: AAHoldings Pty Ltd,document,{'content': 'AAHoldings Pty Ltd (ABN 94 112 233 744) filed a single modern slavery statement with the Australian Modern Slavery Register for the reporting period 2021-07-01 to 2022-06-30. The reporting entity is headquartered in Australia. The reporting entity has an annual revenue band of 600-700M. The reporting entity operates in the industry sectors: Other. Register entry: https://modernslaveryregister.gov.au/statements/12520/.'}
Modern slavery statement 2025-2957: THE BAPTIST UNION OF QUEENSLAND - CARINITY,document,{'content': 'THE BAPTIST UNION OF QUEENSLAND - CARINITY (ABN 46 909 844 617) filed a single modern slavery statement with the Australian Modern Slavery Register for the reporting period 2024-07-01 to 2025-06-30. The reporting entity is headquartered in Australia. The reporting entity has an annual revenue band of 200-250M. The reporting entity operates in the industry sectors: Education and Training Health Care and Social Assistance. Register entry: https://modernslaveryregister.gov.au/statements/25833/.'}
Modern slavery statement 2023-2353: GTN LIMITED,document,"{'content': 'GTN LIMITED (ABN 38 606 841 801) filed a single modern slavery statement with the Australian Modern Slavery Register for the reporting period 2022-07-01 to 2023-06-30. The reporting entity is headquartered in Australia. The reporting entity has an annual revenue band of 150-200M. The reporting entity operates in the industry sectors: Media, publishing, arts and entertainment. Register entry: https://modernslaveryregister.gov.au/statements/15411/.'}"
Modern slavery statement 2023-957: Koch Fertiliser Australia Pty Ltd,document,"{'content': 'Koch Fertiliser Australia Pty Ltd (ABN 44 140 582 369) filed a single modern slavery statement with the Australian Modern Slavery Register for the reporting period 2022-01-01 to 2022-12-31. The reporting entity is headquartered in Australia. The reporting entity has an annual revenue band of 800-900M. The reporting entity operates in the industry sectors: Food and beverages, agriculture and fishing. Register entry: https://modernslaveryregister.gov.au/statements/13496/.'}"
Modern slavery statement 2026-93: MELBOURNE INTERNATIONAL RORO & AUTO TERMINAL PTY LTD & WALLENIUS WILHELMSEN OCEAN AS & WALLENIUS WILHELMSEN SOLUTIONS PTY LTD,document,"{'content': 'MELBOURNE INTERNATIONAL RORO & AUTO TERMINAL PTY LTD (ABN 43 163 814 364), WALLENIUS WILHELMSEN OCEAN AS (ABN 68 088 185 219) and WALLENIUS WILHELMSEN SOLUTIONS PTY LTD (ABN 50 095 440 681) filed a joint modern slavery statement with the Australian Modern Slavery Register for the reporting period 2024-01-01 to 2024-12-31. The reporting entities are headquartered in Australia. The reporting entities have an annual revenue band of 100-150M. The reporting entities operate in the industry sectors: Transport, Postal and Warehousing. Register entry: https://modernslaveryregister.gov.au/statements/27170/.'}"
Modern slavery statement 2021-2455: SQUARE RESOURCES HOLDING PTY LTD,document,"{'content': 'SQUARE RESOURCES HOLDING PTY LTD (ABN 67 142 476 631) filed a single modern slavery statement with the Australian Modern Slavery Register for the reporting period 2020-07-01 to 2021-06-30. The reporting entity is headquartered in Australia. The reporting entity has an annual revenue band of 300-350M. The reporting entity operates in the industry sectors: Mining, metals, chemicals and resources (including oil and gas). Register entry: https://modernslaveryregister.gov.au/statements/5101/.'}"
Modern slavery statement 2024-997: IDEMITSU INTERNATIONAL (ASIA) PTE. LTD.,document,{'content': 'IDEMITSU INTERNATIONAL (ASIA) PTE. LTD. filed a single modern slavery statement with the Australian Modern Slavery Register for the reporting period 2023-01-01 to 2023-12-31. The reporting entity is headquartered in Singapore. The reporting entity has an annual revenue band of 100-150M. The reporting entity operates in the industry sectors: Other. Register entry: https://modernslaveryregister.gov.au/statements/18231/.'}
Modern slavery statement 2021-905: SHEPPARTON PARTNERS COLLECTIVE OPERATIONS PTY LTD,document,"{'content': 'SHEPPARTON PARTNERS COLLECTIVE OPERATIONS PTY LTD (ABN 53 633 532 162) filed a single modern slavery statement with the Australian Modern Slavery Register for the reporting period 2019-07-01 to 2020-06-30. The reporting entity is headquartered in Australia. The reporting entity has an annual revenue band of 250-300M. The reporting entity operates in the industry sectors: Food and beverages, agriculture and fishing. Register entry: https://modernslaveryregister.gov.au/statements/2703/.'}"
Modern slavery statement 2021-1964: Oil Search Limited,document,"{'content': 'Oil Search Limited filed a single modern slavery statement with the Australian Modern Slavery Register for the reporting period 2020-01-01 to 2020-12-31. The reporting entity is headquartered in Papua New Guinea. The reporting entity has an annual revenue band of 1BN+. The reporting entity operates in the industry sectors: Mining, metals, chemicals and resources (including oil and gas). Register entry: https://modernslaveryregister.gov.au/statements/4434/.'}"
Modern slavery statement 2023-822: SILICON METAL COMPANY OF AUSTRALIA PTY LTD,document,"{'content': 'SILICON METAL COMPANY OF AUSTRALIA PTY LTD (ABN 73 009 401 736) filed a single modern slavery statement with the Australian Modern Slavery Register for the reporting period 2022-01-01 to 2022-12-31. The reporting entity is headquartered in Australia. The reporting entity has an annual revenue band of 300-350M. The reporting entity operates in the industry sectors: Mining, metals, chemicals and resources (including oil and gas). Register entry: https://modernslaveryregister.gov.au/statements/13310/.'}"
Modern slavery statement 2021-2307: LACTALIS AUSTRALIA PTY LTD,document,"{'content': 'LACTALIS AUSTRALIA PTY LTD (ABN 56 072 928 879) filed a joint modern slavery statement with the Australian Modern Slavery Register for the reporting period 2020-01-01 to 2020-12-31. The reporting entity is headquartered in Australia. The reporting entity has an annual revenue band of 1BN+. The reporting entity operates in the industry sectors: Food and beverages, agriculture and fishing. Register entry: https://modernslaveryregister.gov.au/statements/4817/.'}"
Modern slavery statement 2021-2480: R F INDUSTRIES PTY LTD,document,"{'content': 'R F INDUSTRIES PTY LTD (ABN 11 001 695 512) filed a single modern slavery statement with the Australian Modern Slavery Register for the reporting period 2020-07-01 to 2021-06-30. The reporting entity is headquartered in Australia. The reporting entity has an annual revenue band of 100-150M. The reporting entity operates in the industry sectors: Construction, civil engineering and building products. Register entry: https://modernslaveryregister.gov.au/statements/5146/.'}"
Modern slavery statement 2020-329: GEORGIOU GROUP PTY LTD,document,"{'content': 'GEORGIOU GROUP PTY LTD (ABN 82 073 851 948) filed a single modern slavery statement with the Australian Modern Slavery Register for the reporting period 2019-07-01 to 2020-06-30. The reporting entity is headquartered in Australia. The reporting entity has an annual revenue band of 500-600M. The reporting entity operates in the industry sectors: Construction, civil engineering and building products. Register entry: https://modernslaveryregister.gov.au/statements/805/.'}"
Modern slavery statement 2023-611: KAO AUSTRALIA PTY. LIMITED,document,{'content': 'KAO AUSTRALIA PTY. LIMITED (ABN 59 054 708 299) filed a single modern slavery statement with the Australian Modern Slavery Register for the reporting period 2022-01-01 to 2022-12-31. The reporting entity is headquartered in Australia. The reporting entity has an annual revenue band of 0-99M. The reporting entity operates in the industry sectors: Cosmetics and toiletries Other. Register entry: https://modernslaveryregister.gov.au/statements/13006/.'}
Modern slavery statement 2023-879: ROMAN CATHOLIC TRUST CORPORATION FOR THE DIOCESE OF CAIRNS,document,{'content': 'ROMAN CATHOLIC TRUST CORPORATION FOR THE DIOCESE OF CAIRNS (ABN 50 681 607 010) filed a joint modern slavery statement with the Australian Modern Slavery Register for the reporting period 2022-01-01 to 2022-12-31. The reporting entity is headquartered in Australia. The reporting entity has an annual revenue band of 500-600M. The reporting entity operates in the industry sectors: Education and research Charitable / not-for-profit activities Other. Register entry: https://modernslaveryregister.gov.au/statements/13388/.'}
Modern slavery statement 2021-447: BRAVURA SOLUTIONS LIMITED,document,"{'content': 'BRAVURA SOLUTIONS LIMITED (ABN 54 164 391 128) filed a single modern slavery statement with the Australian Modern Slavery Register for the reporting period 2019-07-01 to 2020-06-30. The reporting entity is headquartered in Australia, United Kingdom. The reporting entity has an annual revenue band of 250-300M. The reporting entity operates in the industry sectors: Information technology and telecommunication Financial, insurance and real estate activities. Register entry: https://modernslaveryregister.gov.au/statements/1902/.'}"
Modern slavery statement 2024-1296: EDITH COWAN UNIVERSITY,document,"{'content': 'EDITH COWAN UNIVERSITY (ABN 54 361 485 361) filed a single modern slavery statement with the Australian Modern Slavery Register for the reporting period 2023-01-01 to 2023-12-31. The reporting entity is headquartered in Australia. The reporting entity has an annual revenue band of 150-200M. The reporting entity operates in the industry sectors: Education and research. The statement also covers the included entities: AUSTRALIAN PATHWAY EDUCATION GROUP PTY LTD (25 607 580 969), ECU HOLDINGS PTY LTD, EDITH COWAN ACCOMMODATION HOLDINGS PTY LTD (80 135 260 383). Register entry: https://modernslaveryregister.gov.au/statements/18624/.'}"
Modern slavery statement 2021-2043: GMA GARNET PTY LTD,document,"{'content': 'GMA GARNET PTY LTD (ABN 72 009 344 227) filed a joint modern slavery statement with the Australian Modern Slavery Register for the reporting period 2020-01-01 to 2020-12-31. The reporting entity is headquartered in Australia. The reporting entity has an annual revenue band of 100-150M. The reporting entity operates in the industry sectors: Mining, metals, chemicals and resources (including oil and gas). Register entry: https://modernslaveryregister.gov.au/statements/4571/.'}"
"Modern slavery statement 2023-748: Album Investment Pte Ltd, Album Resources Pte Ltd, MMG AUSTRALIA LIMITED & MMG DUGALD RIVER PTY LTD & MMG LIMITED",document,"{'content': 'Album Investment Pte Ltd, Album Resources Pte Ltd, MMG AUSTRALIA LIMITED (ABN 23 004 074 962), MMG DUGALD RIVER PTY LTD (ABN 19 083 405 556) and MMG LIMITED (ABN 31 150 889 151) filed a joint modern slavery statement with the Australian Modern Slavery Register for the reporting period 2022-01-01 to 2022-12-31. The reporting entities are headquartered in Australia, Hong Kong. The reporting entities have an annual revenue band of 1BN+. The reporting entities operate in the industry sectors: Mining, metals, chemicals and resources (including oil and gas). Register entry: https://modernslaveryregister.gov.au/statements/12994/.'}"
Modern slavery statement 2023-1548: Omnicom Media Group Australia Pty Ltd,document,"{'content': 'Omnicom Media Group Australia Pty Ltd (ABN 74 129 754 883) filed a joint modern slavery statement with the Australian Modern Slavery Register for the reporting period 2022-01-01 to 2022-12-31. The reporting entity is headquartered in Australia. The reporting entity has an annual revenue band of 350-400M. The reporting entity operates in the industry sectors: Media, publishing, arts and entertainment. Register entry: https://modernslaveryregister.gov.au/statements/14233/.'}"
Modern slavery statement 2022-139: CPC GROUP HOLDINGS PTY LTD,document,"{'content': 'CPC GROUP HOLDINGS PTY LTD (ABN 28 644 449 758) filed a single modern slavery statement with the Australian Modern Slavery Register for the reporting period 2021-01-01 to 2021-12-31. The reporting entity is headquartered in Australia. The reporting entity has an annual revenue band of 150-200M. The reporting entity operates in the industry sectors: Food and beverages, agriculture and fishing. Register entry: https://modernslaveryregister.gov.au/statements/7898/.'}"
Modern slavery statement 2025-1840: ARGO INVESTMENTS LIMITED,document,"{'content': 'ARGO INVESTMENTS LIMITED (ABN 35 007 519 520) filed a single modern slavery statement with the Australian Modern Slavery Register for the reporting period 2024-07-01 to 2025-06-30. The reporting entity is headquartered in Australia. The reporting entity has an annual revenue band of 250-300M. The reporting entity operates in the industry sectors: Financial, insurance and real estate activities. The statement also covers the included entities: ARGO SERVICE COMPANY PTY LTD (60 603 367 479). Register entry: https://modernslaveryregister.gov.au/statements/24149/.'}"
Modern slavery statement 2025-1351: THE UNIVERSITY OF WOLLONGONG,document,"{'content': 'THE UNIVERSITY OF WOLLONGONG (ABN 61 060 567 686) filed a single modern slavery statement with the Australian Modern Slavery Register for the reporting period 2024-01-01 to 2024-12-31. The reporting entity is headquartered in Australia. The reporting entity has an annual revenue band of 900M-1BN. The reporting entity operates in the industry sectors: Education and research. The statement also covers the included entities: UOWGE LTD, UOW PULSE LTD (28 915 832 337). Register entry: https://modernslaveryregister.gov.au/statements/23513/.'}"
Modern slavery statement 2024-2695: JANDS PTY LTD,document,"{'content': 'JANDS PTY LTD (ABN 45 001 187 837) filed a single modern slavery statement with the Australian Modern Slavery Register for the reporting period 2023-07-01 to 2024-06-30. The reporting entity is headquartered in Australia. The reporting entity has an annual revenue band of 100-150M. The reporting entity operates in the industry sectors: Durable consumer goods, including electronics and appliances, home furnishings and other accessories. The statement also covers the included entities: Jands New Zealand Limited. Register entry: https://modernslaveryregister.gov.au/statements/20481/.'}"
Modern slavery statement 2024-3630: TT-LINE COMPANY PTY. LTD.,document,"{'content': 'TT-LINE COMPANY PTY. LTD. (ABN 39 061 996 174) filed a single modern slavery statement with the Australian Modern Slavery Register for the reporting period 2023-07-01 to 2024-06-30. The reporting entity is headquartered in Australia. The reporting entity has an annual revenue band of 300-350M. The reporting entity operates in the industry sectors: Transportation, logistics, and storage Consumer services, including accommodation, hospitality, tourism and leisure. Register entry: https://modernslaveryregister.gov.au/statements/21593/.'}"
Modern slavery statement 2024-297: DYNO NOBEL MORANBAH PTY LTD & DYNO NOBEL PTY LIMITED & DYNO NOBEL PTY LIMITED et al.,document,"{'content': 'DYNO NOBEL MORANBAH PTY LTD (ABN 63 115 650 649), DYNO NOBEL PTY LIMITED (ABN 44 117 733 463), DYNO NOBEL PTY LIMITED (ABN 44 117 733 463), INCITEC FERTILISERS OPERATIONS PTY LTD (ABN 56 103 709 155), INCITEC PIVOT EXPLOSIVES HOLDINGS PTY LIMITED (ABN 88 124 351 328), INCITEC PIVOT FERTILISERS LIMITED (ABN 30 004 936 850), INCITEC PIVOT INVESTMENTS 1 PTY LTD (ABN 18 130 242 090), INCITEC PIVOT INVESTMENTS 2 PTY LTD (ABN 97 130 242 045) and INCITEC PIVOT LIMITED (ABN 42 004 080 264) filed a joint modern slavery statement with the Australian Modern Slavery Register for the reporting period 2022-10-01 to 2023-09-30. The reporting entities are headquartered in Australia. The reporting entities have an annual revenue band of 1BN+. The reporting entities operate in the industry sectors: Mining, metals, chemicals and resources (including oil and gas). The statement also covers the included entities: DYNO NOBEL ASIA PACIFIC PTY LIMITED (38 003 269 010), DYNO NOBEL MORANBAH PTY LTD (63 115 650 649), DYNO NOBEL PTY LIMITED (44 117 733 463), INCITEC FERTILISERS OPERATIONS PTY LTD (56 103 709 155), INCITEC PIVOT EXPLOSIVES HOLDINGS PTY LIMITED (88 124 351 328), INCITEC PIVOT FERTILISERS LIMITED (30 004 936 850), INCITEC PIVOT INVESTMENTS 1 PTY LTD (18 130 242 090), INCITEC PIVOT INVESTMENTS 2 PTY LTD (97 130 242 045), INCITEC PIVOT LIMITED (42 004 080 264). Register entry: https://modernslaveryregister.gov.au/statements/17186/.'}"
Modern slavery statement 2022-2642: Regional Power Corporation,document,"{'content': 'Regional Power Corporation (ABN 57 955 011 697) filed a single modern slavery statement with the Australian Modern Slavery Register for the reporting period 2021-07-01 to 2022-06-30. The reporting entity is headquartered in Australia. The reporting entity has an annual revenue band of 500-600M. The reporting entity operates in the industry sectors: Utilities: gas, water and electricity. Register entry: https://modernslaveryregister.gov.au/statements/11500/.'}"
Modern slavery statement 2023-141: WESTPORK PTY. LTD.,document,"{'content': 'WESTPORK PTY. LTD. (ABN 90 009 148 789) filed a single modern slavery statement with the Australian Modern Slavery Register for the reporting period 2021-07-01 to 2022-06-30. The reporting entity is headquartered in Australia. The reporting entity has an annual revenue band of 100-150M. The reporting entity operates in the industry sectors: Food and beverages, agriculture and fishing. Register entry: https://modernslaveryregister.gov.au/statements/12287/.'}"
Modern slavery statement 2025-189: DAB PUMPS OCEANIA PTY LTD & GRUNDFOS AUSTRALIA HOLDING PTY LTD & GRUNDFOS PUMPS PTY. LTD.,document,"{'content': 'DAB PUMPS OCEANIA PTY LTD (ABN 20 613 976 211), GRUNDFOS AUSTRALIA HOLDING PTY LTD (ABN 31 162 450 259) and GRUNDFOS PUMPS PTY. LTD. (ABN 90 007 920 765) filed a joint modern slavery statement with the Australian Modern Slavery Register for the reporting period 2024-01-01 to 2024-12-31. The reporting entities are headquartered in Denmark. The reporting entities have an annual revenue band of 300-350M. The reporting entities operate in the industry sectors: Automotive, machinery and heavy electrical equipment. The statement also covers the included entities: METASPHERE AUSTRALIA PTY LTD (36 601 227 212). Register entry: https://modernslaveryregister.gov.au/statements/21907/.'}"
Modern slavery statement 2023-2276: BRADKEN PTY LIMITED,document,{'content': 'BRADKEN PTY LIMITED (ABN 33 108 693 009) filed a joint modern slavery statement with the Australian Modern Slavery Register for the reporting period 2022-04-01 to 2023-03-31. The reporting entity is headquartered in Australia. The reporting entity has an annual revenue band of 900M-1BN. The reporting entity operates in the industry sectors: Other. The statement also covers the included entities: BRADKEN RESOURCES PTY LIMITED (82 098 300 988). Register entry: https://modernslaveryregister.gov.au/statements/15287/.'}
Modern slavery statement 2022-1956: BRADNAM'S WINDOWS AND DOORS PTY. LTD.,document,"{'content': ""BRADNAM'S WINDOWS AND DOORS PTY. LTD. (ABN 78 010 409 819) filed a single modern slavery statement with the Australian Modern Slavery Register for the reporting period 2021-07-01 to 2022-06-30. The reporting entity is headquartered in Australia. The reporting entity has an annual revenue band of 300-350M. The reporting entity operates in the industry sectors: Construction, civil engineering and building products. Register entry: https://modernslaveryregister.gov.au/statements/10562/.""}"
Modern slavery statement 2026-187: INFINITE AUSTRALIA AGED CARE HOLDINGS PTY LTD,document,{'content': 'INFINITE AUSTRALIA AGED CARE HOLDINGS PTY LTD (ABN 75 621 313 826) filed a single modern slavery statement with the Australian Modern Slavery Register for the reporting period 2024-07-01 to 2025-06-30. The reporting entity is headquartered in Australia. The reporting entity has an annual revenue band of 300-350M. The reporting entity operates in the industry sectors: Health Care and Social Assistance. Register entry: https://modernslaveryregister.gov.au/statements/27327/.'}
Modern slavery statement 2022-260: TENNIS AUSTRALIA LIMITED,document,{'content': 'TENNIS AUSTRALIA LIMITED (ABN 61 006 281 125) filed a single modern slavery statement with the Australian Modern Slavery Register for the reporting period 2020-07-01 to 2021-09-30. The reporting entity is headquartered in Australia. The reporting entity has an annual revenue band of 350-400M. The reporting entity operates in the industry sectors: Charitable / not-for-profit activities. Register entry: https://modernslaveryregister.gov.au/statements/8080/.'}
Modern slavery statement 2022-269: DYNO NOBEL ASIA PACIFIC PTY LIMITED & DYNO NOBEL MORANBAH PTY LTD & DYNO NOBEL PTY LIMITED et al.,document,"{'content': 'DYNO NOBEL ASIA PACIFIC PTY LIMITED (ABN 38 003 269 010), DYNO NOBEL MORANBAH PTY LTD (ABN 63 115 650 649), DYNO NOBEL PTY LIMITED (ABN 44 117 733 463), INCITEC FERTILIZERS PTY LIMITED (ABN 56 103 709 155), INCITEC PIVOT EXPLOSIVES HOLDINGS PTY LIMITED (ABN 88 124 351 328), INCITEC PIVOT INVESTMENTS 1 PTY LTD (ABN 18 130 242 090), INCITEC PIVOT LIMITED (ABN 42 004 080 264) and SOUTHERN CROSS FERTILISERS PTY LTD (ABN 30 004 936 850) filed a joint modern slavery statement with the Australian Modern Slavery Register for the reporting period 2020-10-01 to 2021-09-30. The reporting entities are headquartered in Australia. The reporting entities have an annual revenue band of 1BN+. The reporting entities operate in the industry sectors: Mining, metals, chemicals and resources (including oil and gas). Register entry: https://modernslaveryregister.gov.au/statements/8084/.'}"
Modern slavery statement 2021-2457: NAVAL GROUP AUSTRALIA PTY LIMITED & NAVAL GROUP S.A.,document,"{'content': 'NAVAL GROUP AUSTRALIA PTY LIMITED (ABN 14 605 467 123) and NAVAL GROUP S.A. (ABN 54 162 722 901) filed a joint modern slavery statement with the Australian Modern Slavery Register for the reporting period 2020-01-01 to 2020-12-31. The reporting entities are headquartered in Australia, France. The reporting entities have an annual revenue band of 1BN+. The reporting entities operate in the industry sectors: Defence and aerospace. Register entry: https://modernslaveryregister.gov.au/statements/5106/.'}"
Modern slavery statement 2025-2962: UNITY BANK LIMITED,document,{'content': 'UNITY BANK LIMITED (ABN 72 087 650 637) filed a single modern slavery statement with the Australian Modern Slavery Register for the reporting period 2024-07-01 to 2025-06-30. The reporting entity is headquartered in Australia. The reporting entity has an annual revenue band of 100-150M. The reporting entity operates in the industry sectors: Financial and Insurance Services. Register entry: https://modernslaveryregister.gov.au/statements/25666/.'}
Modern slavery statement 2021-3059: TIMBERLINK AUSTRALIA PTY LIMITED,document,"{'content': 'TIMBERLINK AUSTRALIA PTY LIMITED (ABN 12 161 713 015) filed a single modern slavery statement with the Australian Modern Slavery Register for the reporting period 2020-07-01 to 2021-06-30. The reporting entity is headquartered in Australia. The reporting entity has an annual revenue band of 300-350M. The reporting entity operates in the industry sectors: Forestry, timber products, paper and containers and packaging. Register entry: https://modernslaveryregister.gov.au/statements/6052/.'}"
Modern slavery statement 2021-2718: SERVCO AUSTRALIA CAIRNS PTY LTD & SERVCO AUSTRALIA CALOUNDRA PTY LTD & SERVCO AUSTRALIA DUBBO PTY LTD et al.,document,"{'content': 'SERVCO AUSTRALIA CAIRNS PTY LTD (ABN 96 136 856 614), SERVCO AUSTRALIA CALOUNDRA PTY LTD (ABN 56 000 223 021), SERVCO AUSTRALIA DUBBO PTY LTD (ABN 41 124 473 454), SERVCO AUSTRALIA ESSENDON FIELDS PTY LTD (ABN 42 648 199 759), SERVCO AUSTRALIA MELBOURNE CITY PTY LTD (ABN 96 616 073 226), SERVCO AUSTRALIA MELBOURNE PRESTIGE PTY LTD (ABN 92 616 073 208), SERVCO AUSTRALIA MELVILLE PTY LTD (ABN 39 622 157 706), Servco Australia Morningside Pty Ltd (ABN 29 127 812 604), Servco Australia Pty Ltd (ABN 16 123 482 717), SERVCO AUSTRALIA TAMWORTH PTY LTD (ABN 28 628 011 905), The Trustee for Servco Australia Chatswood Unit Trust (ABN 56 363 784 274), The Trustee for Servco Australia Echuca No 2 Unit Trust (ABN 79 953 136 452) and The Trustee for Servco Australia Echuca Unit Trust (ABN 85 712 251 405) filed a joint modern slavery statement with the Australian Modern Slavery Register for the reporting period 2020-07-01 to 2021-06-30. The reporting entities are headquartered in Australia, United States of America. The reporting entities have an annual revenue band of 1BN+. The reporting entities operate in the industry sectors: Automotive, machinery and heavy electrical equipment. Register entry: https://modernslaveryregister.gov.au/statements/5528/.'}"
"Modern slavery statement 2023-1144: RUSSELL INVESTMENT GROUP PTY LTD & RUSSELL INVESTMENT MANAGEMENT LTD. & RUSSELL INVESTMENTS AUSTRALIA HOLDCO PTY LIMITED, RUSSELL INVESTMENTS IMPLEMENTATION SERVICES, LLC",document,"{'content': 'RUSSELL INVESTMENT GROUP PTY LTD (ABN 92 003 066 859), RUSSELL INVESTMENT MANAGEMENT LTD. (ABN 53 068 338 974) and RUSSELL INVESTMENTS AUSTRALIA HOLDCO PTY LIMITED, RUSSELL INVESTMENTS IMPLEMENTATION SERVICES, LLC (ABN 24 642 194 625) filed a joint modern slavery statement with the Australian Modern Slavery Register for the reporting period 2022-01-01 to 2022-12-31. The reporting entities are headquartered in United States of America. The reporting entities have an annual revenue band of 400-450M. The reporting entities operate in the industry sectors: Financial, insurance and real estate activities. Register entry: https://modernslaveryregister.gov.au/statements/13761/.'}"
Modern slavery statement 2021-2157: INFOR GLOBAL SOLUTIONS (ANZ) PTY LIMITED,document,{'content': 'INFOR GLOBAL SOLUTIONS (ANZ) PTY LIMITED (ABN 25 003 538 314) filed a single modern slavery statement with the Australian Modern Slavery Register for the reporting period 2020-04-01 to 2021-03-30. The reporting entity is headquartered in Australia. The reporting entity has an annual revenue band of 1BN+. The reporting entity operates in the industry sectors: Information technology and telecommunication. Register entry: https://modernslaveryregister.gov.au/statements/4674/.'}
"Modern slavery statement 2023-1061: Northern Trust Global Investments Ltd, Northern Trust Global Services SE UK Branch, Northern Trust Investor Services Ltd, Northern Trust Management Services Ltd, Northern Trust Securities LLP, The Northern Trust Company London Branch, The Northern Trust Company Melbourne Branch",document,"{'content': 'Northern Trust Global Investments Ltd, Northern Trust Global Services SE UK Branch, Northern Trust Investor Services Ltd, Northern Trust Management Services Ltd, Northern Trust Securities LLP, The Northern Trust Company London Branch, The Northern Trust Company Melbourne Branch (ABN 62 126 279 918) filed a joint modern slavery statement with the Australian Modern Slavery Register for the reporting period 2022-01-01 to 2022-12-31. The reporting entity is headquartered in United States of America. The reporting entity has an annual revenue band of 1BN+. The reporting entity operates in the industry sectors: Financial, insurance and real estate activities. Register entry: https://modernslaveryregister.gov.au/statements/13654/.'}"
Modern slavery statement 2023-3339: CHEAP AS CHIPS DISCOUNT STORES PTY LTD,document,"{'content': 'CHEAP AS CHIPS DISCOUNT STORES PTY LTD (ABN 17 616 449 122) filed a joint modern slavery statement with the Australian Modern Slavery Register for the reporting period 2022-07-01 to 2023-06-30. The reporting entity is headquartered in Australia. The reporting entity has an annual revenue band of 100-150M. The reporting entity operates in the industry sectors: Durable consumer goods, including electronics and appliances, home furnishings and other accessories Cosmetics and toiletries Fashion, textiles, apparel and luxury goods Other. The statement also covers the included entities: PALCOVE PTY. LTD. (46 055 118 404). Register entry: https://modernslaveryregister.gov.au/statements/16625/.'}"
Modern slavery statement 2024-2276: QUEENSLAND NITRATES PTY LTD,document,"{'content': 'QUEENSLAND NITRATES PTY LTD (ABN 63 079 889 268) filed a single modern slavery statement with the Australian Modern Slavery Register for the reporting period 2023-07-01 to 2024-06-30. The reporting entity is headquartered in Australia. The reporting entity has an annual revenue band of 150-200M. The reporting entity operates in the industry sectors: Mining, metals, chemicals and resources (including oil and gas). Register entry: https://modernslaveryregister.gov.au/statements/19897/.'}"
"Modern slavery statement 2021-3987: BIRCH, CARROLL & COYLE LIMITED & EVENT HOSPITALITY AND ENTERTAINMENT LTD & QT HOTELS AND RESORTS PTY LIMITED et al.",document,"{'content': 'BIRCH, CARROLL & COYLE LIMITED (ABN 40 009 659 643), EVENT HOSPITALITY AND ENTERTAINMENT LTD (ABN 51 000 005 103), QT HOTELS AND RESORTS PTY LIMITED (ABN 23 140 595 624), RYDGES HOTELS LTD (ABN 48 050 035 268) and THE GREATER UNION ORGANISATION PTY LTD (ABN 99 000 024 439) filed a joint modern slavery statement with the Australian Modern Slavery Register for the reporting period 2020-07-01 to 2021-06-30. The reporting entities are headquartered in Australia. The reporting entities have an annual revenue band of 450-500M. The reporting entities operate in the industry sectors: Consumer services, including accommodation, hospitality, tourism and leisure. Register entry: https://modernslaveryregister.gov.au/statements/7455/.'}"
Modern slavery statement 2021-225: CIVIL AVIATION SAFETY AUTHORITY,document,{'content': 'CIVIL AVIATION SAFETY AUTHORITY (ABN 44 808 014 470) filed a single modern slavery statement with the Australian Modern Slavery Register for the reporting period 2019-07-01 to 2020-06-30. The reporting entity is headquartered in Australia. The reporting entity has an annual revenue band of 150-200M. The reporting entity operates in the industry sectors: Other. Register entry: https://modernslaveryregister.gov.au/statements/1488/.'}
Modern slavery statement 2025-3067: BAKERS DELIGHT HOLDINGS LTD.,document,"{'content': 'BAKERS DELIGHT HOLDINGS LTD. filed a single modern slavery statement with the Australian Modern Slavery Register for the reporting period 2024-07-01 to 2025-06-30. The reporting entity is headquartered in Australia. The reporting entity has an annual revenue band of 100-150M. The reporting entity operates in the industry sectors: Retail Trade. The statement also covers the included entities: BD Canada Ltd (BN 882627904RC000), COBS USA Inc (Business ALEI 1146372). Register entry: https://modernslaveryregister.gov.au/statements/25977/.'}"
Modern slavery statement 2024-740: REGAL PARTNERS LIMITED,document,"{'content': 'REGAL PARTNERS LIMITED (ABN 33 129 188 450) filed a single modern slavery statement with the Australian Modern Slavery Register for the reporting period 2023-01-01 to 2023-12-31. The reporting entity is headquartered in Australia. The reporting entity has an annual revenue band of 100-150M. The reporting entity operates in the industry sectors: Financial, insurance and real estate activities. Register entry: https://modernslaveryregister.gov.au/statements/17844/.'}"
Modern slavery statement 2020-102: JOHNS LYNG GROUP LIMITED,document,"{'content': 'JOHNS LYNG GROUP LIMITED (ABN 86 620 466 248) filed a single modern slavery statement with the Australian Modern Slavery Register for the reporting period 2019-07-01 to 2020-06-30. The reporting entity is headquartered in Australia. The reporting entity has an annual revenue band of 450-500M. The reporting entity operates in the industry sectors: Construction, civil engineering and building products Cleaning and security services. Register entry: https://modernslaveryregister.gov.au/statements/308/.'}"
Modern slavery statement 2022-1466: SILICON METAL COMPANY OF AUSTRALIA PTY LTD,document,"{'content': 'SILICON METAL COMPANY OF AUSTRALIA PTY LTD (ABN 73 009 401 736) filed a joint modern slavery statement with the Australian Modern Slavery Register for the reporting period 2021-01-01 to 2021-12-31. The reporting entity is headquartered in Australia. The reporting entity has an annual revenue band of 150-200M. The reporting entity operates in the industry sectors: Mining, metals, chemicals and resources (including oil and gas). Register entry: https://modernslaveryregister.gov.au/statements/9819/.'}"
Modern slavery statement 2024-2738: VICINITY CENTRES TRUST & VICINITY LIMITED,document,"{'content': 'VICINITY CENTRES TRUST (ABN 72 680 499 767) and VICINITY LIMITED (ABN 90 114 757 783) filed a joint modern slavery statement with the Australian Modern Slavery Register for the reporting period 2023-07-01 to 2024-06-30. The reporting entities are headquartered in Australia. The reporting entities have an annual revenue band of 1BN+. The reporting entities operate in the industry sectors: Financial, insurance and real estate activities. The statement also covers the included entities: THE TRUSTEE FOR FIF INVESTMENT TRUST (34 310 063 620), VICINITY HOLDINGS LIMITED (79 167 087 363), VICINITY NVN TRUST (43 813 342 348), VICINITY PROPERTY MANAGEMENT TRUST (83 026 144 869). Register entry: https://modernslaveryregister.gov.au/statements/20539/.'}"
Modern slavery statement 2026-298: REFINITIV AUSTRALIA PTY LIMITED,document,{'content': 'REFINITIV AUSTRALIA PTY LIMITED filed a single modern slavery statement with the Australian Modern Slavery Register for the reporting period 2025-01-01 to 2025-12-31. The reporting entity is headquartered in United Kingdom. The reporting entity has an annual revenue band of 150-200M. The reporting entity operates in the industry sectors: Other Services. Register entry: https://modernslaveryregister.gov.au/statements/27501/.'}
Modern slavery statement 2022-2935: UNIVERSAL STORE HOLDINGS LIMITED,document,"{'content': 'UNIVERSAL STORE HOLDINGS LIMITED (ABN 94 628 836 484) filed a single modern slavery statement with the Australian Modern Slavery Register for the reporting period 2021-07-01 to 2022-06-30. The reporting entity is headquartered in Australia. The reporting entity has an annual revenue band of 200-250M. The reporting entity operates in the industry sectors: Fashion, textiles, apparel and luxury goods. Register entry: https://modernslaveryregister.gov.au/statements/11863/.'}"
Modern slavery statement 2025-3500: HANROY IRON ORE PROJECTS PTY LTD & ROY HILL HOLDINGS PTY LTD,document,{'content': 'HANROY IRON ORE PROJECTS PTY LTD (ABN 56 661 341 975) and ROY HILL HOLDINGS PTY LTD (ABN 71 123 721 077) filed a joint modern slavery statement with the Australian Modern Slavery Register for the reporting period 2024-07-01 to 2025-06-30. The reporting entities are headquartered in Australia. The reporting entities have an annual revenue band of 1BN+. The reporting entities operate in the industry sectors: Mining. Register entry: https://modernslaveryregister.gov.au/statements/26566/.'}
Modern slavery statement 2023-3284: NETWEALTH GROUP LIMITED & NETWEALTH GROUP SERVICES PTY LTD & NETWEALTH HOLDINGS LIMITED et al.,document,"{'content': 'NETWEALTH GROUP LIMITED (ABN 84 620 145 404), NETWEALTH GROUP SERVICES PTY LTD (ABN 89 135 940 840), NETWEALTH HOLDINGS LIMITED (ABN 57 133 790 146) and NETWEALTH INVESTMENTS LIMITED (ABN 85 090 569 109) filed a joint modern slavery statement with the Australian Modern Slavery Register for the reporting period 2022-07-01 to 2023-06-30. The reporting entities are headquartered in Australia. The reporting entities have an annual revenue band of 200-250M. The reporting entities operate in the industry sectors: Financial, insurance and real estate activities. The statement also covers the included entities: NETWEALTH SUPERANNUATION SERVICES PTY LTD (80 636 951 310). Register entry: https://modernslaveryregister.gov.au/statements/16559/.'}"
Modern slavery statement 2021-3679: MIRVAC LIMITED,document,"{'content': 'MIRVAC LIMITED (ABN 92 003 280 699) filed a joint modern slavery statement with the Australian Modern Slavery Register for the reporting period 2020-07-01 to 2021-06-30. The reporting entity is headquartered in Australia. The reporting entity has an annual revenue band of 1BN+. The reporting entity operates in the industry sectors: Construction, civil engineering and building products Financial, insurance and real estate activities Other. Register entry: https://modernslaveryregister.gov.au/statements/7029/.'}"
Modern slavery statement 2025-3748: UNITING CHURCH HOMES,document,{'content': 'UNITING CHURCH HOMES (ABN 15 360 992 349) filed a single modern slavery statement with the Australian Modern Slavery Register for the reporting period 2024-07-01 to 2025-06-30. The reporting entity is headquartered in Australia. The reporting entity has an annual revenue band of 250-300M. The reporting entity operates in the industry sectors: Health Care and Social Assistance. Register entry: https://modernslaveryregister.gov.au/statements/26845/.'}
"Modern slavery statement 2022-2135: Auckland Airport Holdings Limited, Auckland Airport Holdings (No 2) Limited, Auckland Airport Holdings (No 3) Limited, Auckland Airport Limited, Auckland International Airport Limited",document,"{'content': 'Auckland Airport Holdings Limited, Auckland Airport Holdings (No 2) Limited, Auckland Airport Holdings (No 3) Limited, Auckland Airport Limited, Auckland International Airport Limited filed a joint modern slavery statement with the Australian Modern Slavery Register for the reporting period 2021-07-01 to 2022-06-30. The reporting entity is headquartered in New Zealand. The reporting entity has an annual revenue band of 500-600M. The reporting entity operates in the industry sectors: Construction, civil engineering and building products Transportation, logistics, and storage Consumer services, including accommodation, hospitality, tourism and leisure. Register entry: https://modernslaveryregister.gov.au/statements/10830/.'}"
"Modern slavery statement 2025-3492: 21st Century Resorts Holdings Pty Limited, BALMORAL PASTORAL INVESTMENTS PTY. LTD.",document,"{'content': '21st Century Resorts Holdings Pty Limited, BALMORAL PASTORAL INVESTMENTS PTY. LTD. filed a joint modern slavery statement with the Australian Modern Slavery Register for the reporting period 2024-07-01 to 2025-06-30. The reporting entity is headquartered in Australia. The reporting entity has an annual revenue band of 300-350M. The reporting entity operates in the industry sectors: Accommodation and Food Services Rental, Hiring and Real Estate Services Administrative and Support Services Construction Retail Trade. The statement also covers the included entities: BALMORAL PASTORAL PTY. LTD.. Register entry: https://modernslaveryregister.gov.au/statements/26086/.'}"
Modern slavery statement 2023-2053: STELLA NEL FINANCE PTY LIMITED,document,"{'content': 'STELLA NEL FINANCE PTY LIMITED (ABN 20 637 599 574) filed a single modern slavery statement with the Australian Modern Slavery Register for the reporting period 2022-07-01 to 2023-06-30. The reporting entity is headquartered in Australia. The reporting entity has an annual revenue band of 100-150M. The reporting entity operates in the industry sectors: Financial, insurance and real estate activities. Register entry: https://modernslaveryregister.gov.au/statements/14957/.'}"
Modern slavery statement 2020-137: BM ALLIANCE COAL OPERATIONS PTY LIMITED,document,"{'content': 'BM ALLIANCE COAL OPERATIONS PTY LIMITED (ABN 67 096 412 752) filed a single modern slavery statement with the Australian Modern Slavery Register for the reporting period 2019-07-01 to 2020-06-30. The reporting entity is headquartered in Australia. The reporting entity has an annual revenue band of 600-700M. The reporting entity operates in the industry sectors: Mining, metals, chemicals and resources (including oil and gas). Register entry: https://modernslaveryregister.gov.au/statements/418/.'}"
Modern slavery statement 2025-1927: ASTELLAS PHARMA AUSTRALIA PTY LTD,document,{'content': 'ASTELLAS PHARMA AUSTRALIA PTY LTD (ABN 81 147 915 482) filed a single modern slavery statement with the Australian Modern Slavery Register for the reporting period 2024-04-01 to 2025-03-31. The reporting entity is headquartered in Japan. The reporting entity has an annual revenue band of 150-200M. The reporting entity operates in the industry sectors: Health Care and Social Assistance. Register entry: https://modernslaveryregister.gov.au/statements/24265/.'}
Modern slavery statement 2022-1491: Rimini Street Inc,document,{'content': 'Rimini Street Inc (ABN 61 898 632 956) filed a joint modern slavery statement with the Australian Modern Slavery Register for the reporting period 2021-01-01 to 2021-12-31. The reporting entity is headquartered in United States of America. The reporting entity has an annual revenue band of 350-400M. The reporting entity operates in the industry sectors: Information technology and telecommunication. Register entry: https://modernslaveryregister.gov.au/statements/9859/.'}
Modern slavery statement 2025-1394: LIFTRONIC PTY LTD,document,"{'content': 'LIFTRONIC PTY LTD (ABN 99 002 886 213) filed a single modern slavery statement with the Australian Modern Slavery Register for the reporting period 2024-01-01 to 2024-12-31. The reporting entity is headquartered in Australia. The reporting entity has an annual revenue band of 0-99M. The reporting entity operates in the industry sectors: Construction, civil engineering and building products Other. Register entry: https://modernslaveryregister.gov.au/statements/23657/.'}"
Modern slavery statement 2023-2888: DENTONS AUSTRALIA LIMITED,document,"{'content': 'DENTONS AUSTRALIA LIMITED (ABN 69 100 963 308) filed a joint modern slavery statement with the Australian Modern Slavery Register for the reporting period 2022-07-01 to 2023-06-30. The reporting entity is headquartered in Australia. The reporting entity has an annual revenue band of 100-150M. The reporting entity operates in the industry sectors: Professional and administrative services and supplies, including legal, consulting and accounting services. The statement also covers the included entities: DENTONS CAPITAL PTY LTD (47 663 751 200), Dentons PNG Administration Services Ltd. Register entry: https://modernslaveryregister.gov.au/statements/16107/.'}"
Modern slavery statement 2021-3764: DLA PIPER NATIONAL PARTNERSHIP & DLA PIPER QUEENSLAND PARTNERSHIP,document,"{'content': 'DLA PIPER NATIONAL PARTNERSHIP (ABN 83 508 451 308) and DLA PIPER QUEENSLAND PARTNERSHIP (ABN 63 446 756 774) filed a joint modern slavery statement with the Australian Modern Slavery Register for the reporting period 2020-07-01 to 2021-06-30. The reporting entities are headquartered in Australia. The reporting entities have an annual revenue band of 600-700M. The reporting entities operate in the industry sectors: Professional and administrative services and supplies, including legal, consulting and accounting services. Register entry: https://modernslaveryregister.gov.au/statements/7141/.'}"
Modern slavery statement 2024-1387: M.A SERVICES GROUP PTY LTD,document,{'content': 'M.A SERVICES GROUP PTY LTD (ABN 73 151 498 001) filed a single modern slavery statement with the Australian Modern Slavery Register for the reporting period 2023-01-01 to 2023-12-31. The reporting entity is headquartered in Australia. The reporting entity has an annual revenue band of 300-350M. The reporting entity operates in the industry sectors: Cleaning and security services. Register entry: https://modernslaveryregister.gov.au/statements/18704/.'}
"Modern slavery statement 2023-2183: E.SUN COMMERCIAL BANK, LTD.",document,"{'content': 'E.SUN COMMERCIAL BANK, LTD. (ABN 60 606 234 879) filed a single modern slavery statement with the Australian Modern Slavery Register for the reporting period 2022-01-01 to 2022-12-31. The reporting entity is headquartered in Taiwan. The reporting entity has an annual revenue band of 0-99M. The reporting entity operates in the industry sectors: Financial, insurance and real estate activities. Register entry: https://modernslaveryregister.gov.au/statements/15161/.'}"
Modern slavery statement 2021-4033: RALPH LAUREN AUSTRALIA PTY LTD,document,"{'content': 'RALPH LAUREN AUSTRALIA PTY LTD (ABN 61 118 847 359) filed a single modern slavery statement with the Australian Modern Slavery Register for the reporting period 2020-04-01 to 2021-03-30. The reporting entity is headquartered in Australia. The reporting entity has an annual revenue band of 100-150M. The reporting entity operates in the industry sectors: Fashion, textiles, apparel and luxury goods. Register entry: https://modernslaveryregister.gov.au/statements/7499/.'}"
Modern slavery statement 2021-60: CTI LOGISTICS LIMITED,document,"{'content': 'CTI LOGISTICS LIMITED (ABN 69 008 778 925) filed a single modern slavery statement with the Australian Modern Slavery Register for the reporting period 2019-07-01 to 2020-06-30. The reporting entity is headquartered in Australia. The reporting entity has an annual revenue band of 200-250M. The reporting entity operates in the industry sectors: Transportation, logistics, and storage. Register entry: https://modernslaveryregister.gov.au/statements/1142/.'}"
Modern slavery statement 2023-1665: Hyland Software Inc.,document,{'content': 'Hyland Software Inc. (ABN 86 592 245 578) filed a single modern slavery statement with the Australian Modern Slavery Register for the reporting period 2022-01-01 to 2022-12-31. The reporting entity is headquartered in United States of America. The reporting entity has an annual revenue band of 0-99M. The reporting entity operates in the industry sectors: Information technology and telecommunication. Register entry: https://modernslaveryregister.gov.au/statements/14412/.'}
Modern slavery statement 2025-2328: FUJIFILM AUSTRALIA PTY LTD & FUJIFILM BUSINESS INNOVATION AUSTRALIA PTY LTD & FUJIFILM HOLDINGS AUSTRALASIA PTY LTD,document,"{'content': 'FUJIFILM AUSTRALIA PTY LTD (ABN 80 000 064 433), FUJIFILM BUSINESS INNOVATION AUSTRALIA PTY LTD (ABN 63 000 341 819) and FUJIFILM HOLDINGS AUSTRALASIA PTY LTD (ABN 58 008 443 892) filed a joint modern slavery statement with the Australian Modern Slavery Register for the reporting period 2022-04-01 to 2023-03-31. The reporting entities are headquartered in Japan. The reporting entities have an annual revenue band of 600-700M. The reporting entities operate in the industry sectors: Professional, Scientific and Technical Services Administrative and Support Services Information Media and Telecommunications. The statement also covers the included entities: FUJIFILM CSG LIMITED (64 123 989 631). Register entry: https://modernslaveryregister.gov.au/statements/24887/.'}"
Modern slavery statement 2024-3376: APS INDUSTRIAL PTY LTD,document,{'content': 'APS INDUSTRIAL PTY LTD (ABN 13 623 475 481) filed a single modern slavery statement with the Australian Modern Slavery Register for the reporting period 2023-07-01 to 2024-06-30. The reporting entity is headquartered in Australia. The reporting entity has an annual revenue band of 100-150M. The reporting entity operates in the industry sectors: Other. The statement also covers the included entities: Cuthbert Stewart Limited (NZBN: 9429040960487). Register entry: https://modernslaveryregister.gov.au/statements/21342/.'}
Modern slavery statement 2024-3218: Connecteast Pty Limited,document,"{'content': 'Connecteast Pty Limited (ABN 99 101 213 263) filed a single modern slavery statement with the Australian Modern Slavery Register for the reporting period 2023-07-01 to 2024-06-30. The reporting entity is headquartered in Australia. The reporting entity has an annual revenue band of 350-400M. The reporting entity operates in the industry sectors: Transportation, logistics, and storage. Register entry: https://modernslaveryregister.gov.au/statements/21156/.'}"
Modern slavery statement 2021-2012: ROYAL MELBOURNE INSTITUTE OF TECHNOLOGY,document,"{'content': 'ROYAL MELBOURNE INSTITUTE OF TECHNOLOGY (ABN 49 781 030 034) filed a joint modern slavery statement with the Australian Modern Slavery Register for the reporting period 2020-01-01 to 2020-12-31. The reporting entity is headquartered in Australia, Spain, Vietnam. The reporting entity has an annual revenue band of 1BN+. The reporting entity operates in the industry sectors: Education and research. Register entry: https://modernslaveryregister.gov.au/statements/4527/.'}"
Modern slavery statement 2025-795: OPEN UNIVERSITIES AUSTRALIA PTY LTD,document,"{'content': 'OPEN UNIVERSITIES AUSTRALIA PTY LTD (ABN 97 053 431 888) filed a single modern slavery statement with the Australian Modern Slavery Register for the reporting period 2024-01-01 to 2024-12-31. The reporting entity is headquartered in Australia. The reporting entity has an annual revenue band of 100-150M. The reporting entity operates in the industry sectors: Education and research. The statement also covers the included entities: Open Learning Agency of Australia Pty Ltd, Open Learning Australia Pty Limited, Open Learning Group Pty Limited. Register entry: https://modernslaveryregister.gov.au/statements/22843/.'}"
Modern slavery statement 2022-1570: ANL CONTAINER LINE PTY LTD,document,"{'content': 'ANL CONTAINER LINE PTY LTD (ABN 41 083 962 136) filed a single modern slavery statement with the Australian Modern Slavery Register for the reporting period 2021-07-01 to 2022-06-30. The reporting entity is headquartered in Australia. The reporting entity has an annual revenue band of 1BN+. The reporting entity operates in the industry sectors: Transportation, logistics, and storage. Register entry: https://modernslaveryregister.gov.au/statements/9989/.'}"
Modern slavery statement 2022-1313: Scott Park Group Pty Ltd,document,"{'content': 'Scott Park Group Pty Ltd (ABN 42 118 798 253) filed a single modern slavery statement with the Australian Modern Slavery Register for the reporting period 2021-01-01 to 2021-12-31. The reporting entity is headquartered in Australia. The reporting entity has an annual revenue band of 250-300M. The reporting entity operates in the industry sectors: Construction, civil engineering and building products. Register entry: https://modernslaveryregister.gov.au/statements/9600/.'}"
Modern slavery statement 2021-3833: AUSTRALIAN OPCO PTY LTD & FLIGHT CENTRE TRAVEL GROUP LIMITED,document,"{'content': 'AUSTRALIAN OPCO PTY LTD (ABN 20 003 279 534) and FLIGHT CENTRE TRAVEL GROUP LIMITED (ABN 25 003 377 188) filed a joint modern slavery statement with the Australian Modern Slavery Register for the reporting period 2020-07-01 to 2021-06-30. The reporting entities are headquartered in Australia. The reporting entities have an annual revenue band of 350-400M. The reporting entities operate in the industry sectors: Consumer services, including accommodation, hospitality, tourism and leisure Education and research. Register entry: https://modernslaveryregister.gov.au/statements/7120/.'}"
Modern slavery statement 2021-1398: GENUSPLUS GROUP LTD & POWERLINES PLUS PTY LTD,document,"{'content': 'GENUSPLUS GROUP LTD (ABN 86 620 283 561) and POWERLINES PLUS PTY LTD (ABN 20 135 293 793) filed a joint modern slavery statement with the Australian Modern Slavery Register for the reporting period 2019-07-01 to 2020-06-30. The reporting entities are headquartered in Australia. The reporting entities have an annual revenue band of 300-350M. The reporting entities operate in the industry sectors: Construction, civil engineering and building products. Register entry: https://modernslaveryregister.gov.au/statements/3353/.'}"
Modern slavery statement 2021-3206: CHUBB FIRE & SECURITY PTY LTD,document,"{'content': 'CHUBB FIRE & SECURITY PTY LTD (ABN 47 000 067 541) filed a single modern slavery statement with the Australian Modern Slavery Register for the reporting period 2019-12-01 to 2020-11-30. The reporting entity is headquartered in Australia. The reporting entity has an annual revenue band of 400-450M. The reporting entity operates in the industry sectors: Construction, civil engineering and building products. Register entry: https://modernslaveryregister.gov.au/statements/6294/.'}"
"Modern slavery statement 2025-3262: SAGE AUTOMATION PTY LTD, SAGE GROUP HOLDINGS LTD",document,"{'content': 'SAGE AUTOMATION PTY LTD, SAGE GROUP HOLDINGS LTD filed a joint modern slavery statement with the Australian Modern Slavery Register for the reporting period 2024-07-01 to 2025-06-30. The reporting entity is headquartered in Australia. The reporting entity has an annual revenue band of 250-300M. The reporting entity operates in the industry sectors: Construction Electricity, Gas, Water and Waste Services Manufacturing Transport, Postal and Warehousing. Register entry: https://modernslaveryregister.gov.au/statements/26280/.'}"
Modern slavery statement 2025-3797: APPLIANCES ONLINE PTY LIMITED & WINNING APPLIANCES PTY LTD,document,"{'content': 'APPLIANCES ONLINE PTY LIMITED (ABN 19 151 833 546) and WINNING APPLIANCES PTY LTD (ABN 94 002 193 688) filed a joint modern slavery statement with the Australian Modern Slavery Register for the reporting period 2024-07-01 to 2025-06-30. The reporting entities are headquartered in Australia. The reporting entities have an annual revenue band of 800-900M. The reporting entities operate in the industry sectors: Retail Trade. The statement also covers the included entities: ANDOO PTY LTD (49 115 622 172), HOME CLEARANCE PTY LTD (55 615 069 095), ORA RESTAURANT PTY. LIMITED (42 649 181 340), SPENCE & LYDA PTY LTD (43 094 430 574), WINNING SERVICES PTY LTD (34 152 213 039). Register entry: https://modernslaveryregister.gov.au/statements/26897/.'}"
Modern slavery statement 2022-1270: SAVE THE CHILDREN AUSTRALIA,document,{'content': 'SAVE THE CHILDREN AUSTRALIA (ABN 99 008 610 035) filed a single modern slavery statement with the Australian Modern Slavery Register for the reporting period 2021-04-01 to 2022-03-30. The reporting entity is headquartered in Australia. The reporting entity has an annual revenue band of 100-150M. The reporting entity operates in the industry sectors: Education and research Charitable / not-for-profit activities. Register entry: https://modernslaveryregister.gov.au/statements/9558/.'}
Modern slavery statement 2023-607: MULPHA AUSTRALIA LIMITED,document,"{'content': 'MULPHA AUSTRALIA LIMITED (ABN 44 002 888 039) filed a single modern slavery statement with the Australian Modern Slavery Register for the reporting period 2022-01-01 to 2022-12-31. The reporting entity is headquartered in Australia. The reporting entity has an annual revenue band of 250-300M. The reporting entity operates in the industry sectors: Consumer services, including accommodation, hospitality, tourism and leisure. Register entry: https://modernslaveryregister.gov.au/statements/12999/.'}"
Modern slavery statement 2024-2102: BRYANT BUILDING CONTRACTORS PTY LTD,document,"{'content': 'BRYANT BUILDING CONTRACTORS PTY LTD (ABN 25 076 958 453) filed a single modern slavery statement with the Australian Modern Slavery Register for the reporting period 2023-07-01 to 2024-06-30. The reporting entity is headquartered in Australia. The reporting entity has an annual revenue band of 150-200M. The reporting entity operates in the industry sectors: Construction, civil engineering and building products. Register entry: https://modernslaveryregister.gov.au/statements/19637/.'}"
Modern slavery statement 2024-3599: BASE RESOURCES LIMITED,document,"{'content': 'BASE RESOURCES LIMITED (ABN 88 125 546 910) filed a single modern slavery statement with the Australian Modern Slavery Register for the reporting period 2023-07-01 to 2024-06-30. The reporting entity is headquartered in Australia. The reporting entity has an annual revenue band of 200-250M. The reporting entity operates in the industry sectors: Mining, metals, chemicals and resources (including oil and gas). The statement also covers the included entities: Base Titanium Limited, Base Toliara SARL. Register entry: https://modernslaveryregister.gov.au/statements/21566/.'}"
Modern slavery statement 2025-1009: Boggabri Coal Pty Limited & IDEMITSU AUSTRALIA PTY LTD,document,"{'content': 'Boggabri Coal Pty Limited (ABN 77 122 087 398) and IDEMITSU AUSTRALIA PTY LTD (ABN 45 010 236 272) filed a joint modern slavery statement with the Australian Modern Slavery Register for the reporting period 2024-01-01 to 2024-12-31. The reporting entities are headquartered in Australia. The reporting entities have an annual revenue band of 1BN+. The reporting entities operate in the industry sectors: Mining, metals, chemicals and resources (including oil and gas). The statement also covers the included entities: BOGGABRI COAL OPERATIONS PTY LTD (76 600 191 455), IDEMITSU COAL MARKETING AUSTRALIA PTY LTD (52 003 671 707), IDEMITSU RENEWABLE DEVELOPMENTS AUSTRALIA PTY LTD (65 010 778 711), MUSWELLBROOK COAL COMPANY LTD (32 000 009 521). Register entry: https://modernslaveryregister.gov.au/statements/22633/.'}"
"Modern slavery statement 2023-2054: GOODMAN FUNDS MANAGEMENT LIMITED & GOODMAN LIMITED & Goodman Logistics (HK) Limited, Goodman Logistics UK Holdings Limited",document,"{'content': 'GOODMAN FUNDS MANAGEMENT LIMITED (ABN 48 067 796 641), GOODMAN LIMITED (ABN 69 000 123 071) and Goodman Logistics (HK) Limited, Goodman Logistics UK Holdings Limited filed a joint modern slavery statement with the Australian Modern Slavery Register for the reporting period 2022-07-01 to 2023-06-30. The reporting entities are headquartered in Australia. The reporting entities have an annual revenue band of 1BN+. The reporting entities operate in the industry sectors: Financial, insurance and real estate activities. Register entry: https://modernslaveryregister.gov.au/statements/14958/.'}"
Modern slavery statement 2023-1501: EUROFINS AUSTRALIA NEW ZEALAND HOLDING PTY LTD,document,"{'content': 'EUROFINS AUSTRALIA NEW ZEALAND HOLDING PTY LTD (ABN 99 612 485 819) filed a single modern slavery statement with the Australian Modern Slavery Register for the reporting period 2022-01-01 to 2022-12-31. The reporting entity is headquartered in Belgium, Luxembourg. The reporting entity has an annual revenue band of 100-150M. The reporting entity operates in the industry sectors: Other. Register entry: https://modernslaveryregister.gov.au/statements/14160/.'}"
Modern slavery statement 2022-1154: PRUDENTIAL INVESTMENT COMPANY OF AUSTRALIA PTY LTD,document,"{'content': 'PRUDENTIAL INVESTMENT COMPANY OF AUSTRALIA PTY LTD (ABN 84 004 266 817) filed a joint modern slavery statement with the Australian Modern Slavery Register for the reporting period 2021-01-01 to 2021-12-31. The reporting entity is headquartered in Australia. The reporting entity has an annual revenue band of 100-150M. The reporting entity operates in the industry sectors: Financial, insurance and real estate activities. Register entry: https://modernslaveryregister.gov.au/statements/9432/.'}"
Modern slavery statement 2023-2289: SWISSPORT ANZ PTY LTD & SWISSPORT PTY LTD,document,"{'content': 'SWISSPORT ANZ PTY LTD (ABN 54 167 311 551) and SWISSPORT PTY LTD (ABN 85 151 147 303) filed a joint modern slavery statement with the Australian Modern Slavery Register for the reporting period 2022-01-01 to 2022-12-31. The reporting entities are headquartered in Australia. The reporting entities have an annual revenue band of 200-250M. The reporting entities operate in the industry sectors: Transportation, logistics, and storage. The statement also covers the included entities: AGS LOGISTICS PTY. LTD. (57 080 210 180), ASPIRE LOUNGES AUSTRALIA PTY LTD (22 627 491 070), AUSTRALIAN GROUND SERVICES PTY. LTD. (28 052 961 752), CARBRIDGE PTY. LTD. (63 050 099 342), PRIME VANTAGE PTY LTD (76 151 250 127), SWISSPORT AUSTRALIA PTY LTD (32 103 196 701). Register entry: https://modernslaveryregister.gov.au/statements/13593/.'}"
Modern slavery statement 2022-1251: Monash Accommodation Services Pty Ltd & MONASH COLLEGE PTY LTD & MONASH COMMERCIAL PTY LTD et al.,document,"{'content': 'Monash Accommodation Services Pty Ltd (ABN 14 142 750 114), MONASH COLLEGE PTY LTD (ABN 64 064 031 714), MONASH COMMERCIAL PTY LTD (ABN 14 095 891 722), Monash Property South Africa, Monash Shenzhen Research Management Co, MONASH UNIVERSITY (ABN 12 377 614 012), Monash University Indonesia Foundation (Yayasan Monash University Indonesia), MONASH UNIVERSITY INDONESIA LTD (ABN 80 610 548 144), Monash University Malaysia Research and Development Sdn Bhd, Monash University Malaysia Sdn Bhd, Monash University Malaysia Sdn Bhd, PT Monash Indonesia Services, THE TRUSTEE FOR THE MONASH UNIVERSITY FOUNDATION (ABN 94 178 965 125) and World Mosquito Program (Europe) SAS, WORLD MOSQUITO PROGRAM LTD (ABN 95 654 255 455) filed a joint modern slavery statement with the Australian Modern Slavery Register for the reporting period 2021-01-01 to 2021-12-31. The reporting entities are headquartered in Australia. The reporting entities have an annual revenue band of 1BN+. The reporting entities operate in the industry sectors: Education and research Charitable / not-for-profit activities. Register entry: https://modernslaveryregister.gov.au/statements/9534/.'}"
Modern slavery statement 2025-2085: The Trustee for STANBROKE BEEF TRUST,document,{'content': 'The Trustee for STANBROKE BEEF TRUST (ABN 51 109 533 535) filed a single modern slavery statement with the Australian Modern Slavery Register for the reporting period 2024-01-01 to 2024-12-31. The reporting entity is headquartered in Australia. The reporting entity has an annual revenue band of 500-600M. The reporting entity operates in the industry sectors: Manufacturing. Register entry: https://modernslaveryregister.gov.au/statements/24530/.'}
Modern slavery statement 2024-2782: JAX COAL PTY LTD & NORTHERN HUB (DRAKE) PTY LTD & QCOAL PTY LTD,document,"{'content': 'JAX COAL PTY LTD (ABN 89 133 499 500), NORTHERN HUB (DRAKE) PTY LTD (ABN 86 609 547 033) and QCOAL PTY LTD (ABN 99 010 911 234) filed a joint modern slavery statement with the Australian Modern Slavery Register for the reporting period 2023-07-01 to 2024-06-30. The reporting entities are headquartered in Australia. The reporting entities have an annual revenue band of 700-800M. The reporting entities operate in the industry sectors: Mining, metals, chemicals and resources (including oil and gas). The statement also covers the included entities: JAX COAL PTY LTD (89 133 499 500), NORTHERN HUB (DRAKE) PTY LTD (86 609 547 033). Register entry: https://modernslaveryregister.gov.au/statements/20599/.'}"
Modern slavery statement 2025-3443: CONSTRUCTION 2 OPERATION GROUP PTY LTD,document,"{'content': 'CONSTRUCTION 2 OPERATION GROUP PTY LTD (ABN 66 651 250 592) filed a single modern slavery statement with the Australian Modern Slavery Register for the reporting period 2024-07-01 to 2025-06-30. The reporting entity is headquartered in Australia. The reporting entity has an annual revenue band of 200-250M. The reporting entity operates in the industry sectors: Construction. The statement also covers the included entities: C2O GROUP WA PTY LTD (43 661 454 011), CONSTRUCTION 2 OPERATION GROUP AUSTRALIA PTY LTD (73 651 251 428), CONSTRUCTION 2 OPERATION GROUP NORTH AMERICA PTY LTD (75 651 251 437), RENEWABLES TECHNICAL SERVICES PTY LTD (93 660 401 203), SCHEMATIC ELECTRICAL PTY LTD (30 139 629 342), THYRISTORS PTY LTD (15 139 626 029). Register entry: https://modernslaveryregister.gov.au/statements/25969/.'}"
Modern slavery statement 2023-190: POWER RETAIL CORPORATION,document,"{'content': 'POWER RETAIL CORPORATION (ABN 65 889 840 667) filed a single modern slavery statement with the Australian Modern Slavery Register for the reporting period 2021-07-01 to 2022-06-30. The reporting entity is headquartered in Australia. The reporting entity has an annual revenue band of 500-600M. The reporting entity operates in the industry sectors: Utilities: gas, water and electricity. Register entry: https://modernslaveryregister.gov.au/statements/12354/.'}"
Modern slavery statement 2023-2137: HATCHCOS HOLDINGS PTY LTD & HATCH PTY LTD,document,"{'content': 'HATCHCOS HOLDINGS PTY LTD (ABN 35 072 620 467) and HATCH PTY LTD (ABN 59 008 630 500) filed a joint modern slavery statement with the Australian Modern Slavery Register for the reporting period 2021-09-01 to 2022-09-30. The reporting entities are headquartered in Australia, Canada. The reporting entities have an annual revenue band of 0-99M. The reporting entities operate in the industry sectors: Mining, metals, chemicals and resources (including oil and gas) Construction, civil engineering and building products Professional and administrative services and supplies, including legal, consulting and accounting services. Register entry: https://modernslaveryregister.gov.au/statements/15080/.'}"
Modern slavery statement 2023-277: Sydney Tools Pty Ltd,document,{'content': 'Sydney Tools Pty Ltd (ABN 19 112 852 285) filed a single modern slavery statement with the Australian Modern Slavery Register for the reporting period 2022-01-01 to 2022-12-31. The reporting entity is headquartered in Australia. The reporting entity has an annual revenue band of 800-900M. The reporting entity operates in the industry sectors: Other. Register entry: https://modernslaveryregister.gov.au/statements/12476/.'}
Modern slavery statement 2021-2245: SUMMERSET GROUP HOLDINGS LIMITED,document,"{'content': 'SUMMERSET GROUP HOLDINGS LIMITED (ABN 59 164 228 399) filed a single modern slavery statement with the Australian Modern Slavery Register for the reporting period 2020-01-01 to 2020-12-31. The reporting entity is headquartered in New Zealand. The reporting entity has an annual revenue band of 150-200M. The reporting entity operates in the industry sectors: Construction, civil engineering and building products Consumer services, including accommodation, hospitality, tourism and leisure Healthcare and pharmaceuticals. Register entry: https://modernslaveryregister.gov.au/statements/4523/.'}"
Modern slavery statement 2023-2124: IVECO TRUCKS AUSTRALIA LTD,document,"{'content': 'IVECO TRUCKS AUSTRALIA LTD (ABN 86 004 065 061) filed a single modern slavery statement with the Australian Modern Slavery Register for the reporting period 2022-07-01 to 2023-06-30. The reporting entity is headquartered in Italy. The reporting entity has an annual revenue band of 100-150M. The reporting entity operates in the industry sectors: Automotive, machinery and heavy electrical equipment. Register entry: https://modernslaveryregister.gov.au/statements/15066/.'}"
Modern slavery statement 2024-3550: MILDURA DISTRICT HOSPITAL FUND LTD.,document,"{'content': 'MILDURA DISTRICT HOSPITAL FUND LTD. (ABN 13 078 202 089) filed a single modern slavery statement with the Australian Modern Slavery Register for the reporting period 2023-07-01 to 2024-06-30. The reporting entity is headquartered in Australia. The reporting entity has an annual revenue band of 100-150M. The reporting entity operates in the industry sectors: Financial, insurance and real estate activities. Register entry: https://modernslaveryregister.gov.au/statements/21353/.'}"
Modern slavery statement 2024-587: ARCHITECTUS SERVICES HOLDCO PTY LTD,document,"{'content': 'ARCHITECTUS SERVICES HOLDCO PTY LTD (ABN 31 654 274 629) filed a single modern slavery statement with the Australian Modern Slavery Register for the reporting period 2022-07-01 to 2023-06-30. The reporting entity is headquartered in Australia. The reporting entity has an annual revenue band of 100-150M. The reporting entity operates in the industry sectors: Construction, civil engineering and building products Transportation, logistics, and storage Professional and administrative services and supplies, including legal, consulting and accounting services Defence and aerospace Education and research Healthcare and pharmaceuticals Government Sector. The statement also covers the included entities: ARCHITECTUS ASIA PTY LTD (80 602 768 990), ARCHITECTUS AUSTRALIA HOLDINGS PTY LTD (53 131 876 983), ARCHITECTUS AUSTRALIA PTY LTD (90 131 245 684), ARCHITECTUS AUSTRALIA PTY LTD (90 131 245 684), ARCHITECTUS BRISBANE PTY LTD (54 087 758 745), ARCHITECTUS FUTURO PTY LTD (26 654 333 230), ARCHITECTUS SERVICES BIDCO PTY LTD (89 654 282 158), ARCHITECTUS SERVICES FINCO PTY LTD (53 654 278 341), BIM CONSULTING PTY LTD (95 161 462 773), CONRAD GARGETT GROUP PTY LTD (81 636 465 373), CONRAD GARGETT HOLDINGS PTY LTD (93 664 680 157), CONRAD GARGETT JOHN WARDLE PTY LTD (86 624 465 229). Register entry: https://modernslaveryregister.gov.au/statements/17618/.'}"
Modern slavery statement 2021-895: A COUTSOUVELIS & M.B DUNPHY & A MACVEAN & H NEW & E.M PATON & R SLOCOMBE & K.J STALLARD & E WOOLLEY,document,"{'content': 'A COUTSOUVELIS & M.B DUNPHY & A MACVEAN & H NEW & E.M PATON & R SLOCOMBE & K.J STALLARD & E WOOLLEY (ABN 58 041 376 985) filed a single modern slavery statement with the Australian Modern Slavery Register for the reporting period 2019-07-01 to 2020-06-30. The reporting entity is headquartered in Australia. The reporting entity has an annual revenue band of 150-200M. The reporting entity operates in the industry sectors: Professional and administrative services and supplies, including legal, consulting and accounting services. Register entry: https://modernslaveryregister.gov.au/statements/2675/.'}"
Modern slavery statement 2023-751: SWINBURNE UNIVERSITY OF TECHNOLOGY,document,{'content': 'SWINBURNE UNIVERSITY OF TECHNOLOGY (ABN 13 628 586 699) filed a single modern slavery statement with the Australian Modern Slavery Register for the reporting period 2022-01-01 to 2022-12-31. The reporting entity is headquartered in Australia. The reporting entity has an annual revenue band of 700-800M. The reporting entity operates in the industry sectors: Education and research. Register entry: https://modernslaveryregister.gov.au/statements/13212/.'}
Modern slavery statement 2021-1930: CIMIC GROUP LIMITED,document,"{'content': 'CIMIC GROUP LIMITED (ABN 57 004 482 982) filed a joint modern slavery statement with the Australian Modern Slavery Register for the reporting period 2020-01-01 to 2020-12-31. The reporting entity is headquartered in Australia, Hong Kong. The reporting entity has an annual revenue band of 1BN+. The reporting entity operates in the industry sectors: Mining, metals, chemicals and resources (including oil and gas) Construction, civil engineering and building products. Register entry: https://modernslaveryregister.gov.au/statements/4387/.'}"
Modern slavery statement 2024-735: AMEROPA AUSTRALIA PTY LTD,document,"{'content': 'AMEROPA AUSTRALIA PTY LTD (ABN 21 009 504 394) filed a single modern slavery statement with the Australian Modern Slavery Register for the reporting period 2023-01-01 to 2023-12-31. The reporting entity is headquartered in Australia. The reporting entity has an annual revenue band of 700-800M. The reporting entity operates in the industry sectors: Food and beverages, agriculture and fishing. Register entry: https://modernslaveryregister.gov.au/statements/17836/.'}"
Modern slavery statement 2023-594: Southern Cross Airports Corporation Holdings Limited & SYDNEY AIRPORT CORPORATION LIMITED & SYDNEY AIRPORT LIMITED et al.,document,"{'content': 'Southern Cross Airports Corporation Holdings Limited (ABN 35 098 082 029), SYDNEY AIRPORT CORPORATION LIMITED (ABN 62 082 578 809), SYDNEY AIRPORT LIMITED (ABN 18 165 056 360), SYDNEY AVIATION ALLIANCE HOLDINGS PTY LTD (ABN 54 654 912 197) and SYDNEY AVIATION ALLIANCE PTY LTD (ABN 85 651 567 841) filed a joint modern slavery statement with the Australian Modern Slavery Register for the reporting period 2022-01-01 to 2022-12-31. The reporting entities are headquartered in Australia. The reporting entities have an annual revenue band of 1BN+. The reporting entities operate in the industry sectors: Transportation, logistics, and storage. Register entry: https://modernslaveryregister.gov.au/statements/12890/.'}"
Modern slavery statement 2023-2167: DE LUCA CORPORATION PTY LTD,document,"{'content': 'DE LUCA CORPORATION PTY LTD (ABN 80 055 193 514) filed a single modern slavery statement with the Australian Modern Slavery Register for the reporting period 2022-07-01 to 2023-06-30. The reporting entity is headquartered in Australia. The reporting entity has an annual revenue band of 100-150M. The reporting entity operates in the industry sectors: Construction, civil engineering and building products. Register entry: https://modernslaveryregister.gov.au/statements/15138/.'}"
Modern slavery statement 2024-3519: The Trustee for CORVAL NO 2 TRUST,document,"{'content': 'The Trustee for CORVAL NO 2 TRUST (ABN 63 341 137 300) filed a single modern slavery statement with the Australian Modern Slavery Register for the reporting period 2023-07-01 to 2024-06-30. The reporting entity is headquartered in Australia. The reporting entity has an annual revenue band of 250-300M. The reporting entity operates in the industry sectors: Food and beverages, agriculture and fishing. Register entry: https://modernslaveryregister.gov.au/statements/21481/.'}"
Modern slavery statement 2025-2507: The Trustee for Terra Australis Partners IV Trust,document,"{'content': 'The Trustee for Terra Australis Partners IV Trust (ABN 65 951 866 589) filed a single modern slavery statement with the Australian Modern Slavery Register for the reporting period 2024-07-01 to 2025-06-30. The reporting entity is headquartered in Australia. The reporting entity has an annual revenue band of 100-150M. The reporting entity operates in the industry sectors: Financial and Insurance Services Rental, Hiring and Real Estate Services. Register entry: https://modernslaveryregister.gov.au/statements/25181/.'}"
Modern slavery statement 2022-599: ANGLOGOLD ASHANTI AUSTRALIA LIMITED & ANGLOGOLD INVESTMENTS AUSTRALIA PTY LTD,document,"{'content': 'ANGLOGOLD ASHANTI AUSTRALIA LIMITED (ABN 42 008 737 424) and ANGLOGOLD INVESTMENTS AUSTRALIA PTY LTD (ABN 48 090 112 459) filed a joint modern slavery statement with the Australian Modern Slavery Register for the reporting period 2021-01-01 to 2021-12-31. The reporting entities are headquartered in South Africa. The reporting entities have an annual revenue band of 1BN+. The reporting entities operate in the industry sectors: Mining, metals, chemicals and resources (including oil and gas). Register entry: https://modernslaveryregister.gov.au/statements/8625/.'}"
Modern slavery statement 2023-999: CARDTRONICS AUSTRALASIA PTY LTD,document,"{'content': 'CARDTRONICS AUSTRALASIA PTY LTD (ABN 87 097 550 519) filed a joint modern slavery statement with the Australian Modern Slavery Register for the reporting period 2022-01-01 to 2022-12-31. The reporting entity is headquartered in United States of America. The reporting entity has an annual revenue band of 100-150M. The reporting entity operates in the industry sectors: Financial, insurance and real estate activities. Register entry: https://modernslaveryregister.gov.au/statements/13559/.'}"
Modern slavery statement 2022-2056: SUGAR TERMINALS LIMITED,document,"{'content': 'SUGAR TERMINALS LIMITED (ABN 17 084 059 601) filed a single modern slavery statement with the Australian Modern Slavery Register for the reporting period 2021-07-01 to 2022-06-30. The reporting entity is headquartered in Australia. The reporting entity has an annual revenue band of 100-150M. The reporting entity operates in the industry sectors: Transportation, logistics, and storage. Register entry: https://modernslaveryregister.gov.au/statements/10713/.'}"
Modern slavery statement 2021-2507: ROBERT BIRD GROUP PTY LTD,document,"{'content': 'ROBERT BIRD GROUP PTY LTD (ABN 67 010 580 248) filed a single modern slavery statement with the Australian Modern Slavery Register for the reporting period 2020-01-01 to 2020-12-31. The reporting entity is headquartered in Australia. The reporting entity has an annual revenue band of 100-150M. The reporting entity operates in the industry sectors: Professional and administrative services and supplies, including legal, consulting and accounting services. Register entry: https://modernslaveryregister.gov.au/statements/5201/.'}"
Modern slavery statement 2023-2127: HEP AUSTRALIA HOLDINGS PTY LTD,document,"{'content': 'HEP AUSTRALIA HOLDINGS PTY LTD (ABN 22 129 428 155) filed a single modern slavery statement with the Australian Modern Slavery Register for the reporting period 2022-04-01 to 2023-03-30. The reporting entity is headquartered in Australia, United States of America. The reporting entity has an annual revenue band of 200-250M. The reporting entity operates in the industry sectors: Mining, metals, chemicals and resources (including oil and gas). Register entry: https://modernslaveryregister.gov.au/statements/15071/.'}"
Modern slavery statement 2023-286: IX INFRASTRUCTURE PTY LTD,document,"{'content': 'IX INFRASTRUCTURE PTY LTD (ABN 78 629 750 401) filed a joint modern slavery statement with the Australian Modern Slavery Register for the reporting period 2021-10-01 to 2022-09-30. The reporting entity is headquartered in Australia. The reporting entity has an annual revenue band of 1BN+. The reporting entity operates in the industry sectors: Mining, metals, chemicals and resources (including oil and gas). Register entry: https://modernslaveryregister.gov.au/statements/12490/.'}"
Modern slavery statement 2024-1944: DELTA AGRIBUSINESS PTY LTD,document,"{'content': 'DELTA AGRIBUSINESS PTY LTD (ABN 93 118 781 445) filed a single modern slavery statement with the Australian Modern Slavery Register for the reporting period 2023-01-01 to 2023-12-31. The reporting entity is headquartered in Australia. The reporting entity has an annual revenue band of 800-900M. The reporting entity operates in the industry sectors: Food and beverages, agriculture and fishing Other. The statement also covers the included entities: DELTA AGRIBUSINESS WA PTY LTD (39 601 254 899). Register entry: https://modernslaveryregister.gov.au/statements/19370/.'}"
Modern slavery statement 2024-2557: DYER HOLDINGS PTY. LTD.,document,"{'content': 'DYER HOLDINGS PTY. LTD. (ABN 58 009 690 493) filed a single modern slavery statement with the Australian Modern Slavery Register for the reporting period 2023-07-01 to 2024-06-30. The reporting entity is headquartered in Australia. The reporting entity has an annual revenue band of 250-300M. The reporting entity operates in the industry sectors: Durable consumer goods, including electronics and appliances, home furnishings and other accessories. The statement also covers the included entities: MADAD INVESTMENTS PTY. LTD. (91 009 720 147), MADAD PTY. LTD. (57 009 678 344), MADAD SALES PTY. LTD. (59 009 678 353), SEALY OF AUSTRALIA (N.S.W.) PTY. LTD. (47 009 682 722), SEALY OF AUSTRALIA (VIC.) PTY. LTD. (74 009 682 017). Register entry: https://modernslaveryregister.gov.au/statements/20298/.'}"
"Modern slavery statement 2022-1443: ANRITSU CORPORATION, Anritsu EMEA GmbH, Anritsu EMEA Limited, ANRITSU PTY LTD",document,"{'content': 'ANRITSU CORPORATION, Anritsu EMEA GmbH, Anritsu EMEA Limited, ANRITSU PTY LTD (ABN 99 003 651 652) filed a joint modern slavery statement with the Australian Modern Slavery Register for the reporting period 2021-04-01 to 2022-03-30. The reporting entity is headquartered in Australia, Austria, Japan, United Kingdom. The reporting entity has an annual revenue band of 1BN+. The reporting entity operates in the industry sectors: Information technology and telecommunication. Register entry: https://modernslaveryregister.gov.au/statements/9784/.'}"
Modern slavery statement 2024-2307: CREDIT UNION AUSTRALIA LTD,document,"{'content': 'CREDIT UNION AUSTRALIA LTD (ABN 44 087 650 959) filed a single modern slavery statement with the Australian Modern Slavery Register for the reporting period 2023-07-01 to 2024-06-30. The reporting entity is headquartered in Australia. The reporting entity has an annual revenue band of 300-350M. The reporting entity operates in the industry sectors: Financial, insurance and real estate activities. The statement also covers the included entities: CREDICORP FINANCE PTY. LTD. (79 010 052 981), CREDICORP INSURANCE PTY. LTD. (50 069 196 756), CUA MANAGEMENT PTY LTD (60 010 003 853). Register entry: https://modernslaveryregister.gov.au/statements/19940/.'}"
Modern slavery statement 2025-1653: BALVERONA PTY LTD,document,"{'content': 'BALVERONA PTY LTD (ABN 78 002 826 173) filed a single modern slavery statement with the Australian Modern Slavery Register for the reporting period 2023-07-01 to 2024-06-30. The reporting entity is headquartered in Australia. The reporting entity has an annual revenue band of 1BN+. The reporting entity operates in the industry sectors: Automotive, machinery and heavy electrical equipment. Register entry: https://modernslaveryregister.gov.au/statements/23915/.'}"
Modern slavery statement 2023-2814: HIREUP HOLDINGS PTY LTD,document,{'content': 'HIREUP HOLDINGS PTY LTD (ABN 38 607 614 157) filed a joint modern slavery statement with the Australian Modern Slavery Register for the reporting period 2022-07-01 to 2023-06-30. The reporting entity is headquartered in Australia. The reporting entity has an annual revenue band of 200-250M. The reporting entity operates in the industry sectors: Healthcare and pharmaceuticals. The statement also covers the included entities: HIREUP PTY. LTD. (32 600 120 787). Register entry: https://modernslaveryregister.gov.au/statements/16015/.'}
Modern slavery statement 2024-3479: ALTRAC LIGHT RAIL 1 PTY LIMITED & ALTRAC LIGHT RAIL 2 PTY LIMITED & ALTRAC LIGHT RAIL 3 PTY LIMITED,document,"{'content': 'ALTRAC LIGHT RAIL 1 PTY LIMITED & ALTRAC LIGHT RAIL 2 PTY LIMITED & ALTRAC LIGHT RAIL 3 PTY LIMITED (ABN 37 399 764 913) filed a single modern slavery statement with the Australian Modern Slavery Register for the reporting period 2023-07-01 to 2024-06-30. The reporting entity is headquartered in Australia. The reporting entity has an annual revenue band of 200-250M. The reporting entity operates in the industry sectors: Transportation, logistics, and storage. Register entry: https://modernslaveryregister.gov.au/statements/21449/.'}"
Modern slavery statement 2021-3598: CANTARELLA BROS PTY LTD & CANTARELLA HOLDINGS PTY LTD & SIAPA PTY LTD,document,"{'content': 'CANTARELLA BROS PTY LTD (ABN 68 000 095 607), CANTARELLA HOLDINGS PTY LTD (ABN 48 000 301 619) and SIAPA PTY LTD (ABN 93 000 525 824) filed a joint modern slavery statement with the Australian Modern Slavery Register for the reporting period 2020-07-01 to 2021-06-30. The reporting entities are headquartered in Australia. The reporting entities have an annual revenue band of 0-99M. The reporting entities operate in the industry sectors: Food and beverages, agriculture and fishing. Register entry: https://modernslaveryregister.gov.au/statements/6900/.'}"
Modern slavery statement 2023-636: ALSCO PTY LIMITED,document,{'content': 'ALSCO PTY LIMITED (ABN 26 000 435 629) filed a single modern slavery statement with the Australian Modern Slavery Register for the reporting period 2022-01-01 to 2022-12-31. The reporting entity is headquartered in Australia. The reporting entity has an annual revenue band of Unknown. The reporting entity operates in the industry sectors: Other. Register entry: https://modernslaveryregister.gov.au/statements/13052/.'}
Modern slavery statement 2021-2712: ULLRICH ALUMINIUM PTY. LIMITED,document,"{'content': 'ULLRICH ALUMINIUM PTY. LIMITED (ABN 70 001 697 445) filed a single modern slavery statement with the Australian Modern Slavery Register for the reporting period 2020-07-01 to 2021-06-30. The reporting entity is headquartered in Australia. The reporting entity has an annual revenue band of 100-150M. The reporting entity operates in the industry sectors: Construction, civil engineering and building products. Register entry: https://modernslaveryregister.gov.au/statements/5521/.'}"
Modern slavery statement 2023-3168: INSIGNIA FINANCIAL LTD,document,"{'content': 'INSIGNIA FINANCIAL LTD (ABN 49 100 103 722) filed a joint modern slavery statement with the Australian Modern Slavery Register for the reporting period 2022-07-01 to 2023-06-30. The reporting entity is headquartered in Australia. The reporting entity has an annual revenue band of 1BN+. The reporting entity operates in the industry sectors: Financial, insurance and real estate activities. The statement also covers the included entities: AUSTRALIAN WEALTH MANAGEMENT LIMITED (53 111 116 511), I.O.O.F. INVESTMENT MANAGEMENT LIMITED (53 006 695 021), IOOF INVESTMENT SERVICES LTD (80 007 350 405), MLC INVESTMENTS LIMITED (30 002 641 661), MLC WEALTH LIMITED (97 071 514 264), NULIS NOMINEES (AUSTRALIA) LIMITED (80 008 515 633), ONEPATH CUSTODIANS PTY LIMITED (12 008 508 496), THE TRUSTEE FOR IOOF PORTFOLIO SERVICE SUPERANNUATION FUND (70 815 369 818), The Trustee for MLC POOLED SUPERANNUATION TRUST (89 787 168 280), The Trustee for MLC SUPERANNUATION FUND (40 022 701 955), The Trustee for MLC Super Fund (70 732 426 024), THE TRUSTEE FOR OASIS SUPERANNUATION MASTER TRUST (81 154 851 339), The Trustee for RETIREMENT PORTFOLIO SERVICE (61 808 189 263). Register entry: https://modernslaveryregister.gov.au/statements/16444/.'}"
Modern slavery statement 2023-891: NESTLE AUSTRALIA LTD,document,"{'content': 'NESTLE AUSTRALIA LTD (ABN 77 000 011 316) filed a single modern slavery statement with the Australian Modern Slavery Register for the reporting period 2022-01-01 to 2022-12-31. The reporting entity is headquartered in Australia. The reporting entity has an annual revenue band of 1BN+. The reporting entity operates in the industry sectors: Food and beverages, agriculture and fishing. Register entry: https://modernslaveryregister.gov.au/statements/13404/.'}"
Modern slavery statement 2021-1785: ORANGE BUSINESS SERVICES AUSTRALIA PTY LTD,document,{'content': 'ORANGE BUSINESS SERVICES AUSTRALIA PTY LTD (ABN 59 100 582 563) filed a joint modern slavery statement with the Australian Modern Slavery Register for the reporting period 2020-01-01 to 2020-12-31. The reporting entity is headquartered in Australia. The reporting entity has an annual revenue band of 100-150M. The reporting entity operates in the industry sectors: Information technology and telecommunication. Register entry: https://modernslaveryregister.gov.au/statements/4026/.'}
Modern slavery statement 2021-2399: NOLAN MEATS PTY. LTD.,document,"{'content': 'NOLAN MEATS PTY. LTD. (ABN 81 096 869 304) filed a single modern slavery statement with the Australian Modern Slavery Register for the reporting period 2020-07-01 to 2021-06-30. The reporting entity is headquartered in Australia. The reporting entity has an annual revenue band of 250-300M. The reporting entity operates in the industry sectors: Food and beverages, agriculture and fishing. Register entry: https://modernslaveryregister.gov.au/statements/5022/.'}"
Modern slavery statement 2022-2843: BLUNDSTONE AUSTRALIA PTY LTD & H.A. CUTHBERTSON HOLDINGS PTY. LTD.,document,"{'content': 'BLUNDSTONE AUSTRALIA PTY LTD (ABN 60 009 475 852) and H.A. CUTHBERTSON HOLDINGS PTY. LTD. (ABN 88 009 493 350) filed a joint modern slavery statement with the Australian Modern Slavery Register for the reporting period 2021-07-01 to 2022-06-30. The reporting entities are headquartered in Australia. The reporting entities have an annual revenue band of Unknown. The reporting entities operate in the industry sectors: Fashion, textiles, apparel and luxury goods. Register entry: https://modernslaveryregister.gov.au/statements/11732/.'}"
Modern slavery statement 2024-2133: CIP CONSOLIDATED PTY LTD,document,"{'content': 'CIP CONSOLIDATED PTY LTD (ABN 30 643 593 533) filed a single modern slavery statement with the Australian Modern Slavery Register for the reporting period 2023-07-01 to 2024-06-30. The reporting entity is headquartered in Australia. The reporting entity has an annual revenue band of 150-200M. The reporting entity operates in the industry sectors: Construction, civil engineering and building products. Register entry: https://modernslaveryregister.gov.au/statements/19680/.'}"
Modern slavery statement 2023-3230: HBF HEALTH LIMITED,document,"{'content': 'HBF HEALTH LIMITED (ABN 11 126 884 786) filed a joint modern slavery statement with the Australian Modern Slavery Register for the reporting period 2022-07-01 to 2023-06-30. The reporting entity is headquartered in Australia. The reporting entity has an annual revenue band of 1BN+. The reporting entity operates in the industry sectors: Financial, insurance and real estate activities Healthcare and pharmaceuticals. The statement also covers the included entities: CUA HEALTH LIMITED, HBF DENTAL SERVICES PTY LTD, HBF HEALTH AND WELLNESS PTY LTD, HBF HOUSE PTY LTD, HBF WELLNESS HOLDINGS PTY LTD, LIFE READY HEALTH GROUP PTY LTD. Register entry: https://modernslaveryregister.gov.au/statements/16503/.'}"
Modern slavery statement 2021-2721: NEWFURN FLOOR COVERINGS LIMITED,document,"{'content': 'NEWFURN FLOOR COVERINGS LIMITED (ABN 63 004 650 668) filed a joint modern slavery statement with the Australian Modern Slavery Register for the reporting period 2020-07-01 to 2021-06-30. The reporting entity is headquartered in Australia. The reporting entity has an annual revenue band of 150-200M. The reporting entity operates in the industry sectors: Construction, civil engineering and building products. Register entry: https://modernslaveryregister.gov.au/statements/5535/.'}"
Modern slavery statement 2024-2799: WOTTON KEARNEY HOLDINGS LTD,document,"{'content': 'WOTTON KEARNEY HOLDINGS LTD (ABN 60 632 647 306) filed a single modern slavery statement with the Australian Modern Slavery Register for the reporting period 2023-07-01 to 2024-06-30. The reporting entity is headquartered in Australia. The reporting entity has an annual revenue band of 100-150M. The reporting entity operates in the industry sectors: Professional and administrative services and supplies, including legal, consulting and accounting services. The statement also covers the included entities: PINSANI PTY. LIMITED (84 099 079 802), WOTTON KEARNEY PTY LTD (94 632 932 131). Register entry: https://modernslaveryregister.gov.au/statements/20620/.'}"
Modern slavery statement 2022-273: AUSTRALIAN INDEPENDENT RURAL RETAILERS PTY LTD & B. & W. RURAL PTY LIMITED & ELDERS LIMITED et al.,document,"{'content': 'AUSTRALIAN INDEPENDENT RURAL RETAILERS PTY LTD (ABN 36 112 308 835), B. & W. RURAL PTY LIMITED (ABN 33 068 943 528), ELDERS LIMITED (ABN 34 004 336 636), ELDERS RURAL SERVICES AUSTRALIA LIMITED (ABN 72 004 045 121), KILLARA FEEDLOT PTY LTD (ABN 18 081 072 746) and Titan Ag Pty Ltd (ABN 57 122 081 574) filed a joint modern slavery statement with the Australian Modern Slavery Register for the reporting period 2020-10-01 to 2021-09-30. The reporting entities are headquartered in Australia. The reporting entities have an annual revenue band of 1BN+. The reporting entities operate in the industry sectors: Food and beverages, agriculture and fishing Professional and administrative services and supplies, including legal, consulting and accounting services Other. Register entry: https://modernslaveryregister.gov.au/statements/8087/.'}"
Modern slavery statement 2025-2119: VAUGHAN CIVIL PTY LTD,document,{'content': 'VAUGHAN CIVIL PTY LTD (ABN 50 152 638 447) filed a single modern slavery statement with the Australian Modern Slavery Register for the reporting period 2024-04-01 to 2025-06-30. The reporting entity is headquartered in Australia. The reporting entity has an annual revenue band of 100-150M. The reporting entity operates in the industry sectors: Construction. Register entry: https://modernslaveryregister.gov.au/statements/24584/.'}
Modern slavery statement 2021-1786: THE WALTER AND ELIZA HALL INSTITUTE OF MEDICAL RESEARCH,document,{'content': 'THE WALTER AND ELIZA HALL INSTITUTE OF MEDICAL RESEARCH (ABN 12 004 251 423) filed a single modern slavery statement with the Australian Modern Slavery Register for the reporting period 2020-01-01 to 2020-12-31. The reporting entity is headquartered in Australia. The reporting entity has an annual revenue band of 150-200M. The reporting entity operates in the industry sectors: Education and research Charitable / not-for-profit activities. Register entry: https://modernslaveryregister.gov.au/statements/4094/.'}
"Modern slavery statement 2023-2309: MARRON BIDCO AUS PTY LTD, MARRON GROUP HOLDINGS PTY LTD & MARRON GROUP MIDCO 1 PTY LTD, MARRON GROUP MIDCO 2 PTY LTD, NAVITAS PTY LIMITED",document,"{'content': 'MARRON BIDCO AUS PTY LTD, MARRON GROUP HOLDINGS PTY LTD (ABN 71 631 941 403) and MARRON GROUP MIDCO 1 PTY LTD, MARRON GROUP MIDCO 2 PTY LTD, NAVITAS PTY LIMITED filed a joint modern slavery statement with the Australian Modern Slavery Register for the reporting period 2022-07-01 to 2023-06-30. The reporting entities are headquartered in Australia. The reporting entities have an annual revenue band of 700-800M. The reporting entities operate in the industry sectors: Education and research. The statement also covers the included entities: ACL Pty Ltd, Australian Campus Network Pty Limited, Australian College of English Pty Ltd, Cadre Design Pty. Limited, Colleges of Business & Technology (NSW) Pty Ltd, Colleges of Business & Technology (WA) Pty Ltd, Cytech Intersearch Pty Limited, Educational Enterprises Australia Pty Ltd, Educational Services Pty Ltd, Hawthorn Learning Pty Limited, Health Skills Australia Pty Ltd, IBT (Canada) Pty Limited, IBT Education Pty Ltd, IBT (Sydney) Pty Ltd, Learning Information Systems Pty Limited, LM Training Specialists Pty Ltd, Melbourne Institute of Business and Technology Pty Ltd, National Excellence in School Leadership Institute Pty Ltd, Navitas America Pty Ltd, Navitas Bundoora Pty Ltd, Navitas College of Health Pty Ltd, Navitas College of Public Safety Pty Ltd, Navitas English Services Pty Limited, Navitas Global Pty Ltd, Navitas LIS Holdings Pty Ltd, Navitas Professional Institute Pty Ltd, Navitas Professional Pty Ltd, Navitas Professional Training Pty Ltd, NAVITAS SAE HOLDINGS PTY LTD, NAVITAS SAE (UK) HOLDINGS PTY LTD, Navitas Skilled Futures Pty Ltd, Navitas USA Pty Ltd, Navitas Ventures Pty Ltd, Newcastle International College Pty Ltd, Queensland Institute of Business and Technology Pty Ltd, SAE Institute Pty Limited, South Australian Institute of Business and Technology Pty Ltd, Sydney Institute of Business and Technology Pty Ltd, SYDNEY INSTITUTE OF BUSINESS AND TECHNOLOGY PTY LTD (18 074 470 447), The Australian Centre for Languages Pty Ltd, Workplace Training and Advisory Aust. Pty Ltd. Register entry: https://modernslaveryregister.gov.au/statements/15214/.'}"
Modern slavery statement 2024-1596: AL-KO INTERNATIONAL PTY LIMITED,document,"{'content': 'AL-KO INTERNATIONAL PTY LIMITED (ABN 96 003 066 813) filed a single modern slavery statement with the Australian Modern Slavery Register for the reporting period 2023-01-01 to 2023-12-31. The reporting entity is headquartered in Australia. The reporting entity has an annual revenue band of 100-150M. The reporting entity operates in the industry sectors: Automotive, machinery and heavy electrical equipment. The statement also covers the included entities: AL-KO CHASSIS SYSTEMS PTY LTD (43 625 886 624), HUME CARAVAN & CAMPING ACCESSORIES PTY. LTD. (17 057 397 716). Register entry: https://modernslaveryregister.gov.au/statements/18941/.'}"
Modern slavery statement 2024-2279: NINE ENTERTAINMENT CO. HOLDINGS LIMITED,document,"{'content': 'NINE ENTERTAINMENT CO. HOLDINGS LIMITED filed a single modern slavery statement with the Australian Modern Slavery Register for the reporting period 2023-07-01 to 2024-06-30. The reporting entity is headquartered in Australia. The reporting entity has an annual revenue band of 1BN+. The reporting entity operates in the industry sectors: Media, publishing, arts and entertainment. The statement also covers the included entities: CARADVICE.COM PTY LIMITED, FAIRFAX MEDIA PUBLICATIONS PTY LIMITED, MACQUARIE MEDIA LIMITED, NINE DIGITAL PTY LIMITED, NINE NETWORK AUSTRALIA PTY LTD, PEDESTRIAN GROUP PTY LTD, STAN ENTERTAINMENT PTY LTD. Register entry: https://modernslaveryregister.gov.au/statements/19901/.'}"
Modern slavery statement 2021-3611: NEARMAP LTD,document,{'content': 'NEARMAP LTD (ABN 37 083 702 907) filed a single modern slavery statement with the Australian Modern Slavery Register for the reporting period 2020-07-01 to 2021-06-30. The reporting entity is headquartered in Australia. The reporting entity has an annual revenue band of 100-150M. The reporting entity operates in the industry sectors: Information technology and telecommunication. Register entry: https://modernslaveryregister.gov.au/statements/6380/.'}
Modern slavery statement 2024-3491: MIDWAY LIMITED,document,"{'content': 'MIDWAY LIMITED (ABN 44 005 616 044) filed a single modern slavery statement with the Australian Modern Slavery Register for the reporting period 2023-07-01 to 2024-06-30. The reporting entity is headquartered in Australia. The reporting entity has an annual revenue band of 250-300M. The reporting entity operates in the industry sectors: Forestry, timber products, paper and containers and packaging. The statement also covers the included entities: MIDWAY TASMANIA PTY LTD (58 614 635 764), Plantation Management Partners Pty Ltd (12 138 414 687), QUEENSLAND COMMODITY EXPORTS PTY. LIMITED (87 010 906 331), South West Fibre Pty Ltd (26 127 951 991). Register entry: https://modernslaveryregister.gov.au/statements/21460/.'}"
Modern slavery statement 2021-3726: ADAMS GROUP AUS HOLDINGS PTY LIMITED & MAVEN DENTAL GROUP PTY LTD,document,{'content': 'ADAMS GROUP AUS HOLDINGS PTY LIMITED (ABN 13 637 089 162) and MAVEN DENTAL GROUP PTY LTD (ABN 80 131 333 492) filed a joint modern slavery statement with the Australian Modern Slavery Register for the reporting period 2020-07-01 to 2021-06-30. The reporting entities are headquartered in Australia. The reporting entities have an annual revenue band of 200-250M. The reporting entities operate in the industry sectors: Healthcare and pharmaceuticals. Register entry: https://modernslaveryregister.gov.au/statements/7092/.'}
Modern slavery statement 2021-3609: PILBARA PORTS AUTHORITY,document,{'content': 'PILBARA PORTS AUTHORITY (ABN 94 987 448 870) filed a single modern slavery statement with the Australian Modern Slavery Register for the reporting period 2020-07-01 to 2021-06-30. The reporting entity is headquartered in Australia. The reporting entity has an annual revenue band of 500-600M. The reporting entity operates in the industry sectors: Other. Register entry: https://modernslaveryregister.gov.au/statements/6934/.'}
Modern slavery statement 2024-1238: EQUIFAX AUSTRALIA HOLDINGS PTY LTD,document,"{'content': 'EQUIFAX AUSTRALIA HOLDINGS PTY LTD (ABN 37 609 497 494) filed a single modern slavery statement with the Australian Modern Slavery Register for the reporting period 2023-01-01 to 2023-12-31. The reporting entity is headquartered in Australia. The reporting entity has an annual revenue band of 400-450M. The reporting entity operates in the industry sectors: Financial, insurance and real estate activities. Register entry: https://modernslaveryregister.gov.au/statements/18564/.'}"
Modern slavery statement 2023-359: KUMHO TYRE AUSTRALIA PTY LIMITED,document,"{'content': 'KUMHO TYRE AUSTRALIA PTY LIMITED (ABN 46 003 300 678) filed a single modern slavery statement with the Australian Modern Slavery Register for the reporting period 2022-01-01 to 2022-12-31. The reporting entity is headquartered in Republic of Korea (South Korea). The reporting entity has an annual revenue band of 100-150M. The reporting entity operates in the industry sectors: Automotive, machinery and heavy electrical equipment Transportation, logistics, and storage. Register entry: https://modernslaveryregister.gov.au/statements/12602/.'}"
Modern slavery statement 2022-814: AWP AUSTRALIA PTY LTD,document,"{'content': 'AWP AUSTRALIA PTY LTD (ABN 52 097 227 177) filed a single modern slavery statement with the Australian Modern Slavery Register for the reporting period 2021-01-01 to 2021-12-31. The reporting entity is headquartered in Australia. The reporting entity has an annual revenue band of 200-250M. The reporting entity operates in the industry sectors: Financial, insurance and real estate activities. Register entry: https://modernslaveryregister.gov.au/statements/8965/.'}"
Modern slavery statement 2023-2867: HEALTH INSURANCE FUND OF AUSTRALIA LIMITED,document,"{'content': 'HEALTH INSURANCE FUND OF AUSTRALIA LIMITED (ABN 84 607 276 950) filed a single modern slavery statement with the Australian Modern Slavery Register for the reporting period 2022-07-01 to 2023-06-30. The reporting entity is headquartered in Australia. The reporting entity has an annual revenue band of 150-200M. The reporting entity operates in the industry sectors: Financial, insurance and real estate activities. Register entry: https://modernslaveryregister.gov.au/statements/16076/.'}"
Modern slavery statement 2024-1380: COCA-COLA SOUTH PACIFIC PTY LTD,document,"{'content': 'COCA-COLA SOUTH PACIFIC PTY LTD (ABN 50 003 029 794) filed a single modern slavery statement with the Australian Modern Slavery Register for the reporting period 2023-01-01 to 2023-12-31. The reporting entity is headquartered in Australia. The reporting entity has an annual revenue band of 100-150M. The reporting entity operates in the industry sectors: Food and beverages, agriculture and fishing. Register entry: https://modernslaveryregister.gov.au/statements/18699/.'}"
Modern slavery statement 2025-773: L3HARRIS INTEGRATED MISSION SYSTEMS AUSTRALIA PTY LTD,document,{'content': 'L3HARRIS INTEGRATED MISSION SYSTEMS AUSTRALIA PTY LTD (ABN 28 009 019 603) filed a single modern slavery statement with the Australian Modern Slavery Register for the reporting period 2024-01-01 to 2024-12-31. The reporting entity is headquartered in Australia. The reporting entity has an annual revenue band of 100-150M. The reporting entity operates in the industry sectors: Defence and aerospace. Register entry: https://modernslaveryregister.gov.au/statements/22816/.'}
"Modern slavery statement 2022-538: SNC-LAVALIN AUSTRALASIA PTY LTD, SNC-LAVALIN ENGINEERING PTY LTD, WS Atkins International Limited",document,"{'content': 'SNC-LAVALIN AUSTRALASIA PTY LTD, SNC-LAVALIN ENGINEERING PTY LTD, WS Atkins International Limited filed a joint modern slavery statement with the Australian Modern Slavery Register for the reporting period 2021-01-01 to 2021-12-31. The reporting entity is headquartered in Canada. The reporting entity has an annual revenue band of 0-99M. The reporting entity operates in the industry sectors: Construction, civil engineering and building products. Register entry: https://modernslaveryregister.gov.au/statements/8505/.'}"
"Modern slavery statement 2020-279: Automatic Data Processing, Inc",document,"{'content': 'Automatic Data Processing, Inc filed a single modern slavery statement with the Australian Modern Slavery Register for the reporting period 2019-07-01 to 2020-06-30. The reporting entity is headquartered in United States of America. The reporting entity has an annual revenue band of 1BN+. The reporting entity operates in the industry sectors: Other. Register entry: https://modernslaveryregister.gov.au/statements/726/.'}"
Modern slavery statement 2023-2571: GMHBA LIMITED,document,{'content': 'GMHBA LIMITED (ABN 98 004 417 092) filed a joint modern slavery statement with the Australian Modern Slavery Register for the reporting period 2022-07-01 to 2023-06-30. The reporting entity is headquartered in Australia. The reporting entity has an annual revenue band of 600-700M. The reporting entity operates in the industry sectors: Healthcare and pharmaceuticals. The statement also covers the included entities: The Trustee for QE 042 Trust (58 946 656 287). Register entry: https://modernslaveryregister.gov.au/statements/15706/.'}
Modern slavery statement 2025-1883: eNett International Singapore Pte Ltd,document,"{'content': 'eNett International Singapore Pte Ltd filed a single modern slavery statement with the Australian Modern Slavery Register for the reporting period 2024-01-01 to 2024-12-31. The reporting entity is headquartered in Australia, Singapore. The reporting entity has an annual revenue band of 800-900M. The reporting entity operates in the industry sectors: Financial, insurance and real estate activities. The statement also covers the included entities: eNett International (Austria) GmbH, eNett International (UK) Limited, eNett Payment Solutions (Ireland) Limited. Register entry: https://modernslaveryregister.gov.au/statements/24210/.'}"
Modern slavery statement 2023-677: H&M HENNES & MAURITZ PTY LTD,document,"{'content': 'H&M HENNES & MAURITZ PTY LTD (ABN 83 160 056 548) filed a joint modern slavery statement with the Australian Modern Slavery Register for the reporting period 2021-12-01 to 2022-11-30. The reporting entity is headquartered in Sweden. The reporting entity has an annual revenue band of 350-400M. The reporting entity operates in the industry sectors: Fashion, textiles, apparel and luxury goods. Register entry: https://modernslaveryregister.gov.au/statements/13104/.'}"
Modern slavery statement 2025-656: FLSMIDTH PTY LTD,document,"{'content': 'FLSMIDTH PTY LTD (ABN 85 000 221 590) filed a single modern slavery statement with the Australian Modern Slavery Register for the reporting period 2024-01-01 to 2024-12-31. The reporting entity is headquartered in Denmark. The reporting entity has an annual revenue band of 500-600M. The reporting entity operates in the industry sectors: Automotive, machinery and heavy electrical equipment. The statement also covers the included entities: Intertek Robotic Laboratories Pty Ltd (56 125 224 311). Register entry: https://modernslaveryregister.gov.au/statements/22645/.'}"
Modern slavery statement 2022-3007: WAGNERS HOLDING COMPANY LTD,document,"{'content': 'WAGNERS HOLDING COMPANY LTD (ABN 49 622 632 848) filed a joint modern slavery statement with the Australian Modern Slavery Register for the reporting period 2021-07-01 to 2022-06-30. The reporting entity is headquartered in Australia. The reporting entity has an annual revenue band of 300-350M. The reporting entity operates in the industry sectors: Construction, civil engineering and building products. Register entry: https://modernslaveryregister.gov.au/statements/11934/.'}"
Modern slavery statement 2021-823: ASDAM HOLDINGS PTY LTD,document,"{'content': 'ASDAM HOLDINGS PTY LTD (ABN 74 631 990 086) filed a single modern slavery statement with the Australian Modern Slavery Register for the reporting period 2020-01-01 to 2020-12-31. The reporting entity is headquartered in Australia. The reporting entity has an annual revenue band of 100-150M. The reporting entity operates in the industry sectors: Automotive, machinery and heavy electrical equipment Defence and aerospace Other. Register entry: https://modernslaveryregister.gov.au/statements/2585/.'}"
Modern slavery statement 2025-3666: KOGAN.COM LTD,document,{'content': 'KOGAN.COM LTD (ABN 96 612 447 293) filed a single modern slavery statement with the Australian Modern Slavery Register for the reporting period 2024-07-01 to 2025-06-30. The reporting entity is headquartered in Australia. The reporting entity has an annual revenue band of 450-500M. The reporting entity operates in the industry sectors: Retail Trade. Register entry: https://modernslaveryregister.gov.au/statements/26763/.'}
Modern slavery statement 2023-1031: ANL CONTAINER LINE PTY LTD,document,"{'content': 'ANL CONTAINER LINE PTY LTD (ABN 41 083 962 136) filed a single modern slavery statement with the Australian Modern Slavery Register for the reporting period 2022-01-01 to 2022-12-31. The reporting entity is headquartered in Australia. The reporting entity has an annual revenue band of 1BN+. The reporting entity operates in the industry sectors: Transportation, logistics, and storage. Register entry: https://modernslaveryregister.gov.au/statements/13610/.'}"
Modern slavery statement 2023-638: WORMALD AUSTRALIA PTY LTD,document,"{'content': 'WORMALD AUSTRALIA PTY LTD (ABN 80 008 399 004) filed a single modern slavery statement with the Australian Modern Slavery Register for the reporting period 2022-01-01 to 2022-12-31. The reporting entity is headquartered in Australia. The reporting entity has an annual revenue band of 250-300M. The reporting entity operates in the industry sectors: Construction, civil engineering and building products Cleaning and security services. Register entry: https://modernslaveryregister.gov.au/statements/13050/.'}"
Modern slavery statement 2021-2711: CRAWFORD & COMPANY (AUSTRALIA) PTY. LTD.,document,"{'content': 'CRAWFORD & COMPANY (AUSTRALIA) PTY. LTD. (ABN 11 002 317 133) filed a single modern slavery statement with the Australian Modern Slavery Register for the reporting period 2020-07-01 to 2021-06-30. The reporting entity is headquartered in Australia. The reporting entity has an annual revenue band of 100-150M. The reporting entity operates in the industry sectors: Financial, insurance and real estate activities. Register entry: https://modernslaveryregister.gov.au/statements/5520/.'}"
Modern slavery statement 2021-723: NAVIGATOR GLOBAL INVESTMENTS LIMITED,document,"{'content': 'NAVIGATOR GLOBAL INVESTMENTS LIMITED (ABN 47 101 585 737) filed a single modern slavery statement with the Australian Modern Slavery Register for the reporting period 2019-07-01 to 2020-06-30. The reporting entity is headquartered in Australia, United States of America. The reporting entity has an annual revenue band of 100-150M. The reporting entity operates in the industry sectors: Financial, insurance and real estate activities. Register entry: https://modernslaveryregister.gov.au/statements/2395/.'}"
Modern slavery statement 2021-944: Spark New Zealand Limited,document,{'content': 'Spark New Zealand Limited filed a single modern slavery statement with the Australian Modern Slavery Register for the reporting period 2019-07-01 to 2020-06-30. The reporting entity is headquartered in New Zealand. The reporting entity has an annual revenue band of 1BN+. The reporting entity operates in the industry sectors: Information technology and telecommunication. Register entry: https://modernslaveryregister.gov.au/statements/2214/.'}
Modern slavery statement 2025-400: AG N VET MANAGEMENT SERVICES PTY LIMITED,document,"{'content': 'AG N VET MANAGEMENT SERVICES PTY LIMITED (ABN 91 087 675 465) filed a single modern slavery statement with the Australian Modern Slavery Register for the reporting period 2023-07-01 to 2024-06-30. The reporting entity is headquartered in Australia. The reporting entity has an annual revenue band of 600-700M. The reporting entity operates in the industry sectors: Food and beverages, agriculture and fishing. Register entry: https://modernslaveryregister.gov.au/statements/22242/.'}"
Modern slavery statement 2021-1424: PERSOL AUSTRALIA HOLDINGS PTY LTD,document,"{'content': 'PERSOL AUSTRALIA HOLDINGS PTY LTD (ABN 58 620 794 130) filed a single modern slavery statement with the Australian Modern Slavery Register for the reporting period 2020-01-01 to 2020-12-31. The reporting entity is headquartered in Australia, Japan. The reporting entity has an annual revenue band of 1BN+. The reporting entity operates in the industry sectors: Other. Register entry: https://modernslaveryregister.gov.au/statements/3403/.'}"
Modern slavery statement 2021-3644: DAVID JONES PTY LIMITED & OSIRIS HOLDINGS PTY LTD & VELA HOLDINGS AUS PTY LIMITED,document,"{'content': 'DAVID JONES PTY LIMITED (ABN 75 000 074 573), OSIRIS HOLDINGS PTY LTD (ABN 29 168 919 391) and VELA HOLDINGS AUS PTY LIMITED (ABN 87 620 560 143) filed a joint modern slavery statement with the Australian Modern Slavery Register for the reporting period 2020-07-01 to 2021-06-30. The reporting entities are headquartered in Australia. The reporting entities have an annual revenue band of 1BN+. The reporting entities operate in the industry sectors: Fashion, textiles, apparel and luxury goods. Register entry: https://modernslaveryregister.gov.au/statements/6985/.'}"
Modern slavery statement 2022-1326: RENTOKIL INITIAL PTY LTD,document,{'content': 'RENTOKIL INITIAL PTY LTD (ABN 98 000 034 597) filed a single modern slavery statement with the Australian Modern Slavery Register for the reporting period 2021-01-01 to 2021-12-31. The reporting entity is headquartered in Australia. The reporting entity has an annual revenue band of 250-300M. The reporting entity operates in the industry sectors: Other. Register entry: https://modernslaveryregister.gov.au/statements/9611/.'}
Modern slavery statement 2023-472: COLIBAN REGION WATER CORPORATION,document,"{'content': 'COLIBAN REGION WATER CORPORATION (ABN 96 549 082 360) filed a single modern slavery statement with the Australian Modern Slavery Register for the reporting period 2022-01-01 to 2022-12-31. The reporting entity is headquartered in Australia. The reporting entity has an annual revenue band of 100-150M. The reporting entity operates in the industry sectors: Utilities: gas, water and electricity. Register entry: https://modernslaveryregister.gov.au/statements/12781/.'}"
Modern slavery statement 2023-991: JA SOLAR AUSTRALIA PTY LIMITED,document,{'content': 'JA SOLAR AUSTRALIA PTY LIMITED (ABN 68 164 221 005) filed a single modern slavery statement with the Australian Modern Slavery Register for the reporting period 2022-01-01 to 2022-12-31. The reporting entity is headquartered in Australia. The reporting entity has an annual revenue band of 200-250M. The reporting entity operates in the industry sectors: Other. Register entry: https://modernslaveryregister.gov.au/statements/13511/.'}
Modern slavery statement 2023-2515: MAURICE BLACKBURN PTY LIMITED,document,"{'content': 'MAURICE BLACKBURN PTY LIMITED (ABN 21 105 657 949) filed a joint modern slavery statement with the Australian Modern Slavery Register for the reporting period 2022-07-01 to 2023-06-30. The reporting entity is headquartered in Australia. The reporting entity has an annual revenue band of 200-250M. The reporting entity operates in the industry sectors: Professional and administrative services and supplies, including legal, consulting and accounting services. The statement also covers the included entities: CLAIMS FUNDING AUSTRALIA PTY LTD, MAURICE BLACKBURN SA PTY LTD. Register entry: https://modernslaveryregister.gov.au/statements/15619/.'}"
Modern slavery statement 2021-725: AUSTRALIAN SPORTS COMMISSION,document,{'content': 'AUSTRALIAN SPORTS COMMISSION (ABN 67 374 695 240) filed a single modern slavery statement with the Australian Modern Slavery Register for the reporting period 2019-07-01 to 2020-06-30. The reporting entity is headquartered in Australia. The reporting entity has an annual revenue band of 400-450M. The reporting entity operates in the industry sectors: Other. Register entry: https://modernslaveryregister.gov.au/statements/2400/.'}
Modern slavery statement 2021-3973: THE PAS GROUP PTY LTD,document,"{'content': 'THE PAS GROUP PTY LTD (ABN 25 169 477 463) filed a single modern slavery statement with the Australian Modern Slavery Register for the reporting period 2020-07-01 to 2021-06-30. The reporting entity is headquartered in Australia. The reporting entity has an annual revenue band of 100-150M. The reporting entity operates in the industry sectors: Fashion, textiles, apparel and luxury goods. Register entry: https://modernslaveryregister.gov.au/statements/7440/.'}"
electro optic systems holdings limited,entity,{}
95 092 708 364,entity,{}
australian modern slavery register,entity,{}
2021 01 01 to 2021 12 31,entity,{}
australia,entity,{}
200 250m,entity,{}
defence and aerospace,entity,{}
https   modernslaveryregister gov au statements 9193,entity,{}
modern slavery statement 2022 973,entity,{}
tiffany   co   australia  pty  ltd,entity,{}
93 128 219 554,entity,{}
100 150m,entity,{}
fashion  textiles  apparel and luxury goods,entity,{}
https   modernslaveryregister gov au statements 9435,entity,{}
fx bidco pty limited,entity,{}
31 609 955 053,entity,{}
fx group holdings pty ltd,entity,{}
83 628 717 359,entity,{}
fx holdco pty limited,entity,{}
33 609 955 062,entity,{}
fx midco pty limited,entity,{}
14 610 799 865,entity,{}
pepperstone group limited,entity,{}
12 147 055 703,entity,{}
2019 07 01 to 2020 06 30,entity,{}
1bn,entity,{}
information technology and telecommunication financial  insurance and real estate activities,entity,{}
https   modernslaveryregister gov au statements 3229,entity,{}
ally fashion pty ltd,entity,{}
93 097 575 294,entity,{}
ddt management pty ltd,entity,{}
36 628 793 251,entity,{}
grandline pty ltd,entity,{}
19 624 035 132,entity,{}
2020 07 01 to 2021 06 30,entity,{}
600 700m,entity,{}
cosmetics and toiletries fashion  textiles  apparel and luxury goods,entity,{}
https   modernslaveryregister gov au statements 5284,entity,{}
southern cross media group limited,entity,{}
2024 07 01 to 2025 06 30,entity,{}
400 450m,entity,{}
information media and telecommunications,entity,{}
https   modernslaveryregister gov au statements 26122,entity,{}
silver chain group limited,entity,{}
77 119 417 018,entity,{}
access care network australia pty ltd,entity,{}
39 601 017 430,entity,{}
royal district nursing service of sa limited,entity,{}
21 588 603 824,entity,{}
silverchain foundation ltd,entity,{}
85 077 086 670,entity,{}
silver chain   victoria limited,entity,{}
26 649 647 914,entity,{}
2023 07 01 to 2024 06 30,entity,{}
healthcare and pharmaceuticals charitable   not for profit activities,entity,{}
https   modernslaveryregister gov au statements 21504,entity,{}
roc oil company pty limited,entity,{}
32 075 965 856,entity,{}
2020 01 01 to 2020 12 31,entity,{}
mining  metals  chemicals and resources  including oil and gas,entity,{}
https   modernslaveryregister gov au statements 4816,entity,{}
guzman y gomez  holdings  limited,entity,{}
25 125 554 743,entity,{}
food and beverages  agriculture and fishing,entity,{}
https   modernslaveryregister gov au statements 7543,entity,{}
puma energy  australia  assets holdings pty ltd,entity,{}
2024 01 01 to 2024 12 31,entity,{}
puma energy  australia  bitumen pty ltd,entity,{}
300 350m,entity,{}
other services,entity,{}
https   modernslaveryregister gov au statements 25360,entity,{}
lactalis australia pty ltd,entity,{}
56 072 928 879,entity,{}
lemnos foods pty ltd,entity,{}
52 147 490 480,entity,{}
2022 01 01 to 2022 12 31,entity,{}
https   modernslaveryregister gov au statements 14038,entity,{}
rb  hygiene home  australia pty ltd,entity,{}
58 629 549 506,entity,{}
reckitt benckiser group plc,entity,{}
united kingdom,entity,{}
other,entity,{}
modern slavery statement 2021 1683,entity,{}
https   modernslaveryregister gov au statements 3845,entity,{}
pricewaterhousecoopers   pricewaterhousecoopers aseanz consulting pty limited   pricewaterhousecoopers consulting  australia  pty limited et al,entity,{}
pricewaterhousecoopers  abn 52 780 433 757,entity,{}
52 780 433 757,entity,{}
pricewaterhousecoopers aseanz consulting pty limited  abn 77 606 603 436,entity,{}
77 606 603 436,entity,{}
pricewaterhousecoopers consulting  australia  pty limited  abn 20 607 773 295,entity,{}
20 607 773 295,entity,{}
pricewaterhousecoopers securities ltd  abn 54 003 311 617,entity,{}
54 003 311 617,entity,{}
the trustee for the pricewaterhousecoopers services trust  abn 52 864 604 756,entity,{}
52 864 604 756,entity,{}
2021 07 01 to 2022 06 30,entity,{}
professional and administrative services and supplies  including legal  consulting and accounting services,entity,{}
https   modernslaveryregister gov au statements 11296,entity,{}
bat australasia ltd,entity,{}
2024 1389,entity,{}
bat australia ltd,entity,{}
bat australia overseas pty ltd,entity,{}
bat south pty ltd,entity,{}
2023 01 01 to 2023 12 31,entity,{}
bat australia services ltd,entity,{}
bat  new zealand  ltd,entity,{}
british american tobacco  fiji  marketing pte ltd,entity,{}
british american tobacco  png  limited,entity,{}
british american tobacco company  samoa  ltd,entity,{}
central manufacturing company pte ltd,entity,{}
rothmans asia pacific limited,entity,{}
solomon islands tobacco company limited,entity,{}
the benson   hedges company pty  limited,entity,{}
w d    h o  wills holdings limited,entity,{}
https   modernslaveryregister gov au statements 18538,entity,{}
dassault systemes australia pty ltd,entity,{}
92 113 589 772,entity,{}
information technology and telecommunication,entity,{}
https   modernslaveryregister gov au statements 23438,entity,{}
jwland holdings pty  ltd,entity,{}
shl development pty ltd,entity,{}
construction,entity,{}
altair no 1 pty ltd,entity,{}
altair no 2 pty ltd,entity,{}
alumuna property pty ltd,entity,{}
artemis no 1 pty ltd,entity,{}
canberra development advisory pty ltd,entity,{}
celestial development no 2 pty ltd,entity,{}
celestial development no 3 pty ltd,entity,{}
celestial development no 4 pty ltd,entity,{}
celestial development no 5 pty ltd,entity,{}
celestial development pty ltd,entity,{}
de burgh development pty ltd,entity,{}
front architects pty ltd,entity,{}
giles square pty ltd,entity,{}
jwland construction group pty ltd,entity,{}
jwland construction pty  ltd,entity,{}
jwland development pty  ltd,entity,{}
jwland finance pty ltd,entity,{}
jwland group pty ltd,entity,{}
jwland projects building pty ltd,entity,{}
mp development no 1 pty ltd,entity,{}
mp development no  2 pty ltd,entity,{}
rigel property pty ltd,entity,{}
totem construction pty ltd,entity,{}
xchange property pty ltd,entity,{}
fredon industries pty  limited,entity,{}
12 003 361 297,entity,{}
800 900m,entity,{}
https   modernslaveryregister gov au statements 24968,entity,{}
wam research limited,entity,{}
15 100 504 541,entity,{}
2022 07 01 to 2023 06 30,entity,{}
0 99m,entity,{}
financial  insurance and real estate activities,entity,{}
https   modernslaveryregister gov au statements 15807,entity,{}
wcx aht pty ltd,entity,{}
53 625 890 708,entity,{}
wcx at pty ltd,entity,{}
63 625 890 753,entity,{}
wcx m4 m5 link aht pty limited,entity,{}
87 624 153 751,entity,{}
wcx m4 m5 link amt pty ltd,entity,{}
66 626 329 333,entity,{}
wcx m4 m5 link at pty limited,entity,{}
85 624 153 742,entity,{}
wcx m4 m5 link pht pty limited,entity,{}
79 624 153 779,entity,{}
wcx m4 m5 link pmt pty ltd,entity,{}
17 626 329 566,entity,{}
wcx m4 m5 link pt pty limited,entity,{}
81 624 153 788,entity,{}
wcx m4 pht pty ltd,entity,{}
44 614 741 374,entity,{}
wcx m4 pmt pty ltd,entity,{}
68 626 329 342,entity,{}
wcx m4 pt pty ltd,entity,{}
59 614 741 436,entity,{}
wcx m5 aht pty ltd,entity,{}
28 608 763 524,entity,{}
wcx m5 amt pty ltd,entity,{}
47 626 329 253,entity,{}
wcx m5 at pty ltd,entity,{}
49 608 798 081,entity,{}
wcx m5 pht pty ltd,entity,{}
14 608 763 088,entity,{}
wcx m5 pmt pty ltd,entity,{}
85 626 329 477,entity,{}
wcx m5 pt pty ltd,entity,{}
36 608 798 465,entity,{}
wcx pht pty ltd,entity,{}
61 625 890 744,entity,{}
wcx pt pty ltd,entity,{}
59 625 890 799,entity,{}
transportation  logistics  and storage,entity,{}
diageo australia limited,entity,{}
33 004 167 720,entity,{}
700 800m,entity,{}
https   modernslaveryregister gov au statements 6963,entity,{}
bravura solutions limited,entity,{}
54 164 391 128,entity,{}
https   modernslaveryregister gov au statements 26082,entity,{}
select harvests limited,entity,{}
87 000 721 380,entity,{}
250 300m,entity,{}
https   modernslaveryregister gov au statements 8127,entity,{}
cogi pty ltd,entity,{}
15 634 090 092,entity,{}
cotton on australia pty ltd,entity,{}
cotton on new zealand limited,entity,{}
cotton on south africa pty ltd,entity,{}
cotton on usa  inc,entity,{}
https   modernslaveryregister gov au statements 16724,entity,{}
samuel smith   son pty  ltd,entity,{}
64 007 534 278,entity,{}
150 200m,entity,{}
https   modernslaveryregister gov au statements 2108,entity,{}
hsbc australia holdings pty limited,entity,{}
22 006 513 873,entity,{}
hsbc bank australia limited,entity,{}
48 006 434 162,entity,{}
the hongkong and shanghai banking corporation limited,entity,{}
65 117 925 970,entity,{}
hong kong,entity,{}
https   modernslaveryregister gov au statements 4146,entity,{}
brightwater care group limited,entity,{}
23 445 460 050,entity,{}
https   modernslaveryregister gov au statements 15665,entity,{}
panasonic australia pty limited,entity,{}
83 001 592 187,entity,{}
durable consumer goods  including electronics and appliances  home furnishings and other accessories,entity,{}
https   modernslaveryregister gov au statements 7952,entity,{}
the trustee for prp investment trust,entity,{}
18 416 389 099,entity,{}
healthcare and pharmaceuticals,entity,{}
https   modernslaveryregister gov au statements 16450,entity,{}
a w  nicholson pty ltd,entity,{}
14 118 404 381,entity,{}
construction  civil engineering and building products,entity,{}
https   modernslaveryregister gov au statements 10804,entity,{}
puma australia pty ltd,entity,{}
52 050 539 501,entity,{}
https   modernslaveryregister gov au statements 19746,entity,{}
japan australia lng  mimi  pty  ltd,entity,{}
18 006 303 180,entity,{}
https   modernslaveryregister gov au statements 13285,entity,{}
peter warren automotive holdings limited,entity,{}
57 615 674 185,entity,{}
peter warren automotive pty ltd,entity,{}
67 000 293 621,entity,{}
james frizelle s automotive group pty  ltd,entity,{}
47 010 210 723,entity,{}
penfold motors burwood pty  ltd,entity,{}
28 005 667 461,entity,{}
automotive  machinery and heavy electrical equipment,entity,{}
donaldson australasia pty ltd,entity,{}
78 000 521 200,entity,{}
united states of america,entity,{}
https   modernslaveryregister gov au statements 11546,entity,{}
aveng australia holdings pty ltd,entity,{}
33 108 058 331,entity,{}
built environs pty  ltd,entity,{}
74 008 125 111,entity,{}
mcconnell dowell constructors  aust  pty ltd,entity,{}
71 002 929 017,entity,{}
mcconnell dowell corporation limited,entity,{}
11 008 444 880,entity,{}
mcconnell dowell holdings pty  limited,entity,{}
87 003 207 270,entity,{}
https   modernslaveryregister gov au statements 7689,entity,{}
symal contractors pty ltd,entity,{}
69 630 027 342,entity,{}
symal infrastructure pty ltd,entity,{}
87 130 808 276,entity,{}
500 600m,entity,{}
https   modernslaveryregister gov au statements 15524,entity,{}
ingenia communities holdings limited,entity,{}
92 154 444 925,entity,{}
eighth gate capital management pty ltd,entity,{}
58 165 734 510,entity,{}
eighth gate pty limited,entity,{}
94 165 730 227,entity,{}
ingenia communities re limited,entity,{}
46 154 464 900,entity,{}
sungenia development pty limited,entity,{}
32 629 790 343,entity,{}
sungenia landco pty limited,entity,{}
89 629 787 828,entity,{}
sungenia opco pty limited,entity,{}
89 629 791 457,entity,{}
350 400m,entity,{}
https   modernslaveryregister gov au statements 15990,entity,{}
echuca regional health,entity,{}
30 490 690 530,entity,{}
health care and social assistance,entity,{}
https   modernslaveryregister gov au statements 25738,entity,{}
petuna aquaculture pty ltd,entity,{}
62 009 485 581,entity,{}
2021 10 01 to 2022 09 30,entity,{}
australia  new zealand,entity,{}
https   modernslaveryregister gov au statements 12553,entity,{}
ace print and display pty limited,entity,{}
21 000 639 743,entity,{}
brisbane cullet pty ltd,entity,{}
13 601 145 304,entity,{}
build run repair  australia  pty ltd,entity,{}
15 155 555 052,entity,{}
ph penrith pty ltd,entity,{}
17 638 042 912,entity,{}
p   i pty  ltd,entity,{}
15 000 619 018,entity,{}
regional recyclers pty ltd,entity,{}
12 069 806 462,entity,{}
salvage paper pty ltd,entity,{}
34 101 429 716,entity,{}
the trustee for southern paper converters trust,entity,{}
49 984 541 896,entity,{}
visy albury pty ltd,entity,{}
91 151 816 465,entity,{}
visy board proprietary limited,entity,{}
58 005 787 913,entity,{}
visy board  wodonga  pty  ltd,entity,{}
34 098 839 402,entity,{}
visy energy pty ltd,entity,{}
55 115 133 321,entity,{}
visy glama pty ltd,entity,{}
83 077 517 581,entity,{}
visy glass  australasia  pty ltd,entity,{}
56 642 097 185,entity,{}
visy glass international pty ltd,entity,{}
97 006 005 929,entity,{}
visy glass operations  australia  pty ltd,entity,{}
94 004 230 326,entity,{}
visy glass packaging services pty ltd,entity,{}
77 004 300 725,entity,{}
visy industries australia pty ltd,entity,{}
74 004 337 615,entity,{}
visy logistics pty ltd,entity,{}
12 089 137 986,entity,{}
visy packaging pty  ltd,entity,{}
13 095 313 723,entity,{}
visypet pty  ltd,entity,{}
52 099 764 119,entity,{}
visy pulp and paper pty  ltd,entity,{}
30 086 513 144,entity,{}
visy recycling australia pty ltd,entity,{}
46 118 295 239,entity,{}
visy recycling mrfs pty ltd,entity,{}
76 118 874 972,entity,{}
visy sand quarry pty ltd,entity,{}
49 645 945 928,entity,{}
visy singapore headquarters pte ltd,entity,{}
28 323 431 228,entity,{}
acme foods pty ltd,entity,{}
forestry  timber products  paper and containers and packaging,entity,{}
reliance worldwide corporation  aust   pty  ltd,entity,{}
71 004 784 301,entity,{}
reliance worldwide corporation limited,entity,{}
46 610 855 877,entity,{}
https   modernslaveryregister gov au statements 11197,entity,{}
the barro group trust settlor marie terese willey,entity,{}
25 553 947 414,entity,{}
450 500m,entity,{}
https   modernslaveryregister gov au statements 7789,entity,{}
university of tasmania,entity,{}
30 764 374 782,entity,{}
a m c search limited,entity,{}
29 009 548 618,entity,{}
tasmanian university student association inc,entity,{}
26 112 122 929,entity,{}
utas holdings pty ltd,entity,{}
68 601 280 880,entity,{}
utas properties pty ltd,entity,{}
61 636 735 834,entity,{}
education and research,entity,{}
https   modernslaveryregister gov au statements 17509,entity,{}
australian unity limited,entity,{}
23 087 648 888,entity,{}
https   modernslaveryregister gov au statements 11525,entity,{}
nioa nominees pty ltd t f bill nioa family trust,entity,{}
11 646 964 149,entity,{}
https   modernslaveryregister gov au statements 7415,entity,{}
fortrea australia pty ltd,entity,{}
99 003 613 134,entity,{}
laboratory corporation of america holdings,entity,{}
https   modernslaveryregister gov au statements 13476,entity,{}
contact energy limited,entity,{}
68 080 480 477,entity,{}
new zealand,entity,{}
utilities  gas  water and electricity,entity,{}
https   modernslaveryregister gov au statements 14416,entity,{}
ikea pty limited,entity,{}
84 006 270 757,entity,{}
2022 09 01 to 2023 08 31,entity,{}
ashpark pty ltd,entity,{}
cebas pty ltd,entity,{}
ikea distribution services australia pty ltd,entity,{}
ikea trading pty limited,entity,{}
sabec pty ltd,entity,{}
https   modernslaveryregister gov au statements 17035,entity,{}
regional express holdings limited,entity,{}
aapa victoria pty ltd,entity,{}
air partners pty ltd,entity,{}
australian aero propeller maintenance pty ltd,entity,{}
australian airline pilot academy pty ltd,entity,{}
pel air aviation pty ltd,entity,{}
regional express pty ltd,entity,{}
rex airlines pty ltd,entity,{}
rex investment holdings pty ltd,entity,{}
https   modernslaveryregister gov au statements 15343,entity,{}
goodman limited,entity,{}
69 000 123 071,entity,{}
goodman funds management limited,entity,{}
48 067 796 641,entity,{}
goodman logistics  hk  limited,entity,{}
not provided,entity,{}
goodman logistics uk holdings limited,entity,{}
pfd food services pty ltd,entity,{}
88 000 014 675,entity,{}
statewide independent wholesalers limited,entity,{}
woolworths group limited,entity,{}
food and beverages  agriculture and fishing fashion  textiles  apparel and luxury goods,entity,{}
cartology pty limited,entity,{}
drumstar pty ltd,entity,{}
fabcot pty ltd,entity,{}
leasehold investments pty ltd,entity,{}
progressive enterprises holdings limited,entity,{}
woolworths group payments pty limited,entity,{}
woolworths  south australia  pty limited,entity,{}
woolworths  victoria  pty limited,entity,{}
wpay pty limited,entity,{}
https   modernslaveryregister gov au statements 19253,entity,{}
sierra rutile holdings limited,entity,{}
79 613 822 165,entity,{}
sierra leone,entity,{}
south africa,entity,{}
sierra rutile international south africa  pty  ltd,entity,{}
sierra rutile international uk limited,entity,{}
sierra rutile investments  bvi  limited,entity,{}
sierra rutile investments 1 limited,entity,{}
sierra rutile limited,entity,{}
sierra rutile  uk  limited,entity,{}
srl acquisitional no 3 limited,entity,{}
https   modernslaveryregister gov au statements 18325,entity,{}
royal frieslandcampina n v,entity,{}
2025 932,entity,{}
netherlands,entity,{}
https   modernslaveryregister gov au statements 23056,entity,{}
anca pty ltd,entity,{}
43 005 163 244,entity,{}
https   modernslaveryregister gov au statements 18795,entity,{}
peoplekind group ltd,entity,{}
11 652 673 553,entity,{}
accommodation and food services other services health care and social assistance education and training,entity,{}
https   modernslaveryregister gov au statements 25396,entity,{}
experian australia holdings pty ltd,entity,{}
17 124 553 984,entity,{}
2023 04 01 to 2024 03 31,entity,{}
https   modernslaveryregister gov au statements 19525,entity,{}
aph top co pty limited,entity,{}
96 608 192 374,entity,{}
port of brisbane pty ltd,entity,{}
78 143 384 749,entity,{}
qph finance co pty limited,entity,{}
74 146 988 454,entity,{}
qph hold co pty limited,entity,{}
31 146 978 994,entity,{}
qph port acquisition co pty limited,entity,{}
81 146 985 677,entity,{}
the trustee for qph hold trust,entity,{}
36 467 446 294,entity,{}
the trustee for qph property trust,entity,{}
37 014 309 893,entity,{}
https   modernslaveryregister gov au statements 15940,entity,{}
wyndham destinations asia pacific pty ltd,entity,{}
30 090 083 613,entity,{}
2022 04 01 to 2023 03 30,entity,{}
singapore,entity,{}
consumer services  including accommodation  hospitality  tourism and leisure,entity,{}
https   modernslaveryregister gov au statements 13658,entity,{}
fletcher international exports pty ltd,entity,{}
64 003 213 652,entity,{}
fletcher international group pty ltd,entity,{}
75 626 211 907,entity,{}
900m 1bn,entity,{}
fletcher international usa llc,entity,{}
https   modernslaveryregister gov au statements 21128,entity,{}
eden brae holdings pty limited,entity,{}
42 083 807 489,entity,{}
https   modernslaveryregister gov au statements 12884,entity,{}
energy infrastructure trust,entity,{}
23 779 151 748,entity,{}
https   modernslaveryregister gov au statements 16155,entity,{}
aon corporation australia limited,entity,{}
58 004 756 772,entity,{}
https   modernslaveryregister gov au statements 6735,entity,{}
redflex holdings limited,entity,{}
96 069 306 216,entity,{}
unknown,entity,{}
https   modernslaveryregister gov au statements 1636,entity,{}
football australia limited,entity,{}
28 106 478 068,entity,{}
canberra united fc pty limited,entity,{}
local organising committee afc women s asian cup 2026 pty ltd,entity,{}
https   modernslaveryregister gov au statements 24105,entity,{}
barrenjoey advisory pty limited,entity,{}
17 636 976 228,entity,{}
barrenjoey capital partners group holdings pty limited,entity,{}
44 644 241 510,entity,{}
barrenjoey capital partners group pty limited,entity,{}
17 640 529 228,entity,{}
barrenjoey capital partners pty limited,entity,{}
89 636 973 290,entity,{}
barrenjoey markets pty limited,entity,{}
66 636 976 059,entity,{}
barrenjoey services pty limited,entity,{}
44 636 976 344,entity,{}
financial and insurance services,entity,{}
https   modernslaveryregister gov au statements 26094,entity,{}
genpact australia pty ltd,entity,{}
15 616 571 423,entity,{}
2025 01 01 to 2025 12 30,entity,{}
professional  scientific and technical services,entity,{}
https   modernslaveryregister gov au statements 27267,entity,{}
philmac pty  limited,entity,{}
17 007 873 047,entity,{}
vinidex pty limited,entity,{}
42 000 664 942,entity,{}
yatala plastics pty  ltd,entity,{}
84 010 720 886,entity,{}
zezt pty ltd,entity,{}
30 609 589 808,entity,{}
australia  belgium,entity,{}
https   modernslaveryregister gov au statements 13525,entity,{}
noja power switchgear pty ltd,entity,{}
21 099 412 807,entity,{}
manufacturing,entity,{}
https   modernslaveryregister gov au statements 25978,entity,{}
posco yamato vina steel joint stock company,entity,{}
2025 01 01 to 2025 12 31,entity,{}
vietnam,entity,{}
https   modernslaveryregister gov au statements 27195,entity,{}
shangri la investments  australia  pty limited,entity,{}
15 146 016 033,entity,{}
australia  hong kong,entity,{}
https   modernslaveryregister gov au statements 13921,entity,{}
the trustee for vic commercial no 2 trust,entity,{}
88 136 118 808,entity,{}
https   modernslaveryregister gov au statements 5969,entity,{}
belmont property unit trust,entity,{}
89 947 149 231,entity,{}
https   modernslaveryregister gov au statements 11173,entity,{}
sojitz development pty ltd,entity,{}
34 063 050 680,entity,{}
2019 04 01 to 2020 03 30,entity,{}
https   modernslaveryregister gov au statements 856,entity,{}
club assist corporation pty ltd,entity,{}
62 065 089 278,entity,{}
https   modernslaveryregister gov au statements 15331,entity,{}
latrobe community health service limited,entity,{}
74 136 502 022,entity,{}
https   modernslaveryregister gov au statements 15829,entity,{}
la trobe ltd,entity,{}
78 618 827 615,entity,{}
la trobe university,entity,{}
64 804 735 113,entity,{}
ltu services limited,entity,{}
62 642 748 463,entity,{}
https   modernslaveryregister gov au statements 18693,entity,{}
norinchukin australia pty limited,entity,{}
57 617 251 617,entity,{}
australia  japan,entity,{}
https   modernslaveryregister gov au statements 14586,entity,{}
pronto cloud pty ltd,entity,{}
47 101 504 278,entity,{}
pronto software international pty ltd,entity,{}
18 105 264 195,entity,{}
pronto software licensing pty ltd,entity,{}
55 159 798 535,entity,{}
pronto software limited,entity,{}
47 001 337 248,entity,{}
https   modernslaveryregister gov au statements 19449,entity,{}
j r    e g  richards  n s w   pty ltd,entity,{}
34 000 526 385,entity,{}
j r    e g  richards pty ltd,entity,{}
86 000 389 793,entity,{}
waste management and recycling,entity,{}
https   modernslaveryregister gov au statements 12165,entity,{}
higgins coatings proprietary limited,entity,{}
50 005 632 708,entity,{}
https   modernslaveryregister gov au statements 25952,entity,{}
eastpoint pty ltd,entity,{}
64 008 687 367,entity,{}
perron investments pty ltd,entity,{}
48 000 003 976,entity,{}
the trustee for the prestige toyota trust,entity,{}
42 855 447 753,entity,{}
https   modernslaveryregister gov au statements 10787,entity,{}
wpp aunz pty ltd,entity,{}
84 001 657 370,entity,{}
australia  united kingdom,entity,{}
media  publishing  arts and entertainment,entity,{}
https   modernslaveryregister gov au statements 17875,entity,{}
grosvenor engineering group pty ltd,entity,{}
12 003 608 795,entity,{}
https   modernslaveryregister gov au statements 2170,entity,{}
chanel  australia  pty ltd,entity,{}
83 000 012 153,entity,{}
https   modernslaveryregister gov au statements 18576,entity,{}
australian energy market operator limited,entity,{}
94 072 010 327,entity,{}
electricity  gas  water and waste services,entity,{}
https   modernslaveryregister gov au statements 27224,entity,{}
honda australia motorcycle and power equipment pty  ltd,entity,{}
honda australia pty  ltd,entity,{}
2024 04 01 to 2025 03 31,entity,{}
manufacturing retail trade wholesale trade,entity,{}
https   modernslaveryregister gov au statements 24653,entity,{}
cloudstaff holdings pty limited,entity,{}
https   modernslaveryregister gov au statements 14004,entity,{}
fccd  australia  pty limited,entity,{}
16 134 182 380,entity,{}
fccd  australia  nominee pty limited,entity,{}
67 134 182 657,entity,{}
https   modernslaveryregister gov au statements 24110,entity,{}
ingram micro pty ltd,entity,{}
45 112 487 966,entity,{}
https   modernslaveryregister gov au statements 15769,entity,{}
lennon engineering and construction pty ltd,entity,{}
15 612 130 597,entity,{}
ocwen energy pty ltd,entity,{}
44 605 178 578,entity,{}
revir pty ltd,entity,{}
73 614 005 560,entity,{}
https   modernslaveryregister gov au statements 6041,entity,{}
a c n  085 239 998 pty ltd,entity,{}
39 085 239 998,entity,{}
kentucky fried chicken pty ltd,entity,{}
79 000 587 780,entity,{}
kfc adco limited,entity,{}
22 083 047 992,entity,{}
https   modernslaveryregister gov au statements 14232,entity,{}
bupa anz healthcare holdings pty ltd,entity,{}
16 126 737 308,entity,{}
bupa anz insurance pty ltd,entity,{}
81 098 309 025,entity,{}
financial  insurance and real estate activities healthcare and pharmaceuticals,entity,{}
bupa aged care australasia pty limited,entity,{}
bupa aged care australia holdings pty ltd,entity,{}
bupa aged care australia pty ltd,entity,{}
bupa aged care holdings pty ltd,entity,{}
dental corporation holdings pty ltd,entity,{}
dental corporation pty ltd,entity,{}
qantm intellectual property limited,entity,{}
https   modernslaveryregister gov au statements 15153,entity,{}
hdi global specialty se,entity,{}
58 129 395 544,entity,{}
germany,entity,{}
https   modernslaveryregister gov au statements 23214,entity,{}
kalgoorlie consolidated gold mines pty ltd,entity,{}
97 009 377 619,entity,{}
northern star  carosue dam  pty ltd,entity,{}
14 116 649 122,entity,{}
northern star  hbj  pty ltd,entity,{}
30 127 026 519,entity,{}
northern star  kanowna  pty limited,entity,{}
58 010 511 789,entity,{}
northern star  klv  pty ltd,entity,{}
22 004 990 274,entity,{}
northern star resources ltd,entity,{}
43 092 832 892,entity,{}
northern star  saracen goldfields  pty ltd,entity,{}
44 637 156 579,entity,{}
northern star  saracen kalgoorlie  pty ltd,entity,{}
19 008 143 137,entity,{}
northern star  saracen  pty ltd,entity,{}
52 009 215 347,entity,{}
northern star  south kalgoorlie  pty ltd,entity,{}
31 009 271 532,entity,{}
northern star  thunderbox  pty ltd,entity,{}
15 107 154 727,entity,{}
north star holdings pty ltd,entity,{}
51 089 830 642,entity,{}
mining,entity,{}
northern star  bronzewing  pty ltd,entity,{}
northern star  echo mining  pty ltd,entity,{}
northern star  mko  pty ltd,entity,{}
cox architecture pty ltd,entity,{}
https   modernslaveryregister gov au statements 25705,entity,{}
gale pacific limited,entity,{}
https   modernslaveryregister gov au statements 14901,entity,{}
australian vintage ltd,entity,{}
78 052 179 932,entity,{}
https   modernslaveryregister gov au statements 10098,entity,{}
gma garnet pty ltd,entity,{}
72 009 344 227,entity,{}
https   modernslaveryregister gov au statements 23268,entity,{}
s c australia holdco pty ltd,entity,{}
97 100 767 851,entity,{}
s c australia investments pty ltd,entity,{}
44 609 705 615,entity,{}
2020 12 28 to 2021 12 26,entity,{}
https   modernslaveryregister gov au statements 9209,entity,{}
icra mc pty ltd,entity,{}
77 147 657 074,entity,{}
icra oc pty ltd,entity,{}
41 106 260 593,entity,{}
im iron holding pty ltd,entity,{}
35 168 776 421,entity,{}
itochu australia ltd,entity,{}
itochu iron ore australia pty ltd,entity,{}
itochu minerals   energy of australia pty ltd,entity,{}
japan,entity,{}
accommodation and food services mining electricity  gas  water and waste services transport  postal and warehousing agriculture  forestry and fishing,entity,{}
https   modernslaveryregister gov au statements 24564,entity,{}
brando aus holdco pty ltd,entity,{}
31 632 004 392,entity,{}
brando aus finco pty ltd,entity,{}
finco2a pty ltd,entity,{}
finco2 pty ltd,entity,{}
finco3a pty ltd,entity,{}
finco3 pty ltd,entity,{}
finco4 pty ltd,entity,{}
finco bond pty ltd,entity,{}
finco inter pty ltd,entity,{}
isalbi pty ltd,entity,{}
marlin brands pty ltd,entity,{}
marlin management services 2 pty ltd,entity,{}
marlin management services ltd,entity,{}
pacific optics pty ltd,entity,{}
signature marketing australia pty ltd,entity,{}
susskind and danziger pty  ltd,entity,{}
the decor corporation pty  ltd,entity,{}
https   modernslaveryregister gov au statements 19633,entity,{}
diamond gas resources pty  ltd,entity,{}
58 007 440 664,entity,{}
https   modernslaveryregister gov au statements 23467,entity,{}
uniti group limited,entity,{}
73 158 957 889,entity,{}
https   modernslaveryregister gov au statements 6774,entity,{}
civil mining   construction pty ltd,entity,{}
modern slavery register,entity,{}
https   modernslaveryregister gov au statements 26043,entity,{}
charlotte tilbury limited,entity,{}
cosmetics and toiletries,entity,{}
charlotte tilbury beauty limited,entity,{}
https   modernslaveryregister gov au statements 22706,entity,{}
gmhba limited,entity,{}
98 004 417 092,entity,{}
https   modernslaveryregister gov au statements 1184,entity,{}
australian metal building products pty ltd,entity,{}
metroll pty ltd,entity,{}
metroll queensland pty limited,entity,{}
metroll victoria pty limited,entity,{}
https   modernslaveryregister gov au statements 18714,entity,{}
willis towers watson australia holdings limited,entity,{}
98 112 435 079,entity,{}
https   modernslaveryregister gov au statements 5066,entity,{}
pinnacle investment management group limited,entity,{}
22 100 325 184,entity,{}
financial  insurance and real estate activities professional and administrative services and supplies  including legal  consulting and accounting services,entity,{}
pinnacle fund services limited,entity,{}
pinnacle investment management limited,entity,{}
pinnacle re services limited,entity,{}
pinnacle services administration pty ltd,entity,{}
https   modernslaveryregister gov au statements 20158,entity,{}
yfg shopping centres pty ltd as trustee for the fu family trust,entity,{}
food and beverages  agriculture and fishing consumer services  including accommodation  hospitality  tourism and leisure financial  insurance and real estate activities,entity,{}
all way travel pty ltd,entity,{}
catch wonderland pty ltd,entity,{}
keep fitness pty ltd,entity,{}
la cafe franchising pty ltd,entity,{}
la cafe leasing pty ltd,entity,{}
la cafe pty ltd as trustee for la cafe unit trust,entity,{}
le boulangerie franchising pty ltd,entity,{}
le boulangerie leasing pty ltd,entity,{}
le boulangerie pty ltd as trustee for le boulangerie unit trust,entity,{}
matchbox pictures pty ltd,entity,{}
81 130 167 912,entity,{}
universal pictures international australasia pty ltd,entity,{}
44 122 951 099,entity,{}
https   modernslaveryregister gov au statements 17901,entity,{}
trafigura pte ltd,entity,{}
44 221 744 224,entity,{}
2019 10 31 to 2020 09 30,entity,{}
https   modernslaveryregister gov au statements 2600,entity,{}
carotrans oceania pty ltd,entity,{}
31 118 822 487,entity,{}
mainfreight air   ocean pty ltd,entity,{}
65 007 252 333,entity,{}
mainfreight distribution pty limited,entity,{}
85 003 840 319,entity,{}
mainfreight holdings pty ltd,entity,{}
24 084 637 605,entity,{}
owens transport pty,entity,{}
64 060 592 529,entity,{}
2020 04 01 to 2021 03 30,entity,{}
https   modernslaveryregister gov au statements 7894,entity,{}
the trustee for icg australia fund,entity,{}
87 173 763 969,entity,{}
https   modernslaveryregister gov au statements 16344,entity,{}
oz group co op limited,entity,{}
73 482 255 177,entity,{}
https   modernslaveryregister gov au statements 7698,entity,{}
weir group  australian holdings  pty limited,entity,{}
57 090 873 117,entity,{}
https   modernslaveryregister gov au statements 13930,entity,{}
azelis australia pty limited,entity,{}
54 091 997 027,entity,{}
chemcolour industries australia pty limited,entity,{}
70 125 602 271,entity,{}
timtechchem australia pty ltd,entity,{}
90 164 411 081,entity,{}
belgium,entity,{}
https   modernslaveryregister gov au statements 5388,entity,{}
stanwell corporation limited,entity,{}
37 078 848 674,entity,{}
https   modernslaveryregister gov au statements 11708,entity,{}
the village building co  limited,entity,{}
97 056 509 025,entity,{}
the big banana group limited,entity,{}
48 110 991 403,entity,{}
construction  civil engineering and building products other,entity,{}
https   modernslaveryregister gov au statements 21751,entity,{}
https   modernslaveryregister gov au statements 20632,entity,{}
hengtong cable australia pty ltd,entity,{}
20 620 520 541,entity,{}
https   modernslaveryregister gov au statements 17382,entity,{}
c s energy limited,entity,{}
54 078 848 745,entity,{}
https   modernslaveryregister gov au statements 2461,entity,{}
tt line company pty  ltd,entity,{}
39 061 996 174,entity,{}
transport  postal and warehousing,entity,{}
https   modernslaveryregister gov au statements 27020,entity,{}
asc pty ltd,entity,{}
64 008 605 034,entity,{}
https   modernslaveryregister gov au statements 10553,entity,{}
australian terminal operations management pty ltd,entity,{}
70 606 006 866,entity,{}
https   modernslaveryregister gov au statements 27522,entity,{}
land services sa holding pty ltd,entity,{}
54 618 228 096,entity,{}
information technology and telecommunication other,entity,{}
https   modernslaveryregister gov au statements 10589,entity,{}
https   modernslaveryregister gov au statements 20171,entity,{}
hitachi energy australia holdings pty ltd,entity,{}
11 632 805 862,entity,{}
hitachi energy australia pty ltd,entity,{}
29 010 087 608,entity,{}
mining  metals  chemicals and resources  including oil and gas  utilities  gas  water and electricity transportation  logistics  and storage defence and aerospace,entity,{}
https   modernslaveryregister gov au statements 14832,entity,{}
fms group operations pty ltd,entity,{}
79 621 625 769,entity,{}
mining manufacturing construction,entity,{}
https   modernslaveryregister gov au statements 24737,entity,{}
the radlink unit trust,entity,{}
62 890 602 388,entity,{}
the radlink unit trust  abn 62 890 602 388,entity,{}
https   modernslaveryregister gov au statements 12621,entity,{}
dennis family holdings pty ltd,entity,{}
39 097 641 855,entity,{}
dennis family homes pty ltd,entity,{}
83 056 254 249,entity,{}
dfc  services  pty ltd,entity,{}
15 089 081 667,entity,{}
construction  civil engineering and building products financial  insurance and real estate activities,entity,{}
https   modernslaveryregister gov au statements 7069,entity,{}
hays specialist recruitment  australia  pty limited,entity,{}
47 001 407 281,entity,{}
https   modernslaveryregister gov au statements 26976,entity,{}
iron mountain australia group pty ltd,entity,{}
25 004 270 991,entity,{}
iron mountain australia group services pty ltd,entity,{}
19 079 495 346,entity,{}
https   modernslaveryregister gov au statements 8141,entity,{}
lindt   sprungli  australia  pty ltd,entity,{}
43 079 224 892,entity,{}
switzerland,entity,{}
https   modernslaveryregister gov au statements 13820,entity,{}
stripe payments australia pty ltd,entity,{}
66 160 180 343,entity,{}
https   modernslaveryregister gov au statements 9271,entity,{}
telstra corporation limited,entity,{}
33 051 775 556,entity,{}
telstra holdings pty ltd,entity,{}
45 057 808 938,entity,{}
https   modernslaveryregister gov au statements 2899,entity,{}
utilities of australia pty ltd,entity,{}
55 063 384 127,entity,{}
https   modernslaveryregister gov au statements 11447,entity,{}
https   modernslaveryregister gov au statements 14074,entity,{}
a2b australia limited,entity,{}
99 001 958 390,entity,{}
https   modernslaveryregister gov au statements 2624,entity,{}
incycle shotcrete pty limited,entity,{}
48 112 241 648,entity,{}
ruc cementation mining contractors pty ltd,entity,{}
99 051 252 549,entity,{}
australia  hong kong  indonesia  mongolia,entity,{}
https   modernslaveryregister gov au statements 3020,entity,{}
returned   services league of australia  queensland branch,entity,{}
79 902 601 713,entity,{}
2019 01 01 to 2019 12 31,entity,{}
charitable   not for profit activities,entity,{}
https   modernslaveryregister gov au statements 4439,entity,{}
allied world assurance company  ltd,entity,{}
54 163 304 907,entity,{}
bermuda  united states of america,entity,{}
https   modernslaveryregister gov au statements 13307,entity,{}
schweigen pty ltd,entity,{}
53 124 141 322,entity,{}
https   modernslaveryregister gov au statements 19141,entity,{}
tasman aviation holdings pty ltd,entity,{}
34 169 324 770,entity,{}
https   modernslaveryregister gov au statements 3859,entity,{}
midway ltd,entity,{}
44 005 616 044,entity,{}
https   modernslaveryregister gov au statements 1474,entity,{}
lvmh perfumes   cosmetics group pty ltd,entity,{}
63 069 188 272,entity,{}
france,entity,{}
retail trade,entity,{}
https   modernslaveryregister gov au statements 24998,entity,{}
mun  australia  pty limited,entity,{}
49 075 460 838,entity,{}
malaysia,entity,{}
https   modernslaveryregister gov au statements 5777,entity,{}
maersk logistics   services australia pty ltd,entity,{}
70 006 211 052,entity,{}
svitzer australia pty ltd,entity,{}
86 000 045 009,entity,{}
svitzer terminals australia pty limited,entity,{}
43 077 751 065,entity,{}
denmark,entity,{}
https   modernslaveryregister gov au statements 14387,entity,{}
steris australia pty ltd,entity,{}
18 615 709 218,entity,{}
https   modernslaveryregister gov au statements 22774,entity,{}
carlisle homes pty ltd,entity,{}
86 106 263 209,entity,{}
https   modernslaveryregister gov au statements 26902,entity,{}
acciona energy australia global pty ltd,entity,{}
54 600 910 647,entity,{}
acciona energy oceania construction pty ltd,entity,{}
85 164 011 723,entity,{}
karara holdings pty ltd,entity,{}
22 672 150 846,entity,{}
https   modernslaveryregister gov au statements 18583,entity,{}
chisholm institute,entity,{}
65 335 795 326,entity,{}
tafe online pty ltd,entity,{}
the trustee for the caroline chisholm education foundation,entity,{}
25 166 750 107,entity,{}
43 912 374 223,entity,{}
https   modernslaveryregister gov au statements 17949,entity,{}
mepau perth basin pty ltd,entity,{}
74 009 204 031,entity,{}
mitsui e p australia holdings pty ltd,entity,{}
70 077 897 440,entity,{}
awe  bass gas  pty ltd,entity,{}
awe energy holdings pty ltd,entity,{}
awe offshore pty limited,entity,{}
awe overseas pty limited,entity,{}
awe petroleum pty ltd,entity,{}
mepau a pty ltd,entity,{}
mepau athena gas processing pty ltd,entity,{}
mepau australia pty ltd,entity,{}
mepau beharra springs pty ltd,entity,{}
mepau finance pty ltd,entity,{}
mepau otway basin pty ltd,entity,{}
mepau p2p pty ltd,entity,{}
mepau project pty ltd,entity,{}
mepau  wa  investment company pty ltd,entity,{}
mitsui e p australia pty ltd,entity,{}
https   modernslaveryregister gov au statements 23573,entity,{}
tool brokers australia pty ltd,entity,{}
64 060 285 976,entity,{}
tradetools pty ltd,entity,{}
67 010 700 053,entity,{}
tradetools regional pty ltd,entity,{}
31 127 910 623,entity,{}
https   modernslaveryregister gov au statements 12483,entity,{}
dfa australia limited,entity,{}
46 065 937 671,entity,{}
https   modernslaveryregister gov au statements 18015,entity,{}
genius sports limited,entity,{}
20 162 091 321,entity,{}
bestbetting ltd,entity,{}
betgenius anz pty ltd,entity,{}
boolabus ltd,entity,{}
cfl ventures,entity,{}
connextra ltd,entity,{}
fanhub media development,entity,{}
fan hub media direct pty limited,entity,{}
fan hub media holdings pty limited,entity,{}
fan hub media trading pty limited,entity,{}
fanhub media uk ltd,entity,{}
fanhub media usa llc,entity,{}
genius sports anz pty ltd,entity,{}
genius sports asia pte ltd,entity,{}
genius sports canada corporation,entity,{}
genius sports ch sarl,entity,{}
genius sports danmark aps,entity,{}
genius sports group ltd,entity,{}
genius sports holdings ltd,entity,{}
genius sports italy srl,entity,{}
genius sports lt,entity,{}
genius sports media inc,entity,{}
genius sports media ltd,entity,{}
genius sports network aps,entity,{}
genius sports services colombia s a s,entity,{}
genius sports services eesti ou,entity,{}
genius sports services eood,entity,{}
genius sports services ltd,entity,{}
genius sports servicos esportivos ltda,entity,{}
genius sports ss holdings,entity,{}
genius sports ss llc,entity,{}
genius sports technologies ltd,entity,{}
genius sports uk ltd,entity,{}
genius sports we sub llc,entity,{}
photospire ltd,entity,{}
second spectrum china ltd,entity,{}
second spectrum hk ltd,entity,{}
second spectrum sarl,entity,{}
second spectrum uk ltd,entity,{}
spirable inc,entity,{}
spirable ltd,entity,{}
sportcast inc,entity,{}
sport integrity monitor,entity,{}
https   modernslaveryregister gov au statements 20035,entity,{}
toshiba  australia  pty ltd,entity,{}
19 001 320 421,entity,{}
2022 04 01 to 2023 03 31,entity,{}
https   modernslaveryregister gov au statements 14697,entity,{}
feltex carpets pty ltd,entity,{}
60 068 166 843,entity,{}
godfrey hirst australia pty ltd,entity,{}
58 000 849 758,entity,{}
premium floors australia pty limited,entity,{}
15 152 867 984,entity,{}
durable consumer goods  including electronics and appliances  home furnishings and other accessories fashion  textiles  apparel and luxury goods,entity,{}
https   modernslaveryregister gov au statements 3898,entity,{}
employers mutual limited   the trustee for aswig management trust,entity,{}
23 923 166 503,entity,{}
https   modernslaveryregister gov au statements 10801,entity,{}
guzman y gomez limited,entity,{}
https   modernslaveryregister gov au statements 25203,entity,{}
adidas australia pty limited,entity,{}
80 058 390 659,entity,{}
https   modernslaveryregister gov au statements 9458,entity,{}
fisher   paykel australia pty  limited,entity,{}
71 000 042 080,entity,{}
fisher   paykel australia holdings limited,entity,{}
fisher   paykel customer services pty ltd,entity,{}
fisher   paykel finance pty limited,entity,{}
https   modernslaveryregister gov au statements 23218,entity,{}
dalrymple bay coal terminal pty  ltd,entity,{}
12 010 268 167,entity,{}
https   modernslaveryregister gov au statements 6031,entity,{}
john deere financial limited,entity,{}
55 078 714 646,entity,{}
2019 11 04 to 2020 11 01,entity,{}
https   modernslaveryregister gov au statements 1552,entity,{}
rite bite group pty ltd,entity,{}
61 623 450 117,entity,{}
27 159 928 382,entity,{}
darrell lea confectionery co pty ltd,entity,{}
https   modernslaveryregister gov au statements 20998,entity,{}
fisher   paykel healthcare corporation limited,entity,{}
69 098 026 281,entity,{}
fisher   paykel healthcare pty  limited,entity,{}
52 005 484 999,entity,{}
2019 04 01 to 2020 03 31,entity,{}
https   modernslaveryregister gov au statements 1280,entity,{}
gentrack group limited,entity,{}
267,entity,{}
2020 10 01 to 2021 09 30,entity,{}
utilities  gas  water and electricity information technology and telecommunication,entity,{}
https   modernslaveryregister gov au statements 8093,entity,{}
atlassian corporation,entity,{}
https   modernslaveryregister gov au statements 24854,entity,{}
central gippsland region water corporation,entity,{}
75 830 750 413,entity,{}
government sector,entity,{}
https   modernslaveryregister gov au statements 10654,entity,{}
flow power solar pty ltd,entity,{}
kin power group pty ltd,entity,{}
progressive green pty ltd,entity,{}
utilacor pty ltd,entity,{}
kin power asset holdings pty ltd,entity,{}
kin power finance holding pty ltd,entity,{}
progressive green trading pty ltd,entity,{}
https   modernslaveryregister gov au statements 21419,entity,{}
apex fund holdings australia pty limited,entity,{}
43 110 507 858,entity,{}
33 648 611 054,entity,{}
86 149 408 702,entity,{}
28 081 966 243,entity,{}
67 126 760 638,entity,{}
75 638 849 699,entity,{}
91 121 671 430,entity,{}
apex compliance solutions  australia  pty ltd,entity,{}
apex corporate   business services australia pty ltd,entity,{}
apex fund services  australia  pty ltd,entity,{}
apex fund services pty ltd,entity,{}
apex fund services  sydney  pty limited,entity,{}
apex superannuation  australia  pty ltd,entity,{}
ifaa group pty ltd,entity,{}
independent professional services pty ltd,entity,{}
mainstream digital services pty ltd,entity,{}
mainstream superannuation services pty ltd,entity,{}
https   modernslaveryregister gov au statements 18078,entity,{}
australian maritime safety authority,entity,{}
65 377 938 320,entity,{}
https   modernslaveryregister gov au statements 19626,entity,{}
rural press pty limited,entity,{}
47 000 010 382,entity,{}
https   modernslaveryregister gov au statements 2236,entity,{}
whsp holdings ltd,entity,{}
49 000 002 728,entity,{}
2024 08 01 to 2025 07 31,entity,{}
accommodation and food services rental  hiring and real estate services,entity,{}
education and training,entity,{}
agriculture  forestry and fishing,entity,{}
https   modernslaveryregister gov au statements 27196,entity,{}
outsourcing oceania holdings pty limited,entity,{}
20 628 356 141,entity,{}
albacore consulting group pty ltd,entity,{}
bluefin resources group pty limited,entity,{}
bluefin resources pty ltd,entity,{}
clicks recruit  australia  pty ltd,entity,{}
hoban recruitment pty ltd,entity,{}
horizon one recruitment pty ltd,entity,{}
index consultants pty ltd,entity,{}
jigsaw search pty ltd,entity,{}
marble group holdings pty ltd,entity,{}
marble group pty ltd,entity,{}
marble group services pty ltd,entity,{}
outsourcing oceania pty ltd,entity,{}
project management partners pty limited,entity,{}
rap2 pty ltd,entity,{}
red appointments group holdings pty ltd,entity,{}
red appointments nt pty ltd,entity,{}
red appointments pty ltd,entity,{}
staff solutions australia pty ltd,entity,{}
https   modernslaveryregister gov au statements 23119,entity,{}
aurelia metals limited,entity,{}
37 108 476 384,entity,{}
big island mining pty ltd,entity,{}
dargues gold mine pty ltd,entity,{}
defiance resources pty ltd,entity,{}
hera resources pty limited,entity,{}
nymagee resources pty ltd,entity,{}
peak gold asia pacific pty ltd,entity,{}
peak gold mines pty ltd,entity,{}
https   modernslaveryregister gov au statements 15561,entity,{}
resolution life nohc pty ltd,entity,{}
48 633 375 069,entity,{}
https   modernslaveryregister gov au statements 12932,entity,{}
abi international holdings pty ltd,entity,{}
44 643 806 679,entity,{}
abi interiors pty ltd,entity,{}
22 612 741 385,entity,{}
wholesale trade retail trade,entity,{}
abi interiors international limited,entity,{}
https   modernslaveryregister gov au statements 25874,entity,{}
https   modernslaveryregister gov au statements 22682,entity,{}
auscoal superannuation pty ltd,entity,{}
70 003 566 989,entity,{}
mine super services pty ltd,entity,{}
49 051 315 014,entity,{}
the trustee for mine superannuation fund,entity,{}
16 457 520 308,entity,{}
https   modernslaveryregister gov au statements 20854,entity,{}
new horizons enterprises limited,entity,{}
42 002 066 604,entity,{}
https   modernslaveryregister gov au statements 16376,entity,{}
smrm holdings pty ltd,entity,{}
85 168 760 861,entity,{}
af townsville pty ltd,entity,{}
fuelcharge pty ltd,entity,{}
hyblue pty ltd,entity,{}
hydip pty ltd,entity,{}
ior aviation pty ltd,entity,{}
ior energy pty ltd,entity,{}
ior marine pty ltd,entity,{}
ior oilfield services pty ltd,entity,{}
ior pty ltd,entity,{}
ior rural assets pty ltd,entity,{}
ior rural pty ltd,entity,{}
ior rural services pty ltd,entity,{}
ior sales and rentals pty ltd,entity,{}
ior services pty ltd,entity,{}
ior terminals pty ltd,entity,{}
ior transport pty ltd,entity,{}
ior transport services pty ltd,entity,{}
lytton terminal holdings pty ltd,entity,{}
lytton terminals pty ltd,entity,{}
strike fuels assets pty ltd,entity,{}
strike fuels pty ltd,entity,{}
https   modernslaveryregister gov au statements 19266,entity,{}
mitsui bussan woodchip oceania pty  ltd,entity,{}
14 070 210 990,entity,{}
https   modernslaveryregister gov au statements 791,entity,{}
horizon oil limited,entity,{}
51 009 799 455,entity,{}
https   modernslaveryregister gov au statements 25320,entity,{}
modern slavery statement 2024 3478,entity,{}
lynas africa holdings pty ltd,entity,{}
lynas africa limited,entity,{}
lynas kalgoorlie pty ltd,entity,{}
lynas rare earths limited,entity,{}
lynas services pty ltd,entity,{}
lynas malaysia sdn bhd,entity,{}
lynas usa llc,entity,{}
mt weld holdings limited,entity,{}
mt weld mining pty limited,entity,{}
73 053 160 302,entity,{}
27 009 066 648,entity,{}
31 103 936 232,entity,{}
96 053 160 400,entity,{}
75 073 998 106,entity,{}
https   modernslaveryregister gov au statements 21170,entity,{}
fugro holdings  australia  pty ltd,entity,{}
99 003 010 099,entity,{}
https   modernslaveryregister gov au statements 1499,entity,{}
lifeline australia,entity,{}
84 081 031 263,entity,{}
lifeline direct limited,entity,{}
14 618 509 818,entity,{}
https   modernslaveryregister gov au statements 20880,entity,{}
save the children australia,entity,{}
centre for evidence and implementation ltd,entity,{}
library for all ltd,entity,{}
save the children impact fund limited,entity,{}
https   modernslaveryregister gov au statements 22702,entity,{}
region re limited,entity,{}
47 158 809 851,entity,{}
https   modernslaveryregister gov au statements 11681,entity,{}
kumho tyre australia pty limited,entity,{}
46 003 300 678,entity,{}
https   modernslaveryregister gov au statements 4468,entity,{}
spc global ltd,entity,{}
spc operations pty ltd,entity,{}
https   modernslaveryregister gov au statements 21420,entity,{}
morrison australia pty limited,entity,{}
https   modernslaveryregister gov au statements 24761,entity,{}
dp world australia  holding  pty ltd,entity,{}
2023 1052,entity,{}
dp world australia container parks pty ltd,entity,{}
dp world australia  finance  pty ltd,entity,{}
dp world australia limited,entity,{}
dp world brisbane pty limited,entity,{}
dp world  fremantle  limited,entity,{}
dp world melbourne limited,entity,{}
dp world sydney limited,entity,{}
https   modernslaveryregister gov au statements 18314,entity,{}
nec australia pty ltd,entity,{}
86 001 217 527,entity,{}
nec it services australia pty ltd,entity,{}
27 096 278 198,entity,{}
nec it solutions australia pty ltd,entity,{}
https   modernslaveryregister gov au statements 20576,entity,{}
macquarie technology group limited,entity,{}
403,entity,{}
macquarie cloud pty ltd,entity,{}
macquarie cloud services pty limited,entity,{}
macquarie data centres canberra infraco pty ltd,entity,{}
macquarie data centres group pty ltd,entity,{}
macquarie data centres macquarie park campus holdco pty ltd,entity,{}
macquarie data centres macquarie park holdco pty ltd,entity,{}
macquarie data centres macquarie park property subtst pty ltd,entity,{}
macquarie data centres macquarie park property tst pty ltd,entity,{}
macquarie data centres manager pty ltd,entity,{}
macquarie data centres sydney holdco pty ltd,entity,{}
macquarie data centres sydney infraco pty ltd,entity,{}
macquarie digital infrastructure pty ltd,entity,{}
macquarie hosting  singapore  pte limited,entity,{}
macquarie infratech group pty limited,entity,{}
macquarie technology operations pty limited,entity,{}
https   modernslaveryregister gov au statements 22244,entity,{}
paccar australia pty  ltd,entity,{}
43 004 669 667,entity,{}
https   modernslaveryregister gov au statements 4633,entity,{}
big ben holdings pty  limited,entity,{}
63 008 434 562,entity,{}
https   modernslaveryregister gov au statements 12666,entity,{}
scor global life australia pty limited,entity,{}
83 148 897 670,entity,{}
scor reinsurance asia pacific pte  ltd,entity,{}
85 071 103 092,entity,{}
https   modernslaveryregister gov au statements 9669,entity,{}
minda incorporated,entity,{}
37 020 000 711,entity,{}
minda housing limited,entity,{}
s a  group enterprises incorporated,entity,{}
https   modernslaveryregister gov au statements 21271,entity,{}
49 622 248 908,entity,{}
40 005 498 775,entity,{}
ai sky aus holdco pty limited,entity,{}
67 636 519 143,entity,{}
debitsuccess pty ltd,entity,{}
32 095 551 581,entity,{}
links modular solutions pty ltd,entity,{}
23 104 429 923,entity,{}
myxplor pty ltd,entity,{}
93 604 322 910,entity,{}
qk technologies pty ltd,entity,{}
13 119 998 122,entity,{}
the trustee for the ffa paysmart unit trust,entity,{}
62 695 382 965,entity,{}
zenrol pty ltd,entity,{}
19 156 032 138,entity,{}
https   modernslaveryregister gov au statements 13111,entity,{}
bayer australia ltd,entity,{}
22 000 138 714,entity,{}
bayer cropscience pty ltd,entity,{}
87 000 226 022,entity,{}
imaxeon pty ltd,entity,{}
93 093 950 906,entity,{}
monsanto australia pty ltd,entity,{}
86 006 725 560,entity,{}
food and beverages  agriculture and fishing healthcare and pharmaceuticals,entity,{}
https   modernslaveryregister gov au statements 9037,entity,{}
russell investment group pty ltd,entity,{}
92 003 066 859,entity,{}
russell investment management ltd,entity,{}
53 068 338 974,entity,{}
russell investments australia holdco pty limited,entity,{}
99 612 159 314,entity,{}
russell investments implementation services  llc,entity,{}
24 642 194 625,entity,{}
total risk management pty limited,entity,{}
62 008 644 353,entity,{}
https   modernslaveryregister gov au statements 9533,entity,{}
bm alliance coal operations pty limited,entity,{}
67 096 412 752,entity,{}
https   modernslaveryregister gov au statements 5770,entity,{}
t  f  woollam   son pty  ltd,entity,{}
94 009 676 064,entity,{}
https   modernslaveryregister gov au statements 17537,entity,{}
neste corporation,entity,{}
99 636 657 488,entity,{}
finland,entity,{}
bj b llc,entity,{}
neste australia pty ltd,entity,{}
neste components b v,entity,{}
neste singapore pte  ltd,entity,{}
https   modernslaveryregister gov au statements 18502,entity,{}
nexus day hospitals holdings pty ltd,entity,{}
75 165 809 101,entity,{}
albany day hospital pty ltd,entity,{}
bondi newco pty ltd,entity,{}
bpdh operating co  pty ltd,entity,{}
brookvale day hospital pty ltd,entity,{}
bunbury day surgery pty ltd,entity,{}
canberra private hospital pty limited,entity,{}
charlestown private hospital pty ltd,entity,{}
corymbia newco pty ltd,entity,{}
crows nest day surgery pty ltd,entity,{}
ettarre pty ltd,entity,{}
felpet pty  limited,entity,{}
hobart day surgery pty ltd,entity,{}
insight newco pty ltd,entity,{}
kogarah private hospital pty ltd,entity,{}
manningham day procedure centre pty ltd,entity,{}
montserrat healthcare pty ltd,entity,{}
nexus day hospitals pty ltd,entity,{}
nexus phds holdings pty ltd,entity,{}
nexus windsor private holdings pty ltd,entity,{}
nm ig day surgery pty ltd,entity,{}
north lakes day hospital pty ltd,entity,{}
sundew day surgery pty ltd,entity,{}
surgical excellence southport pty ltd,entity,{}
the trustee for the oxford unit trust,entity,{}
vermont private hospital pty ltd,entity,{}
western haematology and oncology clinics pty ltd,entity,{}
windermere house pty ltd,entity,{}
city holdings  aus  pty ltd,entity,{}
33 135 098 636,entity,{}
cleaning and security services,entity,{}
https   modernslaveryregister gov au statements 13956,entity,{}
wiley    co  pty  ltd,entity,{}
40 010 604 869,entity,{}
yellow star enterprises pty ltd,entity,{}
49 164 413 343,entity,{}
construction  civil engineering and building products professional and administrative services and supplies  including legal  consulting and accounting services,entity,{}
stommpy australia pty ltd,entity,{}
wiley international holding co pty ltd,entity,{}
https   modernslaveryregister gov au statements 15656,entity,{}
sumisho coal australia holdings pty ltd,entity,{}
71 057 890 865,entity,{}
https   modernslaveryregister gov au statements 5610,entity,{}
christian dior australia pty ltd,entity,{}
https   modernslaveryregister gov au statements 23741,entity,{}
sunwater limited,entity,{}
17 020 276 523,entity,{}
utilities  gas  water and electricity government sector,entity,{}
burnett water pty  ltd,entity,{}
eungella water pipeline pty ltd,entity,{}
north west queensland water pipeline pty ltd,entity,{}
https   modernslaveryregister gov au statements 15435,entity,{}
82 097 206 614,entity,{}
17 070 999 236,entity,{}
13 070 999 218,entity,{}
mondelez australia  foods  ltd,entity,{}
15 004 125 071,entity,{}
mondelez australia holdings pty ltd,entity,{}
86 004 880 817,entity,{}
mondelez australia pty ltd,entity,{}
78 004 551 473,entity,{}
https   modernslaveryregister gov au statements 13825,entity,{}
nova aerospace proprietary limited,entity,{}
11 090 818 214,entity,{}
nova systems australia pty ltd,entity,{}
39 613 308 008,entity,{}
https   modernslaveryregister gov au statements 25806,entity,{}
resimac group ltd,entity,{}
resimac limited,entity,{}
fai first mortgage pty limited,entity,{}
homeloans com au pty ltd,entity,{}
resimac asset finance pty limited,entity,{}
resimac financial services pty ltd,entity,{}
the servicing company pty ltd,entity,{}
https   modernslaveryregister gov au statements 15885,entity,{}
flsmidth industrial solutions  australia  pty ltd,entity,{}
30 005 610 748,entity,{}
flsmidth pty ltd,entity,{}
85 000 221 590,entity,{}
mining  metals  chemicals and resources  including oil and gas   automotive  machinery and heavy electrical equipment,entity,{}
https   modernslaveryregister gov au statements 14084,entity,{}
summit auto lease australia pty limited,entity,{}
87 054 704 737,entity,{}
https   modernslaveryregister gov au statements 14862,entity,{}
parker hannifin australia holding pty limited,entity,{}
61 117 010 107,entity,{}
parker hannifin  australia  pty  limited,entity,{}
89 008 446 893,entity,{}
mining wholesale trade manufacturing,entity,{}
https   modernslaveryregister gov au statements 24372,entity,{}
quickway group pty limited,entity,{}
25 627 274 435,entity,{}
https   modernslaveryregister gov au statements 27083,entity,{}
tk elevator australia pty ltd,entity,{}
12 073 056 149,entity,{}
https   modernslaveryregister gov au statements 8450,entity,{}
ghella pty ltd,entity,{}
85 142 392 461,entity,{}
gi p pty ltd,entity,{}
rix asset maintenance pty limited,entity,{}
rix ground engineering pty ltd,entity,{}
the rix group pty ltd,entity,{}
https   modernslaveryregister gov au statements 23977,entity,{}
bradken pty limited,entity,{}
https   modernslaveryregister gov au statements 23062,entity,{}
rental  hiring and real estate services financial and insurance services,entity,{}
https   modernslaveryregister gov au statements 26725,entity,{}
cushman   wakefield pty ltd,entity,{}
dtz aus bidco pty ltd,entity,{}
dtz aus holdco pty ltd,entity,{}
dtz australia pty ltd,entity,{}
https   modernslaveryregister gov au statements 23668,entity,{}
babcock mission critical services australasia pty ltd,entity,{}
50 011 075 460,entity,{}
babcock pty ltd,entity,{}
32 050 019 817,entity,{}
naval ship management  australia  pty ltd,entity,{}
56 158 512 157,entity,{}
babcock australia holdings pty ltd,entity,{}
https   modernslaveryregister gov au statements 24684,entity,{}
taiwan cooperative bank ltd,entity,{}
96 139 482 634,entity,{}
taiwan,entity,{}
https   modernslaveryregister gov au statements 8512,entity,{}
hamilton   marino constructions pty ltd,entity,{}
hamilton   marino holdings pty ltd,entity,{}
hamilton   marino pty ltd,entity,{}
hamilton   marino conty pty ltd,entity,{}
hamilton   marino developments pty ltd,entity,{}
hmb collingwood pty ltd,entity,{}
hmb services pty ltd,entity,{}
https   modernslaveryregister gov au statements 24452,entity,{}
australasian solvents and chemicals company pty  ltd,entity,{}
57 095 441 080,entity,{}
indonesia,entity,{}
thailand,entity,{}
https   modernslaveryregister gov au statements 7858,entity,{}
wilmar australia holdings pty limited,entity,{}
1483,entity,{}
wilmar australia pty limited,entity,{}
wilmar bioethanol  australia  pty ltd,entity,{}
wilmar ethanol  australia  pty ltd,entity,{}
wilmar sugar australia holdings pty ltd,entity,{}
wilmar sugar australia investments pty ltd,entity,{}
wilmar sugar australia limited,entity,{}
wilmar sugar australia trading pty  ltd,entity,{}
wilmar sugar pty ltd,entity,{}
wilmar sugar refining investments pty ltd,entity,{}
https   modernslaveryregister gov au statements 13988,entity,{}
the independent liquor group  suppliers  co operative limited,entity,{}
63 629 864 769,entity,{}
https   modernslaveryregister gov au statements 3456,entity,{}
hitachi rail sts australia pty ltd,entity,{}
34 068 707 380,entity,{}
https   modernslaveryregister gov au statements 24694,entity,{}
melbourne cricket club,entity,{}
92 871 871 964,entity,{}
2021 04 01 to 2022 03 30,entity,{}
https   modernslaveryregister gov au statements 10138,entity,{}
the fred hollows foundation,entity,{}
46 070 556 642,entity,{}
https   modernslaveryregister gov au statements 12934,entity,{}
hubspot australia pty ltd,entity,{}
https   modernslaveryregister gov au statements 22973,entity,{}
activ foundation incorporated,entity,{}
11 553 592 765,entity,{}
https   modernslaveryregister gov au statements 7585,entity,{}
workday limited,entity,{}
99 829 043 186,entity,{}
2019 02 01 to 2021 01 31,entity,{}
ireland,entity,{}
https   modernslaveryregister gov au statements 521,entity,{}
cameron apme holding pty ltd,entity,{}
37 141 037 925,entity,{}
schlumberger australia pty ltd,entity,{}
74 002 459 225,entity,{}
https   modernslaveryregister gov au statements 8671,entity,{}
expedia group  inc,entity,{}
expedia  inc,entity,{}
hotels com l p,entity,{}
stayz pty limited,entity,{}
trivago n v,entity,{}
expedia  inc   hotels com l p   stayz pty limited  trivago n v,entity,{}
expedia group  inc   hotels com l p   stayz pty limited  trivago n v,entity,{}
expedia group  inc   expedia  inc   stayz pty limited  trivago n v,entity,{}
expedia group  inc   expedia  inc   hotels com l p   trivago n v,entity,{}
expedia group  inc   expedia  inc   hotels com l p   stayz pty limited,entity,{}
https   modernslaveryregister gov au statements 13867,entity,{}
rollease acmeda holdings pty ltd,entity,{}
60 602 994 016,entity,{}
2022 07 31 to 2023 12 31,entity,{}
https   modernslaveryregister gov au statements 21163,entity,{}
yourtown,entity,{}
11 102 379 386,entity,{}
https   modernslaveryregister gov au statements 26285,entity,{}
ahrens group pty ltd,entity,{}
76 114 260 230,entity,{}
ad mining   engineering services pty ltd,entity,{}
ahrens eastern australia pty ltd,entity,{}
ahrens olympic dam pty ltd,entity,{}
a p parkes holdings pty ltd,entity,{}
cowell electric supply pty ltd,entity,{}
parkes employment pty ltd,entity,{}
pioneer water tanks pty ltd,entity,{}
pld electrical pty ltd,entity,{}
southern cross water pty ltd,entity,{}
wheatbelt steel pty ltd,entity,{}
https   modernslaveryregister gov au statements 21209,entity,{}
hcf holdco pty limited,entity,{}
53 653 844 181,entity,{}
https   modernslaveryregister gov au statements 11840,entity,{}
pymble ladies  college,entity,{}
3673,entity,{}
pymble ladies  college foundation limited,entity,{}
pymble ladies  college property limited,entity,{}
pymble ladies college trust,entity,{}
79 441 309 051,entity,{}
rinnai australia pty  ltd,entity,{}
74 005 138 769,entity,{}
manufacturing professional  scientific and technical services,entity,{}
izone pty ltd,entity,{}
rinnai manufacturing malaysia sdn bhd,entity,{}
seg investment holdings pty ltd,entity,{}
https   modernslaveryregister gov au statements 23720,entity,{}
atkins australasia pty ltd,entity,{}
kentz pty ltd,entity,{}
snc lavalin australia pty ltd,entity,{}
snc lavalin engineering pty ltd,entity,{}
snc lavalin group inc,entity,{}
snc lavalin rail   transit pty limited,entity,{}
ws atkins international limited,entity,{}
canada,entity,{}
https   modernslaveryregister gov au statements 4092,entity,{}
mayne pharma group limited,entity,{}
76 115 832 963,entity,{}
88 007 870 984,entity,{}
adelaide apothecary llc,entity,{}
distributerx llc,entity,{}
mayne holdings us inc,entity,{}
mayne pharma  ireland  limited,entity,{}
mayne pharma commercial llc,entity,{}
mayne pharma international pty ltd,entity,{}
mayne pharma llc,entity,{}
mayne pharma uk limited,entity,{}
mayne pharma ventures llc,entity,{}
mayne pharma ventures pty ltd,entity,{}
mayne products pty ltd,entity,{}
swan pharmaceuticals llc,entity,{}
https   modernslaveryregister gov au statements 27347,entity,{}
totalenergies ep australia,entity,{}
96 832 035 151,entity,{}
totalenergies ep ichthys b v,entity,{}
68 590 123 627,entity,{}
totalenergies glng australia,entity,{}
11 978 897 527,entity,{}
https   modernslaveryregister gov au statements 13533,entity,{}
adobe systems pty ltd,entity,{}
72 054 247 835,entity,{}
2019 11 30 to 2020 11 27,entity,{}
https   modernslaveryregister gov au statements 3708,entity,{}
brambles limited,entity,{}
89 118 896 021,entity,{}
https   modernslaveryregister gov au statements 1958,entity,{}
cedar pacific investment management pty ltd,entity,{}
89 608 750 438,entity,{}
https   modernslaveryregister gov au statements 9407,entity,{}
toga hotel management holdings pty limited,entity,{}
82 162 986 352,entity,{}
https   modernslaveryregister gov au statements 11657,entity,{}
ansvar insurance limited,entity,{}
21 007 216 506,entity,{}
https   modernslaveryregister gov au statements 13023,entity,{}
braemac unit trust,entity,{}
71 332 650 026,entity,{}
braemac engineering pty ltd,entity,{}
braemac  s a   pty  limited,entity,{}
braetec pty  limited,entity,{}
https   modernslaveryregister gov au statements 17517,entity,{}
colcap financial limited,entity,{}
2023 1089,entity,{}
https   modernslaveryregister gov au statements 13687,entity,{}
iag general holdings pty limited,entity,{}
97 620 745 753,entity,{}
iag international pty limited,entity,{}
94 084 509 982,entity,{}
insurance australia group limited,entity,{}
60 090 739 923,entity,{}
insurance australia group services pty limited,entity,{}
38 008 435 201,entity,{}
insurance australia limited,entity,{}
11 000 016 722,entity,{}
insurance manufacturers of australia pty limited,entity,{}
93 004 208 084,entity,{}
nrma personal lines holdings pty limited,entity,{}
98 088 394 398,entity,{}
https   modernslaveryregister gov au statements 6698,entity,{}
ausenco chile limitada,entity,{}
ausenco do brasil engenharia ltda,entity,{}
ausenco engineering canada ulc,entity,{}
ausenco engineering usa south inc,entity,{}
ausenco international pty ltd,entity,{}
ausenco management pty ltd,entity,{}
98 096 016 849,entity,{}
11 071 372 597,entity,{}
ausenco mexico s  de r l  de c v,entity,{}
ausenco operations pty ltd,entity,{}
47 100 042 153,entity,{}
ausenco peru s r l,entity,{}
ausenco south america holdings pty ltd,entity,{}
ausenco projects australia pty ltd,entity,{}
ausenco sustainability ulc,entity,{}
99 649 690 399,entity,{}
ausenco psi llc,entity,{}
ausenco rylson pty ltd,entity,{}
46 075 179 387,entity,{}
ausenco services pty ltd,entity,{}
82 011 057 837,entity,{}
auseenco operations pty ltd,entity,{}
ausenco communities pty ltd,entity,{}
89 127 202 911,entity,{}
ausenco east africa projects pty ltd,entity,{}
25 662 897 074,entity,{}
ausenco global pty ltd,entity,{}
17 126 395 935,entity,{}
ausenco pty ltd,entity,{}
31 114 541 114,entity,{}
ausenco solutions pty ltd,entity,{}
58 114 777 463,entity,{}
vector argentina sa,entity,{}
timberlink australia pty limited,entity,{}
12 161 713 015,entity,{}
https   modernslaveryregister gov au statements 15459,entity,{}
mercury nz ltd,entity,{}
3007,entity,{}
https   modernslaveryregister gov au statements 5968,entity,{}
nintendo australia pty limited,entity,{}
43 060 566 083,entity,{}
https   modernslaveryregister gov au statements 10114,entity,{}
modus projects pty ltd,entity,{}
construction other services,entity,{}
https   modernslaveryregister gov au statements 25427,entity,{}
autism spectrum australia  aspect,entity,{}
12 000 637 267,entity,{}
education and research charitable   not for profit activities,entity,{}
https   modernslaveryregister gov au statements 12752,entity,{}
harbourvest partners  u k   limited,entity,{}
germany  ireland  switzerland  united kingdom,entity,{}
harbourvest partners  ireland  limited,entity,{}
zweigniederlassung deutschland,entity,{}
harbourvest partners  switzerland  gmbh,entity,{}
https   modernslaveryregister gov au statements 23831,entity,{}
unisys australia pty limited,entity,{}
unisys mortgage processing  no 1  pty ltd,entity,{}
https   modernslaveryregister gov au statements 23742,entity,{}
olympus australia pty ltd,entity,{}
90 078 493 295,entity,{}
https   modernslaveryregister gov au statements 24740,entity,{}
rapha racing pty ltd,entity,{}
92 155 411 180,entity,{}
2023 02 01 to 2024 01 31,entity,{}
https   modernslaveryregister gov au statements 18353,entity,{}
matrad pty  ltd,entity,{}
27 011 019 088,entity,{}
https   modernslaveryregister gov au statements 23169,entity,{}
mitsubishi electric australia pty ltd,entity,{}
58 001 215 792,entity,{}
2021 04 01 to 2022 03 31,entity,{}
https   modernslaveryregister gov au statements 12071,entity,{}
2022 3386,entity,{}
modern slavery statement,entity,{}
swift holdings investments pty ltd,entity,{}
airport motor group pty ltd,entity,{}
al berwick pty ltd,entity,{}
al maddington pty ltd,entity,{}
al melville pty ltd,entity,{}
al midland pty ltd,entity,{}
al morley pty ltd,entity,{}
al wanneroo pty ltd,entity,{}
midland 2015 pty ltd,entity,{}
prosser 2015 pty ltd,entity,{}
wirraway motor company pty ltd,entity,{}
https   modernslaveryregister gov au statements 16539,entity,{}
coliban region water corporation,entity,{}
96 549 082 360,entity,{}
https   modernslaveryregister gov au statements 16258,entity,{}
kerry ingredients australia pty  limited,entity,{}
47 072 996 895,entity,{}
food and beverages  agriculture and fishing other,entity,{}
https   modernslaveryregister gov au statements 40,entity,{}
geraldton fuel company pty ltd,entity,{}
29 002 844 162,entity,{}
https   modernslaveryregister gov au statements 10470,entity,{}
crafted learning pty ltd,entity,{}
14 640 119 786,entity,{}
2023 10 01 to 2024 09 30,entity,{}
https   modernslaveryregister gov au statements 19664,entity,{}
https   modernslaveryregister gov au statements 22555,entity,{}
jbs global meat holdings pty ltd,entity,{}
84 050 207 960,entity,{}
2019 12 30 to 2020 12 27,entity,{}
https   modernslaveryregister gov au statements 8201,entity,{}
healthe care group pty ltd,entity,{}
healthe care north gosford pty ltd,entity,{}
healthe care valley pty ltd,entity,{}
healthe care surgical holdings pty ltd,entity,{}
https   modernslaveryregister gov au statements 16290,entity,{}
whites group pty ltd,entity,{}
25 001 845 478,entity,{}
https   modernslaveryregister gov au statements 21514,entity,{}
1300 australia pty ltd,entity,{}
1300 holdings pty ltd,entity,{}
call dynamics pty ltd,entity,{}
capital fibre networks pty ltd,entity,{}
fdx holdings pty ltd,entity,{}
fibreworks internet pty ltd,entity,{}
fone dynamics pty ltd,entity,{}
harbour isp pty ltd,entity,{}
lbn co pty ltd,entity,{}
link us pty  ltd,entity,{}
openetworks pty ltd,entity,{}
opticomm integration pty ltd,entity,{}
opticomm pty ltd,entity,{}
service elements pty ltd,entity,{}
uniti enterprise pty ltd,entity,{}
uniti est pty ltd,entity,{}
uniti fixed wireless pty ltd,entity,{}
uniti play pty ltd,entity,{}
uniti retail pty ltd,entity,{}
https   modernslaveryregister gov au statements 17994,entity,{}
bai communications holdings pty ltd,entity,{}
99 086 048 562,entity,{}
bai communications networks pty ltd,entity,{}
bai communications pty ltd,entity,{}
bai critical communications pty ltd,entity,{}
133 800 129,entity,{}
digital 4 pty limited,entity,{}
79 129 827 363,entity,{}
frequency infrastructure australia holdings pty ltd,entity,{}
27 136 262 952,entity,{}
bai aust pty limited,entity,{}
broadcast australia finance no 2 pty limited,entity,{}
broadcast australia finance pty limited,entity,{}
frequency infrastruction australia holdings pty ltd,entity,{}
broadcast australia holdings  vic  pty limited,entity,{}
broadcast australia infrastructure holdings pty limited,entity,{}
broadcast australia no 1 pty limited,entity,{}
frequency infrastructure australia pty ltd,entity,{}
frequency infrastructure holdings no  1 pty ltd,entity,{}
frequency infrastructure holdings pty ltd,entity,{}
frequency infrastructure management pty limited,entity,{}
frequency infrastructure pty ltd,entity,{}
the bridge networks pty limited,entity,{}
https   modernslaveryregister gov au statements 19947,entity,{}
vitex pharmaceuticals pty ltd,entity,{}
81 089 651 383,entity,{}
https   modernslaveryregister gov au statements 17024,entity,{}
shriro holdings limited,entity,{}
29 605 279 329,entity,{}
wholesale trade,entity,{}
https   modernslaveryregister gov au statements 26809,entity,{}
toga pty  ltd,entity,{}
27 000 926 947,entity,{}
robert edwards real estate pty ltd,entity,{}
toga constructions nsw pty limited,entity,{}
toga cranes pty limited,entity,{}
toga project services pty limited,entity,{}
https   modernslaveryregister gov au statements 16206,entity,{}
aca international pty limited,entity,{}
94 056 550 700,entity,{}
https   modernslaveryregister gov au statements 8149,entity,{}
vitasoy australia products pty ltd,entity,{}
18 088 959 835,entity,{}
https   modernslaveryregister gov au statements 16931,entity,{}
great lakes insurance se,entity,{}
18 964 580 576,entity,{}
munchener ruckversicherungs gesellschaft  munich reinsurance company,entity,{}
90 009 763 526,entity,{}
munich holdings of australasia pty ltd,entity,{}
80 000 159 651,entity,{}
munich reinsurance company of australasia limited,entity,{}
51 004 804 013,entity,{}
https   modernslaveryregister gov au statements 18247,entity,{}
the trustee for qanstruct  aust  unit trust,entity,{}
88 765 907 859,entity,{}
https   modernslaveryregister gov au statements 2918,entity,{}
secom australia pty  limited,entity,{}
91 050 293 420,entity,{}
asset security concepts pty limited,entity,{}
the trustee for secom technical services unit trust,entity,{}
https   modernslaveryregister gov au statements 23338,entity,{}
hep australia holdings pty ltd,entity,{}
22 129 428 155,entity,{}
h e parts engineering pty ltd,entity,{}
h e parts international crushing solutions pty ltd,entity,{}
h e parts international mining solutions cooling division pty ltd,entity,{}
h e parts international mining solutions engine division pty ltd,entity,{}
h e parts international mining solutions pty ltd,entity,{}
h e parts trading pty ltd,entity,{}
https   modernslaveryregister gov au statements 19615,entity,{}
panther topco pty ltd,entity,{}
79 626 390 136,entity,{}
https   modernslaveryregister gov au statements 11616,entity,{}
coles group limited,entity,{}
11 004 089 936,entity,{}
https   modernslaveryregister gov au statements 212,entity,{}
epic wright heaton pty ltd,entity,{}
65 000 105 233,entity,{}
https   modernslaveryregister gov au statements 22914,entity,{}
bt australasia pty limited,entity,{}
93 003 050 146,entity,{}
https   modernslaveryregister gov au statements 3771,entity,{}
as colour pty limited,entity,{}
17 130 999 165,entity,{}
https   modernslaveryregister gov au statements 14837,entity,{}
jax coal pty ltd,entity,{}
89 133 499 500,entity,{}
northern hub  drake  pty ltd,entity,{}
86 609 547 033,entity,{}
qcoal pty ltd,entity,{}
99 010 911 234,entity,{}
https   modernslaveryregister gov au statements 10985,entity,{}
canva pty ltd,entity,{}
3200,entity,{}
beijing canva information technology co,entity,{}
canva germany gmbh,entity,{}
canva hk limited,entity,{}
canva japan kk,entity,{}
canva korea ltd,entity,{}
canva new zealand limited,entity,{}
canva singapore operations pte ltd,entity,{}
canva solutions inc,entity,{}
https   modernslaveryregister gov au statements 21133,entity,{}
beach energy limited,entity,{}
20 007 617 969,entity,{}
https   modernslaveryregister gov au statements 7181,entity,{}
leidos australia pty limited,entity,{}
defence and aerospace government sector,entity,{}
leidos airborne solutions australia pty ltd,entity,{}
leidos nas pty ltd,entity,{}
leidos pty ltd,entity,{}
leidos sar services pty ltd,entity,{}
leidos sm pty ltd,entity,{}
surveillance australia pty,entity,{}
https   modernslaveryregister gov au statements 23462,entity,{}
thyssenkrupf materials australia pty ltd,entity,{}
94 078 033 520,entity,{}
2022 10 01 to 2023 09 30,entity,{}
https   modernslaveryregister gov au statements 17284,entity,{}
the university of queensland,entity,{}
63 942 912 684,entity,{}
jktech pty ltd,entity,{}
67 096 091 619,entity,{}
uniquest pty limited,entity,{}
19 010 529 898,entity,{}
uq college limited,entity,{}
28 142 912 614,entity,{}
uq health care limited,entity,{}
42 145 286 862,entity,{}
uq residences limited,entity,{}
28 650 300 600,entity,{}
uq sport ltd,entity,{}
25 135 537 183,entity,{}
education and research  healthcare and pharmaceuticals,entity,{}
https   modernslaveryregister gov au statements 18867,entity,{}
university of technology sydney,entity,{}
77 257 686 961,entity,{}
accessuts pty limited,entity,{}
55 098 424 312,entity,{}
uts global pty ltd,entity,{}
32 154 014 481,entity,{}
mcmillan shakespeare limited,entity,{}
74 107 233 983,entity,{}
https   modernslaveryregister gov au statements 7220,entity,{}
perkins lady jan pty  ltd,entity,{}
57 064 110 247,entity,{}
perkins maritime pty  ltd,entity,{}
12 009 616 960,entity,{}
qgif taylor bidco pty ltd,entity,{}
66 635 870 398,entity,{}
qgif taylor holdco pty ltd,entity,{}
55 635 867 999,entity,{}
sea swift  finance  pty  limited,entity,{}
87 159 387 550,entity,{}
sea swift  holdings  pty  limited,entity,{}
49 159 387 390,entity,{}
sea swift  nt  pty ltd,entity,{}
25 161 588 414,entity,{}
sea swift pty  ltd,entity,{}
16 010 889 040,entity,{}
https   modernslaveryregister gov au statements 3079,entity,{}
autumn finance company pty limited,entity,{}
38 616 548 031,entity,{}
land services sa employee 2 pty ltd,entity,{}
11 618 252 592,entity,{}
land services sa employee pty ltd,entity,{}
88 618 252 538,entity,{}
land services sa holding trust,entity,{}
14 477 089 305,entity,{}
land services sa operating pty ltd,entity,{}
76 618 229 815,entity,{}
relational data systems pty ltd,entity,{}
38 114 514 037,entity,{}
the trustee for land services sa operating trust,entity,{}
86 836 650 939,entity,{}
information technology and telecommunication government sector,entity,{}
https   modernslaveryregister gov au statements 15060,entity,{}
australian foundation investment company limited,entity,{}
56 004 147 120,entity,{}
https   modernslaveryregister gov au statements 10867,entity,{}
australian rail track corporation limited,entity,{}
75 081 455 754,entity,{}
https   modernslaveryregister gov au statements 15011,entity,{}
7 eleven stores pty ltd,entity,{}
48 005 299 427,entity,{}
7 holdings pty  ltd,entity,{}
31 005 620 851,entity,{}
convenience holdings pty ltd,entity,{}
71 143 746 356,entity,{}
https   modernslaveryregister gov au statements 7310,entity,{}
youi pty ltd,entity,{}
79 123 074 733,entity,{}
australia  south africa,entity,{}
https   modernslaveryregister gov au statements 1985,entity,{}
asics oceania pty ltd,entity,{}
59 003 091 389,entity,{}
https   modernslaveryregister gov au statements 18297,entity,{}
star group holdings pty limited,entity,{}
93 000 452 924,entity,{}
elect energy pty limited,entity,{}
72 096 917 485,entity,{}
solar electric   engineering supplies pty ltd,entity,{}
22 000 125 306,entity,{}
star electrical co pty ltd,entity,{}
65 000 218 708,entity,{}
construction  civil engineering and building products information technology and telecommunication professional and administrative services and supplies  including legal  consulting and accounting services,entity,{}
https   modernslaveryregister gov au statements 19514,entity,{}
perseus mining limited,entity,{}
3796,entity,{}
https   modernslaveryregister gov au statements 26903,entity,{}
d m    m t  nolan pty  ltd,entity,{}
29 009 767 766,entity,{}
https   modernslaveryregister gov au statements 8548,entity,{}
iph limited,entity,{}
49 169 015 838,entity,{}
spruson   ferguson pty limited,entity,{}
55 601 269 050,entity,{}
https   modernslaveryregister gov au statements 15629,entity,{}
2021 1195,entity,{}
parkview constructions pty  limited,entity,{}
41 078 064 963,entity,{}
https   modernslaveryregister gov au statements 3121,entity,{}
https   modernslaveryregister gov au statements 15077,entity,{}
panaust limited,entity,{}
17 011 065 160,entity,{}
panaust services pty ltd,entity,{}
70 073 847 855,entity,{}
frieda river limited,entity,{}
inca de oro sa,entity,{}
panaust services  myanmar  company limited,entity,{}
panaust services  thailand  company limited,entity,{}
phu bia mining limited,entity,{}
saisana lao resources sole co   ltd,entity,{}
wuntho resources company limited,entity,{}
https   modernslaveryregister gov au statements 18063,entity,{}
aspen asia pacific pty ltd,entity,{}
75 146 444 484,entity,{}
aspen pharmacare australia pty limited,entity,{}
51 096 236 985,entity,{}
aspen pharma pty ltd,entity,{}
88 004 118 594,entity,{}
https   modernslaveryregister gov au statements 21606,entity,{}
charter hall limited,entity,{}
57 113 531 150,entity,{}
https   modernslaveryregister gov au statements 11642,entity,{}
petstock pty ltd,entity,{}
80 098 394 588,entity,{}
https   modernslaveryregister gov au statements 2261,entity,{}
general reinsurance australia ltd,entity,{}
16 008 427 450,entity,{}
general reinsurance life australia ltd,entity,{}
73 002 166 869,entity,{}
https   modernslaveryregister gov au statements 12949,entity,{}
international power  australia  holdings 2 pty limited,entity,{}
18 107 548 854,entity,{}
international power  retail  pty limited,entity,{}
ipower 2 pty limited,entity,{}
67 269 241 237,entity,{}
ipower pty limited,entity,{}
pelican point power limited,entity,{}
11 086 411 814,entity,{}
https   modernslaveryregister gov au statements 13232,entity,{}
tna australia pty limited,entity,{}
38 002 937 859,entity,{}
nid from tna pty limited,entity,{}
tna 87 pty limited,entity,{}
tna 94 pty limited,entity,{}
tna asia limited,entity,{}
tna australia manufacturing pty limited,entity,{}
tna australia solutions pty limited,entity,{}
tna canada limited,entity,{}
tna central europe gmbh,entity,{}
tna europe limited,entity,{}
tna japan kk,entity,{}
tna mena fzco,entity,{}
tnamex c de rl de cv,entity,{}
tna na manufacturing inc,entity,{}
tna new zealand limited,entity,{}
tna nl manufacturing b v,entity,{}
tna north america inc,entity,{}
tna packaging equipment ltda,entity,{}
tna packaging systems asia inc,entity,{}
tna packaging systems  south africa  pty ltd,entity,{}
tna  shanghai  solutions limited,entity,{}
tna solutions pty limited,entity,{}
tna solutions  qingdao  limited,entity,{}
tna southern europe s r l,entity,{}
tna uk manufacturing limited,entity,{}
https   modernslaveryregister gov au statements 16908,entity,{}
2022 1737,entity,{}
https   modernslaveryregister gov au statements 19146,entity,{}
yooralla,entity,{}
14 005 304 432,entity,{}
https   modernslaveryregister gov au statements 11673,entity,{}
experis australia pty ltd,entity,{}
57 071 352 031,entity,{}
manpower services  australia  pty ltd,entity,{}
15 071 884 994,entity,{}
right management consultants pty ltd,entity,{}
82 006 132 163,entity,{}
ertech holdings pty ltd,entity,{}
93 008 999 353,entity,{}
https   modernslaveryregister gov au statements 25060,entity,{}
blondie trading pty ltd,entity,{}
41 621 811 845,entity,{}
rivet energy aviation pty limited,entity,{}
73 616 024 901,entity,{}
rivet energy pty ltd,entity,{}
37 112 151 694,entity,{}
rivet mining services pty ltd,entity,{}
32 119 899 446,entity,{}
sms rental  wa  pty ltd,entity,{}
41 127 585 933,entity,{}
sunshine refuellers pty ltd,entity,{}
65 600 542 514,entity,{}
mining  metals  chemicals and resources  including oil and gas   transportation  logistics  and storage,entity,{}
https   modernslaveryregister gov au statements 3147,entity,{}
y chen   g dowd   p h ford   s p morgan   j s morvell   e woolley,entity,{}
58 041 376 985,entity,{}
https   modernslaveryregister gov au statements 21283,entity,{}
vgi partners asian investments limited,entity,{}
58 635 219 484,entity,{}
https   modernslaveryregister gov au statements 7622,entity,{}
electronics boutique australia pty limited,entity,{}
55 077 681 442,entity,{}
2020 02 01 to 2021 01 31,entity,{}
https   modernslaveryregister gov au statements 8031,entity,{}
grange resources limited,entity,{}
80 009 132 405,entity,{}
https   modernslaveryregister gov au statements 15162,entity,{}
mma offshore limited,entity,{}
2023 1475,entity,{}
mma offshore vessel operations pty ltd,entity,{}
https   modernslaveryregister gov au statements 14118,entity,{}
siemens healthcare pty ltd,entity,{}
83 604 853 938,entity,{}
https   modernslaveryregister gov au statements 22291,entity,{}
flsmidth abon pty ltd,entity,{}
20 004 703 002,entity,{}
https   modernslaveryregister gov au statements 18335,entity,{}
auswide bank ltd,entity,{}
40 087 652 060,entity,{}
https   modernslaveryregister gov au statements 10922,entity,{}
the trustee for airtrunk australia holdings trust,entity,{}
89 469 259 695,entity,{}
the trustee for airtrunk sydney land trust,entity,{}
89 561 908 089,entity,{}
the trustee for andante holding trust,entity,{}
57 334 256 317,entity,{}
construction  civil engineering and building products information technology and telecommunication,entity,{}
https   modernslaveryregister gov au statements 2166,entity,{}
ch robinson worldwide  australia  pty limited,entity,{}
australia  united states of america,entity,{}
c h  robinson  australia  pty ltd,entity,{}
c h  robinson trade management pty ltd,entity,{}
c h  robinson worldwide  au  pty ltd,entity,{}
c h  robinson worldwide  oceania  pty ltd,entity,{}
https   modernslaveryregister gov au statements 22358,entity,{}
d amentas   others,entity,{}
72 157 316 912,entity,{}
2021 05 01 to 2022 04 30,entity,{}
https   modernslaveryregister gov au statements 10354,entity,{}
martinus rail pty ltd,entity,{}
90 117 147 645,entity,{}
https   modernslaveryregister gov au statements 9839,entity,{}
gold fields australia pty limited,entity,{}
91 098 385 285,entity,{}
https   modernslaveryregister gov au statements 13961,entity,{}
garmin australasia pty ltd,entity,{}
85 129 153 448,entity,{}
https   modernslaveryregister gov au statements 8920,entity,{}
sayona mining limited,entity,{}
26 091 951 978,entity,{}
9474 9454 quebec inc,entity,{}
north american lithium inc,entity,{}
sayona east kimberley pty ltd,entity,{}
sayona international pty ltd,entity,{}
sayona lithium pty ltd,entity,{}
sayona inc,entity,{}
sayona north inc,entity,{}
sayona quebec inc,entity,{}
https   modernslaveryregister gov au statements 21953,entity,{}
singtel optus pty limited,entity,{}
90 052 833 208,entity,{}
alphawest limited,entity,{}
alphawest services pty ltd,entity,{}
amaysim mobile pty ltd,entity,{}
ensyst pty limited,entity,{}
optus adsl pty limited,entity,{}
optus c1 satellite pty limited,entity,{}
optus internet pty limited,entity,{}
optus mobile pty limited,entity,{}
optus networks pty limited,entity,{}
optus satellite network pty limited,entity,{}
optus satellite pty limited,entity,{}
optus vision pty limited,entity,{}
optus wholesale pty limited,entity,{}
https   modernslaveryregister gov au statements 19327,entity,{}
domino s pizza enterprises limited,entity,{}
16 010 489 326,entity,{}
https   modernslaveryregister gov au statements 7618,entity,{}
buildsoft pty ltd,entity,{}
automotive  machinery and heavy electrical equipment construction  civil engineering and building products,entity,{}
mitek australia ltd,entity,{}
platinum global services pty ltd,entity,{}
https   modernslaveryregister gov au statements 14282,entity,{}
intesa sanpaolo spa,entity,{}
46 156 153 829,entity,{}
italy,entity,{}
https   modernslaveryregister gov au statements 12115,entity,{}
infratil limited,entity,{}
https   modernslaveryregister gov au statements 19577,entity,{}
pendal fund services limited,entity,{}
13 161 249 332,entity,{}
pendal group limited,entity,{}
28 126 385 822,entity,{}
pendal institutional limited,entity,{}
17 126 390 627,entity,{}
pendal uk limited,entity,{}
abn not provided in the list,entity,{}
regnan   governance research and engagement pty limited,entity,{}
93 125 320 041,entity,{}
https   modernslaveryregister gov au statements 3075,entity,{}
dxc technology australia holdings pty ltd,entity,{}
33 120 570 390,entity,{}
australian college of project management pty  ltd,entity,{}
bluleader pty ltd,entity,{}
dxc connect pty limited,entity,{}
dxc consulting pty limited,entity,{}
dxc eclipse pty ltd,entity,{}
dxc enterprise australia pty ltd,entity,{}
dxc insurance solutions australia pty ltd,entity,{}
dxc integrated services victoria pty ltd,entity,{}
dxc nz holdings pty ltd,entity,{}
dxc oxygen pty ltd,entity,{}
dxc professional solutions pty limited,entity,{}
dxc red rock pty ltd,entity,{}
dxc sae pty limited,entity,{}
dxc sn pty ltd,entity,{}
dxc technology australia pty limited,entity,{}
dxc united pty limited,entity,{}
integ queensland pty ltd,entity,{}
sable systems pty  ltd,entity,{}
white labelled pty ltd,entity,{}
xchanging pty limited,entity,{}
emerson automation solutions final control australia pty limited,entity,{}
83 000 922 690,entity,{}
emerson process management australia pty ltd,entity,{}
99 004 590 005,entity,{}
https   modernslaveryregister gov au statements 17102,entity,{}
https   modernslaveryregister gov au statements 3114,entity,{}
dith australia pty ltd,entity,{}
21 620 953 166,entity,{}
luxembourg  switzerland,entity,{}
https   modernslaveryregister gov au statements 8187,entity,{}
pepper money limited,entity,{}
55 094 317 665,entity,{}
pepper asset finance pty ltd,entity,{}
https   modernslaveryregister gov au statements 23226,entity,{}
evand pty ltd,entity,{}
59 072 254 007,entity,{}
https   modernslaveryregister gov au statements 9187,entity,{}
southern ports authority,entity,{}
30 044 341 250,entity,{}
https   modernslaveryregister gov au statements 20259,entity,{}
fletcher building  australia  pty ltd,entity,{}
11 093 539 452,entity,{}
https   modernslaveryregister gov au statements 2788,entity,{}
edith cowan university,entity,{}
54 361 485 361,entity,{}
https   modernslaveryregister gov au statements 9336,entity,{}
hino motor sales australia pty  ltd,entity,{}
74 064 989 724,entity,{}
https   modernslaveryregister gov au statements 5450,entity,{}
nippy s australia pty ltd,entity,{}
30 008 138 332,entity,{}
accommodation and food services agriculture  forestry and fishing,entity,{}
https   modernslaveryregister gov au statements 27478,entity,{}
bristow helicopters australia pty ltd,entity,{}
92 000 565 579,entity,{}
https   modernslaveryregister gov au statements 1002,entity,{}
the council of trinity grammar school,entity,{}
79 245 605 610,entity,{}
https   modernslaveryregister gov au statements 22250,entity,{}
allegis group apac holdings pty ltd,entity,{}
allegis group australia pty ltd,entity,{}
allegis global solutions  australia  pty ltd,entity,{}
allegis services australia pty ltd,entity,{}
https   modernslaveryregister gov au statements 23642,entity,{}
silicon metal company of australia pty ltd,entity,{}
73 009 401 736,entity,{}
https   modernslaveryregister gov au statements 9818,entity,{}
cw group holdings limited,entity,{}
83 635 851 839,entity,{}
https   modernslaveryregister gov au statements 14995,entity,{}
vestal water pty ltd,entity,{}
55 136 540 460,entity,{}
zip heaters  aust  pty ltd,entity,{}
46 000 578 727,entity,{}
zip industries  aust   pty limited,entity,{}
15 000 072 257,entity,{}
zip water services  qld  pty ltd,entity,{}
21 634 096 610,entity,{}
food and beverages  agriculture and fishing durable consumer goods  including electronics and appliances  home furnishings and other accessories,entity,{}
https   modernslaveryregister gov au statements 5864,entity,{}
outback carbon pty ltd,entity,{}
https   modernslaveryregister gov au statements 18413,entity,{}
50 077 681 442,entity,{}
2019 02 01 to 2020 01 31,entity,{}
https   modernslaveryregister gov au statements 321,entity,{}
levi strauss  australia  pty ltd,entity,{}
67 000 607 965,entity,{}
2019 12 01 to 2020 11 30,entity,{}
https   modernslaveryregister gov au statements 3526,entity,{}
protech group  aust  pty ltd,entity,{}
38 163 904 694,entity,{}
dreampath recruitment pty ltd,entity,{}
protech business services pty ltd,entity,{}
protech gps pty ltd,entity,{}
protech hra pty ltd,entity,{}
protech managed project services pty ltd,entity,{}
protech mining and maintenance pty ltd,entity,{}
protech northern region pty ltd,entity,{}
protech personnel  nsw  pty ltd,entity,{}
protech personnel  nt  pty ltd,entity,{}
protech personnel pty ltd,entity,{}
protech personnel  vic  pty ltd,entity,{}
protech personnel  wa  pty ltd,entity,{}
protech rail pty ltd,entity,{}
protech southern region pty ltd,entity,{}
quantum safety pty ltd,entity,{}
https   modernslaveryregister gov au statements 15880,entity,{}
australian military bank ltd,entity,{}
48 087 649 741,entity,{}
https   modernslaveryregister gov au statements 24903,entity,{}
toyota finance australia ltd,entity,{}
48 002 435 181,entity,{}
https   modernslaveryregister gov au statements 6152,entity,{}
taipower bengalla pty  limited,entity,{}
18 075 407 617,entity,{}
https   modernslaveryregister gov au statements 3886,entity,{}
ecf asia pacific pty ltd,entity,{}
50 602 487 721,entity,{}
transportation  logistics  and storage other,entity,{}
https   modernslaveryregister gov au statements 14542,entity,{}
navy health ltd,entity,{}
61 092 229 000,entity,{}
https   modernslaveryregister gov au statements 25979,entity,{}
scyne advisory holdings pty limited,entity,{}
51 669 327 397,entity,{}
https   modernslaveryregister gov au statements 26760,entity,{}
globalization partners pty  ltd,entity,{}
24 609 771 146,entity,{}
professional and administrative services and supplies  including legal  consulting and accounting services other,entity,{}
https   modernslaveryregister gov au statements 14928,entity,{}
fulton hogan australia pty ltd,entity,{}
42 135 849 115,entity,{}
https   modernslaveryregister gov au statements 11551,entity,{}
gallagher bassett services pty ltd,entity,{}
68 009 778 018,entity,{}
aurenda pty ltd,entity,{}
aurenda training services pty ltd,entity,{}
corporate services network pty ltd,entity,{}
gallagher bassett services workers compensation vic pty ltd,entity,{}
my plan manager group pty ltd,entity,{}
https   modernslaveryregister gov au statements 18770,entity,{}
palladium group holdings pty ltd,entity,{}
57 140 654 075,entity,{}
palladium international pty ltd,entity,{}
23 010 020 201,entity,{}
https   modernslaveryregister gov au statements 12212,entity,{}
the trustee for registry hold trust,entity,{}
49 294 162 680,entity,{}
queensland titles registry pty ltd,entity,{}
23 648 568 101,entity,{}
registry finance pty ltd,entity,{}
77 645 947 226,entity,{}
https   modernslaveryregister gov au statements 16018,entity,{}
medibank health solutions pty limited,entity,{}
99 078 934 791,entity,{}
medibank private limited,entity,{}
47 080 890 259,entity,{}
amplar home health pty ltd,entity,{}
59 008 193 100,entity,{}
australian health management group pty limited,entity,{}
96 003 683 298,entity,{}
healthstrong pty  ltd,entity,{}
61 155 277 919,entity,{}
integrated care services pty ltd,entity,{}
71 059 950 695,entity,{}
live better management pty ltd,entity,{}
93 003 457 289,entity,{}
medibank health solutions telehealth pty limited,entity,{}
40 069 396 792,entity,{}
medi financial services pty ltd,entity,{}
94 138 752 815,entity,{}
mh investment holdings pty ltd,entity,{}
18 169 818 884,entity,{}
mh operations pty ltd,entity,{}
15 659 287 680,entity,{}
mhsi pty ltd,entity,{}
57 659 284 607,entity,{}
mh solutions investments pty ltd,entity,{}
52 642 022 124,entity,{}
australian nature investment pty ltd,entity,{}
16 611 339 621,entity,{}
2020 01 01 to 2021 12 31,entity,{}
https   modernslaveryregister gov au statements 8661,entity,{}
de luca corporation pty ltd,entity,{}
80 055 193 514,entity,{}
https   modernslaveryregister gov au statements 5856,entity,{}
arc metal group pty ltd,entity,{}
72 615 321 438,entity,{}
hacer australia pty ltd,entity,{}
90 650 862 721,entity,{}
hacer group australia pty ltd,entity,{}
69 612 663 831,entity,{}
hacer group nsw pty ltd,entity,{}
99 604 733 282,entity,{}
hacer group qld pty ltd,entity,{}
87 142 880 975,entity,{}
hacer group sa pty ltd,entity,{}
66 605 304 514,entity,{}
hacer group wa pty ltd,entity,{}
48 604 376 632,entity,{}
the trustee for the hacer group unit trust,entity,{}
86 972 049 616,entity,{}
https   modernslaveryregister gov au statements 7176,entity,{}
arb corporation limited,entity,{}
31 006 708 756,entity,{}
https   modernslaveryregister gov au statements 15218,entity,{}
wormald australia pty ltd,entity,{}
80 008 399 004,entity,{}
https   modernslaveryregister gov au statements 9086,entity,{}
global contractor management solutions pty ltd,entity,{}
96 158 179 054,entity,{}
https   modernslaveryregister gov au statements 6887,entity,{}
pillow talk pty  ltd,entity,{}
69 010 861 711,entity,{}
https   modernslaveryregister gov au statements 16287,entity,{}
https   modernslaveryregister gov au statements 902,entity,{}
metrics credit partners diversified australian senior loan fund,entity,{}
72 575 264 654,entity,{}
https   modernslaveryregister gov au statements 16350,entity,{}
marubeni itochu tubulars oceania pty ltd,entity,{}
87 077 953 827,entity,{}
2020 04 01 to 2021 03 31,entity,{}
https   modernslaveryregister gov au statements 15953,entity,{}
thinking ergonomix pty limited,entity,{}
63 095 989 638,entity,{}
https   modernslaveryregister gov au statements 20233,entity,{}
princess polly online pty ltd,entity,{}
43 169 210 520,entity,{}
https   modernslaveryregister gov au statements 13941,entity,{}
bbc studios australia holdings pty ltd,entity,{}
85 127 624 104,entity,{}
bbc studios australia pty ltd,entity,{}
20 129 255 616,entity,{}
bbc studios productions australia pty ltd,entity,{}
47 129 527 082,entity,{}
paradise productions no 1 pty ltd,entity,{}
25 672 640 041,entity,{}
the office production pty ltd,entity,{}
82 657 861 544,entity,{}
factory mutual insurance company,entity,{}
47 163 108 861,entity,{}
https   modernslaveryregister gov au statements 8554,entity,{}
the trustee for snow trust   vr australia holdings pty ltd,entity,{}
29 420 214 757,entity,{}
vr australia holdings pty ltd,entity,{}
vrv australia pty ltd,entity,{}
snow trust,entity,{}
retail trade accommodation and food services arts and recreation services other services construction,entity,{}
aquia pty ltd,entity,{}
australian alpine enterprises holdings pty ltd,entity,{}
australian alpine enterprises pty ltd,entity,{}
australian alpine reservation centres pty ltd,entity,{}
falls creek ski lifts pty  ltd,entity,{}
mhsc dp pty ltd,entity,{}
mhsc hotels pty ltd,entity,{}
mhsc properties pty ltd,entity,{}
mhsc transportation services pty ltd,entity,{}
mount hotham management and reservation pty ltd,entity,{}
mount hotham skiing company pty ltd,entity,{}
https   modernslaveryregister gov au statements 27231,entity,{}
estia health topco pty ltd,entity,{}
3660,entity,{}
estia finance pty  ltd,entity,{}
estia health bidco pty ltd,entity,{}
estia health holdco pty ltd,entity,{}
estia health midco pty ltd,entity,{}
estia health pty ltd,entity,{}
estia health residential aged care pty ltd,entity,{}
estia investments pty  ltd,entity,{}
https   modernslaveryregister gov au statements 26243,entity,{}
qmetco limited,entity,{}
98 008 124 025,entity,{}
https   modernslaveryregister gov au statements 12198,entity,{}
americold australian holdings pty ltd,entity,{}
48 117 491 291,entity,{}
americold australia pty ltd,entity,{}
14 116 962 219,entity,{}
americold logistics limited,entity,{}
58 004 902 998,entity,{}
icicle australia property pty limited,entity,{}
22 605 994 107,entity,{}
https   modernslaveryregister gov au statements 5148,entity,{}
aj lucas group limited,entity,{}
12 060 309 104,entity,{}
https   modernslaveryregister gov au statements 7014,entity,{}
interface aust  holdings pty limited,entity,{}
68 074 804 381,entity,{}
interface aust pty limited,entity,{}
39 000 692 026,entity,{}
https   modernslaveryregister gov au statements 23956,entity,{}
serco group pty limited,entity,{}
55 061 889 763,entity,{}
https   modernslaveryregister gov au statements 838,entity,{}
becton dickinson pty  ltd,entity,{}
82 005 914 796,entity,{}
https   modernslaveryregister gov au statements 17458,entity,{}
burberry group plc,entity,{}
burberry pacific pty ltd,entity,{}
https   modernslaveryregister gov au statements 24478,entity,{}
yellow brick road holdings limited,entity,{}
44 119 436 083,entity,{}
resi mortgage corporation pty limited,entity,{}
resi wholesale funding pty limited,entity,{}
vow financial group pty ltd,entity,{}
vow financial pty ltd,entity,{}
ybr administration services pty ltd,entity,{}
yellow brick road finance pty  limited,entity,{}
yellow brick road group pty  limited,entity,{}
https   modernslaveryregister gov au statements 16392,entity,{}
airbus australia pacific limited,entity,{}
68 003 035 470,entity,{}
france  netherlands,entity,{}
https   modernslaveryregister gov au statements 8321,entity,{}
the uba group pty ltd,entity,{}
22 126 575 335,entity,{}
70 122 978 330,entity,{}
60 617 385 734,entity,{}
12 110 447 731,entity,{}
action sports equipment pty ltd,entity,{}
uncle bills asia pacific pty ltd,entity,{}
uncle bills  australia  pty limited,entity,{}
https   modernslaveryregister gov au statements 20465,entity,{}
bridgestone mining solutions australia pty ltd,entity,{}
74 000 069 714,entity,{}
automotive  machinery and heavy electrical equipment transportation  logistics  and storage,entity,{}
https   modernslaveryregister gov au statements 14107,entity,{}
marubeni aluminium australia pty  ltd,entity,{}
60 056 598 871,entity,{}
https   modernslaveryregister gov au statements 13652,entity,{}
cargotec australia pty ltd,entity,{}
72 097 663 431,entity,{}
inver port services pty ltd,entity,{}
15 087 079 347,entity,{}
kalmar equipment  australia  pty  ltd,entity,{}
64 078 885 613,entity,{}
https   modernslaveryregister gov au statements 17396,entity,{}
n a ackroyd   others,entity,{}
15 364 527 724,entity,{}
the trustee for justice unit trust,entity,{}
45 128 258 564,entity,{}
https   modernslaveryregister gov au statements 11875,entity,{}
sandran holdings pty  limited,entity,{}
91 002 235 725,entity,{}
https   modernslaveryregister gov au statements 14616,entity,{}
elders insurance  underwriting agency  pty limited,entity,{}
56 138 879 026,entity,{}
qbe group services pty ltd,entity,{}
18 606 738 916,entity,{}
qbe holdings  aap  pty limited,entity,{}
26 000 005 881,entity,{}
qbe insurance  australia  limited,entity,{}
78 003 191 035,entity,{}
qbe insurance group limited,entity,{}
28 008 485 014,entity,{}
qbe insurance holdings pty limited,entity,{}
69 146 960 438,entity,{}
qbe lenders  mortgage insurance limited,entity,{}
70 000 511 071,entity,{}
qbe management services pty ltd,entity,{}
92 004 800 131,entity,{}
australian aviation underwriting pool proprietary limited,entity,{}
austral mercantile collections pty limited,entity,{}
qbe emerging markets holdings pty limited,entity,{}
qbe insurance  international  ltd,entity,{}
qbe investments  australia  pty limited,entity,{}
qbe latin america insurance holdings pty ltd,entity,{}
qbe management services  philippines  pty ltd,entity,{}
qbe strategic capital company pty ltd,entity,{}
qbe ventures pty ltd,entity,{}
qbe workers compensation  nsw  ltd,entity,{}
qbe workers compensation  vic  limited,entity,{}
the trustee for qbe share and option plan discretionary trust for overseas employees,entity,{}
trade credit collections pty  limited,entity,{}
trade credit underwriting agency pty ltd,entity,{}
brunswick corporation,entity,{}
aus holdco pty limited,entity,{}
fliteboard pty ltd,entity,{}
marine power international llc  25 003 100 007,entity,{}
navico australia pty limited  96 124 340 898,entity,{}
https   modernslaveryregister gov au statements 22662,entity,{}
https   modernslaveryregister gov au statements 5796,entity,{}
hall holdco pty ltd,entity,{}
83 623 029 005,entity,{}
https   modernslaveryregister gov au statements 3125,entity,{}
https   modernslaveryregister gov au statements 14322,entity,{}
tiger holdco pty ltd,entity,{}
71 639 276 412,entity,{}
https   modernslaveryregister gov au statements 7156,entity,{}
b i c  services pty  limited,entity,{}
40 003 700 301,entity,{}
consolidated property services pty ltd,entity,{}
60 164 974 814,entity,{}
https   modernslaveryregister gov au statements 21304,entity,{}
essilor australia pty ltd,entity,{}
96 002 659 458,entity,{}
luxottica retail australia pty ltd,entity,{}
26 000 025 758,entity,{}
luxottica south pacific holdings pty limited,entity,{}
58 104 629 772,entity,{}
france  italy,entity,{}
fashion  textiles  apparel and luxury goods healthcare and pharmaceuticals,entity,{}
https   modernslaveryregister gov au statements 14012,entity,{}
als industrial pty ltd,entity,{}
21 006 353 046,entity,{}
als limited,entity,{}
92 009 657 489,entity,{}
australian laboratory services pty  ltd,entity,{}
84 009 936 029,entity,{}
https   modernslaveryregister gov au statements 5040,entity,{}
l oreal australia pty ltd,entity,{}
40 004 191 673,entity,{}
https   modernslaveryregister gov au statements 4774,entity,{}
special broadcasting service corporation,entity,{}
91 314 398 574,entity,{}
https   modernslaveryregister gov au statements 11349,entity,{}
nomura global financial products inc,entity,{}
https   modernslaveryregister gov au statements 5633,entity,{}
13 634 090 083,entity,{}
https   modernslaveryregister gov au statements 26839,entity,{}
glad cleaning service pty  ltd,entity,{}
43 054 617 891,entity,{}
glad group pty ltd,entity,{}
62 092 928 115,entity,{}
glad maintenance pty  ltd,entity,{}
85 127 522 481,entity,{}
glad security pty  ltd,entity,{}
99 122 097 590,entity,{}
mutual cleaning   maintenance pty  ltd,entity,{}
53 006 516 810,entity,{}
https   modernslaveryregister gov au statements 4719,entity,{}
51 135 205 551,entity,{}
https   modernslaveryregister gov au statements 10005,entity,{}
dymocks holdings pty ltd,entity,{}
59 008 453 110,entity,{}
retail trade other services,entity,{}
https   modernslaveryregister gov au statements 26622,entity,{}
2023 11 01 to 2024 10 31,entity,{}
kibley pty  ltd,entity,{}
kyndalyn park pty ltd,entity,{}
meriram pty ltd,entity,{}
select harvests food products pty ltd,entity,{}
https   modernslaveryregister gov au statements 25330,entity,{}
casa technologies pty ltd,entity,{}
11 632 730 020,entity,{}
https   modernslaveryregister gov au statements 3882,entity,{}
ab funding pty ltd,entity,{}
95 125 104 654,entity,{}
apex car rentals pty ltd,entity,{}
65 159 894 970,entity,{}
au holdco pty ltd,entity,{}
57 159 895 744,entity,{}
avis management pty ltd,entity,{}
50 001 889 336,entity,{}
budget rent a car australia pty  ltd,entity,{}
89 007 348 021,entity,{}
budget rent a car operations pty ltd,entity,{}
55 054 583 925,entity,{}
show group enterprises pty limited,entity,{}
86 070 810 703,entity,{}
w t h pty ltd,entity,{}
15 000 165 855,entity,{}
automotive  machinery and heavy electrical equipment consumer services  including accommodation  hospitality  tourism and leisure cleaning and security services,entity,{}
windfield holdings pty ltd,entity,{}
60 160 456 164,entity,{}
https   modernslaveryregister gov au statements 17362,entity,{}
mnf group limited,entity,{}
37 118 699 853,entity,{}
https   modernslaveryregister gov au statements 2247,entity,{}
trend micro australia pty  ltd,entity,{}
70 077 055 817,entity,{}
https   modernslaveryregister gov au statements 4766,entity,{}
td securities  usa  llc,entity,{}
00 000 000 000,entity,{}
toronto dominion  south east asia  limited,entity,{}
2021 11 01 to 2022 10 31,entity,{}
https   modernslaveryregister gov au statements 12708,entity,{}
linfox proprietary limited,entity,{}
59 004 667 298,entity,{}
linfox armaguard pty ltd,entity,{}
linfox australia pty ltd,entity,{}
linfox international group pty ltd,entity,{}
https   modernslaveryregister gov au statements 16674,entity,{}
northern seq distributor   retailer authority,entity,{}
89 791 717 472,entity,{}
https   modernslaveryregister gov au statements 11046,entity,{}
china construction bank corporation,entity,{}
24 125 167 553,entity,{}
china,entity,{}
https   modernslaveryregister gov au statements 9098,entity,{}
s n aroney   a p brown   d curry   s a lewin   j a mazzotta   j v nerurker   j price   a gadiel   a spalding   a brearley   a whealy   b taylor   c hallgath   c gotis graham   r white   others,entity,{}
51 493 069 734,entity,{}
https   modernslaveryregister gov au statements 25840,entity,{}
kubota australia pty ltd,entity,{}
72 005 300 621,entity,{}
kubota new zealand limited,entity,{}
https   modernslaveryregister gov au statements 22849,entity,{}
baptcare ltd,entity,{}
12 069 130 463,entity,{}
https   modernslaveryregister gov au statements 15601,entity,{}
multigate medical products pty ltd,entity,{}
98 003 283 529,entity,{}
https   modernslaveryregister gov au statements 24375,entity,{}
built group holdings pty limited,entity,{}
88 163 462 637,entity,{}
https   modernslaveryregister gov au statements 15177,entity,{}
amplitude energy limited,entity,{}
93 096 170 295,entity,{}
cooper energy  agp  pty ltd,entity,{}
cooper energy  australia  pty  ltd,entity,{}
cooper energy  bmg  pty ltd,entity,{}
cooper energy  cb  pty ltd,entity,{}
cooper energy  ch  pty  ltd   70 615 355 023,entity,{}
cooper energy  cs  pty ltd,entity,{}
cooper energy  ea  pty  ltd,entity,{}
cooper energy  finance  pty ltd,entity,{}
cooper energy  hc  pty  ltd,entity,{}
cooper energy  ic  pty  ltd,entity,{}
cooper energy  marketing  pty ltd,entity,{}
cooper energy  mf  pty  ltd   37 615 354 955,entity,{}
cooper energy  mgp  pty  ltd   66 615 355 005,entity,{}
cooper energy  ms  pty ltd,entity,{}
cooper energy  pbf  pty  ltd   43 615 354 982,entity,{}
cooper energy  pb pipelines  pty  ltd,entity,{}
cooper energy  sole  pty  ltd,entity,{}
cooper energy  tc  pty  ltd,entity,{}
cooper energy  vo  pty  ltd,entity,{}
essential petroleum exploration pty ltd,entity,{}
somerton energy limited,entity,{}
https   modernslaveryregister gov au statements 19941,entity,{}
astellas pharma australia pty ltd,entity,{}
81 147 915 482,entity,{}
https   modernslaveryregister gov au statements 172,entity,{}
qudos mutual ltd,entity,{}
53 087 650 557,entity,{}
https   modernslaveryregister gov au statements 20309,entity,{}
bgh bidco a pty ltd,entity,{}
79 631 573 763,entity,{}
marron group holdings pty ltd,entity,{}
71 631 941 403,entity,{}
marron group midco 1 pty ltd,entity,{}
54 633 571 052,entity,{}
marron group midco 2 pty ltd,entity,{}
29 631 562 582,entity,{}
marron group uk holdings limited,entity,{}
abn 87 087 590 010,entity,{}
navitas pty limited,entity,{}
69 109 613 309,entity,{}
navitas sae holdings pty ltd,entity,{}
75 141 128 869,entity,{}
navitas sae  uk  holdings pty ltd,entity,{}
27 087 590 010,entity,{}
navitas uk holdings limited,entity,{}
https   modernslaveryregister gov au statements 10528,entity,{}
capral limited,entity,{}
78 004 213 692,entity,{}
https   modernslaveryregister gov au statements 4595,entity,{}
53 630 704 004,entity,{}
https   modernslaveryregister gov au statements 12728,entity,{}
parf company 1 pty ltd,entity,{}
parf company 2 pty ltd,entity,{}
https   modernslaveryregister gov au statements 25820,entity,{}
accenture australia holdings pty ltd,entity,{}
61 096 995 649,entity,{}
accenture australia pty limited,entity,{}
49 096 776 895,entity,{}
avanade australia pty limited,entity,{}
58 093 925 207,entity,{}
2023 09 01 to 2024 08 31,entity,{}
https   modernslaveryregister gov au statements 21951,entity,{}
coles supermarkets australia pty ltd,entity,{}
45 004 189 708,entity,{}
eureka operations pty ltd,entity,{}
78 104 811 216,entity,{}
liquorland  australia  pty  ltd,entity,{}
82 007 512 414,entity,{}
https   modernslaveryregister gov au statements 10100,entity,{}
fei australia pty ltd,entity,{}
fei melbourne pty ltd,entity,{}
fisher scientific australia pty ltd,entity,{}
oxoid australia pty  limited,entity,{}
patheon biologics australia pty ltd,entity,{}
thermo electron australia pty limited,entity,{}
healthcare and pharmaceuticals other,entity,{}
https   modernslaveryregister gov au statements 13741,entity,{}
agl energy limited,entity,{}
74 115 061 375,entity,{}
https   modernslaveryregister gov au statements 6717,entity,{}
suncorp group limited,entity,{}
66 145 290 124,entity,{}
https   modernslaveryregister gov au statements 1372,entity,{}
canadian imperial bank of commerce,entity,{}
33 608 235 847,entity,{}
2019 11 01 to 2020 10 31,entity,{}
https   modernslaveryregister gov au statements 3410,entity,{}
tgi sport holdings pty limited,entity,{}
79 628 374 210,entity,{}
sportsmate technologies pty ltd,entity,{}
28 613 795 681,entity,{}
tgi merchandise pty ltd,entity,{}
79 119 725 469,entity,{}
tgi sport marketing  aust  pty ltd,entity,{}
36 603 385 575,entity,{}
tgi sport pty ltd,entity,{}
34 107 716 521,entity,{}
tgi sport  rugby league talent  pty ltd,entity,{}
50 084 079 621,entity,{}
media  publishing  arts and entertainment professional and administrative services and supplies  including legal  consulting and accounting services,entity,{}
https   modernslaveryregister gov au statements 23847,entity,{}
https   modernslaveryregister gov au statements 5468,entity,{}
1493,entity,{}
2021 12 27 to 2022 12 25,entity,{}
https   modernslaveryregister gov au statements 14148,entity,{}
hempel  wattyl  australia pty ltd,entity,{}
40 000 035 914,entity,{}
manufacturing wholesale trade retail trade,entity,{}
https   modernslaveryregister gov au statements 25157,entity,{}
https   modernslaveryregister gov au statements 15354,entity,{}
australia  brazil,entity,{}
https   modernslaveryregister gov au statements 11323,entity,{}
brown brothers milawa vineyard pty  limited,entity,{}
56 005 349 235,entity,{}
https   modernslaveryregister gov au statements 22252,entity,{}
resolution life australia pty ltd,entity,{}
48 629 568 912,entity,{}
bermuda,entity,{}
https   modernslaveryregister gov au statements 8488,entity,{}
adcorp holdings australia pty limited,entity,{}
76 008 137 782,entity,{}
labour solutions australia pty ltd,entity,{}
paxus australia pty limited,entity,{}
https   modernslaveryregister gov au statements 24028,entity,{}
bielby holdings pty  ltd,entity,{}
36 052 188 600,entity,{}
https   modernslaveryregister gov au statements 11358,entity,{}
west african resources ltd,entity,{}
70 121 539 375,entity,{}
https   modernslaveryregister gov au statements 14281,entity,{}
aurec group pty ltd,entity,{}
73 147 561 028,entity,{}
aurec pty ltd,entity,{}
60 103 121 464,entity,{}
finxl professional services pty ltd,entity,{}
74 104 804 793,entity,{}
randstad digital holdings pty ltd,entity,{}
43 085 406 300,entity,{}
randstad digital pty ltd,entity,{}
randstad holdings pty limited,entity,{}
33 098 899 855,entity,{}
randstad pty limited,entity,{}
28 080 275 378,entity,{}
chalfont consulting pty ltd,entity,{}
digby morgan pty ltd,entity,{}
hrexl group pty ltd,entity,{}
hr partners pty limited,entity,{}
https   modernslaveryregister gov au statements 21975,entity,{}
altrac light rail 1 pty limited,entity,{}
37 399 764 913,entity,{}
altrac light rail 2 pty limited,entity,{}
altrac light rail 3 pty limited,entity,{}
https   modernslaveryregister gov au statements 2646,entity,{}
st george community housing,entity,{}
35 565 549 842,entity,{}
https   modernslaveryregister gov au statements 6553,entity,{}
cofco international australia pty ltd,entity,{}
25 001 069 423,entity,{}
https   modernslaveryregister gov au statements 4209,entity,{}
nasdaq australia holdings pty ltd,entity,{}
15 145 262 371,entity,{}
nasdaq australia holding pty ltd,entity,{}
evestment alliance australia pty ltd,entity,{}
nasdaq pty ltd,entity,{}
smarts broker compliance pty ltd,entity,{}
smarts market surveillance pty ltd,entity,{}
https   modernslaveryregister gov au statements 23122,entity,{}
kokuyo co   ltd,entity,{}
actus co   ltd,entity,{}
clearnote inc,entity,{}
cw facility solution inc,entity,{}
dongguan lamex furniture co   ltd,entity,{}
estic co   ltd,entity,{}
global known ltd,entity,{}
heartland co   ltd,entity,{}
iwami paper industry co   ltd,entity,{}
kaunet co   ltd,entity,{}
kokuyo camlin ltd,entity,{}
kokuyo commerce  shanghai  co   ltd,entity,{}
kokuyo design consultants  shanghai  co   ltd,entity,{}
kokuyo finance co   ltd,entity,{}
kokuyo furniture  china  co   ltd,entity,{}
kokuyo hong kong ltd,entity,{}
kokuyo ik thailand  co   ltd,entity,{}
kokuyo international asia co   ltd,entity,{}
kokuyo international  malaysia  sdn  bhd,entity,{}
kokuyo international  thailand  co   ltd,entity,{}
kokuyo k heart co   ltd,entity,{}
kokuyo logitem co   ltd,entity,{}
kokuyo  malaysia  sdn bhd,entity,{}
kokuyo marketing co   ltd,entity,{}
kokuyo mvp co   ltd,entity,{}
kokuyo   partners co   ltd,entity,{}
kokuyo product shiga co   ltd,entity,{}
kokuyo riddhi paper products pvt   ltd,entity,{}
kokuyo  shanghai  management co   ltd,entity,{}
kokuyo supply logistics co   ltd,entity,{}
kokuyo vietnam co   ltd,entity,{}
kokuyo vietnam trading co   ltd,entity,{}
lamex china investment ltd,entity,{}
lamex s  sales pte ltd,entity,{}
lamex trading co  ltd,entity,{}
origin co   ltd,entity,{}
pt  kokuyo furniture indonesia,entity,{}
s t logistics  shanghai  co   ltd,entity,{}
vertex co   ltd,entity,{}
wilkhahn japan co   ltd,entity,{}
resthaven incorporated,entity,{}
79 976 580 833,entity,{}
https   modernslaveryregister gov au statements 19388,entity,{}
tianqi lithium energy australia pty ltd,entity,{}
24 862 057 747,entity,{}
https   modernslaveryregister gov au statements 23369,entity,{}
aged care   housing group inc,entity,{}
99 437 071 895,entity,{}
https   modernslaveryregister gov au statements 6632,entity,{}
geraldton bulk handling pty ltd,entity,{}
45 100 105 388,entity,{}
koolan iron ore pty ltd,entity,{}
87 099 455 277,entity,{}
mount gibson iron limited,entity,{}
87 008 670 817,entity,{}
mount gibon mining limited,entity,{}
32 074 575 885,entity,{}
https   modernslaveryregister gov au statements 6503,entity,{}
new aim pty  ltd,entity,{}
50 115 804 432,entity,{}
https   modernslaveryregister gov au statements 11261,entity,{}
chapview pty  ltd,entity,{}
92 010 896 714,entity,{}
orora investments pty ltd,entity,{}
58 086 070 626,entity,{}
orora limited,entity,{}
55 004 275 165,entity,{}
orora packaging australia pty ltd,entity,{}
32 165 443 667,entity,{}
acn002693843 box pty ltd,entity,{}
002693843,entity,{}
agal holdings pty limited,entity,{}
72 096 911 367,entity,{}
orora closure systems pty ltd,entity,{}
register entry,entity,{}
https   modernslaveryregister gov au statements 21926,entity,{}
vets central holdings pty ltd,entity,{}
health care and social assistance agriculture  forestry and fishing other services,entity,{}
facebark pty ltd,entity,{}
kings road veterinary surgery pty ltd,entity,{}
mistycat pty ltd,entity,{}
northern beaches veterinary hospital pty ltd,entity,{}
vc operations  nsw  pty ltd,entity,{}
vc operations  wa  pty ltd,entity,{}
vc operations pty ltd,entity,{}
vets central  new zealand  limited,entity,{}
vets central pty ltd,entity,{}
https   modernslaveryregister gov au statements 25698,entity,{}
wisdom properties group pty ltd,entity,{}
82 089 425 829,entity,{}
https   modernslaveryregister gov au statements 13858,entity,{}
makita  australia  pty ltd,entity,{}
57 001 117 335,entity,{}
wholesale trade manufacturing,entity,{}
https   modernslaveryregister gov au statements 25533,entity,{}
canberra airport holdings pty limited,entity,{}
98 008 608 928,entity,{}
https   modernslaveryregister gov au statements 8308,entity,{}
aaholdings pty ltd,entity,{}
94 112 233 744,entity,{}
https   modernslaveryregister gov au statements 12520,entity,{}
the baptist union of queensland   carinity,entity,{}
46 909 844 617,entity,{}
education and training health care and social assistance,entity,{}
https   modernslaveryregister gov au statements 25833,entity,{}
gtn limited,entity,{}
38 606 841 801,entity,{}
https   modernslaveryregister gov au statements 15411,entity,{}
koch fertiliser australia pty ltd,entity,{}
44 140 582 369,entity,{}
https   modernslaveryregister gov au statements 13496,entity,{}
melbourne international roro   auto terminal pty ltd,entity,{}
43 163 814 364,entity,{}
wallenius wilhelmsen ocean as,entity,{}
68 088 185 219,entity,{}
wallenius wilhelmsen solutions pty ltd,entity,{}
50 095 440 681,entity,{}
https   modernslaveryregister gov au statements 27170,entity,{}
square resources holding pty ltd,entity,{}
67 142 476 631,entity,{}
https   modernslaveryregister gov au statements 5101,entity,{}
idemitsu international  asia  pte  ltd,entity,{}
https   modernslaveryregister gov au statements 18231,entity,{}
shepparton partners collective operations pty ltd,entity,{}
53 633 532 162,entity,{}
https   modernslaveryregister gov au statements 2703,entity,{}
oil search limited,entity,{}
1964,entity,{}
papua new guinea,entity,{}
https   modernslaveryregister gov au statements 4434,entity,{}
https   modernslaveryregister gov au statements 13310,entity,{}
https   modernslaveryregister gov au statements 4817,entity,{}
r f industries pty ltd,entity,{}
11 001 695 512,entity,{}
https   modernslaveryregister gov au statements 5146,entity,{}
georgiou group pty ltd,entity,{}
82 073 851 948,entity,{}
https   modernslaveryregister gov au statements 805,entity,{}
kao australia pty  limited,entity,{}
59 054 708 299,entity,{}
cosmetics and toiletries other,entity,{}
https   modernslaveryregister gov au statements 13006,entity,{}
roman catholic trust corporation for the diocese of cairns,entity,{}
50 681 607 010,entity,{}
education and research charitable   not for profit activities other,entity,{}
https   modernslaveryregister gov au statements 13388,entity,{}
https   modernslaveryregister gov au statements 1902,entity,{}
80 135 260 383,entity,{}
25 607 580 969,entity,{}
australian pathway education group pty ltd,entity,{}
ecu holdings pty ltd,entity,{}
edith cowan accommodation holdings pty ltd,entity,{}
https   modernslaveryregister gov au statements 18624,entity,{}
https   modernslaveryregister gov au statements 4571,entity,{}
omnicom media group australia pty ltd,entity,{}
74 129 754 883,entity,{}
https   modernslaveryregister gov au statements 14233,entity,{}
cpc group holdings pty ltd,entity,{}
28 644 449 758,entity,{}
https   modernslaveryregister gov au statements 7898,entity,{}
argo investments limited,entity,{}
35 007 519 520,entity,{}
argo service company pty ltd,entity,{}
60 603 367 479,entity,{}
https   modernslaveryregister gov au statements 24149,entity,{}
the university of wollongong,entity,{}
61 060 567 686,entity,{}
uowge ltd,entity,{}
uow pulse ltd,entity,{}
https   modernslaveryregister gov au statements 23513,entity,{}
jands pty ltd,entity,{}
45 001 187 837,entity,{}
jands new zealand limited,entity,{}
https   modernslaveryregister gov au statements 20481,entity,{}
https   modernslaveryregister gov au statements 21593,entity,{}
regional power corporation,entity,{}
57 955 011 697,entity,{}
https   modernslaveryregister gov au statements 11500,entity,{}
westpork pty  ltd,entity,{}
90 009 148 789,entity,{}
https   modernslaveryregister gov au statements 12287,entity,{}
dab pumps oceania pty ltd,entity,{}
20 613 976 211,entity,{}
grunfos australia holding pty ltd,entity,{}
31 162 450 259,entity,{}
grundfos pumps pty  ltd,entity,{}
90 007 920 765,entity,{}
metasphere australia pty ltd,entity,{}
36 601 227 212,entity,{}
metasphere austrial pty ltd,entity,{}
https   modernslaveryregister gov au statements 21907,entity,{}
33 108 693 009,entity,{}
bradken resources pty limited,entity,{}
82 098 300 988,entity,{}
https   modernslaveryregister gov au statements 15287,entity,{}
bradnam s windows and doors pty  ltd,entity,{}
78 010 409 819,entity,{}
https   modernslaveryregister gov au statements 10562,entity,{}
infinite australia aged care holdings pty ltd,entity,{}
75 621 313 826,entity,{}
https   modernslaveryregister gov au statements 27327,entity,{}
tennis australia limited,entity,{}
61 006 281 125,entity,{}
2020 07 01 to 2021 09 30,entity,{}
https   modernslaveryregister gov au statements 8080,entity,{}
dyno nobel asia pacific pty limited,entity,{}
38 003 269 010,entity,{}
dyno nobel moranbah pty ltd,entity,{}
63 115 650 649,entity,{}
dyno nobel pty limited,entity,{}
44 117 733 463,entity,{}
incitec fertilizers pty limited,entity,{}
56 103 709 155,entity,{}
incitec pivot explosives holdings pty limited,entity,{}
88 124 351 328,entity,{}
incitec pivot investments 1 pty ltd,entity,{}
18 130 242 090,entity,{}
incitec pivot limited,entity,{}
42 004 080 264,entity,{}
southern cross fertilisers pty ltd,entity,{}
30 004 936 850,entity,{}
naval group australia pty limited,entity,{}
14 605 467 123,entity,{}
naval group s a,entity,{}
54 162 722 901,entity,{}
https   modernslaveryregister gov au statements 5106,entity,{}
unity bank limited,entity,{}
72 087 650 637,entity,{}
https   modernslaveryregister gov au statements 25666,entity,{}
https   modernslaveryregister gov au statements 6052,entity,{}
https   modernslaveryregister gov au statements 13761,entity,{}
infor global solutions  anz  pty limited,entity,{}
25 003 538 314,entity,{}
https   modernslaveryregister gov au statements 4674,entity,{}
northern trust global investments ltd,entity,{}
62 126 279 918,entity,{}
northern trust global services se uk branch,entity,{}
northern trust investor services ltd,entity,{}
northern trust management services ltd,entity,{}
northern trust securities llp,entity,{}
the northern trust company london branch,entity,{}
the northern trust company melbourne branch,entity,{}
https   modernslaveryregister gov au statements 13654,entity,{}
cheap as chips discount stores pty ltd,entity,{}
17 616 449 122,entity,{}
durable consumer goods  including electronics and appliances  home furnishings and other accessories cosmetics and toiletries fashion  textiles  apparel and luxury goods other,entity,{}
palcove pty  ltd,entity,{}
https   modernslaveryregister gov au statements 16625,entity,{}
queensland nitrates pty ltd,entity,{}
63 079 889 268,entity,{}
https   modernslaveryregister gov au statements 19897,entity,{}
birch  carroll   coyle limited,entity,{}
40 009 659 643,entity,{}
event hospitality and entertainment ltd,entity,{}
51 000 005 103,entity,{}
qt hotels and resorts pty limited,entity,{}
23 140 595 624,entity,{}
rydges hotels ltd,entity,{}
48 050 035 268,entity,{}
the greater union organisation pty ltd,entity,{}
99 000 024 439,entity,{}
https   modernslaveryregister gov au statements 7455,entity,{}
civil aviation safety authority,entity,{}
44 808 014 470,entity,{}
https   modernslaveryregister gov au statements 1488,entity,{}
bakers delight holdings ltd,entity,{}
bd canada ltd,entity,{}
882627904rc000,entity,{}
cobs usa inc,entity,{}
1146372,entity,{}
https   modernslaveryregister gov au statements 25977,entity,{}
regal partners limited,entity,{}
33 129 188 450,entity,{}
https   modernslaveryregister gov au statements 17844,entity,{}
johns lyng group limited,entity,{}
86 620 466 248,entity,{}
construction  civil engineering and building products cleaning and security services,entity,{}
https   modernslaveryregister gov au statements 308,entity,{}
https   modernslaveryregister gov au statements 9819,entity,{}
vicinity centres trust,entity,{}
72 680 499 767,entity,{}
vicinity limited,entity,{}
90 114 757 783,entity,{}
the trustee for fif investment trust,entity,{}
34 310 063 620,entity,{}
vicinity holdings limited,entity,{}
79 167 087 363,entity,{}
vicinity nvn trust,entity,{}
43 813 342 348,entity,{}
vicinity property management trust,entity,{}
83 026 144 869,entity,{}
https   modernslaveryregister gov au statements 20539,entity,{}
refinitiv australia pty limited,entity,{}
https   modernslaveryregister gov au statements 27501,entity,{}
universal store holdings limited,entity,{}
94 628 836 484,entity,{}
https   modernslaveryregister gov au statements 11863,entity,{}
hanroy iron ore projects pty ltd,entity,{}
56 661 341 975,entity,{}
roy hill holdings pty ltd,entity,{}
71 123 721 077,entity,{}
https   modernslaveryregister gov au statements 26566,entity,{}
netwealth group limited,entity,{}
84 620 145 404,entity,{}
netwealth group services pty ltd,entity,{}
89 135 940 840,entity,{}
netwealth holdings limited,entity,{}
57 133 790 146,entity,{}
netwealth investments limited,entity,{}
85 090 569 109,entity,{}
netwealth superannuation services pty ltd,entity,{}
mirvac limited,entity,{}
92 003 280 699,entity,{}
https   modernslaveryregister gov au statements 7029,entity,{}
uniting church homes,entity,{}
15 360 992 349,entity,{}
https   modernslaveryregister gov au statements 26845,entity,{}
auckland airport holdings limited,entity,{}
auckland airport holdings  no 2  limited,entity,{}
auckland airport holdings  no 3  limited,entity,{}
auckland airport limited,entity,{}
auckland international airport limited,entity,{}
construction  civil engineering and building products transportation  logistics  and storage consumer services  including accommodation  hospitality  tourism and leisure,entity,{}
https   modernslaveryregister gov au statements 10830,entity,{}
21st century resorts holdings pty limited,entity,{}
balmoral pastoral investments pty  ltd,entity,{}
accommodation and food services rental  hiring and real estate services administrative and support services construction retail trade,entity,{}
balmoral pastoral pty  ltd,entity,{}
https   modernslaveryregister gov au statements 26086,entity,{}
stella nel finance pty limited,entity,{}
20 637 599 574,entity,{}
https   modernslaveryregister gov au statements 14957,entity,{}
https   modernslaveryregister gov au statements 418,entity,{}
https   modernslaveryregister gov au statements 24265,entity,{}
rimini street inc,entity,{}
61 898 632 956,entity,{}
https   modernslaveryregister gov au statements 9859,entity,{}
liftronic pty ltd,entity,{}
99 002 886 213,entity,{}
https   modernslaveryregister gov au statements 23657,entity,{}
dentons australia limited,entity,{}
69 100 963 308,entity,{}
dentons capital pty ltd,entity,{}
47 663 751 200,entity,{}
https   modernslaveryregister gov au statements 16107,entity,{}
dla piper national partnership,entity,{}
83 508 451 308,entity,{}
dla piper queensland partnership,entity,{}
63 446 756 774,entity,{}
https   modernslaveryregister gov au statements 7141,entity,{}
m a services group pty ltd,entity,{}
73 151 498 001,entity,{}
https   modernslaveryregister gov au statements 18704,entity,{}
e sun commercial bank  ltd,entity,{}
60 606 234 879,entity,{}
https   modernslaveryregister gov au statements 15161,entity,{}
ralph lauren australia pty ltd,entity,{}
61 118 847 359,entity,{}
https   modernslaveryregister gov au statements 7499,entity,{}
cti logistics limited,entity,{}
69 008 778 925,entity,{}
https   modernslaveryregister gov au statements 1142,entity,{}
hyland software inc,entity,{}
86 592 245 578,entity,{}
https   modernslaveryregister gov au statements 14412,entity,{}
fujifilm australia pty ltd,entity,{}
80 000 064 433,entity,{}
fujifilm business innovation australia pty ltd,entity,{}
63 000 341 819,entity,{}
fujifilm holdings australasia pty ltd,entity,{}
58 008 443 892,entity,{}
professional  scientific and technical services administrative and support services information media and telecommunications,entity,{}
fujifilm csg limited,entity,{}
https   modernslaveryregister gov au statements 24887,entity,{}
aps industrial pty ltd,entity,{}
13 623 475 481,entity,{}
cuthbert stewart limited,entity,{}
9429040960487,entity,{}
modern slavery statement 2024 3376,entity,{}
https   modernslaveryregister gov au statements 21342,entity,{}
connecteast pty limited,entity,{}
99 101 213 263,entity,{}
https   modernslaveryregister gov au statements 21156,entity,{}
royal melbourne institute of technology,entity,{}
49 781 030 034,entity,{}
spain,entity,{}
https   modernslaveryregister gov au statements 4527,entity,{}
open universities australia pty ltd,entity,{}
97 053 431 888,entity,{}
open learning agency of australia pty ltd,entity,{}
open learning australia pty limited,entity,{}
open learning group pty limited,entity,{}
https   modernslaveryregister gov au statements 22843,entity,{}
anl container line pty ltd,entity,{}
41 083 962 136,entity,{}
https   modernslaveryregister gov au statements 9989,entity,{}
scott park group pty ltd,entity,{}
42 118 798 253,entity,{}
https   modernslaveryregister gov au statements 9600,entity,{}
australian opco pty ltd,entity,{}
20 003 279 534,entity,{}
flight centre travel group limited,entity,{}
25 003 377 188,entity,{}
https   modernslaveryregister gov au statements 7120,entity,{}
genusplus group ltd,entity,{}
86 620 283 561,entity,{}
powerlines plus pty ltd,entity,{}
20 135 293 793,entity,{}
https   modernslaveryregister gov au statements 3353,entity,{}
chubb fire   security pty ltd,entity,{}
47 000 067 541,entity,{}
https   modernslaveryregister gov au statements 6294,entity,{}
sage automation pty ltd,entity,{}
sage group holdings ltd,entity,{}
construction electricity  gas  water and waste services manufacturing transport  postal and warehousing,entity,{}
https   modernslaveryregister gov au statements 26280,entity,{}
appliances online pty limited,entity,{}
19 151 833 546,entity,{}
winning appliances pty ltd,entity,{}
94 002 193 688,entity,{}
andoo pty ltd,entity,{}
49 115 622 172,entity,{}
home clearance pty ltd,entity,{}
55 615 069 095,entity,{}
ora restaurant pty  limited,entity,{}
42 649 181 340,entity,{}
spence   lyda pty ltd,entity,{}
43 094 430 574,entity,{}
winning services pty ltd,entity,{}
34 152 213 039,entity,{}
https   modernslaveryregister gov au statements 26897,entity,{}
99 008 610 035,entity,{}
https   modernslaveryregister gov au statements 9558,entity,{}
mulpha australia limited,entity,{}
44 002 888 039,entity,{}
https   modernslaveryregister gov au statements 12999,entity,{}
bryant building contractors pty ltd,entity,{}
25 076 958 453,entity,{}
https   modernslaveryregister gov au statements 19637,entity,{}
base resources limited,entity,{}
88 125 546 910,entity,{}
base titanium limited,entity,{}
base toliara sarl,entity,{}
https   modernslaveryregister gov au statements 21566,entity,{}
boggabri coal pty limited,entity,{}
77 122 087 398,entity,{}
idemitsu australia pty ltd,entity,{}
45 010 236 272,entity,{}
boggabri coal operations pty ltd,entity,{}
idemitsu coal marketing australia pty ltd,entity,{}
76 600 191 455,entity,{}
52 003 671 707,entity,{}
idemitsu renewable developments australia pty ltd,entity,{}
65 010 778 711,entity,{}
muswellbrook coal company ltd,entity,{}
32 000 009 521,entity,{}
https   modernslaveryregister gov au statements 22633,entity,{}
not provided in the text,entity,{}
https   modernslaveryregister gov au statements 14958,entity,{}
eurofins australia new zealand holding pty ltd,entity,{}
99 612 485 819,entity,{}
belgium  luxembourg,entity,{}
https   modernslaveryregister gov au statements 14160,entity,{}
prudential investment company of australia pty ltd,entity,{}
84 004 266 817,entity,{}
https   modernslaveryregister gov au statements 9432,entity,{}
swissport anz pty ltd,entity,{}
54 167 311 551,entity,{}
swissport pty ltd,entity,{}
85 151 147 303,entity,{}
ags logistics pty  ltd,entity,{}
aspire lounges australia pty ltd,entity,{}
australian ground services pty  ltd,entity,{}
carbridge pty  ltd,entity,{}
prime vantage pty ltd,entity,{}
swissport australia pty ltd,entity,{}
https   modernslaveryregister gov au statements 13593,entity,{}
monash accommodation services pty ltd,entity,{}
14 142 750 114,entity,{}
monash college pty ltd,entity,{}
64 064 031 714,entity,{}
monash commercial pty ltd,entity,{}
14 095 891 722,entity,{}
the trustee for the monash university foundation,entity,{}
94 178 965 125,entity,{}
world mosquito program  europe  sas,entity,{}
95 654 255 455,entity,{}
world mosquito program ltd,entity,{}
monash property south africa,entity,{}
monash shenzhen research management co,entity,{}
monash university,entity,{}
monash university indonesia foundation,entity,{}
monash university indonesia ltd,entity,{}
monash university malaysia research and development sdn bhd,entity,{}
monash university malaysia sdn bhd,entity,{}
pt monash indonesia services,entity,{}
https   modernslaveryregister gov au statements 9534,entity,{}
the trustee for stanbroke beef trust,entity,{}
51 109 533 535,entity,{}
https   modernslaveryregister gov au statements 24530,entity,{}
construction 2 operation group pty ltd,entity,{}
66 651 250 592,entity,{}
c2o group wa pty ltd,entity,{}
43 661 454 011,entity,{}
construction 2 operation group australia pty ltd,entity,{}
73 651 251 428,entity,{}
construction 2 operation group north america pty ltd,entity,{}
75 651 251 437,entity,{}
renewables technical services pty ltd,entity,{}
93 660 401 203,entity,{}
schematic electrical pty ltd,entity,{}
30 139 629 342,entity,{}
thyristors pty ltd,entity,{}
15 139 626 029,entity,{}
https   modernslaveryregister gov au statements 25969,entity,{}
power retail corporation,entity,{}
65 889 840 667,entity,{}
https   modernslaveryregister gov au statements 12354,entity,{}
hatchcos holdings pty ltd,entity,{}
35 072 620 467,entity,{}
hatch pty ltd,entity,{}
59 008 630 500,entity,{}
2021 09 01 to 2022 09 30,entity,{}
australia  canada,entity,{}
https   modernslaveryregister gov au statements 15080,entity,{}
sydney tools pty ltd,entity,{}
19 112 852 285,entity,{}
https   modernslaveryregister gov au statements 12476,entity,{}
summerset group holdings limited,entity,{}
59 164 228 399,entity,{}
https   modernslaveryregister gov au statements 4523,entity,{}
iveco trucks australia ltd,entity,{}
86 004 065 061,entity,{}
https   modernslaveryregister gov au statements 15066,entity,{}
mildura district hospital fund ltd,entity,{}
13 078 202 089,entity,{}
https   modernslaveryregister gov au statements 21353,entity,{}
architectus services holdco pty ltd,entity,{}
31 654 274 629,entity,{}
construction  civil engineering and building products transportation  logistics  and storage professional and administrative services and supplies  including legal  consulting and accounting services defence and aerospace education and research healthcare and pharmaceuticals government sector,entity,{}
architectus asia pty ltd,entity,{}
architectus australia holdings pty ltd,entity,{}
architectus australia pty ltd,entity,{}
architectus brisbane pty ltd,entity,{}
architectus futuro pty ltd,entity,{}
architectus services bidco pty ltd,entity,{}
architectus services finco pty ltd,entity,{}
bim consulting pty ltd,entity,{}
conrad gargett group pty ltd,entity,{}
conrad gargett holdings pty ltd,entity,{}
conrad gargett john wardle pty ltd,entity,{}
https   modernslaveryregister gov au statements 17618,entity,{}
a coutsouvelis   m b dunphy   a macvean   h new   e m paton   r slocombe   k j stallard   e woolley,entity,{}
https   modernslaveryregister gov au statements 2675,entity,{}
swinburne university of technology,entity,{}
13 628 586 699,entity,{}
https   modernslaveryregister gov au statements 13212,entity,{}
cimic group limited,entity,{}
57 004 482 982,entity,{}
https   modernslaveryregister gov au statements 4387,entity,{}
ameropa australia pty ltd,entity,{}
21 009 504 394,entity,{}
https   modernslaveryregister gov au statements 17836,entity,{}
southern cross airports corporation holdings limited,entity,{}
35 098 082 029,entity,{}
sydney airport corporation limited,entity,{}
62 082 578 809,entity,{}
sydney airport limited,entity,{}
18 165 056 360,entity,{}
sydney aviation alliance holdings pty ltd,entity,{}
54 654 912 197,entity,{}
sydney aviation alliance pty ltd,entity,{}
85 651 567 841,entity,{}
https   modernslaveryregister gov au statements 12890,entity,{}
https   modernslaveryregister gov au statements 15138,entity,{}
the trustee for corval no 2 trust,entity,{}
63 341 137 300,entity,{}
https   modernslaveryregister gov au statements 21481,entity,{}
the trustee for terra australis partners iv trust,entity,{}
65 951 866 589,entity,{}
rental  hiring and real estate services,entity,{}
https   modernslaveryregister gov au statements 25181,entity,{}
anglogold ashanti australia limited,entity,{}
42 008 737 424,entity,{}
anglogold investments australia pty ltd,entity,{}
48 090 112 459,entity,{}
https   modernslaveryregister gov au statements 8625,entity,{}
cardtronics australasia pty ltd,entity,{}
87 097 550 519,entity,{}
https   modernslaveryregister gov au statements 13559,entity,{}
sugar terminals limited,entity,{}
17 084 059 601,entity,{}
https   modernslaveryregister gov au statements 10713,entity,{}
robert bird group pty ltd,entity,{}
67 010 580 248,entity,{}
https   modernslaveryregister gov au statements 5201,entity,{}
https   modernslaveryregister gov au statements 15071,entity,{}
ix infrastructure pty ltd,entity,{}
78 629 750 401,entity,{}
https   modernslaveryregister gov au statements 12490,entity,{}
delta agribusiness pty ltd,entity,{}
93 118 781 445,entity,{}
delta agribusiness wa pty ltd,entity,{}
39 601 254 899,entity,{}
https   modernslaveryregister gov au statements 19370,entity,{}
dyer holdings pty  ltd,entity,{}
58 009 690 493,entity,{}
madad investments pty  ltd,entity,{}
91 009 720 147,entity,{}
madad pty  ltd,entity,{}
57 009 678 344,entity,{}
madad sales pty  ltd,entity,{}
59 009 678 353,entity,{}
sealy of australia  n s w   pty  ltd,entity,{}
47 009 682 722,entity,{}
sealy of australia  vic   pty  ltd,entity,{}
74 009 682 017,entity,{}
https   modernslaveryregister gov au statements 20298,entity,{}
anritsu corporation,entity,{}
99 003 651 652,entity,{}
anritsu pty ltd,entity,{}
anritsu emea gmbh,entity,{}
anritsu emea limited,entity,{}
austria,entity,{}
https   modernslaveryregister gov au statements 9784,entity,{}
credit union australia ltd,entity,{}
44 087 650 959,entity,{}
credicorp finance pty  ltd,entity,{}
79 010 052 981,entity,{}
credicorp insurance pty  ltd,entity,{}
50 069 196 756,entity,{}
cua management pty ltd,entity,{}
60 010 003 853,entity,{}
https   modernslaveryregister gov au statements 19940,entity,{}
balverona pty ltd,entity,{}
78 002 826 173,entity,{}
https   modernslaveryregister gov au statements 23915,entity,{}
hireup holdings pty ltd,entity,{}
38 607 614 157,entity,{}
hireup pty  ltd,entity,{}
32 600 120 787,entity,{}
https   modernslaveryregister gov au statements 16015,entity,{}
https   modernslaveryregister gov au statements 21449,entity,{}
cantarella bros pty ltd,entity,{}
68 000 095 607,entity,{}
cantarella holdings pty ltd,entity,{}
48 000 301 619,entity,{}
siapa pty ltd,entity,{}
93 000 525 824,entity,{}
https   modernslaveryregister gov au statements 6900,entity,{}
alsco pty limited,entity,{}
26 000 435 629,entity,{}
https   modernslaveryregister gov au statements 13052,entity,{}
ullrich aluminium pty  limited,entity,{}
70 001 697 445,entity,{}
https   modernslaveryregister gov au statements 5521,entity,{}
insignia financial ltd,entity,{}
49 100 103 722,entity,{}
australian wealth management limited,entity,{}
i o o f  investment management limited,entity,{}
ioof investment services ltd,entity,{}
mlc investments limited,entity,{}
mlc wealth limited,entity,{}
nulis nominees  australia  limited,entity,{}
onepath custodians pty limited,entity,{}
the trustee for ioof portfolio service superannuation fund,entity,{}
the trustee for mlc pooled superannuation trust,entity,{}
the trustee for mlc superannuation fund,entity,{}
the trustee for mlc super fund,entity,{}
the trustee for oasis superannuation master trust,entity,{}
the trustee for retirement portfolio service,entity,{}
https   modernslaveryregister gov au statements 16444,entity,{}
nestle australia ltd,entity,{}
77 000 011 316,entity,{}
https   modernslaveryregister gov au statements 13404,entity,{}
orange business services australia pty ltd,entity,{}
59 100 582 563,entity,{}
https   modernslaveryregister gov au statements 4026,entity,{}
nolan meats pty  ltd,entity,{}
81 096 869 304,entity,{}
https   modernslaveryregister gov au statements 5022,entity,{}
blundstone australia pty ltd,entity,{}
60 009 475 852,entity,{}
h a  cuthbertson holdings pty  ltd,entity,{}
88 009 493 350,entity,{}
https   modernslaveryregister gov au statements 11732,entity,{}
cip consolidated pty ltd,entity,{}
30 643 593 533,entity,{}
https   modernslaveryregister gov au statements 19680,entity,{}
hbf health limited,entity,{}
11 126 884 786,entity,{}
cua health limited,entity,{}
hbf dental services pty ltd,entity,{}
hbf health and wellness pty ltd,entity,{}
hbf house pty ltd,entity,{}
hbf wellness holdings pty ltd,entity,{}
life ready health group pty ltd,entity,{}
https   modernslaveryregister gov au statements 16503,entity,{}
newfurn floor coverings limited,entity,{}
63 004 650 668,entity,{}
https   modernslaveryregister gov au statements 5535,entity,{}
wotton kearney holdings ltd,entity,{}
60 632 647 306,entity,{}
pinsani pty  limited,entity,{}
84 099 079 802,entity,{}
wotton kearney pty ltd,entity,{}
94 632 932 131,entity,{}
https   modernslaveryregister gov au statements 20620,entity,{}
australian independent rural retailers pty ltd,entity,{}
36 112 308 835,entity,{}
b    w  rural pty limited,entity,{}
33 068 943 528,entity,{}
elders limited,entity,{}
34 004 336 636,entity,{}
elders rural services australia limited,entity,{}
72 004 045 121,entity,{}
killara feedlot pty ltd,entity,{}
18 081 072 746,entity,{}
titan ag pty ltd,entity,{}
57 122 081 574,entity,{}
food and beverages  agriculture and fishing professional and administrative services and supplies  including legal  consulting and accounting services other,entity,{}
https   modernslaveryregister gov au statements 8087,entity,{}
vaughan civil pty ltd,entity,{}
50 152 638 447,entity,{}
2024 04 01 to 2025 06 30,entity,{}
https   modernslaveryregister gov au statements 24584,entity,{}
the walter and eliza hall institute of medical research,entity,{}
12 004 251 423,entity,{}
https   modernslaveryregister gov au statements 4094,entity,{}
al ko international pty limited,entity,{}
96 003 066 813,entity,{}
al ko chassis systems pty ltd,entity,{}
43 625 886 624,entity,{}
hume caravan   camping accessories pty  ltd,entity,{}
17 057 397 716,entity,{}
https   modernslaveryregister gov au statements 18941,entity,{}
nine entertainment co  holdings limited,entity,{}
2279,entity,{}
caradvice com pty limited,entity,{}
fairfax media publications pty limited,entity,{}
macquarie media limited,entity,{}
nine digital pty limited,entity,{}
nine network australia pty ltd,entity,{}
pedestrian group pty ltd,entity,{}
stan entertainment pty ltd,entity,{}
https   modernslaveryregister gov au statements 19901,entity,{}
nearmap ltd,entity,{}
37 083 702 907,entity,{}
https   modernslaveryregister gov au statements 6380,entity,{}
midway limited,entity,{}
midway tasmania pty ltd,entity,{}
plantation management partners pty ltd,entity,{}
queensland commodity exports pty  limited,entity,{}
south west fibre pty ltd,entity,{}
https   modernslaveryregister gov au statements 21460,entity,{}
adams group aus holdings pty limited,entity,{}
13 637 089 162,entity,{}
maven dental group pty ltd,entity,{}
80 131 333 492,entity,{}
https   modernslaveryregister gov au statements 7092,entity,{}
pilbara ports authority,entity,{}
94 987 448 870,entity,{}
https   modernslaveryregister gov au statements 6934,entity,{}
equifax australia holdings pty ltd,entity,{}
37 609 497 494,entity,{}
https   modernslaveryregister gov au statements 18564,entity,{}
republic of korea  south korea,entity,{}
https   modernslaveryregister gov au statements 12602,entity,{}
awp australia pty ltd,entity,{}
52 097 227 177,entity,{}
https   modernslaveryregister gov au statements 8965,entity,{}
health insurance fund of australia limited,entity,{}
84 607 276 950,entity,{}
https   modernslaveryregister gov au statements 16076,entity,{}
coca cola south pacific pty ltd,entity,{}
50 003 029 794,entity,{}
https   modernslaveryregister gov au statements 18699,entity,{}
l3harris integrated mission systems australia pty ltd,entity,{}
28 009 019 603,entity,{}
https   modernslaveryregister gov au statements 22816,entity,{}
snc lavalin australasia pty ltd,entity,{}
https   modernslaveryregister gov au statements 8505,entity,{}
automatic data processing  inc,entity,{}
https   modernslaveryregister gov au statements 726,entity,{}
58 946 656 287,entity,{}
the trustee for qe 042 trust,entity,{}
https   modernslaveryregister gov au statements 15706,entity,{}
enett international singapore pte ltd,entity,{}
australia  singapore,entity,{}
enett international  austria  gmbh,entity,{}
enett international  uk  limited,entity,{}
enett payment solutions  ireland  limited,entity,{}
https   modernslaveryregister gov au statements 24210,entity,{}
h m hennes   mauritz pty ltd,entity,{}
83 160 056 548,entity,{}
2021 12 01 to 2022 11 30,entity,{}
sweden,entity,{}
https   modernslaveryregister gov au statements 13104,entity,{}
intertek robotic laboratories pty ltd,entity,{}
56 125 224 311,entity,{}
https   modernslaveryregister gov au statements 22645,entity,{}
wagners holding company ltd,entity,{}
49 622 632 848,entity,{}
https   modernslaveryregister gov au statements 11934,entity,{}
asdam holdings pty ltd,entity,{}
74 631 990 086,entity,{}
https   modernslaveryregister gov au statements 2585,entity,{}
kogan com ltd,entity,{}
96 612 447 293,entity,{}
https   modernslaveryregister gov au statements 26763,entity,{}
https   modernslaveryregister gov au statements 13610,entity,{}
https   modernslaveryregister gov au statements 13050,entity,{}
crawford   company  australia  pty  ltd,entity,{}
11 002 317 133,entity,{}
https   modernslaveryregister gov au statements 5520,entity,{}
navigator global investments limited,entity,{}
47 101 585 737,entity,{}
https   modernslaveryregister gov au statements 2395,entity,{}
modern slavery statement 2021 944,entity,{}
spark new zealand limited,entity,{}
https   modernslaveryregister gov au statements 2214,entity,{}
ag n vet management services pty limited,entity,{}
91 087 675 465,entity,{}
https   modernslaveryregister gov au statements 22242,entity,{}
persol australia holdings pty ltd,entity,{}
58 620 794 130,entity,{}
https   modernslaveryregister gov au statements 3403,entity,{}
david jones pty limited,entity,{}
75 000 074 573,entity,{}
osiris holdings pty ltd,entity,{}
29 168 919 391,entity,{}
vela holdings aus pty limited,entity,{}
87 620 560 143,entity,{}
https   modernslaveryregister gov au statements 6985,entity,{}
rentokil initial pty ltd,entity,{}
98 000 034 597,entity,{}
https   modernslaveryregister gov au statements 9611,entity,{}
https   modernslaveryregister gov au statements 12781,entity,{}
ja solar australia pty limited,entity,{}
68 164 221 005,entity,{}
https   modernslaveryregister gov au statements 13511,entity,{}
maurice blackburn pty limited,entity,{}
21 105 657 949,entity,{}
claims funding australia pty ltd,entity,{}
maurice blackburn sa pty ltd,entity,{}
https   modernslaveryregister gov au statements 15619,entity,{}
australian sports commission,entity,{}
67 374 695 240,entity,{}
https   modernslaveryregister gov au statements 2400,entity,{}
the pas group pty ltd,entity,{}
25 169 477 463,entity,{}
https   modernslaveryregister gov au statements 7440,entity,{}
