name,type,attributes
Modern slavery statement 2023-742: GENESYS CLOUD SERVICES PTY. LTD.,document,{'content': 'GENESYS CLOUD SERVICES PTY. LTD. (ABN 80 077 375 887) filed a single modern slavery statement with the Australian Modern Slavery Register for the reporting period 2022-02-01 to 2023-01-31. The reporting entity is headquartered in Australia. The reporting entity has an annual revenue band of 100-150M. The reporting entity operates in the industry sectors: Information technology and telecommunication. Register entry: https://modernslaveryregister.gov.au/statements/13192/.'}
Modern slavery statement 2021-260: FEDERAL EXPRESS (AUSTRALIA) PTY LTD & FEDEX EXPRESS AUSTRALIA PTY LTD & TNT AUSTRALIA PTY LTD,document,"{'content': 'FEDERAL EXPRESS (AUSTRALIA) PTY LTD (ABN 35 003 100 052), FEDEX EXPRESS AUSTRALIA PTY LTD (ABN 51 624 271 487) and TNT AUSTRALIA PTY LTD (ABN 41 000 495 269) filed a joint modern slavery statement with the Australian Modern Slavery Register for the reporting period 2019-06-01 to 2020-05-31. The reporting entities are headquartered in Australia. The reporting entities have an annual revenue band of 1BN+. The reporting entities operate in the industry sectors: Transportation, logistics, and storage. Register entry: https://modernslaveryregister.gov.au/statements/1544/.'}"
Modern slavery statement 2021-3980: PATTIES FOODS PTY LIMITED,document,"{'content': 'PATTIES FOODS PTY LIMITED (ABN 62 007 157 182) filed a single modern slavery statement with the Australian Modern Slavery Register for the reporting period 2020-07-01 to 2021-06-30. The reporting entity is headquartered in Australia. The reporting entity has an annual revenue band of 500-600M. The reporting entity operates in the industry sectors: Food and beverages, agriculture and fishing. Register entry: https://modernslaveryregister.gov.au/statements/7446/.'}"
Modern slavery statement 2021-3797: One QSuper Pty Ltd & QInsure Limited & QInvest Limited et al.,document,"{'content': 'One QSuper Pty Ltd (ABN 90 601 938 774), QInsure Limited (ABN 79 607 345 853), QInvest Limited (ABN 35 063 511 580), QSuper (ABN 60 905 115 063), QSuper Asset Management Pty Ltd (ABN 67 608 694 471), QSuper Board (ABN 32 125 059 006) and QSuper Limited (ABN 50 125 248 286) filed a joint modern slavery statement with the Australian Modern Slavery Register for the reporting period 2020-07-01 to 2021-06-30. The reporting entities are headquartered in Australia. The reporting entities have an annual revenue band of 1BN+. The reporting entities operate in the industry sectors: Financial, insurance and real estate activities. Register entry: https://modernslaveryregister.gov.au/statements/7180/.'}"
Modern slavery statement 2023-2306: ROYAN GROUP BIDCO PTY LIMITED & ROYAN GROUP HOLDCO PTY LIMITED & ROYAN GROUP MIDCO PTY LIMITED,document,"{'content': ""ROYAN GROUP BIDCO PTY LIMITED (ABN 56 638 670 470), ROYAN GROUP HOLDCO PTY LIMITED (ABN 91 638 670 238) and ROYAN GROUP MIDCO PTY LIMITED (ABN 25 638 670 336) filed a joint modern slavery statement with the Australian Modern Slavery Register for the reporting period 2022-07-01 to 2023-06-30. The reporting entities are headquartered in Australia. The reporting entities have an annual revenue band of 100-150M. The reporting entities operate in the industry sectors: Transportation, logistics, and storage. The statement also covers the included entities: BILL O'BRIEN SMASH REPAIRS PTY LTD (62 136 387 098), ROYANS BRISBANE PTY LIMITED (38 002 670 484), ROYANS DANDENONG PTY LIMITED (92 624 710 238), Royans Dubbo Pty Limited (75 105 352 789), ROYANS MELBOURNE PTY LTD (17 096 851 580), ROYANS NEWCASTLE PTY LTD (73 051 644 494), Royans Wagga Pty Limited (40 105 356 698), ROYANS WODONGA PTY LIMITED (59 620 035 510), ROYAN TRUCK & TRAILER REPAIRS PTY LTD (58 000 629 363), TFI GROUP PTY LTD (75 600 731 726), TRUCKING SUPPLIES BIDCO PTY LIMITED (64 638 738 173). Register entry: https://modernslaveryregister.gov.au/statements/15328/.""}"
Modern slavery statement 2023-1479: SUBSEA 7 AUSTRALIA CONTRACTING PTY LTD,document,"{'content': 'SUBSEA 7 AUSTRALIA CONTRACTING PTY LTD (ABN 36 005 288 406) filed a single modern slavery statement with the Australian Modern Slavery Register for the reporting period 2022-07-01 to 2023-06-30. The reporting entity is headquartered in Australia. The reporting entity has an annual revenue band of 200-250M. The reporting entity operates in the industry sectors: Mining, metals, chemicals and resources (including oil and gas). Register entry: https://modernslaveryregister.gov.au/statements/14126/.'}"
Modern slavery statement 2025-231: THE FOURTH FORCE PTY LTD,document,"{'content': ""THE FOURTH FORCE PTY LTD (ABN 22 084 438 773) filed a single modern slavery statement with the Australian Modern Slavery Register for the reporting period 2023-07-01 to 2024-06-30. The reporting entity is headquartered in Australia. The reporting entity has an annual revenue band of 800-900M. The reporting entity operates in the industry sectors: Other. The statement also covers the included entities: BRAVE LOGISTICS PTY LTD (73 627 919 411), DRAMET PTY LTD (59 109 544 425), It's Fresh Pty Ltd (83 155 253 259). Register entry: https://modernslaveryregister.gov.au/statements/21976/.""}"
Modern slavery statement 2024-574: Rimini Street Inc.,document,{'content': 'Rimini Street Inc. (ABN 61 898 632 956) filed a single modern slavery statement with the Australian Modern Slavery Register for the reporting period 2023-01-01 to 2023-12-31. The reporting entity is headquartered in United States of America. The reporting entity has an annual revenue band of 400-450M. The reporting entity operates in the industry sectors: Information technology and telecommunication. The statement also covers the included entities: Rimini Street Australia (86 143 105 686). Register entry: https://modernslaveryregister.gov.au/statements/17599/.'}
Modern slavery statement 2022-1577: TERUMO AUSTRALIA PTY LIMITED,document,{'content': 'TERUMO AUSTRALIA PTY LIMITED (ABN 34 158 693 595) filed a single modern slavery statement with the Australian Modern Slavery Register for the reporting period 2021-04-01 to 2022-03-31. The reporting entity is headquartered in Japan. The reporting entity has an annual revenue band of 100-150M. The reporting entity operates in the industry sectors: Healthcare and pharmaceuticals. Register entry: https://modernslaveryregister.gov.au/statements/10006/.'}
Modern slavery statement 2022-550: ADYEN AUSTRALIA PTY LIMITED,document,"{'content': 'ADYEN AUSTRALIA PTY LIMITED (ABN 55 162 682 411) filed a single modern slavery statement with the Australian Modern Slavery Register for the reporting period 2021-01-01 to 2021-12-31. The reporting entity is headquartered in Australia. The reporting entity has an annual revenue band of 100-150M. The reporting entity operates in the industry sectors: Financial, insurance and real estate activities. Register entry: https://modernslaveryregister.gov.au/statements/8537/.'}"
"Modern slavery statement 2022-246: Simply Energy Limited, Western Energy Limited",document,"{'content': 'Simply Energy Limited, Western Energy Limited filed a joint modern slavery statement with the Australian Modern Slavery Register for the reporting period 2020-07-01 to 2021-06-30. The reporting entity is headquartered in New Zealand. The reporting entity has an annual revenue band of 0-99M. The reporting entity operates in the industry sectors: Utilities: gas, water and electricity. Register entry: https://modernslaveryregister.gov.au/statements/8065/.'}"
Modern slavery statement 2021-1152: The Trustee for DRUIN NO 3 TRUST,document,"{'content': 'The Trustee for DRUIN NO 3 TRUST (ABN 11 530 188 684) filed a single modern slavery statement with the Australian Modern Slavery Register for the reporting period 2020-01-01 to 2020-12-31. The reporting entity is headquartered in Australia. The reporting entity has an annual revenue band of 350-400M. The reporting entity operates in the industry sectors: Construction, civil engineering and building products. Register entry: https://modernslaveryregister.gov.au/statements/3067/.'}"
Modern slavery statement 2024-503: EGON ZEHNDER INTERNATIONAL PTY LTD,document,"{'content': 'EGON ZEHNDER INTERNATIONAL PTY LTD (ABN 67 098 985 409) filed a single modern slavery statement with the Australian Modern Slavery Register for the reporting period 2022-11-01 to 2023-10-31. The reporting entity is headquartered in Switzerland. The reporting entity has an annual revenue band of 0-99M. The reporting entity operates in the industry sectors: Professional and administrative services and supplies, including legal, consulting and accounting services. Register entry: https://modernslaveryregister.gov.au/statements/17501/.'}"
Modern slavery statement 2024-829: FACTORY MUTUAL INSURANCE COMPANY,document,"{'content': 'FACTORY MUTUAL INSURANCE COMPANY (ABN 47 163 108 861) filed a single modern slavery statement with the Australian Modern Slavery Register for the reporting period 2023-01-01 to 2023-12-31. The reporting entity is headquartered in Australia. The reporting entity has an annual revenue band of 400-450M. The reporting entity operates in the industry sectors: Financial, insurance and real estate activities. Register entry: https://modernslaveryregister.gov.au/statements/17890/.'}"
Modern slavery statement 2022-808: Trina Solar (Australia) Pty Ltd,document,"{'content': 'Trina Solar (Australia) Pty Ltd (ABN 24 150 695 524) filed a single modern slavery statement with the Australian Modern Slavery Register for the reporting period 2021-01-01 to 2021-12-31. The reporting entity is headquartered in China, Singapore. The reporting entity has an annual revenue band of 300-350M. The reporting entity operates in the industry sectors: Other. Register entry: https://modernslaveryregister.gov.au/statements/8663/.'}"
Modern slavery statement 2021-1940: ANZFOF3 NZ PTY LIMITED & NEW FORESTS ASSET MANAGEMENT PTY LIMITED & The trustee for Forestry Investment Trust et al.,document,"{'content': 'ANZFOF3 NZ PTY LIMITED (ABN 68 623 472 088), NEW FORESTS ASSET MANAGEMENT PTY LIMITED (ABN 42 114 545 283), The trustee for Forestry Investment Trust (ABN 83 970 141 211) and The Trustee for Tasmanian Forest Operating Sub Trust (ABN 70 572 091 783) filed a joint modern slavery statement with the Australian Modern Slavery Register for the reporting period 2019-07-01 to 2020-06-30. The reporting entities are headquartered in Australia. The reporting entities have an annual revenue band of 500-600M. The reporting entities operate in the industry sectors: Professional and administrative services and supplies, including legal, consulting and accounting services. Register entry: https://modernslaveryregister.gov.au/statements/4405/.'}"
Modern slavery statement 2022-2061: MULTIGATE MEDICAL PRODUCTS PTY LTD,document,{'content': 'MULTIGATE MEDICAL PRODUCTS PTY LTD (ABN 98 003 283 529) filed a single modern slavery statement with the Australian Modern Slavery Register for the reporting period 2021-07-01 to 2022-06-30. The reporting entity is headquartered in Australia. The reporting entity has an annual revenue band of 300-350M. The reporting entity operates in the industry sectors: Healthcare and pharmaceuticals. Register entry: https://modernslaveryregister.gov.au/statements/10723/.'}
Modern slavery statement 2021-3861: CNW PTY LTD & SAMIOS PLUMBING PTY LTD & SHERRIFF ELECTRICAL PTY LTD,document,"{'content': 'CNW PTY LTD (ABN 48 009 669 836), SAMIOS PLUMBING PTY LTD (ABN 91 010 360 899) and SHERRIFF ELECTRICAL PTY LTD (ABN 63 010 059 837) filed a joint modern slavery statement with the Australian Modern Slavery Register for the reporting period 2020-07-01 to 2021-06-30. The reporting entities are headquartered in Australia. The reporting entities have an annual revenue band of 1BN+. The reporting entities operate in the industry sectors: Construction, civil engineering and building products. Register entry: https://modernslaveryregister.gov.au/statements/7297/.'}"
"Modern slavery statement 2023-3088: NSW Electricity Networks Assets Pty Limited, NSW Electricity Networks Operations Pty Limited",document,"{'content': 'NSW Electricity Networks Assets Pty Limited, NSW Electricity Networks Operations Pty Limited filed a joint modern slavery statement with the Australian Modern Slavery Register for the reporting period 2022-07-01 to 2023-06-30. The reporting entity is headquartered in Australia. The reporting entity has an annual revenue band of 1BN+. The reporting entity operates in the industry sectors: Utilities: gas, water and electricity. The statement also covers the included entities: Lumea Intermediate Pty Limited, Lumea Pty Limited, NSW Electricity Networks Assets Holdings Pty Limited, NSW Electricity Networks Assets Pty Limited, NSW ELECTRICITY NETWORKS FINANCE PTY LIMITED, NSW Electricity Networks Operations Intermediate Pty Limited, Transgrid Services 2 Pty Ltd, Transtelco Pty Limited. Register entry: https://modernslaveryregister.gov.au/statements/16349/.'}"
Modern slavery statement 2025-578: HUA NAN COMMERCIAL BANK LTD.,document,"{'content': 'HUA NAN COMMERCIAL BANK LTD. (ABN 54 138 221 637) filed a single modern slavery statement with the Australian Modern Slavery Register for the reporting period 2024-01-01 to 2024-12-31. The reporting entity is headquartered in Taiwan. The reporting entity has an annual revenue band of 1BN+. The reporting entity operates in the industry sectors: Financial, insurance and real estate activities. Register entry: https://modernslaveryregister.gov.au/statements/22516/.'}"
Modern slavery statement 2024-2607: WATER NSW,document,"{'content': 'WATER NSW (ABN 21 147 934 787) filed a single modern slavery statement with the Australian Modern Slavery Register for the reporting period 2023-07-01 to 2024-06-30. The reporting entity is headquartered in Australia. The reporting entity has an annual revenue band of 450-500M. The reporting entity operates in the industry sectors: Utilities: gas, water and electricity. The statement also covers the included entities: WATERNSW INFRASTRUCTURE PTY LTD (93 629 813 270). Register entry: https://modernslaveryregister.gov.au/statements/20354/.'}"
Modern slavery statement 2024-1857: HINO MOTOR SALES AUSTRALIA PTY. LTD.,document,"{'content': 'HINO MOTOR SALES AUSTRALIA PTY. LTD. (ABN 74 064 989 724) filed a single modern slavery statement with the Australian Modern Slavery Register for the reporting period 2023-04-01 to 2024-03-31. The reporting entity is headquartered in Australia, Japan. The reporting entity has an annual revenue band of 500-600M. The reporting entity operates in the industry sectors: Automotive, machinery and heavy electrical equipment. Register entry: https://modernslaveryregister.gov.au/statements/19317/.'}"
Modern slavery statement 2023-2660: WAM STRATEGIC VALUE LIMITED,document,"{'content': 'WAM STRATEGIC VALUE LIMITED (ABN 24 649 096 220) filed a single modern slavery statement with the Australian Modern Slavery Register for the reporting period 2022-07-01 to 2023-06-30. The reporting entity is headquartered in Australia. The reporting entity has an annual revenue band of 0-99M. The reporting entity operates in the industry sectors: Financial, insurance and real estate activities. Register entry: https://modernslaveryregister.gov.au/statements/15813/.'}"
Modern slavery statement 2022-1560: KYOCERA DOCUMENT SOLUTIONS AUSTRALIA PTY LTD,document,"{'content': 'KYOCERA DOCUMENT SOLUTIONS AUSTRALIA PTY LTD (ABN 77 003 852 444) filed a single modern slavery statement with the Australian Modern Slavery Register for the reporting period 2021-04-01 to 2022-03-30. The reporting entity is headquartered in Australia. The reporting entity has an annual revenue band of 100-150M. The reporting entity operates in the industry sectors: Durable consumer goods, including electronics and appliances, home furnishings and other accessories Information technology and telecommunication. Register entry: https://modernslaveryregister.gov.au/statements/9973/.'}"
Modern slavery statement 2021-3741: MIDWAY LTD,document,"{'content': 'MIDWAY LTD (ABN 44 005 616 044) filed a single modern slavery statement with the Australian Modern Slavery Register for the reporting period 2020-07-01 to 2021-06-30. The reporting entity is headquartered in Australia. The reporting entity has an annual revenue band of 250-300M. The reporting entity operates in the industry sectors: Forestry, timber products, paper and containers and packaging. Register entry: https://modernslaveryregister.gov.au/statements/7110/.'}"
Modern slavery statement 2024-1111: SEDGWICK AUSTRALIA HOLDINGS PTY LIMITED,document,"{'content': 'SEDGWICK AUSTRALIA HOLDINGS PTY LIMITED filed a single modern slavery statement with the Australian Modern Slavery Register for the reporting period 2023-01-01 to 2023-12-31. The reporting entity is headquartered in Australia. The reporting entity has an annual revenue band of 100-150M. The reporting entity operates in the industry sectors: Financial, insurance and real estate activities. The statement also covers the included entities: DIRECT HEALTH SOLUTIONS AUSTRALIA PTY LTD (30 600 165 339), DIRECT HEALTH SOLUTIONS GROUP PTY LTD (41 646 785 873), SEDGWICK AUSTRALIA FINANCE PTY LIMITED (60 006 984 292), SEDGWICK AUSTRALIA PTY LIMITED (49 003 437 161). Register entry: https://modernslaveryregister.gov.au/statements/18406/.'}"
Modern slavery statement 2022-1134: HDI GLOBAL SE,document,"{'content': 'HDI GLOBAL SE (ABN 55 490 279 016) filed a single modern slavery statement with the Australian Modern Slavery Register for the reporting period 2021-01-01 to 2021-12-31. The reporting entity is headquartered in Germany. The reporting entity has an annual revenue band of 300-350M. The reporting entity operates in the industry sectors: Financial, insurance and real estate activities. Register entry: https://modernslaveryregister.gov.au/statements/9409/.'}"
Modern slavery statement 2023-2968: THE LAW SOCIETY OF NEW SOUTH WALES,document,"{'content': 'THE LAW SOCIETY OF NEW SOUTH WALES filed a single modern slavery statement with the Australian Modern Slavery Register for the reporting period 2022-07-01 to 2023-06-30. The reporting entity is headquartered in Australia. The reporting entity has an annual revenue band of 100-150M. The reporting entity operates in the industry sectors: Professional and administrative services and supplies, including legal, consulting and accounting services. Register entry: https://modernslaveryregister.gov.au/statements/16212/.'}"
Modern slavery statement 2023-2421: COMPASSION AUSTRALIA,document,{'content': 'COMPASSION AUSTRALIA (ABN 67 001 692 566) filed a single modern slavery statement with the Australian Modern Slavery Register for the reporting period 2022-07-01 to 2023-06-30. The reporting entity is headquartered in Australia. The reporting entity has an annual revenue band of 0-99M. The reporting entity operates in the industry sectors: Charitable / not-for-profit activities. Register entry: https://modernslaveryregister.gov.au/statements/15509/.'}
Modern slavery statement 2021-4156: Linfox Pty Ltd,document,"{'content': 'Linfox Pty Ltd (ABN 59 004 667 298) filed a single modern slavery statement with the Australian Modern Slavery Register for the reporting period 2020-07-01 to 2021-06-30. The reporting entity is headquartered in Australia. The reporting entity has an annual revenue band of Unknown. The reporting entity operates in the industry sectors: Transportation, logistics, and storage. Register entry: https://modernslaveryregister.gov.au/statements/7640/.'}"
Modern slavery statement 2022-2136: NEWCASTLE PORT CORPORATION,document,{'content': 'NEWCASTLE PORT CORPORATION (ABN 50 825 884 846) filed a single modern slavery statement with the Australian Modern Slavery Register for the reporting period 2021-07-01 to 2022-06-30. The reporting entity is headquartered in Australia. The reporting entity has an annual revenue band of 150-200M. The reporting entity operates in the industry sectors: Other. Register entry: https://modernslaveryregister.gov.au/statements/10832/.'}
Modern slavery statement 2025-359: DT GLOBAL AUSTRALIA HOLDINGS PTY LTD,document,"{'content': 'DT GLOBAL AUSTRALIA HOLDINGS PTY LTD filed a single modern slavery statement with the Australian Modern Slavery Register for the reporting period 2023-10-01 to 2024-09-30. The reporting entity is headquartered in Australia. The reporting entity has an annual revenue band of 400-450M. The reporting entity operates in the industry sectors: Professional and administrative services and supplies, including legal, consulting and accounting services. The statement also covers the included entities: DT GLOBAL ASIA PACIFIC PTY LTD, DT GLOBAL AUSTRALIA PTY LTD. Register entry: https://modernslaveryregister.gov.au/statements/22174/.'}"
Modern slavery statement 2024-1251: WEIR GROUP (AUSTRALIAN HOLDINGS) PTY LIMITED & WEIR MINERALS AUSTRALIA LTD,document,"{'content': 'WEIR GROUP (AUSTRALIAN HOLDINGS) PTY LIMITED (ABN 57 090 873 117) and WEIR MINERALS AUSTRALIA LTD (ABN 69 009 701 802) filed a joint modern slavery statement with the Australian Modern Slavery Register for the reporting period 2023-01-01 to 2023-12-31. The reporting entities are headquartered in United Kingdom. The reporting entities have an annual revenue band of 100-150M. The reporting entities operate in the industry sectors: Mining, metals, chemicals and resources (including oil and gas). The statement also covers the included entities: WEIR MINERALS AUSTRALIA LTD (69 009 701 802). Register entry: https://modernslaveryregister.gov.au/statements/18581/.'}"
Modern slavery statement 2025-3909: BASE RESOURCES LIMITED,document,{'content': 'BASE RESOURCES LIMITED filed a single modern slavery statement with the Australian Modern Slavery Register for the reporting period 2024-07-01 to 2025-06-30. The reporting entity is headquartered in United States of America. The reporting entity has an annual revenue band of 100-150M. The reporting entity operates in the industry sectors: Mining. Register entry: https://modernslaveryregister.gov.au/statements/27029/.'}
Modern slavery statement 2024-1510: PACCAR AUSTRALIA PTY. LTD.,document,{'content': 'PACCAR AUSTRALIA PTY. LTD. filed a single modern slavery statement with the Australian Modern Slavery Register for the reporting period 2023-01-01 to 2023-12-31. The reporting entity is headquartered in Australia. The reporting entity has an annual revenue band of 1BN+. The reporting entity operates in the industry sectors: Other. The statement also covers the included entities: PACCAR FINANCIAL PTY. LTD.. Register entry: https://modernslaveryregister.gov.au/statements/18826/.'}
Modern slavery statement 2021-2393: GEORGIOU GROUP PTY LTD,document,"{'content': 'GEORGIOU GROUP PTY LTD (ABN 82 073 851 948) filed a single modern slavery statement with the Australian Modern Slavery Register for the reporting period 2021-07-01 to 2022-06-30. The reporting entity is headquartered in Australia. The reporting entity has an annual revenue band of 500-600M. The reporting entity operates in the industry sectors: Construction, civil engineering and building products. Register entry: https://modernslaveryregister.gov.au/statements/5014/.'}"
"Modern slavery statement 2025-2968: REA GROUP LTD, REALESTATE.COM.AU PTY LIMITED",document,"{'content': 'REA GROUP LTD, REALESTATE.COM.AU PTY LIMITED filed a joint modern slavery statement with the Australian Modern Slavery Register for the reporting period 2024-07-01 to 2025-06-30. The reporting entity is headquartered in Australia. The reporting entity has an annual revenue band of 1BN+. The reporting entity operates in the industry sectors: Information Media and Telecommunications Rental, Hiring and Real Estate Services. The statement also covers the included entities: MORTGAGE CHOICE PTY LTD. Register entry: https://modernslaveryregister.gov.au/statements/25442/.'}"
Modern slavery statement 2021-3370: DOMESTIC & GENERAL INSURANCE PLC,document,"{'content': 'DOMESTIC & GENERAL INSURANCE PLC (ABN 11 124 040 768) filed a single modern slavery statement with the Australian Modern Slavery Register for the reporting period 2020-04-01 to 2021-03-30. The reporting entity is headquartered in United Kingdom. The reporting entity has an annual revenue band of 800-900M. The reporting entity operates in the industry sectors: Financial, insurance and real estate activities. Register entry: https://modernslaveryregister.gov.au/statements/6555/.'}"
Modern slavery statement 2023-576: BOND UNIVERSITY LIMITED,document,{'content': 'BOND UNIVERSITY LIMITED (ABN 88 010 694 121) filed a single modern slavery statement with the Australian Modern Slavery Register for the reporting period 2022-01-01 to 2022-12-31. The reporting entity is headquartered in Australia. The reporting entity has an annual revenue band of 200-250M. The reporting entity operates in the industry sectors: Education and research. Register entry: https://modernslaveryregister.gov.au/statements/12944/.'}
Modern slavery statement 2021-3553: THE ROYAL CHILDREN'S HOSPITAL,document,"{'content': ""THE ROYAL CHILDREN'S HOSPITAL (ABN 35 655 720 546) filed a single modern slavery statement with the Australian Modern Slavery Register for the reporting period 2020-07-01 to 2021-06-30. The reporting entity is headquartered in Australia. The reporting entity has an annual revenue band of 900M-1BN. The reporting entity operates in the industry sectors: Healthcare and pharmaceuticals. Register entry: https://modernslaveryregister.gov.au/statements/6826/.""}"
"Modern slavery statement 2022-117: MUFG BANK, LTD.",document,"{'content': 'MUFG BANK, LTD. (ABN 75 103 418 882) filed a joint modern slavery statement with the Australian Modern Slavery Register for the reporting period 2021-01-01 to 2021-12-31. The reporting entity is headquartered in Japan. The reporting entity has an annual revenue band of Unknown. The reporting entity operates in the industry sectors: Financial, insurance and real estate activities. Register entry: https://modernslaveryregister.gov.au/statements/7868/.'}"
Modern slavery statement 2023-3097: R.C. & L.C. Holdings Pty Limited,document,"{'content': 'R.C. & L.C. Holdings Pty Limited (ABN 41 105 030 117) filed a joint modern slavery statement with the Australian Modern Slavery Register for the reporting period 2022-07-01 to 2023-06-30. The reporting entity is headquartered in Australia. The reporting entity has an annual revenue band of 1BN+. The reporting entity operates in the industry sectors: Construction, civil engineering and building products. The statement also covers the included entities: RICHARD CROOKES CONSTRUCTIONS PTY. LIMITED (33 001 375 266). Register entry: https://modernslaveryregister.gov.au/statements/16365/.'}"
Modern slavery statement 2022-325: TOLL HOLDINGS LIMITED,document,"{'content': 'TOLL HOLDINGS LIMITED (ABN 25 006 592 089) filed a single modern slavery statement with the Australian Modern Slavery Register for the reporting period 2020-07-01 to 2021-06-30. The reporting entity is headquartered in Australia. The reporting entity has an annual revenue band of 1BN+. The reporting entity operates in the industry sectors: Transportation, logistics, and storage. Register entry: https://modernslaveryregister.gov.au/statements/8163/.'}"
Modern slavery statement 2021-3081: MSI COMPUTER (AUSTRALIA) PTY. LIMITED,document,{'content': 'MSI COMPUTER (AUSTRALIA) PTY. LIMITED (ABN 23 083 503 584) filed a single modern slavery statement with the Australian Modern Slavery Register for the reporting period 2020-01-01 to 2020-12-31. The reporting entity is headquartered in Taiwan. The reporting entity has an annual revenue band of 0-99M. The reporting entity operates in the industry sectors: Information technology and telecommunication. Register entry: https://modernslaveryregister.gov.au/statements/6105/.'}
Modern slavery statement 2024-2051: OLYMPUS AUSTRALIA PTY LTD,document,{'content': 'OLYMPUS AUSTRALIA PTY LTD filed a single modern slavery statement with the Australian Modern Slavery Register for the reporting period 2023-04-01 to 2024-03-31. The reporting entity is headquartered in Australia. The reporting entity has an annual revenue band of 200-250M. The reporting entity operates in the industry sectors: Healthcare and pharmaceuticals. Register entry: https://modernslaveryregister.gov.au/statements/19574/.'}
Modern slavery statement 2021-662: SCS SUPER PTY. LIMITED,document,"{'content': 'SCS SUPER PTY. LIMITED (ABN 74 064 712 607) filed a single modern slavery statement with the Australian Modern Slavery Register for the reporting period 2019-07-01 to 2020-06-30. The reporting entity is headquartered in Australia. The reporting entity has an annual revenue band of 800-900M. The reporting entity operates in the industry sectors: Financial, insurance and real estate activities. Register entry: https://modernslaveryregister.gov.au/statements/2229/.'}"
Modern slavery statement 2021-2738: DJH GLOBAL PTY LTD & GREG'S GAS AND WELDING SUPPLIES TRARALGON PTY. LTD. & MOORABBIN GAS SUPPLIES PTY. LTD. et al.,document,"{'content': ""DJH GLOBAL PTY LTD (ABN 57 136 377 734), GREG'S GAS AND WELDING SUPPLIES TRARALGON PTY. LTD. (ABN 34 129 987 131), MOORABBIN GAS SUPPLIES PTY. LTD. (ABN 41 004 798 832), Murray River Gas Pty Ltd (ABN 77 108 454 299), NSC (AUSTRALIA) PTY LTD (ABN 71 607 111 268), SAGAPUS HOLDINGS PTY LIMITED (ABN 33 164 385 817), SUPAGAS PTY LIMITED (ABN 50 074 008 496) and The Trustee for A F T UNIT TRUST (ABN 99 343 828 065) filed a joint modern slavery statement with the Australian Modern Slavery Register for the reporting period 2020-04-01 to 2021-03-30. The reporting entities are headquartered in Australia. The reporting entities have an annual revenue band of 600-700M. The reporting entities operate in the industry sectors: Utilities: gas, water and electricity. Register entry: https://modernslaveryregister.gov.au/statements/5556/.""}"
Modern slavery statement 2021-3227: JAYBRO GROUP PTY LTD.,document,"{'content': 'JAYBRO GROUP PTY LTD. (ABN 48 159 122 488) filed a joint modern slavery statement with the Australian Modern Slavery Register for the reporting period 2020-07-01 to 2021-06-30. The reporting entity is headquartered in Australia. The reporting entity has an annual revenue band of 300-350M. The reporting entity operates in the industry sectors: Construction, civil engineering and building products. Register entry: https://modernslaveryregister.gov.au/statements/6328/.'}"
Modern slavery statement 2025-982: Magi Enterprises Pty Ltd,document,"{'content': 'Magi Enterprises Pty Ltd (ABN 49 154 423 613) filed a single modern slavery statement with the Australian Modern Slavery Register for the reporting period 2023-07-01 to 2024-06-30. The reporting entity is headquartered in Australia. The reporting entity has an annual revenue band of 100-150M. The reporting entity operates in the industry sectors: Fashion, textiles, apparel and luxury goods. Register entry: https://modernslaveryregister.gov.au/statements/23121/.'}"
Modern slavery statement 2022-998: ACCENT AIR PTY LIMITED & AQUAMAX AUSTRALIA PTY LIMITED & RAYPAK AUSTRALIA PTY LTD et al.,document,"{'content': 'ACCENT AIR PTY LIMITED (ABN 28 062 383 224), AQUAMAX AUSTRALIA PTY LIMITED (ABN 37 138 189 689), RAYPAK AUSTRALIA PTY LTD (ABN 65 078 743 414), RHEEM AUSTRALIA PTY LIMITED (ABN 21 098 823 511) and SOLAHART INDUSTRIES PTY. LTD. (ABN 45 064 945 848) filed a joint modern slavery statement with the Australian Modern Slavery Register for the reporting period 2021-01-01 to 2021-12-31. The reporting entities are headquartered in Australia. The reporting entities have an annual revenue band of 400-450M. The reporting entities operate in the industry sectors: Durable consumer goods, including electronics and appliances, home furnishings and other accessories. Register entry: https://modernslaveryregister.gov.au/statements/8958/.'}"
Modern slavery statement 2022-1964: SALES FORCE NATIONAL PTY LTD,document,{'content': 'SALES FORCE NATIONAL PTY LTD (ABN 60 110 379 587) filed a single modern slavery statement with the Australian Modern Slavery Register for the reporting period 2021-07-01 to 2022-06-30. The reporting entity is headquartered in Australia. The reporting entity has an annual revenue band of 150-200M. The reporting entity operates in the industry sectors: Other. Register entry: https://modernslaveryregister.gov.au/statements/10577/.'}
Modern slavery statement 2023-732: C.P. Merchandising Company Limited,document,"{'content': 'C.P. Merchandising Company Limited (ABN 90 152 033 460) filed a joint modern slavery statement with the Australian Modern Slavery Register for the reporting period 2022-01-01 to 2022-12-31. The reporting entity is headquartered in Thailand. The reporting entity has an annual revenue band of 500-600M. The reporting entity operates in the industry sectors: Food and beverages, agriculture and fishing. Register entry: https://modernslaveryregister.gov.au/statements/13180/.'}"
"Modern slavery statement 2021-2782: MM RESOURCES PTY. LTD. & Nippon Coke & Engineering Co., Ltd.",document,"{'content': 'MM RESOURCES PTY. LTD. (ABN 46 063 853 903) and Nippon Coke & Engineering Co., Ltd. filed a joint modern slavery statement with the Australian Modern Slavery Register for the reporting period 2020-04-01 to 2021-03-30. The reporting entities are headquartered in Australia, Japan. The reporting entities have an annual revenue band of 1BN+. The reporting entities operate in the industry sectors: Mining, metals, chemicals and resources (including oil and gas) Automotive, machinery and heavy electrical equipment. Register entry: https://modernslaveryregister.gov.au/statements/5620/.'}"
Modern slavery statement 2025-1906: SEEK LIMITED,document,"{'content': 'SEEK LIMITED (ABN 46 080 075 314) filed a single modern slavery statement with the Australian Modern Slavery Register for the reporting period 2024-07-01 to 2025-06-30. The reporting entity is headquartered in Australia. The reporting entity has an annual revenue band of 1BN+. The reporting entity operates in the industry sectors: Media, publishing, arts and entertainment. Register entry: https://modernslaveryregister.gov.au/statements/24237/.'}"
Modern slavery statement 2022-3109: AUSTRALIAN STEEL TRADERS PTY LTD,document,"{'content': 'AUSTRALIAN STEEL TRADERS PTY LTD (ABN 93 644 181 028) filed a single modern slavery statement with the Australian Modern Slavery Register for the reporting period 2021-07-01 to 2022-06-30. The reporting entity is headquartered in Australia. The reporting entity has an annual revenue band of 100-150M. The reporting entity operates in the industry sectors: Mining, metals, chemicals and resources (including oil and gas). Register entry: https://modernslaveryregister.gov.au/statements/12056/.'}"
Modern slavery statement 2022-2183: MUTUAL MARKETPLACE PTY. LTD.,document,"{'content': 'MUTUAL MARKETPLACE PTY. LTD. (ABN 35 615 297 820) filed a single modern slavery statement with the Australian Modern Slavery Register for the reporting period 2021-07-01 to 2022-06-30. The reporting entity is headquartered in Australia. The reporting entity has an annual revenue band of 200-250M. The reporting entity operates in the industry sectors: Financial, insurance and real estate activities. Register entry: https://modernslaveryregister.gov.au/statements/10904/.'}"
Modern slavery statement 2023-2355: ACTIV FOUNDATION INCORPORATED,document,"{'content': 'ACTIV FOUNDATION INCORPORATED (ABN 11 553 592 765) filed a joint modern slavery statement with the Australian Modern Slavery Register for the reporting period 2022-07-01 to 2023-06-30. The reporting entity is headquartered in Australia. The reporting entity has an annual revenue band of 100-150M. The reporting entity operates in the industry sectors: Forestry, timber products, paper and containers and packaging Charitable / not-for-profit activities. The statement also covers the included entities: CITY TO SURF (WA) FOUNDATION LIMITED. Register entry: https://modernslaveryregister.gov.au/statements/15413/.'}"
Modern slavery statement 2024-1062: COMGEN AUSTRALIA PTY. LTD. & VEOLIA ENVIRONMENTAL SERVICES (AUSTRALIA) PTY LTD & VEOLIA ENVIRONMENTAL SERVICES (AUSTRALIA) PTY LTD & J.J RICHARDS TI TREE PTYLTD et al.,document,"{'content': 'COMGEN AUSTRALIA PTY. LTD. (ABN 17 050 242 441), VEOLIA ENVIRONMENTAL SERVICES (AUSTRALIA) PTY LTD (ABN 20 051 316 584), VEOLIA ENVIRONMENTAL SERVICES (AUSTRALIA) PTY LTD & J.J RICHARDS TI TREE PTYLTD (ABN 67 450 387 919), VEOLIA HOLDINGS AUSTRALIA PTY LTD (ABN 82 663 593 093), VEOLIA RECYCLING & RECOVERY ANZ PTY LIMITED (ABN 18 002 658 255), VEOLIA RECYCLING & RECOVERY HOLDINGS ANZ PTY LTD (ABN 30 070 452 890), VEOLIA RECYCLING & RECOVERY PTY LTD (ABN 70 002 902 650), VEOLIA WATER AUSTRALIA PTY LTD (ABN 99 061 161 279) and VEOLIA WATER OPERATIONS PTY LTD (ABN 14 061 161 297) filed a joint modern slavery statement with the Australian Modern Slavery Register for the reporting period 2023-01-01 to 2023-12-31. The reporting entities are headquartered in Australia. The reporting entities have an annual revenue band of 1BN+. The reporting entities operate in the industry sectors: Utilities: gas, water and electricity Waste management and recycling. The statement also covers the included entities: BENDIGO WATER SERVICES PTY LIMITED (68 087 333 088), NORTH WEST ALLIANCE PTY LTD (25 164 277 614), VEOLIA ENERGY SERVICES AUSTRALIA PTY LTD (36 122 191 208), VEOLIA ENERGY SOLUTIONS PTY LTD (30 129 471 558), VEOLIA ENERGY TECHNICAL SERVICES PTY LTD (46 064 584 587), VEOLIA ENVIRONMENTAL SERVICES (AUSTRALIA) PTY LTD & J.J RICHARDS TI TREE PTYLTD (67 450 387 919), VEOLIA RECYCLING & RECOVERY (NSW) PTY LTD (93 524 709 106), VEOLIA WATER SERVICES (ANZ) PTY LTD (64 069 471 334), VEOLIA WATER UTILITIES (AUST.) PTY LTD (71 072 158 108), WESTERN RESOURCE RECOVERY PTY LTD (91 099 144 180). Register entry: https://modernslaveryregister.gov.au/statements/18305/.'}"
Modern slavery statement 2022-89: UNITING (NSW.ACT),document,{'content': 'UNITING (NSW.ACT) (ABN 78 722 539 923) filed a single modern slavery statement with the Australian Modern Slavery Register for the reporting period 2020-07-01 to 2021-06-30. The reporting entity is headquartered in Australia. The reporting entity has an annual revenue band of 800-900M. The reporting entity operates in the industry sectors: Healthcare and pharmaceuticals. Register entry: https://modernslaveryregister.gov.au/statements/7822/.'}
Modern slavery statement 2021-2125: DOF Management Australia Pty Ltd & DOF SUBSEA AUSTRALIA PTY LTD,document,"{'content': 'DOF Management Australia Pty Ltd (ABN 29 147 653 629) and DOF SUBSEA AUSTRALIA PTY LTD (ABN 53 083 000 239) filed a joint modern slavery statement with the Australian Modern Slavery Register for the reporting period 2020-01-01 to 2020-12-31. The reporting entities are headquartered in Australia, Norway. The reporting entities have an annual revenue band of 0-99M. The reporting entities operate in the industry sectors: Mining, metals, chemicals and resources (including oil and gas). Register entry: https://modernslaveryregister.gov.au/statements/4715/.'}"
Modern slavery statement 2025-1067: KAO AUSTRALIA PTY. LIMITED,document,"{'content': 'KAO AUSTRALIA PTY. LIMITED (ABN 59 054 708 299) filed a single modern slavery statement with the Australian Modern Slavery Register for the reporting period 2024-01-01 to 2024-12-31. The reporting entity is headquartered in Australia, Japan. The reporting entity has an annual revenue band of 100-150M. The reporting entity operates in the industry sectors: Cosmetics and toiletries. The statement also covers the included entities: BONDI SANDS AUSTRALIA PTY LTD (98 613 297 813), BONDI SANDS HOLD CO PTY LTD (78 640 233 889). Register entry: https://modernslaveryregister.gov.au/statements/23242/.'}"
Modern slavery statement 2024-2929: The Trustee for ICG Australia Senior Loan Fund,document,"{'content': 'The Trustee for ICG Australia Senior Loan Fund (ABN 85 838 414 235) filed a single modern slavery statement with the Australian Modern Slavery Register for the reporting period 2023-07-01 to 2024-06-30. The reporting entity is headquartered in Australia. The reporting entity has an annual revenue band of 100-150M. The reporting entity operates in the industry sectors: Financial, insurance and real estate activities. Register entry: https://modernslaveryregister.gov.au/statements/20503/.'}"
Modern slavery statement 2022-2062: ASHLEY SERVICES GROUP LIMITED,document,{'content': 'ASHLEY SERVICES GROUP LIMITED (ABN 92 094 747 510) filed a joint modern slavery statement with the Australian Modern Slavery Register for the reporting period 2021-07-01 to 2022-06-30. The reporting entity is headquartered in Australia. The reporting entity has an annual revenue band of 400-450M. The reporting entity operates in the industry sectors: Other. Register entry: https://modernslaveryregister.gov.au/statements/10727/.'}
Modern slavery statement 2025-1505: PIPEMAKERS AUSTRALIA PTY LTD,document,"{'content': 'PIPEMAKERS AUSTRALIA PTY LTD (ABN 76 061 712 365) filed a single modern slavery statement with the Australian Modern Slavery Register for the reporting period 2024-01-01 to 2024-12-31. The reporting entity is headquartered in Australia. The reporting entity has an annual revenue band of 200-250M. The reporting entity operates in the industry sectors: Construction, civil engineering and building products. Register entry: https://modernslaveryregister.gov.au/statements/23775/.'}"
Modern slavery statement 2025-2923: DUXTON CAPITAL HOLDINGS PTY LTD,document,"{'content': 'DUXTON CAPITAL HOLDINGS PTY LTD filed a single modern slavery statement with the Australian Modern Slavery Register for the reporting period 2024-07-01 to 2025-06-30. The reporting entity is headquartered in Australia. The reporting entity has an annual revenue band of 150-200M. The reporting entity operates in the industry sectors: Accommodation and Food Services Agriculture, Forestry and Fishing Financial and Insurance Services. Register entry: https://modernslaveryregister.gov.au/statements/25777/.'}"
Modern slavery statement 2021-2494: Jadestone Energy (Australia) Pty Ltd,document,"{'content': 'Jadestone Energy (Australia) Pty Ltd filed a joint modern slavery statement with the Australian Modern Slavery Register for the reporting period 2019-07-01 to 2020-06-30. The reporting entity is headquartered in Australia, Singapore. The reporting entity has an annual revenue band of 300-350M. The reporting entity operates in the industry sectors: Mining, metals, chemicals and resources (including oil and gas). Register entry: https://modernslaveryregister.gov.au/statements/5170/.'}"
Modern slavery statement 2024-2730: D.T GILBERT & S NICKLESS & W.R SPAIN & The Trustee for G & T SERVICE TRUST,document,"{'content': 'D.T GILBERT & S NICKLESS & W.R SPAIN (ABN 88 775 098 848) and The Trustee for G & T SERVICE TRUST (ABN 77 458 970 098) filed a joint modern slavery statement with the Australian Modern Slavery Register for the reporting period 2023-07-01 to 2024-06-30. The reporting entities are headquartered in Australia. The reporting entities have an annual revenue band of 450-500M. The reporting entities operate in the industry sectors: Professional and administrative services and supplies, including legal, consulting and accounting services. The statement also covers the included entities: G&T Capital Services Pty Ltd, G & T CONSULTANTS PTY. LTD. (46 068 298 448), G & T PREMISES PTY. LIMITED (64 091 984 922), The Trustee for Gilbert and Tobin Foundation (96 679 503 419), The Trustee for G&T LegalTech Solutions Unit Trust (64 876 640 692), The Trustee for G&T Professional Service Unit Trust (96 431 953 017), The Trustee for G&T Tax Agent Unit Trust (95 332 013 597). Register entry: https://modernslaveryregister.gov.au/statements/20526/.'}"
Modern slavery statement 2024-302: Panthers Catering Pty Ltd & PENRITH DISTRICT RUGBY LEAGUE FOOTBALL CLUB LIMITED & PENRITH RUGBY LEAGUE CLUB LTD et al.,document,"{'content': 'Panthers Catering Pty Ltd (ABN 55 125 979 393), PENRITH DISTRICT RUGBY LEAGUE FOOTBALL CLUB LIMITED (ABN 28 003 908 503), PENRITH RUGBY LEAGUE CLUB LTD (ABN 57 000 578 398) and The Trustee for MULGOA LAND TRUST NO 1 (ABN 55 245 739 756) filed a joint modern slavery statement with the Australian Modern Slavery Register for the reporting period 2022-11-01 to 2023-10-31. The reporting entities are headquartered in Australia. The reporting entities have an annual revenue band of 150-200M. The reporting entities operate in the industry sectors: Food and beverages, agriculture and fishing. The statement also covers the included entities: Panthers Catering Pty Ltd (55 125 979 393), PENRITH DISTRICT RUGBY LEAGUE FOOTBALL CLUB LIMITED (28 003 908 503), PENRITH RUGBY LEAGUE CLUB LTD (57 000 578 398), The Trustee for MULGOA LAND TRUST NO 1 (55 245 739 756). Register entry: https://modernslaveryregister.gov.au/statements/17208/.'}"
Modern slavery statement 2023-2936: RETAIL HOLDINGS PTY. LTD.,document,"{'content': 'RETAIL HOLDINGS PTY. LTD. (ABN 71 093 246 032) filed a joint modern slavery statement with the Australian Modern Slavery Register for the reporting period 2022-08-01 to 2023-07-31. The reporting entity is headquartered in Australia. The reporting entity has an annual revenue band of 450-500M. The reporting entity operates in the industry sectors: Fashion, textiles, apparel and luxury goods. The statement also covers the included entities: SPORTSGIRL PTY. LTD. (77 090 049 415), The Trustee for SUZANNE GRAE UNIT TRUST (11 580 943 436), The Trustee for THE SUSSAN LINGERIE & SPORTSWEAR TRUST (79 772 682 378). Register entry: https://modernslaveryregister.gov.au/statements/16179/.'}"
Modern slavery statement 2021-1277: BTO LT HOLD PTY LTD & BTO LT SUB PTY LTD & LA TROBE FINANCIAL ASSET MANAGEMENT LIMITED et al.,document,"{'content': 'BTO LT HOLD PTY LTD (ABN 85 623 323 044), BTO LT SUB PTY LTD (ABN 84 623 324 292), LA TROBE FINANCIAL ASSET MANAGEMENT LIMITED (ABN 27 007 332 363) and LA TROBE FINANCIAL PTY LIMITED (ABN 80 115 895 362) filed a joint modern slavery statement with the Australian Modern Slavery Register for the reporting period 2019-07-01 to 2020-06-30. The reporting entities are headquartered in Australia. The reporting entities have an annual revenue band of 1BN+. The reporting entities operate in the industry sectors: Financial, insurance and real estate activities. Register entry: https://modernslaveryregister.gov.au/statements/3186/.'}"
Modern slavery statement 2024-378: COLAS AUSTRALIA GROUP PTY LTD,document,"{'content': 'COLAS AUSTRALIA GROUP PTY LTD (ABN 11 000 388 161) filed a single modern slavery statement with the Australian Modern Slavery Register for the reporting period 2022-07-01 to 2023-06-30. The reporting entity is headquartered in Australia. The reporting entity has an annual revenue band of 700-800M. The reporting entity operates in the industry sectors: Construction, civil engineering and building products. The statement also covers the included entities: CENTRE STATE ASPHALTING PTY LTD (60 100 979 548), COLAS NEW SOUTH WALES PTY LTD (16 064 662 148), COLAS QUEENSLAND PTY LTD (91 169 872 208), COLAS SOLUTIONS PTY LTD (40 116 254 310), COLAS WESTERN AUSTRALIA PTY LTD (99 073 445 324), EAST ARM RESOURCES PTY LTD (41 636 993 783), HUTCHISON QUARRIES PTY LTD (22 010 207 888), INROADS PTY LTD (61 127 399 339), PRIMAL SURFACING PTY LTD (38 104 667 763), SAMI BITUMEN TECHNOLOGIES PTY LTD (52 001 089 416), TOP COAT ASPHALT CONTRACTORS PTY. LTD. (11 050 294 329), WESTERN QUARRIES PTY LTD (52 602 469 910). Register entry: https://modernslaveryregister.gov.au/statements/17311/.'}"
"Modern slavery statement 2023-252: Avetta, LLC",document,"{'content': 'Avetta, LLC filed a single modern slavery statement with the Australian Modern Slavery Register for the reporting period 2022-01-01 to 2022-12-31. The reporting entity is headquartered in United States of America. The reporting entity has an annual revenue band of 150-200M. The reporting entity operates in the industry sectors: Other. Register entry: https://modernslaveryregister.gov.au/statements/12444/.'}"
Modern slavery statement 2023-3317: PROTEN HOLDINGS PTY LTD & PROTEN PTY LIMITED & PROTEN TAMWORTH PTY LTD,document,"{'content': 'PROTEN HOLDINGS PTY LTD (ABN 98 437 402 706), PROTEN PTY LIMITED (ABN 80 109 715 488) and PROTEN TAMWORTH PTY LTD (ABN 12 109 715 513) filed a joint modern slavery statement with the Australian Modern Slavery Register for the reporting period 2022-07-01 to 2023-06-30. The reporting entities are headquartered in Australia. The reporting entities have an annual revenue band of 100-150M. The reporting entities operate in the industry sectors: Food and beverages, agriculture and fishing. The statement also covers the included entities: PROTEN HOLDINGS PTY LTD (98 437 402 706), PROTEN TAMWORTH PTY LTD (12 109 715 513). Register entry: https://modernslaveryregister.gov.au/statements/16599/.'}"
Modern slavery statement 2021-536: CITYWIDE SERVICE SOLUTIONS PTY LTD,document,"{'content': 'CITYWIDE SERVICE SOLUTIONS PTY LTD (ABN 94 066 960 085) filed a single modern slavery statement with the Australian Modern Slavery Register for the reporting period 2019-07-01 to 2020-06-30. The reporting entity is headquartered in Australia. The reporting entity has an annual revenue band of 200-250M. The reporting entity operates in the industry sectors: Utilities: gas, water and electricity Waste management and recycling Construction, civil engineering and building products. Register entry: https://modernslaveryregister.gov.au/statements/2062/.'}"
Modern slavery statement 2024-1067: TRELLEBORG HOLDINGS AUSTRALIA PTY LTD,document,"{'content': 'TRELLEBORG HOLDINGS AUSTRALIA PTY LTD filed a single modern slavery statement with the Australian Modern Slavery Register for the reporting period 2023-01-01 to 2023-12-31. The reporting entity is headquartered in Australia, Sweden. The reporting entity has an annual revenue band of 100-150M. The reporting entity operates in the industry sectors: Automotive, machinery and heavy electrical equipment. The statement also covers the included entities: TRELLEBORG MARINE SYSTEMS AUSTRALIA PTY LTD (88 098 290 432), TRELLEBORG PERTH PTY LTD (35 009 674 195). Register entry: https://modernslaveryregister.gov.au/statements/18334/.'}"
"Modern slavery statement 2025-3498: Greencross NSW Pty Ltd, Greencross Operations Pty Ltd, GREENCROSS PTY LIMITED, MAMMOTH PET HOLDINGS PTY LIMITED, MAMMOTH PET PTY LIMITED, PETBARN PTY LIMITED, VERMONT AUS HOLDCO PTY LTD, VERMONT AUS MIDCO PTY LTD, VERMONT AUS PTY LTD",document,"{'content': 'Greencross NSW Pty Ltd, Greencross Operations Pty Ltd, GREENCROSS PTY LIMITED, MAMMOTH PET HOLDINGS PTY LIMITED, MAMMOTH PET PTY LIMITED, PETBARN PTY LIMITED, VERMONT AUS HOLDCO PTY LTD, VERMONT AUS MIDCO PTY LTD, VERMONT AUS PTY LTD filed a joint modern slavery statement with the Australian Modern Slavery Register for the reporting period 2024-07-01 to 2025-06-30. The reporting entity is headquartered in Australia. The reporting entity has an annual revenue band of 1BN+. The reporting entity operates in the industry sectors: Professional, Scientific and Technical Services Retail Trade Other Services Agriculture, Forestry and Fishing Wholesale Trade. Register entry: https://modernslaveryregister.gov.au/statements/26554/.'}"
Modern slavery statement 2024-1142: BAXTER HEALTHCARE PTY LTD,document,"{'content': 'BAXTER HEALTHCARE PTY LTD filed a single modern slavery statement with the Australian Modern Slavery Register for the reporting period 2023-01-01 to 2023-12-31. The reporting entity is headquartered in United States of America. The reporting entity has an annual revenue band of 800-900M. The reporting entity operates in the industry sectors: Healthcare and pharmaceuticals. The statement also covers the included entities: HILL-ROM PTY LTD, TRUMPF MED (AUST) PTY LIMITED, VANTIVE PTY LTD, WELCH ALLYN AUSTRALIA PTY. LIMITED. Register entry: https://modernslaveryregister.gov.au/statements/18451/.'}"
Modern slavery statement 2021-2371: BROWNES FOODS OPERATIONS PTY LIMITED,document,"{'content': 'BROWNES FOODS OPERATIONS PTY LIMITED (ABN 60 146 849 881) filed a single modern slavery statement with the Australian Modern Slavery Register for the reporting period 2020-01-01 to 2020-12-31. The reporting entity is headquartered in Australia. The reporting entity has an annual revenue band of 200-250M. The reporting entity operates in the industry sectors: Food and beverages, agriculture and fishing. Register entry: https://modernslaveryregister.gov.au/statements/4997/.'}"
Modern slavery statement 2024-593: BESTBAR PTY LTD,document,"{'content': 'BESTBAR PTY LTD (ABN 48 068 713 539) filed a single modern slavery statement with the Australian Modern Slavery Register for the reporting period 2023-04-01 to 2024-03-31. The reporting entity is headquartered in Australia. The reporting entity has an annual revenue band of 450-500M. The reporting entity operates in the industry sectors: Construction, civil engineering and building products. Register entry: https://modernslaveryregister.gov.au/statements/17630/.'}"
Modern slavery statement 2021-2031: MEDECINS SANS FRONTIERES AUSTRALIA,document,{'content': 'MEDECINS SANS FRONTIERES AUSTRALIA (ABN 74 068 758 654) filed a single modern slavery statement with the Australian Modern Slavery Register for the reporting period 2020-01-01 to 2020-12-31. The reporting entity is headquartered in Australia. The reporting entity has an annual revenue band of 100-150M. The reporting entity operates in the industry sectors: Charitable / not-for-profit activities. Register entry: https://modernslaveryregister.gov.au/statements/4561/.'}
Modern slavery statement 2024-2071: QIC AGRIBUSINESS HOLDINGS PTY LTD & QIC AGRIBUSINESS PTY LTD & THE NORTH AUSTRALIAN PASTORAL COMPANY PTY. LIMITED et al.,document,"{'content': 'QIC AGRIBUSINESS HOLDINGS PTY LTD (ABN 93 612 232 112), QIC AGRIBUSINESS PTY LTD (ABN 36 612 233 119), THE NORTH AUSTRALIAN PASTORAL COMPANY PTY. LIMITED (ABN 35 009 591 511), THE TRUSTEE FOR NAPCO PROPERTIES (ABN 91 154 767 916), THE TRUSTEE FOR NAPCO PROPERTIES HOLDINGS TRUST (ABN 97 928 423 659) and The Trustee for NAPCO Properties Sub Holdings Trust (ABN 30 221 628 941) filed a joint modern slavery statement with the Australian Modern Slavery Register for the reporting period 2023-01-01 to 2024-03-31. The reporting entities are headquartered in Australia. The reporting entities have an annual revenue band of 900M-1BN. The reporting entities operate in the industry sectors: Food and beverages, agriculture and fishing. Register entry: https://modernslaveryregister.gov.au/statements/19596/.'}"
Modern slavery statement 2021-605: THE TRUSTEE FOR STATE STREET INTERNATIONAL EQUITIES INDEX TRUST,document,"{'content': 'THE TRUSTEE FOR STATE STREET INTERNATIONAL EQUITIES INDEX TRUST (ABN 29 930 490 857) filed a single modern slavery statement with the Australian Modern Slavery Register for the reporting period 2019-07-01 to 2020-06-30. The reporting entity is headquartered in Australia. The reporting entity has an annual revenue band of 100-150M. The reporting entity operates in the industry sectors: Financial, insurance and real estate activities. Register entry: https://modernslaveryregister.gov.au/statements/2191/.'}"
Modern slavery statement 2021-3333: KINETIC IT PTY LTD,document,{'content': 'KINETIC IT PTY LTD (ABN 97 072 941 943) filed a single modern slavery statement with the Australian Modern Slavery Register for the reporting period 2020-07-01 to 2021-06-30. The reporting entity is headquartered in Australia. The reporting entity has an annual revenue band of 200-250M. The reporting entity operates in the industry sectors: Information technology and telecommunication. Register entry: https://modernslaveryregister.gov.au/statements/6502/.'}
Modern slavery statement 2024-2219: ELDERCARE AUSTRALIA LTD,document,{'content': 'ELDERCARE AUSTRALIA LTD (ABN 63 758 127 271) filed a single modern slavery statement with the Australian Modern Slavery Register for the reporting period 2023-07-01 to 2024-06-30. The reporting entity is headquartered in Australia. The reporting entity has an annual revenue band of 100-150M. The reporting entity operates in the industry sectors: Healthcare and pharmaceuticals. Register entry: https://modernslaveryregister.gov.au/statements/19826/.'}
Modern slavery statement 2024-2066: Fonterra Co-operative Group Limited,document,"{'content': 'Fonterra Co-operative Group Limited filed a single modern slavery statement with the Australian Modern Slavery Register for the reporting period 2023-08-01 to 2024-07-31. The reporting entity is headquartered in New Zealand. The reporting entity has an annual revenue band of 1BN+. The reporting entity operates in the industry sectors: Food and beverages, agriculture and fishing. Register entry: https://modernslaveryregister.gov.au/statements/19588/.'}"
Modern slavery statement 2024-2969: RURAL FUNDS TRUST,document,"{'content': 'RURAL FUNDS TRUST (ABN 58 916 212 858) filed a single modern slavery statement with the Australian Modern Slavery Register for the reporting period 2023-07-01 to 2024-06-30. The reporting entity is headquartered in Australia. The reporting entity has an annual revenue band of 100-150M. The reporting entity operates in the industry sectors: Food and beverages, agriculture and fishing Financial, insurance and real estate activities. The statement also covers the included entities: RF Active (18 611 617 622). Register entry: https://modernslaveryregister.gov.au/statements/20843/.'}"
Modern slavery statement 2023-2238: COMPARE THE MARKET PTY LTD,document,"{'content': 'COMPARE THE MARKET PTY LTD filed a single modern slavery statement with the Australian Modern Slavery Register for the reporting period 2022-07-01 to 2023-06-30. The reporting entity is headquartered in Australia. The reporting entity has an annual revenue band of 100-150M. The reporting entity operates in the industry sectors: Information technology and telecommunication Financial, insurance and real estate activities. Register entry: https://modernslaveryregister.gov.au/statements/15236/.'}"
"Modern slavery statement 2021-141: Zimmermann Holdings Pty Ltd, Zimmermann International Pty Ltd, Zimmermann Wear Pty Ltd",document,"{'content': 'Zimmermann Holdings Pty Ltd, Zimmermann International Pty Ltd, Zimmermann Wear Pty Ltd filed a joint modern slavery statement with the Australian Modern Slavery Register for the reporting period 2019-07-01 to 2020-06-30. The reporting entity is headquartered in Australia. The reporting entity has an annual revenue band of Unknown. The reporting entity operates in the industry sectors: Fashion, textiles, apparel and luxury goods. Register entry: https://modernslaveryregister.gov.au/statements/1305/.'}"
Modern slavery statement 2022-2811: YENDA PRODUCERS CO-OPERATIVE SOCIETY LTD,document,"{'content': 'YENDA PRODUCERS CO-OPERATIVE SOCIETY LTD (ABN 79 134 587 268) filed a single modern slavery statement with the Australian Modern Slavery Register for the reporting period 2021-07-01 to 2022-06-30. The reporting entity is headquartered in Australia. The reporting entity has an annual revenue band of 100-150M. The reporting entity operates in the industry sectors: Food and beverages, agriculture and fishing. Register entry: https://modernslaveryregister.gov.au/statements/11711/.'}"
Modern slavery statement 2021-2904: EMERALD GRAIN PTY LTD,document,"{'content': 'EMERALD GRAIN PTY LTD (ABN 82 109 203 054) filed a single modern slavery statement with the Australian Modern Slavery Register for the reporting period 2020-07-01 to 2021-06-30. The reporting entity is headquartered in Australia. The reporting entity has an annual revenue band of 700-800M. The reporting entity operates in the industry sectors: Food and beverages, agriculture and fishing. Register entry: https://modernslaveryregister.gov.au/statements/5789/.'}"
Modern slavery statement 2024-1327: COX AUTOMOTIVE AUSTRALIA PTY LTD & MANHEIM PTY LTD,document,"{'content': 'COX AUTOMOTIVE AUSTRALIA PTY LTD (ABN 97 090 535 505) and MANHEIM PTY LTD (ABN 79 089 074 206) filed a joint modern slavery statement with the Australian Modern Slavery Register for the reporting period 2023-01-01 to 2023-12-31. The reporting entities are headquartered in Australia. The reporting entities have an annual revenue band of Unknown. The reporting entities operate in the industry sectors: Automotive, machinery and heavy electrical equipment Transportation, logistics, and storage Other. The statement also covers the included entities: MANHEIM PTY LTD (79 089 074 206). Register entry: https://modernslaveryregister.gov.au/statements/18575/.'}"
Modern slavery statement 2024-2979: MELBOURNE PRIMARY CARE NETWORK LIMITED,document,{'content': 'MELBOURNE PRIMARY CARE NETWORK LIMITED (ABN 93 153 323 436) filed a single modern slavery statement with the Australian Modern Slavery Register for the reporting period 2023-07-01 to 2024-06-30. The reporting entity is headquartered in Australia. The reporting entity has an annual revenue band of 100-150M. The reporting entity operates in the industry sectors: Healthcare and pharmaceuticals Charitable / not-for-profit activities. Register entry: https://modernslaveryregister.gov.au/statements/20857/.'}
Modern slavery statement 2026-11: DDT HOLDINGS PTY LTD,document,{'content': 'DDT HOLDINGS PTY LTD (ABN 20 137 675 140) filed a single modern slavery statement with the Australian Modern Slavery Register for the reporting period 2024-07-01 to 2025-06-30. The reporting entity is headquartered in Australia. The reporting entity has an annual revenue band of 250-300M. The reporting entity operates in the industry sectors: Wholesale Trade. Register entry: https://modernslaveryregister.gov.au/statements/27040/.'}
Modern slavery statement 2020-352: APA BIDCO PTY LIMITED & APA EE AUSTRALIA PTY LIMITED & APA EE HOLDINGS PTY LIMITED et al.,document,"{'content': 'APA BIDCO PTY LIMITED (ABN 54 603 054 717), APA EE AUSTRALIA PTY LIMITED (ABN 97 069 799 613), APA EE HOLDINGS PTY LIMITED (ABN 71 109 054 855), APA EE PTY LIMITED (ABN 78 069 799 533), APA Power Holdings Pty Limited (ABN 57 149 762 121), APA POWER PF PTY LIMITED (ABN 85 153 498 894), APA (SWQP) PTY LIMITED (ABN 67 066 656 219), APA TRANSMISSION PTY LIMITED (ABN 84 603 054 404), APA VTS AUSTRALIA (HOLDINGS) PTY LIMITED (ABN 68 104 581 142), APA VTS AUSTRALIA (OPERATIONS) PTY LIMITED (ABN 65 083 009 278), APA VTS AUSTRALIA PTY LIMITED (ABN 79 096 457 868), APA WGP PTY LTD (ABN 69 140 760 612), APT AM Holdings Pty Limited (ABN 95 124 754 383), APT PIPELINES INVESTMENTS (NSW) PTY LIMITED (ABN 51 065 070 966), APT PIPELINES INVESTMENTS (WA) PTY LIMITED (ABN 43 081 638 244), APT Pipelines Limited (ABN 89 009 666 700), AUSTRALIAN PIPELINE TRUST (ABN 21 858 175 226), DIAMANTINA HOLDING COMPANY PTY LIMITED (ABN 59 149 762 130), DIAMANTINA POWER STATION PTY LIMITED (ABN 55 149 762 176), EAST AUSTRALIAN PIPELINE PTY LIMITED (ABN 33 064 629 009), SCP INVESTMENTS (NO. 1) PTY LIMITED (ABN 37 084 521 817), The Trustee for EPIC ENERGY EAST PIPLINES TRUST (ABN 30 988 212 640) and THE TRUSTEE FOR THE APA SUB TRUST NO 2 (ABN 63 131 562 905) filed a joint modern slavery statement with the Australian Modern Slavery Register for the reporting period 2019-07-01 to 2020-06-30. The reporting entities are headquartered in Australia. The reporting entities have an annual revenue band of 1BN+. The reporting entities operate in the industry sectors: Utilities: gas, water and electricity. Register entry: https://modernslaveryregister.gov.au/statements/698/.'}"
Modern slavery statement 2023-309: MOSAIC BRANDS LIMITED,document,"{'content': 'MOSAIC BRANDS LIMITED (ABN 96 003 321 579) filed a single modern slavery statement with the Australian Modern Slavery Register for the reporting period 2021-07-01 to 2022-06-30. The reporting entity is headquartered in Australia. The reporting entity has an annual revenue band of 500-600M. The reporting entity operates in the industry sectors: Fashion, textiles, apparel and luxury goods. Register entry: https://modernslaveryregister.gov.au/statements/12529/.'}"
Modern slavery statement 2024-3134: BLUNDSTONE AUSTRALIA PTY LTD & H.A. CUTHBERTSON HOLDINGS PTY. LTD.,document,"{'content': 'BLUNDSTONE AUSTRALIA PTY LTD (ABN 60 009 475 852) and H.A. CUTHBERTSON HOLDINGS PTY. LTD. (ABN 88 009 493 350) filed a joint modern slavery statement with the Australian Modern Slavery Register for the reporting period 2023-07-01 to 2024-06-30. The reporting entities are headquartered in Australia. The reporting entities have an annual revenue band of 250-300M. The reporting entities operate in the industry sectors: Fashion, textiles, apparel and luxury goods. The statement also covers the included entities: Blundstone New Zealand Ltd, Blundstone (U.S.A.) Inc. Register entry: https://modernslaveryregister.gov.au/statements/21059/.'}"
Modern slavery statement 2021-903: WISETECH GLOBAL (AUSTRALIA) PTY LTD & WISETECH GLOBAL LIMITED,document,{'content': 'WISETECH GLOBAL (AUSTRALIA) PTY LTD (ABN 23 112 936 991) and WISETECH GLOBAL LIMITED (ABN 41 065 894 724) filed a joint modern slavery statement with the Australian Modern Slavery Register for the reporting period 2019-07-01 to 2020-06-30. The reporting entities are headquartered in Australia. The reporting entities have an annual revenue band of 600-700M. The reporting entities operate in the industry sectors: Information technology and telecommunication. Register entry: https://modernslaveryregister.gov.au/statements/2725/.'}
Modern slavery statement 2025-1390: REXEL HOLDINGS AUSTRALIA PTY LTD,document,"{'content': 'REXEL HOLDINGS AUSTRALIA PTY LTD filed a single modern slavery statement with the Australian Modern Slavery Register for the reporting period 2024-01-01 to 2024-12-31. The reporting entity is headquartered in Australia. The reporting entity has an annual revenue band of 900M-1BN. The reporting entity operates in the industry sectors: Construction, civil engineering and building products. The statement also covers the included entities: AUSTRALIAN REGIONAL WHOLESALERS PTY LIMITED, REXEL ELECTRICAL SUPPLIES PTY LTD. Register entry: https://modernslaveryregister.gov.au/statements/23654/.'}"
Modern slavery statement 2023-2512: Australian Wool Innovation Limited,document,{'content': 'Australian Wool Innovation Limited (ABN 12 095 165 558) filed a single modern slavery statement with the Australian Modern Slavery Register for the reporting period 2022-07-01 to 2023-06-30. The reporting entity is headquartered in Australia. The reporting entity has an annual revenue band of 0-99M. The reporting entity operates in the industry sectors: Charitable / not-for-profit activities. Register entry: https://modernslaveryregister.gov.au/statements/15618/.'}
Modern slavery statement 2024-934: AUSBIL INVESTMENT MANAGEMENT LIMITED,document,"{'content': 'AUSBIL INVESTMENT MANAGEMENT LIMITED (ABN 26 076 316 473) filed a single modern slavery statement with the Australian Modern Slavery Register for the reporting period 2023-01-01 to 2023-12-31. The reporting entity is headquartered in Australia. The reporting entity has an annual revenue band of 0-99M. The reporting entity operates in the industry sectors: Financial, insurance and real estate activities. Register entry: https://modernslaveryregister.gov.au/statements/18140/.'}"
Modern slavery statement 2022-2475: MISSION AUSTRALIA,document,{'content': 'MISSION AUSTRALIA (ABN 15 000 002 522) filed a single modern slavery statement with the Australian Modern Slavery Register for the reporting period 2021-07-01 to 2022-06-30. The reporting entity is headquartered in Australia. The reporting entity has an annual revenue band of 300-350M. The reporting entity operates in the industry sectors: Charitable / not-for-profit activities. Register entry: https://modernslaveryregister.gov.au/statements/11289/.'}
Modern slavery statement 2025-2078: BBC STUDIOS AUSTRALIA HOLDINGS PTY LTD,document,{'content': 'BBC STUDIOS AUSTRALIA HOLDINGS PTY LTD (ABN 85 127 624 104) filed a single modern slavery statement with the Australian Modern Slavery Register for the reporting period 2024-04-01 to 2025-03-31. The reporting entity is headquartered in Australia. The reporting entity has an annual revenue band of 100-150M. The reporting entity operates in the industry sectors: Information Media and Telecommunications. Register entry: https://modernslaveryregister.gov.au/statements/22733/.'}
Modern slavery statement 2025-566: BIG BEN HOLDINGS PTY. LIMITED,document,"{'content': ""BIG BEN HOLDINGS PTY. LIMITED (ABN 63 008 434 562) filed a single modern slavery statement with the Australian Modern Slavery Register for the reporting period 2024-04-01 to 2025-03-31. The reporting entity is headquartered in Australia. The reporting entity has an annual revenue band of 500-600M. The reporting entity operates in the industry sectors: Mining, metals, chemicals and resources (including oil and gas) Construction, civil engineering and building products. The statement also covers the included entities: ASHTONFIELDS PTY LIMITED (47 084 407 652), BIODIESEL INDUSTRIES AUSTRALIA PTY LIMITED (78 100 311 644), BLOOMFIELD COLLIERIES PTY LTD (76 000 106 972), Curlewis Coal & Coke Pty Limited (64 113 968 737), FOUR MILE MANAGEMENT SERVICES PTY LTD (69 097 135 281), FOUR MILE PTY LTD (62 000 407 803), GOONBRI COAL COMPANY PTY LIMITED (50 110 379 041), MCDOUGALL'S HILL DEVELOPMENT HOLDINGS PTY LTD (57 114 577 383), NORTHERN WAGGONS PTY LTD (38 000 082 075), PWG KING & SONS PTY LTD (73 120 223 047), RIX'S CREEK PTY. LIMITED (25 003 824 244). Register entry: https://modernslaveryregister.gov.au/statements/22468/.""}"
Modern slavery statement 2025-2149: RYMAN HEALTHCARE (AUSTRALIA) PTY LTD & Ryman Healthcare Limited,document,{'content': 'RYMAN HEALTHCARE (AUSTRALIA) PTY LTD (ABN 44 142 241 110) and Ryman Healthcare Limited filed a joint modern slavery statement with the Australian Modern Slavery Register for the reporting period 2024-04-01 to 2025-03-31. The reporting entities are headquartered in New Zealand. The reporting entities have an annual revenue band of 150-200M. The reporting entities operate in the industry sectors: Health Care and Social Assistance. Register entry: https://modernslaveryregister.gov.au/statements/24464/.'}
Modern slavery statement 2022-677: ALLERGAN AUSTRALIA PTY LIMITED,document,{'content': 'ALLERGAN AUSTRALIA PTY LIMITED (ABN 85 000 612 831) filed a single modern slavery statement with the Australian Modern Slavery Register for the reporting period 2020-12-31 to 2021-06-30. The reporting entity is headquartered in United States of America. The reporting entity has an annual revenue band of 100-150M. The reporting entity operates in the industry sectors: Healthcare and pharmaceuticals. Register entry: https://modernslaveryregister.gov.au/statements/8749/.'}
Modern slavery statement 2024-1531: KAEFER INTEGRATED SERVICES PTY LTD,document,"{'content': 'KAEFER INTEGRATED SERVICES PTY LTD (ABN 83 009 046 191) filed a single modern slavery statement with the Australian Modern Slavery Register for the reporting period 2023-01-01 to 2023-12-31. The reporting entity is headquartered in Germany. The reporting entity has an annual revenue band of 450-500M. The reporting entity operates in the industry sectors: Mining, metals, chemicals and resources (including oil and gas). Register entry: https://modernslaveryregister.gov.au/statements/18847/.'}"
Modern slavery statement 2024-1981: BUNDABERG SUGAR GROUP LTD,document,"{'content': 'BUNDABERG SUGAR GROUP LTD filed a single modern slavery statement with the Australian Modern Slavery Register for the reporting period 2023-04-01 to 2024-03-31. The reporting entity is headquartered in Australia. The reporting entity has an annual revenue band of 0-99M. The reporting entity operates in the industry sectors: Food and beverages, agriculture and fishing. Register entry: https://modernslaveryregister.gov.au/statements/19407/.'}"
Modern slavery statement 2021-2832: MITSUBISHI MOTORS AUSTRALIA LIMITED,document,"{'content': 'MITSUBISHI MOTORS AUSTRALIA LIMITED (ABN 53 007 870 395) filed a single modern slavery statement with the Australian Modern Slavery Register for the reporting period 2020-07-01 to 2021-06-30. The reporting entity is headquartered in Australia. The reporting entity has an annual revenue band of 1BN+. The reporting entity operates in the industry sectors: Automotive, machinery and heavy electrical equipment. Register entry: https://modernslaveryregister.gov.au/statements/5709/.'}"
Modern slavery statement 2020-37: MITSUBISHI AUSTRALIA LIMITED,document,"{'content': 'MITSUBISHI AUSTRALIA LIMITED (ABN 81 004 354 278) filed a single modern slavery statement with the Australian Modern Slavery Register for the reporting period 2019-07-01 to 2020-06-30. The reporting entity is headquartered in Japan. The reporting entity has an annual revenue band of Unknown. The reporting entity operates in the industry sectors: Mining, metals, chemicals and resources (including oil and gas) Transportation, logistics, and storage. Register entry: https://modernslaveryregister.gov.au/statements/123/.'}"
Modern slavery statement 2022-1987: AUTO & GENERAL HOLDINGS PTY LTD & Auto & General Insurance Company Limited & AUTO & GENERAL SERVICES PTY LTD,document,"{'content': 'AUTO & GENERAL HOLDINGS PTY LTD (ABN 84 086 321 459), Auto & General Insurance Company Limited (ABN 42 111 586 353) and AUTO & GENERAL SERVICES PTY LTD (ABN 61 003 617 909) filed a joint modern slavery statement with the Australian Modern Slavery Register for the reporting period 2021-07-01 to 2022-06-30. The reporting entities are headquartered in Australia. The reporting entities have an annual revenue band of 1BN+. The reporting entities operate in the industry sectors: Financial, insurance and real estate activities. Register entry: https://modernslaveryregister.gov.au/statements/10608/.'}"
Modern slavery statement 2022-949: CK WILLIAM AUSTRALIA BIDCO PTY LTD & CK WILLIAM AUSTRALIA HOLDINGS PTY LTD & DUET COMPANY PTY LIMITED et al.,document,"{'content': 'CK WILLIAM AUSTRALIA BIDCO PTY LTD (ABN 30 613 693 182), CK WILLIAM AUSTRALIA HOLDINGS PTY LTD (ABN 14 613 690 243), DUET COMPANY PTY LIMITED (ABN 93 163 100 061) and The Trustee for DIVERSIFIED UTILITY AND ENERGY TRUST 1 (ABN 83 495 791 796) filed a joint modern slavery statement with the Australian Modern Slavery Register for the reporting period 2021-01-01 to 2021-12-31. The reporting entities are headquartered in Australia, Hong Kong. The reporting entities have an annual revenue band of 1BN+. The reporting entities operate in the industry sectors: Utilities: gas, water and electricity. Register entry: https://modernslaveryregister.gov.au/statements/9034/.'}"
Modern slavery statement 2021-1329: FANTASTIC FURNITURE PTY LIMITED & FANTASTIC HOLDINGS PTY LIMITED & FHL DISTRIBUTION CENTRE PTY LTD et al.,document,"{'content': 'FANTASTIC FURNITURE PTY LIMITED (ABN 66 003 688 855), FANTASTIC HOLDINGS PTY LIMITED (ABN 19 004 000 775), FHL DISTRIBUTION CENTRE PTY LTD (ABN 96 114 853 315), FREEDOM FURNITURE AUSTRALIA PTY LIMITED (ABN 55 051 493 764), FUTURESLEEP PTY LTD (ABN 94 602 775 959), G & G FURNITURE IMPORTS PTY LIMITED (ABN 65 092 130 688), GREENLIT BRANDS PTY LIMITED (ABN 21 612 890 874), Original Mattress Factory Pty Limited (ABN 49 116 339 470), PLUSH-THINK SOFAS PTY LTD (ABN 55 080 012 595), SNOOZE MANAGEMENT PTY LTD (ABN 19 006 232 720) and UNITRANS ASIA PACIFIC PTY LTD (ABN 23 096 249 393) filed a joint modern slavery statement with the Australian Modern Slavery Register for the reporting period 2019-10-01 to 2020-09-30. The reporting entities are headquartered in Australia. The reporting entities have an annual revenue band of 1BN+. The reporting entities operate in the industry sectors: Durable consumer goods, including electronics and appliances, home furnishings and other accessories Transportation, logistics, and storage. Register entry: https://modernslaveryregister.gov.au/statements/3178/.'}"
"Modern slavery statement 2023-2340: Anatas Pte Ltd, ANATAS PTY LTD & ATTURRA ADVISORY GROUP PTY LTD & Atturra Asia Limited, ATTURRA HOLDINGS PTY LTD et al.",document,"{'content': 'Anatas Pte Ltd, ANATAS PTY LTD (ABN 46 133 185 458), ATTURRA ADVISORY GROUP PTY LTD (ABN 74 117 643 240), Atturra Asia Limited, ATTURRA HOLDINGS PTY LTD (ABN 46 132 368 104), ATTURRA LIMITED (ABN 34 654 662 638), ATTURRA OPERATIONS PTY LTD (ABN 71 654 045 557), ATTURRA PERSONNEL PTY LTD (ABN 95 652 098 489), Chartsmart Consulting Pty Ltd (ABN 88 133 375 112), CONNEXXION PTY LIMITED (ABN 80 105 196 423), CUBIC CONSULTING PTY LTD (ABN 67 133 185 547), ESAM CONSULTANTS PTY LTD (ABN 88 626 386 132), Foundation Technology Services Pty Ltd (ABN 23 101 129 588), FTS DATA & AI PTY LIMITED (ABN 90 126 566 336), FTSG PTY. LIMITED (ABN 66 616 447 397), FTS NHC PTY LTD (ABN 88 646 747 113), FTS Nominees Pty Ltd (ABN 14 919 351 900), FTS PHC PTY LTD (ABN 96 606 815 310), FTS RESOURCING PTY LIMITED (ABN 85 133 048 290), FTS VHC Pty Ltd (ABN 14 919 351 900), GALAXY 42 GROUP PTY LTD (ABN 72 627 989 584), GALAXY 42 PTY. LTD. (ABN 82 167 654 382), HAMMOND STREET DEVELOPMENTS PTY LTD (ABN 32 074 649 595), HAYES INFORMATION SYSTEMS AND COMMUNICATIONS PTY LTD (ABN 96 169 127 824), Kettering NZ Limited, Kettering Professional Services Pty Ltd (ABN 42 114 612 001), KOBOLD GROUP PTY LIMITED (ABN 67 105 421 976), MENTUM SYSTEMS PTY LTD (ABN 30 156 123 723), NOETIC SOLUTIONS PTY LIMITED (ABN 87 098 132 024), REGIONAL IT NEWCASTLE PTY LTD (ABN 35 137 565 916), SABERVOX PTY LTD (ABN 90 128 843 630), SME GATEWAY PTY LTD (ABN 51 106 981 560), Techtonics Group Limited, THE SOMERVILLE GROUP PTY LTD (ABN 67 002 876 360) and VERITEC PTY LTD (ABN 21 166 493 394) filed a joint modern slavery statement with the Australian Modern Slavery Register for the reporting period 2022-07-01 to 2023-06-30. The reporting entities are headquartered in Australia. The reporting entities have an annual revenue band of 150-200M. The reporting entities operate in the industry sectors: Information technology and telecommunication. The statement also covers the included entities: PROTEGIC PTY LTD (95 104 218 804). Register entry: https://modernslaveryregister.gov.au/statements/15383/.'}"
Modern slavery statement 2021-4009: The Trustee for L1 Capital Long Short Fund,document,"{'content': 'The Trustee for L1 Capital Long Short Fund (ABN 84 951 776 501) filed a single modern slavery statement with the Australian Modern Slavery Register for the reporting period 2020-07-01 to 2021-06-30. The reporting entity is headquartered in Australia. The reporting entity has an annual revenue band of 350-400M. The reporting entity operates in the industry sectors: Financial, insurance and real estate activities. Register entry: https://modernslaveryregister.gov.au/statements/7474/.'}"
Modern slavery statement 2021-3745: PILBARA MINERALS LIMITED,document,"{'content': 'PILBARA MINERALS LIMITED (ABN 95 112 425 788) filed a single modern slavery statement with the Australian Modern Slavery Register for the reporting period 2020-07-01 to 2021-06-30. The reporting entity is headquartered in Australia. The reporting entity has an annual revenue band of 150-200M. The reporting entity operates in the industry sectors: Mining, metals, chemicals and resources (including oil and gas). Register entry: https://modernslaveryregister.gov.au/statements/7113/.'}"
Modern slavery statement 2022-1391: BMI GROUP PTY LTD,document,{'content': 'BMI GROUP PTY LTD (ABN 86 075 195 756) filed a joint modern slavery statement with the Australian Modern Slavery Register for the reporting period 2021-07-01 to 2022-06-30. The reporting entity is headquartered in Australia. The reporting entity has an annual revenue band of 100-150M. The reporting entity operates in the industry sectors: Waste management and recycling. Register entry: https://modernslaveryregister.gov.au/statements/9701/.'}
Modern slavery statement 2025-278: Calix Inc.,document,"{'content': ""Calix Inc. filed a single modern slavery statement with the Australian Modern Slavery Register for the reporting period 2024-01-01 to 2024-12-31. The reporting entity is headquartered in United States of America. The reporting entity has an annual revenue band of 1BN+. The reporting entity operates in the industry sectors: Information technology and telecommunication. The statement also covers the included entities: Calix International Inc., Calix Ireland Limited, Calix Networks UK Ltd., Calix Network Tech. Dev't (Nanjing) Co. Ltd., CIDC Private Limited, NRVOUS LLC. Register entry: https://modernslaveryregister.gov.au/statements/22053/.""}"
Modern slavery statement 2023-102: AUSTRALIAN ENERGY MARKET OPERATOR LIMITED,document,"{'content': 'AUSTRALIAN ENERGY MARKET OPERATOR LIMITED (ABN 94 072 010 327) filed a single modern slavery statement with the Australian Modern Slavery Register for the reporting period 2021-07-01 to 2022-06-30. The reporting entity is headquartered in Australia. The reporting entity has an annual revenue band of 900M-1BN. The reporting entity operates in the industry sectors: Utilities: gas, water and electricity. Register entry: https://modernslaveryregister.gov.au/statements/12218/.'}"
Modern slavery statement 2025-1600: SPS COMMERCE INC,document,"{'content': 'SPS COMMERCE INC (ABN 93 724 120 808) filed a single modern slavery statement with the Australian Modern Slavery Register for the reporting period 2024-01-01 to 2024-12-31. The reporting entity is headquartered in Australia. The reporting entity has an annual revenue band of 600-700M. The reporting entity operates in the industry sectors: Other Services. The statement also covers the included entities: AutoSoez Commerce, Inc, D Masons Software LLC, GCommerce Data Cloud, Inc., GCommerce Fulfillment Cloud, LLC, GCommerce, Inc., Genius Central Systems, LLC, Intertrade Systems, Inc., Performance Analytics GmbH, Pingli B.V, SPS COMMERCE AUSTRALIA PTY LTD (79 151 021 779), SPS Commerce Canada, Ltd, SPS Commerce Holding B.V, SPS Commerce Netherlands B.V., SPS Commerce Philippines Inc., SPS Commerce Poland sp. z o.o., SPS Europe Limited, SPS Hong Kong Limited, SPS International, Inc., SPS Ukraine LLC, SupplyPike, Inc, TIE Commerce, Inc, TIE Kinetix DACH GmbH, TIE Kinetix Europe B.V, TIE Kinetix, Ltd., TIE Kinetix SAS, TIE MamboFive B.V, TIE Nederland B.V., TIE Product Development B.V.. Register entry: https://modernslaveryregister.gov.au/statements/23859/.'}"
Modern slavery statement 2021-277: MINTERELLISON & The Trustee for MINTER ELLISON SERVICES TRUST,document,"{'content': 'MINTERELLISON (ABN 91 556 716 819) and The Trustee for MINTER ELLISON SERVICES TRUST (ABN 55 971 237 295) filed a joint modern slavery statement with the Australian Modern Slavery Register for the reporting period 2019-07-01 to 2020-06-30. The reporting entities are headquartered in Australia. The reporting entities have an annual revenue band of 600-700M. The reporting entities operate in the industry sectors: Professional and administrative services and supplies, including legal, consulting and accounting services. Register entry: https://modernslaveryregister.gov.au/statements/1548/.'}"
Modern slavery statement 2020-335: KUEHNE & NAGEL PTY LTD,document,"{'content': 'KUEHNE & NAGEL PTY LTD (ABN 70 000 871 607) filed a single modern slavery statement with the Australian Modern Slavery Register for the reporting period 2019-07-01 to 2020-06-30. The reporting entity is headquartered in Switzerland. The reporting entity has an annual revenue band of 400-450M. The reporting entity operates in the industry sectors: Transportation, logistics, and storage. Register entry: https://modernslaveryregister.gov.au/statements/816/.'}"
Modern slavery statement 2023-2708: RELIANCE WORLDWIDE CORPORATION (AUST.) PTY. LTD. & RELIANCE WORLDWIDE CORPORATION LIMITED,document,{'content': 'RELIANCE WORLDWIDE CORPORATION (AUST.) PTY. LTD. (ABN 71 004 784 301) and RELIANCE WORLDWIDE CORPORATION LIMITED (ABN 46 610 855 877) filed a joint modern slavery statement with the Australian Modern Slavery Register for the reporting period 2022-07-01 to 2023-06-30. The reporting entities are headquartered in Australia. The reporting entities have an annual revenue band of 1BN+. The reporting entities operate in the industry sectors: Other. The statement also covers the included entities: RELIANCE WORLDWIDE CORPORATION (AUST.) PTY. LTD. (71 004 784 301). Register entry: https://modernslaveryregister.gov.au/statements/15901/.'}
Modern slavery statement 2023-2111: THE QUANTIUM GROUP HOLDINGS PTY LIMITED,document,{'content': 'THE QUANTIUM GROUP HOLDINGS PTY LIMITED filed a single modern slavery statement with the Australian Modern Slavery Register for the reporting period 2021-07-01 to 2022-06-30. The reporting entity is headquartered in Australia. The reporting entity has an annual revenue band of 250-300M. The reporting entity operates in the industry sectors: Other. Register entry: https://modernslaveryregister.gov.au/statements/15044/.'}
Modern slavery statement 2023-58: CRANKY HEALTH PTY LTD & CUSTOM BLENDING PTY LTD & CUSTOM FOODS PTY LTD et al.,document,"{'content': 'CRANKY HEALTH PTY LTD (ABN 90 604 301 831), CUSTOM BLENDING PTY LTD (ABN 11 618 366 813), CUSTOM FOODS PTY LTD (ABN 67 637 467 291) and CUSTOM SUPPLEMENTS PTY LTD (ABN 79 160 687 169) filed a joint modern slavery statement with the Australian Modern Slavery Register for the reporting period 2021-07-01 to 2022-06-30. The reporting entities are headquartered in Australia. The reporting entities have an annual revenue band of 100-150M. The reporting entities operate in the industry sectors: Food and beverages, agriculture and fishing. Register entry: https://modernslaveryregister.gov.au/statements/12153/.'}"
Modern slavery statement 2021-822: E.B. MAWSON & SONS PROPRIETARY LIMITED,document,"{'content': 'E.B. MAWSON & SONS PROPRIETARY LIMITED (ABN 14 004 519 617) filed a single modern slavery statement with the Australian Modern Slavery Register for the reporting period 2019-07-01 to 2020-06-30. The reporting entity is headquartered in Australia. The reporting entity has an annual revenue band of 100-150M. The reporting entity operates in the industry sectors: Construction, civil engineering and building products. Register entry: https://modernslaveryregister.gov.au/statements/2582/.'}"
Modern slavery statement 2023-1340: Allermuir Holdings Pty Ltd & Aurec Group Pty Ltd & AUREC PTY LTD et al.,document,"{'content': 'Allermuir Holdings Pty Ltd (ABN 29 104 800 482), Aurec Group Pty Ltd (ABN 73 147 561 028), AUREC PTY LTD (ABN 60 103 121 464), CHALFONT CONSULTING PTY LTD (ABN 79 648 842 111), DIGBY MORGAN PTY LTD (ABN 55 125 434 166), FINITE GROUP APAC PTY LTD (ABN 43 085 406 300), FinXL Professional Services Pty Ltd (ABN 74 104 804 793), HREXL Group Pty Ltd (ABN 26 143 956 781), HR Partners Pty Limited (ABN 54 124 424 022), RANDSTAD HOLDINGS PTY LIMITED (ABN 33 098 899 855) and RANDSTAD PTY LIMITED (ABN 28 080 275 378) filed a joint modern slavery statement with the Australian Modern Slavery Register for the reporting period 2022-01-01 to 2022-12-31. The reporting entities are headquartered in Australia, Netherlands. The reporting entities have an annual revenue band of 1BN+. The reporting entities operate in the industry sectors: Professional and administrative services and supplies, including legal, consulting and accounting services. Register entry: https://modernslaveryregister.gov.au/statements/13914/.'}"
Modern slavery statement 2025-789: UA AUSTRALIA PTY LTD,document,"{'content': 'UA AUSTRALIA PTY LTD (ABN 18 162 580 190) filed a single modern slavery statement with the Australian Modern Slavery Register for the reporting period 2024-04-01 to 2025-03-31. The reporting entity is headquartered in United States of America. The reporting entity has an annual revenue band of 0-99M. The reporting entity operates in the industry sectors: Fashion, textiles, apparel and luxury goods. Register entry: https://modernslaveryregister.gov.au/statements/22834/.'}"
Modern slavery statement 2025-1946: MOTT MACDONALD AUSTRALIA PTY LIMITED,document,"{'content': 'MOTT MACDONALD AUSTRALIA PTY LIMITED (ABN 13 134 120 353) filed a single modern slavery statement with the Australian Modern Slavery Register for the reporting period 2024-07-01 to 2025-06-30. The reporting entity is headquartered in United Kingdom. The reporting entity has an annual revenue band of 100-150M. The reporting entity operates in the industry sectors: Professional, Scientific and Technical Services. Register entry: https://modernslaveryregister.gov.au/statements/24304/.'}"
Modern slavery statement 2021-3376: THE BETHANIE GROUP INC,document,{'content': 'THE BETHANIE GROUP INC (ABN 60 992 323 648) filed a single modern slavery statement with the Australian Modern Slavery Register for the reporting period 2020-07-01 to 2021-06-30. The reporting entity is headquartered in Australia. The reporting entity has an annual revenue band of 100-150M. The reporting entity operates in the industry sectors: Other. Register entry: https://modernslaveryregister.gov.au/statements/6568/.'}
Modern slavery statement 2023-980: ABAX KINGFISHER PTY LTD,document,{'content': 'ABAX KINGFISHER PTY LTD (ABN 79 064 734 505) filed a single modern slavery statement with the Australian Modern Slavery Register for the reporting period 2022-07-01 to 2023-06-30. The reporting entity is headquartered in Australia. The reporting entity has an annual revenue band of 0-99M. The reporting entity operates in the industry sectors: Other. Register entry: https://modernslaveryregister.gov.au/statements/13530/.'}
Modern slavery statement 2023-1500: WEST AUSTRALIAN FOOTBALL COMMISSION INC,document,{'content': 'WEST AUSTRALIAN FOOTBALL COMMISSION INC (ABN 51 167 923 136) filed a single modern slavery statement with the Australian Modern Slavery Register for the reporting period 2022-07-01 to 2023-06-30. The reporting entity is headquartered in Australia. The reporting entity has an annual revenue band of 150-200M. The reporting entity operates in the industry sectors: Charitable / not-for-profit activities. Register entry: https://modernslaveryregister.gov.au/statements/14161/.'}
Modern slavery statement 2022-816: PEPPER MONEY LIMITED,document,"{'content': 'PEPPER MONEY LIMITED (ABN 55 094 317 665) filed a single modern slavery statement with the Australian Modern Slavery Register for the reporting period 2021-01-01 to 2021-12-31. The reporting entity is headquartered in Australia. The reporting entity has an annual revenue band of 350-400M. The reporting entity operates in the industry sectors: Financial, insurance and real estate activities. Register entry: https://modernslaveryregister.gov.au/statements/8971/.'}"
Modern slavery statement 2026-250: QUEENSLAND RAIL & QUEENSLAND RAIL LIMITED,document,"{'content': 'QUEENSLAND RAIL (ABN 68 598 268 528) and QUEENSLAND RAIL LIMITED (ABN 71 132 181 090) filed a joint modern slavery statement with the Australian Modern Slavery Register for the reporting period 2024-07-01 to 2025-06-30. The reporting entities are headquartered in Australia. The reporting entities have an annual revenue band of 1BN+. The reporting entities operate in the industry sectors: Transport, Postal and Warehousing. Register entry: https://modernslaveryregister.gov.au/statements/27438/.'}"
Modern slavery statement 2024-1638: ELECTRONICS BOUTIQUE AUSTRALIA PTY LIMITED,document,"{'content': 'ELECTRONICS BOUTIQUE AUSTRALIA PTY LIMITED (ABN 50 077 681 442) filed a single modern slavery statement with the Australian Modern Slavery Register for the reporting period 2023-02-01 to 2024-01-31. The reporting entity is headquartered in Australia. The reporting entity has an annual revenue band of 800-900M. The reporting entity operates in the industry sectors: Durable consumer goods, including electronics and appliances, home furnishings and other accessories Fashion, textiles, apparel and luxury goods. Register entry: https://modernslaveryregister.gov.au/statements/19006/.'}"
Modern slavery statement 2024-2435: The Trustee for REGAL ATLANTIC ABSOLUTE RETURN FUND & The Trustee for Regal Australian Active Extension Trust & The Trustee for Regal Australian Small Companies Fund,document,"{'content': 'The Trustee for REGAL ATLANTIC ABSOLUTE RETURN FUND (ABN 32 858 984 881), The Trustee for Regal Australian Active Extension Trust (ABN 61 684 738 227) and The Trustee for Regal Australian Small Companies Fund (ABN 36 910 012 302) filed a joint modern slavery statement with the Australian Modern Slavery Register for the reporting period 2023-07-01 to 2024-06-30. The reporting entities are headquartered in Australia. The reporting entities have an annual revenue band of 400-450M. The reporting entities operate in the industry sectors: Financial, insurance and real estate activities. Register entry: https://modernslaveryregister.gov.au/statements/20116/.'}"
Modern slavery statement 2025-3111: APIAM ANIMAL HEALTH LIMITED,document,{'content': 'APIAM ANIMAL HEALTH LIMITED (ABN 50 604 961 024) filed a single modern slavery statement with the Australian Modern Slavery Register for the reporting period 2024-07-01 to 2025-06-30. The reporting entity is headquartered in Australia. The reporting entity has an annual revenue band of 200-250M. The reporting entity operates in the industry sectors: Other Services. Register entry: https://modernslaveryregister.gov.au/statements/26052/.'}
Modern slavery statement 2021-633: DYNO NOBEL ASIA PACIFIC PTY LIMITED & DYNO NOBEL MORANBAH PTY LTD & DYNO NOBEL PTY LIMITED et al.,document,"{'content': 'DYNO NOBEL ASIA PACIFIC PTY LIMITED (ABN 38 003 269 010), DYNO NOBEL MORANBAH PTY LTD (ABN 63 115 650 649), DYNO NOBEL PTY LIMITED (ABN 44 117 733 463), INCITEC FERTILIZERS PTY LIMITED (ABN 56 103 709 155), INCITEC PIVOT EXPLOSIVES HOLDINGS PTY LIMITED (ABN 88 124 351 328), INCITEC PIVOT INVESTMENTS 1 PTY LTD (ABN 18 130 242 090), INCITEC PIVOT LIMITED (ABN 42 004 080 264) and SOUTHERN CROSS FERTILISERS PTY LTD (ABN 30 004 936 850) filed a joint modern slavery statement with the Australian Modern Slavery Register for the reporting period 2019-10-01 to 2020-09-30. The reporting entities are headquartered in Australia. The reporting entities have an annual revenue band of 1BN+. The reporting entities operate in the industry sectors: Mining, metals, chemicals and resources (including oil and gas). Register entry: https://modernslaveryregister.gov.au/statements/1974/.'}"
Modern slavery statement 2022-2063: NOTE PRINTING AUSTRALIA LIMITED & RESERVE BANK OF AUSTRALIA,document,{'content': 'NOTE PRINTING AUSTRALIA LIMITED (ABN 86 082 630 671) and RESERVE BANK OF AUSTRALIA (ABN 50 008 559 486) filed a joint modern slavery statement with the Australian Modern Slavery Register for the reporting period 2021-07-01 to 2022-06-30. The reporting entities are headquartered in Australia. The reporting entities have an annual revenue band of 1BN+. The reporting entities operate in the industry sectors: Other. Register entry: https://modernslaveryregister.gov.au/statements/10703/.'}
Modern slavery statement 2022-178: POSSABILITY GROUP LTD,document,{'content': 'POSSABILITY GROUP LTD (ABN 58 638 044 327) filed a single modern slavery statement with the Australian Modern Slavery Register for the reporting period 2020-07-01 to 2021-06-30. The reporting entity is headquartered in Australia. The reporting entity has an annual revenue band of 100-150M. The reporting entity operates in the industry sectors: Charitable / not-for-profit activities. Register entry: https://modernslaveryregister.gov.au/statements/7957/.'}
Modern slavery statement 2025-557: NOVARTIS AUSTRALIA PTY LIMITED & NOVARTIS PHARMACEUTICALS AUSTRALIA PTY LIMITED,document,{'content': 'NOVARTIS AUSTRALIA PTY LIMITED (ABN 81 004 371 224) and NOVARTIS PHARMACEUTICALS AUSTRALIA PTY LIMITED (ABN 18 004 244 160) filed a joint modern slavery statement with the Australian Modern Slavery Register for the reporting period 2024-01-01 to 2024-12-31. The reporting entities are headquartered in Switzerland. The reporting entities have an annual revenue band of 700-800M. The reporting entities operate in the industry sectors: Healthcare and pharmaceuticals. The statement also covers the included entities: NOVARTIS PHARMACEUTICALS AUSTRALIA PTY LIMITED (18 004 244 160). Register entry: https://modernslaveryregister.gov.au/statements/22486/.'}
Modern slavery statement 2021-1965: ALLEGIS GROUP APAC HOLDINGS PTY LTD & ALLEGIS GROUP AUSTRALIA PTY LTD.,document,"{'content': 'ALLEGIS GROUP APAC HOLDINGS PTY LTD (ABN 84 159 406 523) and ALLEGIS GROUP AUSTRALIA PTY LTD. (ABN 81 105 143 324) filed a joint modern slavery statement with the Australian Modern Slavery Register for the reporting period 2020-01-01 to 2020-12-31. The reporting entities are headquartered in Australia. The reporting entities have an annual revenue band of 200-250M. The reporting entities operate in the industry sectors: Professional and administrative services and supplies, including legal, consulting and accounting services. Register entry: https://modernslaveryregister.gov.au/statements/4442/.'}"
Modern slavery statement 2020-404: RAA INSURANCE HOLDINGS LIMITED & RAA INSURANCE LIMITED & ROYAL AUTOMOBILE ASSOCIATION OF SOUTH AUSTRALIA INCORPORATED,document,"{'content': 'RAA INSURANCE HOLDINGS LIMITED (ABN 52 008 210 062), RAA INSURANCE LIMITED (ABN 14 007 872 602) and ROYAL AUTOMOBILE ASSOCIATION OF SOUTH AUSTRALIA INCORPORATED (ABN 90 020 001 807) filed a joint modern slavery statement with the Australian Modern Slavery Register for the reporting period 2019-07-01 to 2020-06-30. The reporting entities are headquartered in Australia. The reporting entities have an annual revenue band of 450-500M. The reporting entities operate in the industry sectors: Consumer services, including accommodation, hospitality, tourism and leisure Financial, insurance and real estate activities Charitable / not-for-profit activities. Register entry: https://modernslaveryregister.gov.au/statements/914/.'}"
Modern slavery statement 2026-264: DIRECT DIGITAL GROUP HOLDINGS PTY LTD,document,"{'content': 'DIRECT DIGITAL GROUP HOLDINGS PTY LTD filed a single modern slavery statement with the Australian Modern Slavery Register for the reporting period 2024-07-01 to 2025-06-30. The reporting entity is headquartered in Australia. The reporting entity has an annual revenue band of 150-200M. The reporting entity operates in the industry sectors: Retail Trade. The statement also covers the included entities: DIRECT PUBLISHING PTY LTD, INNOVATIONS DIRECT PTY. LIMITED, TVSN CHANNEL PTY LTD. Register entry: https://modernslaveryregister.gov.au/statements/27454/.'}"
Modern slavery statement 2023-3007: GEOCON CONSTRUCTORS (ACT) PTY LTD & GEOCON GROUP PTY LTD & ICONIC HOTELS PTY LTD,document,"{'content': 'GEOCON CONSTRUCTORS (ACT) PTY LTD (ABN 56 163 299 769), GEOCON GROUP PTY LTD (ABN 36 165 918 356) and ICONIC HOTELS PTY LTD (ABN 87 620 145 860) filed a joint modern slavery statement with the Australian Modern Slavery Register for the reporting period 2022-07-01 to 2023-06-30. The reporting entities are headquartered in Australia. The reporting entities have an annual revenue band of 250-300M. The reporting entities operate in the industry sectors: Food and beverages, agriculture and fishing Construction, civil engineering and building products Consumer services, including accommodation, hospitality, tourism and leisure. Register entry: https://modernslaveryregister.gov.au/statements/16262/.'}"
Modern slavery statement 2024-18: AUSTRALIAN FRESH MILK HOLDINGS PTY LTD,document,"{'content': 'AUSTRALIAN FRESH MILK HOLDINGS PTY LTD filed a joint modern slavery statement with the Australian Modern Slavery Register for the reporting period 2023-01-01 to 2023-12-31. The reporting entity is headquartered in Australia. The reporting entity has an annual revenue band of 150-200M. The reporting entity operates in the industry sectors: Food and beverages, agriculture and fishing. The statement also covers the included entities: AUSTRALIAN FRESH MILK GENETICS PTY LTD, AUSTRALIAN FRESH MILK INVESTMENTS PTY LTD, AUSTRALIAN FRESH MILK TRADING PTY LTD, FRESH DAIRY HOLDINGS PTY LTD. Register entry: https://modernslaveryregister.gov.au/statements/16733/.'}"
Modern slavery statement 2022-1331: MEARS GROUP PTY LTD,document,"{'content': 'MEARS GROUP PTY LTD (ABN 92 149 486 500) filed a single modern slavery statement with the Australian Modern Slavery Register for the reporting period 2021-07-01 to 2022-06-30. The reporting entity is headquartered in Australia. The reporting entity has an annual revenue band of 600-700M. The reporting entity operates in the industry sectors: Mining, metals, chemicals and resources (including oil and gas) Automotive, machinery and heavy electrical equipment Utilities: gas, water and electricity Construction, civil engineering and building products. Register entry: https://modernslaveryregister.gov.au/statements/9622/.'}"
Modern slavery statement 2022-2714: AMATEK HOLDINGS PTY LIMITED & AMATEK INDUSTRIES PTY LIMITED & AMATEK INVESTMENTS PTY LIMITED et al.,document,"{'content': 'AMATEK HOLDINGS PTY LIMITED (ABN 42 081 878 453), AMATEK INDUSTRIES PTY LIMITED (ABN 27 081 870 653), AMATEK INVESTMENTS PTY LIMITED (ABN 40 081 870 706), BANDELLE PTY. LIMITED (ABN 26 003 921 891), BARON INSULATION PTY LTD (ABN 99 132 459 931), CRANE ENFIELD METALS PTY. LIMITED (ABN 51 008 408 151), CRANE GROUP PTY LIMITED (ABN 91 008 410 302), CRANE SHARE PLAN PTY LTD (ABN 57 080 982 207), CREVET PIPELINES PTY LTD (ABN 26 002 992 896), CREVET PTY LTD (ABN 25 011 027 115), CTCI PTY LIMITED (ABN 86 152 253 837), EE-FIT PTY LIMITED (ABN 82 147 368 358), FBHS (AUST) PTY LTD (ABN 83 126 232 504), FBSOL PTY LIMITED (ABN 75 147 653 825), FLETCHER BUILDING (AUSTRALIA) PTY LTD (ABN 11 093 539 452), FLETCHER BUILDING PRODUCTS AUSTRALIA PTY LTD (ABN 72 166 188 610), FLETCHER INDUSTRIES AUSTRALIA PTY LIMITED (ABN 97 009 643 672), FLETCHER INSULATION PTY LIMITED (ABN 72 001 175 355), GATIC PTY LIMITED (ABN 78 006 799 757), GERALDTON INDEPENDENT BUILDING SUPPLIES PTY LTD (ABN 55 097 089 944), IPLEX PIPELINES AUSTRALIA PTY LIMITED (ABN 56 079 613 308), IPLEX PROPERTIES PTY. LIMITED (ABN 91 080 073 070), KEY PLASTICS PTY LTD (ABN 80 000 063 623), KINGSTON BRIDGE ENGINEERING PTY LTD (ABN 38 068 106 356), LAMINEX GROUP PTY LIMITED (ABN 98 004 093 092), LAMINEX US HOLDINGS PTY LIMITED (ABN 18 125 357 066), MILNES HOLDINGS PTY LTD (ABN 96 003 466 591), MORINDA AUSTRALIA PTY LTD (ABN 34 082 051 287), NORTHERN IRON AND BRASS FOUNDRY PTY LTD (ABN 83 078 991 803), OLIVERI SOLUTIONS PTY LIMITED (ABN 12 007 551 886), POLYMER FUSION EDUCATION PTY LTD (ABN 47 102 473 049), S CUBED PTY LIMITED (ABN 73 147 653 816), STRAMIT CORPORATION PTY LIMITED (ABN 57 005 010 195), TASMAN AUSTRALIA PTY LIMITED (ABN 43 081 835 074), TASMAN BUILDING PRODUCTS PTY LIMITED (ABN 62 081 835 154), TBP GROUP PTY LTD (ABN 68 083 878 460) and TRADELINK PTY LIMITED (ABN 29 000 003 832) filed a joint modern slavery statement with the Australian Modern Slavery Register for the reporting period 2021-07-01 to 2022-06-30. The reporting entities are headquartered in New Zealand. The reporting entities have an annual revenue band of 1BN+. The reporting entities operate in the industry sectors: Construction, civil engineering and building products. Register entry: https://modernslaveryregister.gov.au/statements/11588/.'}"
Modern slavery statement 2021-3899: HENGTONG CABLE AUSTRALIA PTY LTD,document,"{'content': 'HENGTONG CABLE AUSTRALIA PTY LTD (ABN 20 620 520 541) filed a single modern slavery statement with the Australian Modern Slavery Register for the reporting period 2020-01-01 to 2020-12-31. The reporting entity is headquartered in Australia. The reporting entity has an annual revenue band of 0-99M. The reporting entity operates in the industry sectors: Utilities: gas, water and electricity Other. Register entry: https://modernslaveryregister.gov.au/statements/7351/.'}"
Modern slavery statement 2020-78: REDOX GROUP PTY LTD,document,"{'content': 'REDOX GROUP PTY LTD (ABN 42 627 118 101) filed a single modern slavery statement with the Australian Modern Slavery Register for the reporting period 2019-07-01 to 2020-06-30. The reporting entity is headquartered in Australia. The reporting entity has an annual revenue band of 700-800M. The reporting entity operates in the industry sectors: Mining, metals, chemicals and resources (including oil and gas). Register entry: https://modernslaveryregister.gov.au/statements/249/.'}"
Modern slavery statement 2024-3336: HORTICULTURE INNOVATION AUSTRALIA LIMITED,document,"{'content': 'HORTICULTURE INNOVATION AUSTRALIA LIMITED (ABN 71 602 100 149) filed a single modern slavery statement with the Australian Modern Slavery Register for the reporting period 2023-07-01 to 2024-06-30. The reporting entity is headquartered in Australia. The reporting entity has an annual revenue band of 200-250M. The reporting entity operates in the industry sectors: Food and beverages, agriculture and fishing Education and research Charitable / not-for-profit activities. Register entry: https://modernslaveryregister.gov.au/statements/21299/.'}"
Modern slavery statement 2025-1667: SOCIETE GENERALE,document,"{'content': 'SOCIETE GENERALE (ABN 71 092 516 286) filed a single modern slavery statement with the Australian Modern Slavery Register for the reporting period 2024-01-01 to 2024-12-31. The reporting entity is headquartered in France. The reporting entity has an annual revenue band of 1BN+. The reporting entity operates in the industry sectors: Financial, insurance and real estate activities. Register entry: https://modernslaveryregister.gov.au/statements/23935/.'}"
Modern slavery statement 2025-3791: PAUL RAMSAY FOUNDATION LIMITED & PAUL RAMSAY HOLDINGS PTY. LIMITED,document,{'content': 'PAUL RAMSAY FOUNDATION LIMITED (ABN 32 623 132 472) and PAUL RAMSAY HOLDINGS PTY. LIMITED (ABN 33 008 446 151) filed a joint modern slavery statement with the Australian Modern Slavery Register for the reporting period 2024-07-01 to 2025-06-30. The reporting entities are headquartered in Australia. The reporting entities have an annual revenue band of 200-250M. The reporting entities operate in the industry sectors: Other Services. The statement also covers the included entities: PLANTATION PALMS PROPERTIES PTY LTD (30 106 576 087). Register entry: https://modernslaveryregister.gov.au/statements/26895/.'}
Modern slavery statement 2024-3347: ATLAS IRON PTY LTD,document,"{'content': 'ATLAS IRON PTY LTD filed a single modern slavery statement with the Australian Modern Slavery Register for the reporting period 2023-07-01 to 2024-06-30. The reporting entity is headquartered in Australia. The reporting entity has an annual revenue band of 1BN+. The reporting entity operates in the industry sectors: Mining, metals, chemicals and resources (including oil and gas). The statement also covers the included entities: Atlas Operations Pty Ltd (11 122 835 947), ATLAS PTY LTD (25 161 762 116), AUROX RESOURCES PTY LTD (32 106 793 560), AUSTRALIAN MANGANESE PTY LTD, CARLINGA MINING PTY LTD (84 077 264 487), FERRAUS LIMITED, FerrAus Manganese Pty Ltd (48 147 298 940), Ferro Metals Australia Pty Ltd, GIRALIA RESOURCES PTY LTD, SOUTH EAST PILBARA ASSETS PTY LTD, ST GEORGE MAGNETITE PTY LTD, TALLERING RESOURCES PTY LTD, WARWICK RESOURCES LIMITED. Register entry: https://modernslaveryregister.gov.au/statements/21313/.'}"
Modern slavery statement 2025-2092: APPLE PTY LIMITED & Apple Sales New Zealand,document,"{'content': 'APPLE PTY LIMITED (ABN 46 002 510 054) and Apple Sales New Zealand filed a joint modern slavery statement with the Australian Modern Slavery Register for the reporting period 2024-07-01 to 2025-06-30. The reporting entities are headquartered in Australia, New Zealand. The reporting entities have an annual revenue band of 1BN+. The reporting entities operate in the industry sectors: Other Services Retail Trade Wholesale Trade. Register entry: https://modernslaveryregister.gov.au/statements/24540/.'}"
Modern slavery statement 2023-2974: FDC CONSTRUCTION & FITOUT (QLD) PTY LIMITED & FDC CONSTRUCTION & FITOUT (VIC) PTY LIMITED & FDC CONSTRUCTION (NSW) PTY LIMITED et al.,document,"{'content': 'FDC CONSTRUCTION & FITOUT (QLD) PTY LIMITED (ABN 41 134 454 274), FDC CONSTRUCTION & FITOUT (VIC) PTY LIMITED (ABN 17 134 448 507), FDC CONSTRUCTION (NSW) PTY LIMITED (ABN 72 608 609 427), FDC FITOUT & REFURBISHMENT (NSW) PTY LIMITED (ABN 29 618 496 558) and FDC GROUP HOLDINGS PTY LTD (ABN 68 615 183 358) filed a joint modern slavery statement with the Australian Modern Slavery Register for the reporting period 2022-07-01 to 2023-06-30. The reporting entities are headquartered in Australia. The reporting entities have an annual revenue band of 1BN+. The reporting entities operate in the industry sectors: Construction, civil engineering and building products. The statement also covers the included entities: FDC BUSINESS SERVICES PTY LTD (70 615 190 657), FDC CONSTRUCTION & FITOUT (ACT) PTY LTD (63 608 609 392), FDC CONSTRUCTION & FITOUT (SA) PTY LTD (61 603 471 094), FDC CONSTRUCTION & FITOUT (WA) PTY LIMITED (51 158 555 081), FDC MECHANICAL SERVICES PTY LIMITED (24 114 931 583). Register entry: https://modernslaveryregister.gov.au/statements/16223/.'}"
Modern slavery statement 2025-1834: MIDOCEAN ENERGY PARENT PTY LTD,document,"{'content': 'MIDOCEAN ENERGY PARENT PTY LTD (ABN 31 666 688 786) filed a single modern slavery statement with the Australian Modern Slavery Register for the reporting period 2024-01-01 to 2024-12-31. The reporting entity is headquartered in United Kingdom, United States of America. The reporting entity has an annual revenue band of 450-500M. The reporting entity operates in the industry sectors: Mining, metals, chemicals and resources (including oil and gas). The statement also covers the included entities: 155 063 362 PTY LTD, 155 063 371 PTY LTD, MIDOCEAN ENERGY HOLDINGS PTY LTD, MIDOCEAN ENERGY PARENT 2 PTY LTD, MIDOCEAN ENERGY PARENT 3 PTY LTD, MIDOCEAN ENERGY PARENT 4 PTY LTD, MIDOCEAN GORGON PTY LTD, MIDOCEAN MAKO HOLDCO PTY LTD, MIDOCEAN MAKO PARENT PTY LTD, MIDOCEAN PLUTO PTY LTD, MIDOCEAN QCLNG PTY LTD, MIDOCEAN REEF BIDCO PTY LTD, MIDOCEAN REEF PARENT PTY LTD. Register entry: https://modernslaveryregister.gov.au/statements/24126/.'}"
Modern slavery statement 2024-2004: Nomura Global Financial Products Inc.,document,"{'content': 'Nomura Global Financial Products Inc. filed a single modern slavery statement with the Australian Modern Slavery Register for the reporting period 2023-04-01 to 2024-03-31. The reporting entity is headquartered in United States of America. The reporting entity has an annual revenue band of 1BN+. The reporting entity operates in the industry sectors: Financial, insurance and real estate activities. Register entry: https://modernslaveryregister.gov.au/statements/19518/.'}"
Modern slavery statement 2022-170: WESBEAM PTY LTD,document,"{'content': 'WESBEAM PTY LTD (ABN 89 004 268 017) filed a single modern slavery statement with the Australian Modern Slavery Register for the reporting period 2020-07-01 to 2021-06-30. The reporting entity is headquartered in Australia. The reporting entity has an annual revenue band of 200-250M. The reporting entity operates in the industry sectors: Forestry, timber products, paper and containers and packaging. Register entry: https://modernslaveryregister.gov.au/statements/7946/.'}"
Modern slavery statement 2024-1755: WF AUTOMOTIVE PTY LTD,document,"{'content': 'WF AUTOMOTIVE PTY LTD (ABN 69 617 175 158) filed a single modern slavery statement with the Australian Modern Slavery Register for the reporting period 2022-07-01 to 2023-06-30. The reporting entity is headquartered in Australia. The reporting entity has an annual revenue band of 150-200M. The reporting entity operates in the industry sectors: Automotive, machinery and heavy electrical equipment. Register entry: https://modernslaveryregister.gov.au/statements/19171/.'}"
Modern slavery statement 2021-977: QUIKSILVER AUSTRALIA PTY LTD,document,"{'content': 'QUIKSILVER AUSTRALIA PTY LTD (ABN 20 091 136 195) filed a joint modern slavery statement with the Australian Modern Slavery Register for the reporting period 2019-11-01 to 2020-10-30. The reporting entity is headquartered in Australia. The reporting entity has an annual revenue band of 500-600M. The reporting entity operates in the industry sectors: Fashion, textiles, apparel and luxury goods. Register entry: https://modernslaveryregister.gov.au/statements/2840/.'}"
Modern slavery statement 2024-1724: UNITED WOOL COMPANY PTY LTD,document,"{'content': 'UNITED WOOL COMPANY PTY LTD (ABN 84 164 061 198) filed a single modern slavery statement with the Australian Modern Slavery Register for the reporting period 2022-07-01 to 2023-06-30. The reporting entity is headquartered in Australia. The reporting entity has an annual revenue band of 100-150M. The reporting entity operates in the industry sectors: Fashion, textiles, apparel and luxury goods. Register entry: https://modernslaveryregister.gov.au/statements/19127/.'}"
Modern slavery statement 2025-2319: Deputec Pty Ltd & DEPUTY GROUP PTY LTD,document,{'content': 'Deputec Pty Ltd (ABN 91 133 632 327) and DEPUTY GROUP PTY LTD (ABN 28 608 535 093) filed a joint modern slavery statement with the Australian Modern Slavery Register for the reporting period 2024-07-01 to 2025-06-30. The reporting entities are headquartered in Australia. The reporting entities have an annual revenue band of 100-150M. The reporting entities operate in the industry sectors: Other Services. The statement also covers the included entities: Deputy EMEA Limited. Register entry: https://modernslaveryregister.gov.au/statements/24878/.'}
Modern slavery statement 2025-1104: Rothesay Limited,document,"{'content': 'Rothesay Limited filed a single modern slavery statement with the Australian Modern Slavery Register for the reporting period 2024-01-01 to 2024-12-31. The reporting entity is headquartered in United Kingdom. The reporting entity has an annual revenue band of 1BN+. The reporting entity operates in the industry sectors: Financial, insurance and real estate activities. The statement also covers the included entities: LT Mortgage Financing Limited, ROTHESAY ASSET MANAGEMENT AUSTRALIA PTY LTD, Rothesay Asset Management North America LLC, Rothesay Asset Management (UK) Limited, Rothesay Foundation, Rothesay Life PLC, Rothesay MA No. 1 Limited, Rothesay MA No. 3 Limited, Rothesay MA No. 4 Limited, Rothesay Mortgages Limited, Rothesay Pensions Management Limited, Rothesay Property Partnership 1 LLP. Register entry: https://modernslaveryregister.gov.au/statements/23211/.'}"
Modern slavery statement 2023-334: SIMON GEORGE AND SONS PTY LTD,document,"{'content': 'SIMON GEORGE AND SONS PTY LTD (ABN 55 104 866 284) filed a single modern slavery statement with the Australian Modern Slavery Register for the reporting period 2021-07-01 to 2022-06-30. The reporting entity is headquartered in Australia. The reporting entity has an annual revenue band of 100-150M. The reporting entity operates in the industry sectors: Food and beverages, agriculture and fishing. Register entry: https://modernslaveryregister.gov.au/statements/12562/.'}"
Modern slavery statement 2021-1723: AUSTRALIA BY SAINT PTY LTD,document,{'content': 'AUSTRALIA BY SAINT PTY LTD (ABN 56 624 004 566) filed a joint modern slavery statement with the Australian Modern Slavery Register for the reporting period 2020-01-01 to 2020-12-31. The reporting entity is headquartered in Australia. The reporting entity has an annual revenue band of 100-150M. The reporting entity operates in the industry sectors: Healthcare and pharmaceuticals. Register entry: https://modernslaveryregister.gov.au/statements/3941/.'}
Modern slavery statement 2021-618: SHOPPING CENTRES AUSTRALASIA PROPERTY GROUP RE LIMITED,document,"{'content': 'SHOPPING CENTRES AUSTRALASIA PROPERTY GROUP RE LIMITED (ABN 47 158 809 851) filed a single modern slavery statement with the Australian Modern Slavery Register for the reporting period 2019-07-01 to 2020-06-30. The reporting entity is headquartered in Australia. The reporting entity has an annual revenue band of 250-300M. The reporting entity operates in the industry sectors: Financial, insurance and real estate activities. Register entry: https://modernslaveryregister.gov.au/statements/2155/.'}"
"Modern slavery statement 2024-796: Pzena Investment Management, LLC",document,"{'content': 'Pzena Investment Management, LLC filed a single modern slavery statement with the Australian Modern Slavery Register for the reporting period 2023-01-01 to 2023-12-31. The reporting entity is headquartered in United States of America. The reporting entity has an annual revenue band of 200-250M. The reporting entity operates in the industry sectors: Financial, insurance and real estate activities. Register entry: https://modernslaveryregister.gov.au/statements/17939/.'}"
Modern slavery statement 2021-856: BORDER EXPRESS PTY LTD,document,"{'content': 'BORDER EXPRESS PTY LTD (ABN 82 000 533 880) filed a single modern slavery statement with the Australian Modern Slavery Register for the reporting period 2020-01-01 to 2020-12-31. The reporting entity is headquartered in Australia. The reporting entity has an annual revenue band of 300-350M. The reporting entity operates in the industry sectors: Transportation, logistics, and storage. Register entry: https://modernslaveryregister.gov.au/statements/2640/.'}"
Modern slavery statement 2024-1974: CARMICHAEL RAIL HOLDINGS PTY LTD & CARMICHAEL RAIL PTY LTD,document,"{'content': 'CARMICHAEL RAIL HOLDINGS PTY LTD (ABN 32 601 738 827) and CARMICHAEL RAIL PTY LTD (ABN 80 601 873 492) filed a joint modern slavery statement with the Australian Modern Slavery Register for the reporting period 2023-04-01 to 2024-03-31. The reporting entities are headquartered in Australia. The reporting entities have an annual revenue band of 0-99M. The reporting entities operate in the industry sectors: Professional and administrative services and supplies, including legal, consulting and accounting services. The statement also covers the included entities: CARMICHAEL RAIL PTY LTD (80 601 873 492). Register entry: https://modernslaveryregister.gov.au/statements/19484/.'}"
Modern slavery statement 2023-426: SIERRA RUTILE HOLDINGS LIMITED,document,"{'content': 'SIERRA RUTILE HOLDINGS LIMITED (ABN 79 613 822 165) filed a single modern slavery statement with the Australian Modern Slavery Register for the reporting period 2022-01-01 to 2022-12-31. The reporting entity is headquartered in Australia, Sierra Leone, South Africa, United Kingdom. The reporting entity has an annual revenue band of 350-400M. The reporting entity operates in the industry sectors: Mining, metals, chemicals and resources (including oil and gas). Register entry: https://modernslaveryregister.gov.au/statements/12700/.'}"
Modern slavery statement 2025-32: LATERAL PLAINS EVENTS PTY LTD,document,{'content': 'LATERAL PLAINS EVENTS PTY LTD (ABN 83 650 861 064) filed a single modern slavery statement with the Australian Modern Slavery Register for the reporting period 2024-01-01 to 2024-12-31. The reporting entity is headquartered in Australia. The reporting entity has an annual revenue band of 0-99M. The reporting entity operates in the industry sectors: Information technology and telecommunication. Register entry: https://modernslaveryregister.gov.au/statements/21673/.'}
Modern slavery statement 2025-2066: CONSTRUCTION CONTROL AUSTRALIA PTY LIMITED,document,{'content': 'CONSTRUCTION CONTROL AUSTRALIA PTY LIMITED (ABN 92 150 745 207) filed a single modern slavery statement with the Australian Modern Slavery Register for the reporting period 2024-07-01 to 2025-06-30. The reporting entity is headquartered in Australia. The reporting entity has an annual revenue band of 100-150M. The reporting entity operates in the industry sectors: Construction. Register entry: https://modernslaveryregister.gov.au/statements/24507/.'}
Modern slavery statement 2021-544: RAC INSURANCE PTY LIMITED & RACWA HOLDINGS PTY LTD & THE ROYAL AUTOMOBILE CLUB OF WA INC,document,"{'content': 'RAC INSURANCE PTY LIMITED (ABN 59 094 685 882), RACWA HOLDINGS PTY LTD (ABN 60 008 985 877) and THE ROYAL AUTOMOBILE CLUB OF WA INC (ABN 33 212 133 120) filed a joint modern slavery statement with the Australian Modern Slavery Register for the reporting period 2019-07-01 to 2020-06-30. The reporting entities are headquartered in Australia. The reporting entities have an annual revenue band of 1BN+. The reporting entities operate in the industry sectors: Automotive, machinery and heavy electrical equipment Consumer services, including accommodation, hospitality, tourism and leisure Financial, insurance and real estate activities Education and research Charitable / not-for-profit activities. Register entry: https://modernslaveryregister.gov.au/statements/2069/.'}"
Modern slavery statement 2025-1414: BELLAMY'S AUSTRALIA LIMITED & BELLAMY'S ORGANIC PTY LTD & BRIGHT TREASURE PTY LTD et al.,document,"{'content': ""BELLAMY'S AUSTRALIA LIMITED (ABN 37 124 272 108), BELLAMY'S ORGANIC PTY LTD (ABN 11 125 461 903), BRIGHT TREASURE PTY LTD (ABN 18 636 561 432) and WISE JOURNEY PTY LTD (ABN 12 636 561 469) filed a joint modern slavery statement with the Australian Modern Slavery Register for the reporting period 2024-01-01 to 2024-12-31. The reporting entities are headquartered in Australia. The reporting entities have an annual revenue band of 150-200M. The reporting entities operate in the industry sectors: Food and beverages, agriculture and fishing. The statement also covers the included entities: A.C.N. 619 661 611 PTY LTD (21 619 661 611), CAMPERDOWN POWDER PTY LTD (56 168 982 250). Register entry: https://modernslaveryregister.gov.au/statements/23683/.""}"
Modern slavery statement 2021-3698: HAFELE AUSTRALIA PTY. LTD.,document,"{'content': 'HAFELE AUSTRALIA PTY. LTD. (ABN 51 006 021 432) filed a single modern slavery statement with the Australian Modern Slavery Register for the reporting period 2020-07-01 to 2021-06-30. The reporting entity is headquartered in Germany. The reporting entity has an annual revenue band of Unknown. The reporting entity operates in the industry sectors: Durable consumer goods, including electronics and appliances, home furnishings and other accessories. Register entry: https://modernslaveryregister.gov.au/statements/7057/.'}"
"Modern slavery statement 2025-3693: ALKANE RESOURCES LTD & Mandalay Resources Corporation, MANDALAY RESOURCES COSTERFIELD OPERATIONS PTY LIMITED & Tomingley Gold Operations Pty Ltd",document,"{'content': 'ALKANE RESOURCES LTD (ABN 35 000 689 216), Mandalay Resources Corporation, MANDALAY RESOURCES COSTERFIELD OPERATIONS PTY LIMITED (ABN 34 006 711 119) and Tomingley Gold Operations Pty Ltd (ABN 53 149 040 371) filed a joint modern slavery statement with the Australian Modern Slavery Register for the reporting period 2024-07-01 to 2025-06-30. The reporting entities are headquartered in Australia, Canada. The reporting entities have an annual revenue band of 250-300M. The reporting entities operate in the industry sectors: Mining. The statement also covers the included entities: MITCHELL CREEK MINING PTY LTD (75 657 711 209). Register entry: https://modernslaveryregister.gov.au/statements/26788/.'}"
Modern slavery statement 2022-151: QSCAN GROUP HOLDINGS NEWCO PTY LTD,document,{'content': 'QSCAN GROUP HOLDINGS NEWCO PTY LTD (ABN 22 645 220 328) filed a single modern slavery statement with the Australian Modern Slavery Register for the reporting period 2020-04-01 to 2021-03-30. The reporting entity is headquartered in Australia. The reporting entity has an annual revenue band of 300-350M. The reporting entity operates in the industry sectors: Healthcare and pharmaceuticals. Register entry: https://modernslaveryregister.gov.au/statements/7922/.'}
Modern slavery statement 2021-4048: AUSTRALIAN CENTRE FOR ADVANCED COMPUTING AND COMMUNICATION PTY LTD,document,{'content': 'AUSTRALIAN CENTRE FOR ADVANCED COMPUTING AND COMMUNICATION PTY LTD (ABN 27 095 046 923) filed a single modern slavery statement with the Australian Modern Slavery Register for the reporting period 2019-07-01 to 2020-06-30. The reporting entity is headquartered in Australia. The reporting entity has an annual revenue band of Unknown. The reporting entity operates in the industry sectors: Information technology and telecommunication. Register entry: https://modernslaveryregister.gov.au/statements/5806/.'}
"Modern slavery statement 2024-3393: DEXPLAN PTY LTD, NEW HOPE BENGALLA PTY LTD & NEW HOPE CORPORATION LIMITED",document,"{'content': 'DEXPLAN PTY LTD, NEW HOPE BENGALLA PTY LTD (ABN 33 607 197 811) and NEW HOPE CORPORATION LIMITED (ABN 38 010 653 844) filed a joint modern slavery statement with the Australian Modern Slavery Register for the reporting period 2023-08-01 to 2024-07-31. The reporting entities are headquartered in Australia. The reporting entities have an annual revenue band of 1BN+. The reporting entities operate in the industry sectors: Mining, metals, chemicals and resources (including oil and gas). The statement also covers the included entities: NEW HOPE BENGALLA PTY LTD (33 607 197 811). Register entry: https://modernslaveryregister.gov.au/statements/21357/.'}"
Modern slavery statement 2025-3640: PAYNTER DIXON CONSTRUCTIONS PTY LIMITED,document,{'content': 'PAYNTER DIXON CONSTRUCTIONS PTY LIMITED (ABN 84 097 120 315) filed a single modern slavery statement with the Australian Modern Slavery Register for the reporting period 2024-07-01 to 2025-06-30. The reporting entity is headquartered in Australia. The reporting entity has an annual revenue band of 100-150M. The reporting entity operates in the industry sectors: Construction. Register entry: https://modernslaveryregister.gov.au/statements/26734/.'}
Modern slavery statement 2024-2800: The Trustee for REOZONE UNIT TRUST,document,"{'content': 'The Trustee for REOZONE UNIT TRUST (ABN 48 784 895 894) filed a single modern slavery statement with the Australian Modern Slavery Register for the reporting period 2023-07-01 to 2024-06-30. The reporting entity is headquartered in Australia. The reporting entity has an annual revenue band of 0-99M. The reporting entity operates in the industry sectors: Construction, civil engineering and building products. Register entry: https://modernslaveryregister.gov.au/statements/20623/.'}"
Modern slavery statement 2025-1196: ATCO GAS AUSTRALIA NETWORKS PTY LTD & ATCO STRUCTURES & LOGISTICS PTY LTD,document,"{'content': 'ATCO GAS AUSTRALIA NETWORKS PTY LTD (ABN 24 659 123 636) and ATCO STRUCTURES & LOGISTICS PTY LTD (ABN 71 083 902 309) filed a joint modern slavery statement with the Australian Modern Slavery Register for the reporting period 2024-01-01 to 2024-12-31. The reporting entities are headquartered in Australia. The reporting entities have an annual revenue band of 300-350M. The reporting entities operate in the industry sectors: Utilities: gas, water and electricity Construction, civil engineering and building products. The statement also covers the included entities: ATCO GAS AUSTRALIA PTY LTD (90 089 531 975). Register entry: https://modernslaveryregister.gov.au/statements/23422/.'}"
Modern slavery statement 2023-3348: The Trustee for SFT trust,document,"{'content': 'The Trustee for SFT trust (ABN 75 492 874 033) filed a joint modern slavery statement with the Australian Modern Slavery Register for the reporting period 2022-07-01 to 2023-06-30. The reporting entity is headquartered in Australia. The reporting entity has an annual revenue band of 1BN+. The reporting entity operates in the industry sectors: Food and beverages, agriculture and fishing Mining, metals, chemicals and resources (including oil and gas) Durable consumer goods, including electronics and appliances, home furnishings and other accessories. The statement also covers the included entities: PEREGRINE ENERGY PTY LTD (80 615 822 065), RELIABLE PETROLEUM PTY LTD (54 602 197 375). Register entry: https://modernslaveryregister.gov.au/statements/16638/.'}"
Modern slavery statement 2023-492: TEREX AUSTRALIA PTY LTD,document,"{'content': 'TEREX AUSTRALIA PTY LTD (ABN 86 010 671 048) filed a single modern slavery statement with the Australian Modern Slavery Register for the reporting period 2022-01-01 to 2022-12-31. The reporting entity is headquartered in United States of America. The reporting entity has an annual revenue band of 300-350M. The reporting entity operates in the industry sectors: Construction, civil engineering and building products. Register entry: https://modernslaveryregister.gov.au/statements/12808/.'}"
Modern slavery statement 2025-2806: WA RETURN RECYCLE RENEW LTD,document,{'content': 'WA RETURN RECYCLE RENEW LTD filed a single modern slavery statement with the Australian Modern Slavery Register for the reporting period 2024-07-01 to 2025-06-30. The reporting entity is headquartered in Australia. The reporting entity has an annual revenue band of 200-250M. The reporting entity operates in the industry sectors: Other Services. Register entry: https://modernslaveryregister.gov.au/statements/25589/.'}
Modern slavery statement 2024-2402: A.C.N. 003 100 052 PTY LTD & FEDERAL EXPRESS (AUSTRALIA) PTY LTD & FEDEX EXPRESS AUSTRALIA PTY LTD,document,"{'content': 'A.C.N. 003 100 052 PTY LTD (ABN 35 003 100 052), FEDERAL EXPRESS (AUSTRALIA) PTY LTD (ABN 51 624 271 487) and FEDEX EXPRESS AUSTRALIA PTY LTD (ABN 41 000 495 269) filed a joint modern slavery statement with the Australian Modern Slavery Register for the reporting period 2023-06-01 to 2024-05-31. The reporting entities are headquartered in Australia. The reporting entities have an annual revenue band of 1BN+. The reporting entities operate in the industry sectors: Transportation, logistics, and storage. The statement also covers the included entities: A.C.N. 003 100 052 PTY LTD (35 003 100 052), FEDERAL EXPRESS (AUSTRALIA) PTY LTD (51 624 271 487), FEDEX EXPRESS AUSTRALIA PTY LTD (41 000 495 269). Register entry: https://modernslaveryregister.gov.au/statements/20003/.'}"
Modern slavery statement 2025-3194: RURAL FUNDS TRUST,document,"{'content': 'RURAL FUNDS TRUST (ABN 58 916 212 858) filed a single modern slavery statement with the Australian Modern Slavery Register for the reporting period 2024-07-01 to 2025-06-30. The reporting entity is headquartered in Australia. The reporting entity has an annual revenue band of 100-150M. The reporting entity operates in the industry sectors: Agriculture, Forestry and Fishing Financial and Insurance Services. The statement also covers the included entities: RF Active (18 611 617 622). Register entry: https://modernslaveryregister.gov.au/statements/26145/.'}"
Modern slavery statement 2022-1525: MACKAY SUGAR LIMITED & QUEENSLAND COMMODITY SERVICES PTY LTD,document,"{'content': 'MACKAY SUGAR LIMITED (ABN 12 057 463 671) and QUEENSLAND COMMODITY SERVICES PTY LTD (ABN 35 163 077 601) filed a joint modern slavery statement with the Australian Modern Slavery Register for the reporting period 2021-03-01 to 2022-02-28. The reporting entities are headquartered in Australia. The reporting entities have an annual revenue band of 1BN+. The reporting entities operate in the industry sectors: Food and beverages, agriculture and fishing. Register entry: https://modernslaveryregister.gov.au/statements/9908/.'}"
Modern slavery statement 2021-1286: The Trustee for ROD RUSSELL FAMILY TRUST & THE TRUSTEE FOR SHAGAY UNIT TRUST & The trustee for THE M.A.P. WA UNIT TRUST et al.,document,"{'content': 'The Trustee for ROD RUSSELL FAMILY TRUST (ABN 67 144 684 928), THE TRUSTEE FOR SHAGAY UNIT TRUST (ABN 23 196 601 962), The trustee for THE M.A.P. WA UNIT TRUST (ABN 24 814 479 238), The Trustee for THE WESTERN COLD STORAGE UNIT TRUST (ABN 42 981 811 690) and THE TRUSTEE FOR WESTERN MEAT PROCESSORS UNIT TRUST (ABN 88 568 125 181) filed a joint modern slavery statement with the Australian Modern Slavery Register for the reporting period 2019-07-01 to 2020-06-30. The reporting entities are headquartered in Australia. The reporting entities have an annual revenue band of 100-150M. The reporting entities operate in the industry sectors: Food and beverages, agriculture and fishing. Register entry: https://modernslaveryregister.gov.au/statements/3204/.'}"
Modern slavery statement 2023-942: PORSCHE CARS AUSTRALIA PTY. LTD.,document,"{'content': 'PORSCHE CARS AUSTRALIA PTY. LTD. (ABN 67 004 327 048) filed a joint modern slavery statement with the Australian Modern Slavery Register for the reporting period 2022-01-01 to 2022-12-31. The reporting entity is headquartered in Australia. The reporting entity has an annual revenue band of 800-900M. The reporting entity operates in the industry sectors: Automotive, machinery and heavy electrical equipment. Register entry: https://modernslaveryregister.gov.au/statements/13410/.'}"
Modern slavery statement 2021-3788: Seven Group Holdings Limited,document,{'content': 'Seven Group Holdings Limited (ABN 46 142 003 469) filed a single modern slavery statement with the Australian Modern Slavery Register for the reporting period 2020-07-01 to 2021-06-30. The reporting entity is headquartered in Australia. The reporting entity has an annual revenue band of 1BN+. The reporting entity operates in the industry sectors: Other. Register entry: https://modernslaveryregister.gov.au/statements/7185/.'}
Modern slavery statement 2024-2083: ALSTOM TRANSPORT AUSTRALIA HOLDINGS PTY LIMITED,document,"{'content': 'ALSTOM TRANSPORT AUSTRALIA HOLDINGS PTY LIMITED filed a single modern slavery statement with the Australian Modern Slavery Register for the reporting period 2023-04-01 to 2024-03-31. The reporting entity is headquartered in France. The reporting entity has an annual revenue band of 1BN+. The reporting entity operates in the industry sectors: Transportation, logistics, and storage. The statement also covers the included entities: ALSTOM TRANSPORT AUSTRALIA PTY LIMITED, ALSTOM TRANSPORT (CUSTOMER SUPPORT) AUSTRALIA PTY LIMITED, ALSTOM TRANSPORT (VLOCITY MAINTENANCE) AUSTRALIA PTY LIMITED, REGIONAL ROLLING STOCK MAINTENANCE COMPANY PTY LIMITED. Register entry: https://modernslaveryregister.gov.au/statements/19610/.'}"
Modern slavery statement 2021-1787: CEMENT AUSTRALIA HOLDINGS PTY LTD,document,"{'content': 'CEMENT AUSTRALIA HOLDINGS PTY LTD (ABN 99 001 085 561) filed a single modern slavery statement with the Australian Modern Slavery Register for the reporting period 2020-01-01 to 2020-12-31. The reporting entity is headquartered in Australia. The reporting entity has an annual revenue band of 400-450M. The reporting entity operates in the industry sectors: Construction, civil engineering and building products. Register entry: https://modernslaveryregister.gov.au/statements/4095/.'}"
Modern slavery statement 2021-2158: CCCI AUSTRALIA PTY LTD & JOHN HOLLAND GROUP PTY LTD & JOHN HOLLAND HOLDINGS PTY LTD et al.,document,"{'content': 'CCCI AUSTRALIA PTY LTD (ABN 95 603 555 988), JOHN HOLLAND GROUP PTY LTD (ABN 37 050 242 147), JOHN HOLLAND HOLDINGS PTY LTD (ABN 57 603 659 007), JOHN HOLLAND PTY LTD (ABN 11 004 282 268), JOHN HOLLAND QUEENSLAND PTY LTD (ABN 67 133 069 280) and JOHN HOLLAND RAIL PTY LTD (ABN 61 009 252 653) filed a joint modern slavery statement with the Australian Modern Slavery Register for the reporting period 2020-01-01 to 2020-12-31. The reporting entities are headquartered in Australia. The reporting entities have an annual revenue band of 1BN+. The reporting entities operate in the industry sectors: Construction, civil engineering and building products. Register entry: https://modernslaveryregister.gov.au/statements/4569/.'}"
Modern slavery statement 2023-1489: BEAM SUNTORY AUSTRALIA PTY LTD,document,"{'content': 'BEAM SUNTORY AUSTRALIA PTY LTD (ABN 85 003 953 357) filed a single modern slavery statement with the Australian Modern Slavery Register for the reporting period 2022-07-01 to 2023-06-30. The reporting entity is headquartered in Japan, United States of America. The reporting entity has an annual revenue band of 350-400M. The reporting entity operates in the industry sectors: Food and beverages, agriculture and fishing. Register entry: https://modernslaveryregister.gov.au/statements/14144/.'}"
Modern slavery statement 2025-722: HOSPIRA ADELAIDE PTY LTD & HOSPIRA AUSTRALIA PTY LTD & HOSPIRA HOLDINGS (S.A.) PTY LTD et al.,document,"{'content': 'HOSPIRA ADELAIDE PTY LTD (ABN 60 007 988 767), HOSPIRA AUSTRALIA PTY LTD (ABN 58 097 064 330), HOSPIRA HOLDINGS (S.A.) PTY LTD (ABN 14 121 147 019), PFIZER AUSTRALIA HOLDINGS PTY LIMITED (ABN 91 108 292 799), Pfizer Australia Investments Pty Ltd (ABN 86 146 429 138), PFIZER AUSTRALIA PTY LTD (ABN 50 008 422 348), PFIZER (PERTH) PTY LTD (ABN 32 051 824 956), PFIZER PFE AUSTRALIA PTY LTD (ABN 17 169 276 920) and RESAPP HEALTH LIMITED (ABN 51 094 468 318) filed a joint modern slavery statement with the Australian Modern Slavery Register for the reporting period 2023-12-01 to 2024-11-30. The reporting entities are headquartered in Australia. The reporting entities have an annual revenue band of 1BN+. The reporting entities operate in the industry sectors: Healthcare and pharmaceuticals. The statement also covers the included entities: Mayne Pharma IP Holdings (Euro) Pty Ltd. Register entry: https://modernslaveryregister.gov.au/statements/22692/.'}"
Modern slavery statement 2021-1538: The Trustee for HEATH NEWTON FAMILY TRUST,document,"{'content': 'The Trustee for HEATH NEWTON FAMILY TRUST (ABN 56 211 021 320) filed a single modern slavery statement with the Australian Modern Slavery Register for the reporting period 2019-07-01 to 2020-06-30. The reporting entity is headquartered in Australia. The reporting entity has an annual revenue band of 150-200M. The reporting entity operates in the industry sectors: Food and beverages, agriculture and fishing. Register entry: https://modernslaveryregister.gov.au/statements/3582/.'}"
Modern slavery statement 2021-83: BASE RESOURCES LIMITED,document,"{'content': 'BASE RESOURCES LIMITED (ABN 88 125 546 910) filed a single modern slavery statement with the Australian Modern Slavery Register for the reporting period 2019-07-01 to 2020-06-30. The reporting entity is headquartered in Australia. The reporting entity has an annual revenue band of 250-300M. The reporting entity operates in the industry sectors: Mining, metals, chemicals and resources (including oil and gas). Register entry: https://modernslaveryregister.gov.au/statements/1199/.'}"
Modern slavery statement 2021-3766: SALVATION ARMY HOUSING & SALVATION ARMY HOUSING (VICTORIA) & Salvos Legal (Humanitarian) Limited et al.,document,"{'content': 'SALVATION ARMY HOUSING (ABN 59 608 346 934), SALVATION ARMY HOUSING (VICTORIA) (ABN 85 133 724 651), Salvos Legal (Humanitarian) Limited (ABN 36 147 212 940), Salvos Legal Limited (ABN 14 147 213 214), THE SALVATION ARMY (AUSTRALIA) REDRESS LIMITED (ABN 94 628 594 294), THE SALVATION ARMY COMMUNITY HOUSING SERVICE (ABN 47 152 257 728), The Trustee for THE SALVATION ARMY (NSW) PROPERTY TRUST (ABN 57 507 607 457), The Trustee for THE SALVATION ARMY (NT) PROPERTY TRUST (ABN 65 906 613 779), The Trustee for THE SALVATION ARMY (QLD) PROPERTY TRUST (ABN 32 234 126 186), The Trustee for THE SALVATION ARMY (SA) PROPERTY TRUST (ABN 13 320 346 330), The Trustee for THE SALVATION ARMY (TASMANIA) PROPERTY TRUST (ABN 94 917 169 560), The Trustee for THE SALVATION ARMY (VICTORIA) PROPERTY TRUST (ABN 64 472 238 844) and The Trustee for THE SALVATION ARMY (WA) PROPERTY TRUST (ABN 25 878 329 270) filed a joint modern slavery statement with the Australian Modern Slavery Register for the reporting period 2020-07-01 to 2021-06-30. The reporting entities are headquartered in Australia. The reporting entities have an annual revenue band of 1BN+. The reporting entities operate in the industry sectors: Charitable / not-for-profit activities. Register entry: https://modernslaveryregister.gov.au/statements/7143/.'}"
Modern slavery statement 2025-3856: AMCOR FLEXIBLES (AUSTRALIA) PTY LTD,document,"{'content': 'AMCOR FLEXIBLES (AUSTRALIA) PTY LTD (ABN 46 113 833 748) filed a single modern slavery statement with the Australian Modern Slavery Register for the reporting period 2024-07-01 to 2025-06-30. The reporting entity is headquartered in Australia. The reporting entity has an annual revenue band of 350-400M. The reporting entity operates in the industry sectors: Manufacturing. The statement also covers the included entities: AMCOR FLEXIBLES GROUP PTY LTD (33 113 833 695), Amcor plc, AMCOR PTY LTD (62 000 017 372). Register entry: https://modernslaveryregister.gov.au/statements/26599/.'}"
Modern slavery statement 2025-3745: ADORE BEAUTY GROUP LIMITED,document,{'content': 'ADORE BEAUTY GROUP LIMITED (ABN 78 636 138 988) filed a single modern slavery statement with the Australian Modern Slavery Register for the reporting period 2024-07-01 to 2025-06-30. The reporting entity is headquartered in Australia. The reporting entity has an annual revenue band of 150-200M. The reporting entity operates in the industry sectors: Retail Trade. Register entry: https://modernslaveryregister.gov.au/statements/26841/.'}
"Modern slavery statement 2025-725: FOSTERVILLE GOLD MINE PTY LTD, KIRKLAND LAKE GOLD AUSTRALIA PTY LTD, KIRKLAND LAKE GOLD VICTORIA HOLDINGS PTY LTD",document,"{'content': 'FOSTERVILLE GOLD MINE PTY LTD, KIRKLAND LAKE GOLD AUSTRALIA PTY LTD, KIRKLAND LAKE GOLD VICTORIA HOLDINGS PTY LTD filed a joint modern slavery statement with the Australian Modern Slavery Register for the reporting period 2024-01-01 to 2024-12-31. The reporting entity is headquartered in Australia, Canada. The reporting entity has an annual revenue band of 1BN+. The reporting entity operates in the industry sectors: Mining, metals, chemicals and resources (including oil and gas). The statement also covers the included entities: NT MINING OPERATIONS PTY LTD. Register entry: https://modernslaveryregister.gov.au/statements/22738/.'}"
"Modern slavery statement 2025-3271: DEAKIN BIDCO PTY LTD, DEAKIN HOLDCO PTY LTD, DEAKIN MIDCO PTY LTD, DEAKIN TOPCO PTY LTD, LEVANDE PTY LTD",document,"{'content': 'DEAKIN BIDCO PTY LTD, DEAKIN HOLDCO PTY LTD, DEAKIN MIDCO PTY LTD, DEAKIN TOPCO PTY LTD, LEVANDE PTY LTD filed a joint modern slavery statement with the Australian Modern Slavery Register for the reporting period 2024-07-01 to 2025-06-30. The reporting entity is headquartered in Australia. The reporting entity has an annual revenue band of 250-300M. The reporting entity operates in the industry sectors: Rental, Hiring and Real Estate Services. The statement also covers the included entities: ARC JOINT VENTURES PTY. LTD., AUSTRALIAN RETIREMENT INVESTMENT COMPANY PTY LTD, AUSTRALIAN RETIREMENT SERVICES (CATERING) PTY LTD, AUSTRALIAN RETIREMENT SERVICES NO. 1 PTY LTD, AUSTRALIAN RETIREMENT (SERVICES) NO. 2 PTY LTD, BELLEVUE GARDENS PTY LIMITED, BIRTINYA RETIREMENT LIVING PTY LIMITED, CASTLEHAVEN RETIREMENT COMPANY PTY LTD, CASTLERIDGE RETIREMENT VILLAGE PTY LIMITED, EPPING RETIREMENT VILLAGE PTY LIMITED, FARRINGTON GROVE RETIREMENT VILLAGE PTY LIMITED, GOLDEN PONDS FORSTER PTY LIMITED, GREENLEAVES MANAGEMENT SERVICES PTY LIMITED, GREENLEAVES VILLAGE PTY LIMITED, HIGHLANDS RETIREMENT VILLAGE NO. 1 PTY LTD, IOR GROUP PTY LIMITED, KNOX VILLAGE PTY LIMITED, LINCOLN GARDENS PTY LIMITED, LONG ISLAND VILLAGE PTY LIMITED, MAYBROOK RETIREMENT VILLAGE PTY LTD, MERNDA RETIREMENT VILLAGE PTY LIMITED, MIDLANDS TERRACE RETIREMENT VILLAGE PTY LIMITED, NEWPORT RETIREMENT VILLAGE PTY LIMITED, OAK GRANGE PTY LIMITED, PARKLANDS RETIREMENT VILLAGE PTY LTD, PATTERSON VILLAGE PTY LIMITED, PINE LAKE MANAGEMENT SERVICES PTY LTD, PINE LAKE VILLAGE PTY LIMITED, QUEENSLAKE VILLAGE PTY LIMITED, RIDGECREST VILLAGE MANAGEMENT SERVICES PTY LIMITED, RIDGECREST VILLAGE PTY LIMITED, RRV (RETIREMENT SERVICES) PTY LTD, RVG (QUEENSLAND) PTY LIMITED, SALFORD LIVING PTY LIMITED, SELANDRA RISE RETIREMENT VILLAGE PTY LIMITED, TARNEIT SKIES RETIREMENT VILLAGE PTY LTD, TEMPLESTOWE RETIREMENT VILLAGE PTY LIMITED, THE PINES RETIREMENT COMPANY PTY LTD, VERMONT RETIREMENT VILLAGE PTY LIMITED, WANTIRNA VILLAGE PTY LIMITED, WILLOWDALE RETIREMENT COMPANY PTY LTD, WILLOWS RETIREMENT VILLAGE SERVICES PTY LIMITED. Register entry: https://modernslaveryregister.gov.au/statements/26085/.'}"
Modern slavery statement 2023-47: Royal Foods Aust Pty Ltd,document,"{'content': 'Royal Foods Aust Pty Ltd (ABN 19 130 110 048) filed a single modern slavery statement with the Australian Modern Slavery Register for the reporting period 2021-07-01 to 2022-06-30. The reporting entity is headquartered in Australia. The reporting entity has an annual revenue band of 100-150M. The reporting entity operates in the industry sectors: Food and beverages, agriculture and fishing. Register entry: https://modernslaveryregister.gov.au/statements/12137/.'}"
Modern slavery statement 2023-2743: SPECIAL BROADCASTING SERVICE CORPORATION,document,"{'content': 'SPECIAL BROADCASTING SERVICE CORPORATION (ABN 91 314 398 574) filed a single modern slavery statement with the Australian Modern Slavery Register for the reporting period 2022-07-01 to 2023-06-30. The reporting entity is headquartered in Australia. The reporting entity has an annual revenue band of 450-500M. The reporting entity operates in the industry sectors: Media, publishing, arts and entertainment. Register entry: https://modernslaveryregister.gov.au/statements/15931/.'}"
Modern slavery statement 2021-490: Peninsula Health,document,{'content': 'Peninsula Health (ABN 52 892 860 159) filed a single modern slavery statement with the Australian Modern Slavery Register for the reporting period 2020-01-01 to 2020-12-31. The reporting entity is headquartered in Australia. The reporting entity has an annual revenue band of 600-700M. The reporting entity operates in the industry sectors: Healthcare and pharmaceuticals. Register entry: https://modernslaveryregister.gov.au/statements/1983/.'}
"Modern slavery statement 2025-2541: Ocean Spray International, Inc.",document,"{'content': 'Ocean Spray International, Inc. filed a single modern slavery statement with the Australian Modern Slavery Register for the reporting period 2023-09-01 to 2024-08-31. The reporting entity is headquartered in United States of America. The reporting entity has an annual revenue band of 800-900M. The reporting entity operates in the industry sectors: Other Services Agriculture, Forestry and Fishing. Register entry: https://modernslaveryregister.gov.au/statements/25219/.'}"
Modern slavery statement 2021-4198: Magi Enterprises Pty Ltd,document,"{'content': 'Magi Enterprises Pty Ltd (ABN 49 154 423 613) filed a single modern slavery statement with the Australian Modern Slavery Register for the reporting period 2020-07-01 to 2021-06-30. The reporting entity is headquartered in Australia. The reporting entity has an annual revenue band of 100-150M. The reporting entity operates in the industry sectors: Fashion, textiles, apparel and luxury goods. Register entry: https://modernslaveryregister.gov.au/statements/7686/.'}"
Modern slavery statement 2022-2541: Peter Warren Automotive Holdings Limited,document,"{'content': 'Peter Warren Automotive Holdings Limited (ABN 57 615 674 185) filed a joint modern slavery statement with the Australian Modern Slavery Register for the reporting period 2021-07-01 to 2022-06-30. The reporting entity is headquartered in Australia. The reporting entity has an annual revenue band of 1BN+. The reporting entity operates in the industry sectors: Automotive, machinery and heavy electrical equipment. Register entry: https://modernslaveryregister.gov.au/statements/11371/.'}"
Modern slavery statement 2023-2500: BROTHERHOOD OF ST LAURENCE,document,{'content': 'BROTHERHOOD OF ST LAURENCE (ABN 24 603 467 024) filed a single modern slavery statement with the Australian Modern Slavery Register for the reporting period 2022-10-01 to 2023-09-30. The reporting entity is headquartered in Australia. The reporting entity has an annual revenue band of 200-250M. The reporting entity operates in the industry sectors: Charitable / not-for-profit activities. Register entry: https://modernslaveryregister.gov.au/statements/15602/.'}
Modern slavery statement 2026-100: AUSPAT INTERNATIONAL PTY. LTD. & URBAN APARTMENTS PTY LTD,document,"{'content': 'AUSPAT INTERNATIONAL PTY. LTD. (ABN 88 050 328 231) and URBAN APARTMENTS PTY LTD (ABN 49 096 925 423) filed a joint modern slavery statement with the Australian Modern Slavery Register for the reporting period 2024-07-01 to 2025-06-30. The reporting entities are headquartered in Australia. The reporting entities have an annual revenue band of 100-150M. The reporting entities operate in the industry sectors: Construction. The statement also covers the included entities: URBAN APARTMENTS FLEET PTY LTD (21 635 679 873), URBAN APARTMENTS SERVICES PTY LTD (92 635 680 527). Register entry: https://modernslaveryregister.gov.au/statements/27183/.'}"
Modern slavery statement 2023-487: HALLY LABELS PTY LIMITED & MCC ADELAIDE PTY LTD & MCC GRIFFITH PTY LTD et al.,document,"{'content': 'HALLY LABELS PTY LIMITED (ABN 72 002 981 240), MCC ADELAIDE PTY LTD (ABN 68 007 514 856), MCC GRIFFITH PTY LTD (ABN 67 115 294 267), MCC MELBOURNE PTY LTD (ABN 27 005 280 697), MCC PERTH PTY LTD (ABN 30 009 412 462) and MULTI-COLOR (QLD) PTY LTD (ABN 41 003 411 194) filed a joint modern slavery statement with the Australian Modern Slavery Register for the reporting period 2022-01-01 to 2022-12-31. The reporting entities are headquartered in Australia, United States of America. The reporting entities have an annual revenue band of 0-99M. The reporting entities operate in the industry sectors: Food and beverages, agriculture and fishing Healthcare and pharmaceuticals. Register entry: https://modernslaveryregister.gov.au/statements/12802/.'}"
Modern slavery statement 2023-1892: YAMAHA MUSIC AUSTRALIA PTY. LTD.,document,"{'content': 'YAMAHA MUSIC AUSTRALIA PTY. LTD. (ABN 84 004 259 527) filed a joint modern slavery statement with the Australian Modern Slavery Register for the reporting period 2022-07-01 to 2023-06-30. The reporting entity is headquartered in Australia, Japan. The reporting entity has an annual revenue band of 100-150M. The reporting entity operates in the industry sectors: Durable consumer goods, including electronics and appliances, home furnishings and other accessories. Register entry: https://modernslaveryregister.gov.au/statements/14744/.'}"
Modern slavery statement 2021-1912: PORSCHE CARS AUSTRALIA PTY. LTD.,document,"{'content': 'PORSCHE CARS AUSTRALIA PTY. LTD. (ABN 67 004 327 048) filed a joint modern slavery statement with the Australian Modern Slavery Register for the reporting period 2020-01-01 to 2020-12-31. The reporting entity is headquartered in Australia. The reporting entity has an annual revenue band of 500-600M. The reporting entity operates in the industry sectors: Automotive, machinery and heavy electrical equipment. Register entry: https://modernslaveryregister.gov.au/statements/4338/.'}"
Modern slavery statement 2022-400: BOEHRINGER INGELHEIM PTY LTD,document,"{'content': 'BOEHRINGER INGELHEIM PTY LTD (ABN 52 000 452 308) filed a joint modern slavery statement with the Australian Modern Slavery Register for the reporting period 2021-01-01 to 2021-12-31. The reporting entity is headquartered in Australia, Germany. The reporting entity has an annual revenue band of 500-600M. The reporting entity operates in the industry sectors: Healthcare and pharmaceuticals. Register entry: https://modernslaveryregister.gov.au/statements/8281/.'}"
Modern slavery statement 2021-2241: The Trustee for HENLEY ARCH UNIT TRUST,document,"{'content': 'The Trustee for HENLEY ARCH UNIT TRUST (ABN 61 415 474 786) filed a single modern slavery statement with the Australian Modern Slavery Register for the reporting period 2020-01-01 to 2020-12-31. The reporting entity is headquartered in Australia. The reporting entity has an annual revenue band of 600-700M. The reporting entity operates in the industry sectors: Construction, civil engineering and building products. Register entry: https://modernslaveryregister.gov.au/statements/4874/.'}"
Modern slavery statement 2024-3161: BAKER & MCKENZIE,document,"{'content': 'BAKER & MCKENZIE (ABN 32 266 778 912) filed a single modern slavery statement with the Australian Modern Slavery Register for the reporting period 2023-07-01 to 2024-06-30. The reporting entity is headquartered in Australia. The reporting entity has an annual revenue band of 200-250M. The reporting entity operates in the industry sectors: Professional and administrative services and supplies, including legal, consulting and accounting services. The statement also covers the included entities: B&McK Nominees Pty Ltd, B&McK Nominees (Vic) Pty Ltd, B&McK Services Pty Ltd, B & MCK SERVICES TRUST. Register entry: https://modernslaveryregister.gov.au/statements/21090/.'}"
Modern slavery statement 2022-2473: NEW AIM PTY. LTD.,document,"{'content': 'NEW AIM PTY. LTD. (ABN 50 115 804 432) filed a single modern slavery statement with the Australian Modern Slavery Register for the reporting period 2020-07-01 to 2021-06-30. The reporting entity is headquartered in Australia. The reporting entity has an annual revenue band of 300-350M. The reporting entity operates in the industry sectors: Durable consumer goods, including electronics and appliances, home furnishings and other accessories. Register entry: https://modernslaveryregister.gov.au/statements/11270/.'}"
Modern slavery statement 2023-183: Altus Group Holdings,document,"{'content': 'Altus Group Holdings (ABN 76 168 179 691) filed a single modern slavery statement with the Australian Modern Slavery Register for the reporting period 2021-07-01 to 2022-06-30. The reporting entity is headquartered in Australia. The reporting entity has an annual revenue band of 150-200M. The reporting entity operates in the industry sectors: Construction, civil engineering and building products Other. Register entry: https://modernslaveryregister.gov.au/statements/12340/.'}"
Modern slavery statement 2023-2158: CLARK EQUIPMENT SALES PTY LTD,document,"{'content': 'CLARK EQUIPMENT SALES PTY LTD (ABN 99 050 059 419) filed a single modern slavery statement with the Australian Modern Slavery Register for the reporting period 2022-07-01 to 2023-06-30. The reporting entity is headquartered in Australia. The reporting entity has an annual revenue band of 350-400M. The reporting entity operates in the industry sectors: Automotive, machinery and heavy electrical equipment Construction, civil engineering and building products. Register entry: https://modernslaveryregister.gov.au/statements/15122/.'}"
Modern slavery statement 2021-2265: DAHUA GROUP SYDNEY PROJECT 1 PTY LTD,document,"{'content': 'DAHUA GROUP SYDNEY PROJECT 1 PTY LTD (ABN 91 606 390 032) filed a single modern slavery statement with the Australian Modern Slavery Register for the reporting period 2020-01-01 to 2020-12-31. The reporting entity is headquartered in Australia. The reporting entity has an annual revenue band of 100-150M. The reporting entity operates in the industry sectors: Financial, insurance and real estate activities. Register entry: https://modernslaveryregister.gov.au/statements/4895/.'}"
"Modern slavery statement 2025-3738: CMV TRUCK & BUS PTY LTD, C.M.V. TRUCK SALES & SERVICE PTY. LTD., COMMERCIAL MOTOR INDUSTRIES PTY. LTD., COMMERCIAL MOTOR VEHICLES PTY LTD, HALLAM TRUCK CENTRE PTY LTD, KILBIRNIE INVESTMENTS PTY. LIMITED, THE 4WD CENTRE PTY LTD",document,"{'content': 'CMV TRUCK & BUS PTY LTD, C.M.V. TRUCK SALES & SERVICE PTY. LTD., COMMERCIAL MOTOR INDUSTRIES PTY. LTD., COMMERCIAL MOTOR VEHICLES PTY LTD, HALLAM TRUCK CENTRE PTY LTD, KILBIRNIE INVESTMENTS PTY. LIMITED, THE 4WD CENTRE PTY LTD filed a joint modern slavery statement with the Australian Modern Slavery Register for the reporting period 2024-07-01 to 2025-06-30. The reporting entity is headquartered in Australia. The reporting entity has an annual revenue band of 1BN+. The reporting entity operates in the industry sectors: Retail Trade. The statement also covers the included entities: B.E.A. MOTORS PTY. LTD., CMI TRUCK CENTRE ADELAIDE PTY LTD, CMI TRUCK CENTRE MELBOURNE PTY LTD, C.M.V. FARMS PTY. LTD., SOUTH CENTRAL TRUCKS PTY. LTD., SUSTAINABLE VEHICLES PTY LTD. Register entry: https://modernslaveryregister.gov.au/statements/26835/.'}"
Modern slavery statement 2025-3516: NUTTING INVESTMENTS PTY. LTD.,document,{'content': 'NUTTING INVESTMENTS PTY. LTD. filed a single modern slavery statement with the Australian Modern Slavery Register for the reporting period 2024-07-01 to 2025-06-30. The reporting entity is headquartered in Australia. The reporting entity has an annual revenue band of Unknown. The reporting entity operates in the industry sectors: Wholesale Trade. Register entry: https://modernslaveryregister.gov.au/statements/26583/.'}
Modern slavery statement 2025-3578: APCO HOLDINGS PTY. LTD. & APCO SERVICE STATIONS PTY. LTD.,document,"{'content': 'APCO HOLDINGS PTY. LTD. (ABN 42 108 388 932) and APCO SERVICE STATIONS PTY. LTD. filed a joint modern slavery statement with the Australian Modern Slavery Register for the reporting period 2024-07-01 to 2025-06-30. The reporting entities are headquartered in Australia. The reporting entities have an annual revenue band of 800-900M. The reporting entities operate in the industry sectors: Retail Trade. The statement also covers the included entities: APCO EASY WASH PTY. LTD., DISCO TRADING PTY. LTD. (62 112 924 179). Register entry: https://modernslaveryregister.gov.au/statements/26646/.'}"
Modern slavery statement 2021-4138: PARKVIEW CONSTRUCTIONS PTY. LIMITED,document,"{'content': 'PARKVIEW CONSTRUCTIONS PTY. LIMITED (ABN 41 078 064 963) filed a single modern slavery statement with the Australian Modern Slavery Register for the reporting period 2020-07-01 to 2021-06-30. The reporting entity is headquartered in Australia. The reporting entity has an annual revenue band of 300-350M. The reporting entity operates in the industry sectors: Construction, civil engineering and building products. Register entry: https://modernslaveryregister.gov.au/statements/7615/.'}"
Modern slavery statement 2023-1236: ACCIONA ENERGY AUSTRALIA GLOBAL PTY LTD & ACCIONA ENERGY OCEANIA CONSTRUCTION PTY LTD,document,"{'content': 'ACCIONA ENERGY AUSTRALIA GLOBAL PTY LTD (ABN 54 600 910 647) and ACCIONA ENERGY OCEANIA CONSTRUCTION PTY LTD (ABN 85 164 011 723) filed a joint modern slavery statement with the Australian Modern Slavery Register for the reporting period 2022-01-01 to 2022-12-31. The reporting entities are headquartered in Australia. The reporting entities have an annual revenue band of 0-99M. The reporting entities operate in the industry sectors: Utilities: gas, water and electricity. Register entry: https://modernslaveryregister.gov.au/statements/13782/.'}"
Modern slavery statement 2025-2179: ADANI MINING PTY LTD,document,{'content': 'ADANI MINING PTY LTD (ABN 27 145 455 205) filed a single modern slavery statement with the Australian Modern Slavery Register for the reporting period 2024-04-01 to 2025-03-31. The reporting entity is headquartered in Australia. The reporting entity has an annual revenue band of 1BN+. The reporting entity operates in the industry sectors: Mining. Register entry: https://modernslaveryregister.gov.au/statements/24670/.'}
Modern slavery statement 2025-3799: VGW HOLDINGS PTY LTD,document,"{'content': 'VGW HOLDINGS PTY LTD (ABN 36 147 193 511) filed a single modern slavery statement with the Australian Modern Slavery Register for the reporting period 2024-07-01 to 2025-06-30. The reporting entity is headquartered in Australia. The reporting entity has an annual revenue band of 800-900M. The reporting entity operates in the industry sectors: Other Services. The statement also covers the included entities: VGW Holdings US, Inc., VGW Malta Holding Limited. Register entry: https://modernslaveryregister.gov.au/statements/26906/.'}"
Modern slavery statement 2024-1826: Pro Medicus Limited,document,{'content': 'Pro Medicus Limited (ABN 25 006 194 752) filed a single modern slavery statement with the Australian Modern Slavery Register for the reporting period 2023-07-01 to 2024-06-30. The reporting entity is headquartered in Australia. The reporting entity has an annual revenue band of 150-200M. The reporting entity operates in the industry sectors: Information technology and telecommunication. Register entry: https://modernslaveryregister.gov.au/statements/19275/.'}
Modern slavery statement 2023-287: FANTASTIC FURNITURE PTY LIMITED & FANTASTIC MANUFACTURING PTY LTD & FF HOLDCO PTY LTD et al.,document,"{'content': 'FANTASTIC FURNITURE PTY LIMITED (ABN 66 003 688 855), FANTASTIC MANUFACTURING PTY LTD (ABN 20 158 159 230), FF HOLDCO PTY LTD (ABN 31 085 825 912), FHL DISTRIBUTION CENTRE PTY LTD (ABN 96 114 853 315), FREEDOM FURNITURE AUSTRALIA PTY LIMITED (ABN 55 051 493 764), FUTURESLEEP PTY LTD (ABN 94 602 775 959), G & G FURNITURE IMPORTS PTY LIMITED (ABN 65 092 130 688), GREENLIT BRANDS PTY LIMITED (ABN 21 612 890 874) and SNOOZE MANAGEMENT PTY LTD (ABN 19 006 232 720) filed a joint modern slavery statement with the Australian Modern Slavery Register for the reporting period 2021-10-01 to 2022-09-30. The reporting entities are headquartered in Australia. The reporting entities have an annual revenue band of 1BN+. The reporting entities operate in the industry sectors: Durable consumer goods, including electronics and appliances, home furnishings and other accessories. Register entry: https://modernslaveryregister.gov.au/statements/12474/.'}"
Modern slavery statement 2023-402: DECODE CORP PTY LTD & DECODE GROUP PTY LIMITED,document,"{'content': 'DECODE CORP PTY LTD (ABN 80 629 285 534) and DECODE GROUP PTY LIMITED (ABN 46 611 188 339) filed a joint modern slavery statement with the Australian Modern Slavery Register for the reporting period 2021-07-01 to 2022-06-30. The reporting entities are headquartered in Australia. The reporting entities have an annual revenue band of 0-99M. The reporting entities operate in the industry sectors: Construction, civil engineering and building products. Register entry: https://modernslaveryregister.gov.au/statements/12651/.'}"
Modern slavery statement 2025-877: LPI (AUSTRALIA) HOLDINGS PTY LTD,document,"{'content': 'LPI (AUSTRALIA) HOLDINGS PTY LTD (ABN 81 084 042 473) filed a single modern slavery statement with the Australian Modern Slavery Register for the reporting period 2024-01-01 to 2024-12-31. The reporting entity is headquartered in Australia. The reporting entity has an annual revenue band of 1BN+. The reporting entity operates in the industry sectors: Financial, insurance and real estate activities. The statement also covers the included entities: FIVE D HOLDINGS PTY LIMITED (14 106 166 901), JLL INFRASTRUCTURE ADVISORY PTY LTD (13 109 359 560), JLL MORTGAGE SERVICES PTY LTD, JLL PUBLIC SECTOR VALUATIONS PTY LTD (39 167 493 889), JLL SERVICES ON DEMAND PTY LTD (65 075 217 462), JONES LANG LASALLE (ACT) PTY LIMITED (69 008 585 260), JONES LANG LASALLE ADVISORY SERVICES PTY LIMITED (56 003 262 600), JONES LANG LASALLE AUSTRALIA PTY LIMITED (49 008 476 257), JONES LANG LASALLE CORPORATE PROPERTY SERVICES PTY LIMITED (91 009 310 276), JONES LANG LASALLE CORPORATE PROPERTY (VIC) PTY LIMITED (96 003 649 214), JONES LANG LASALLE (NSW) PTY LIMITED (37 002 851 925), JONES LANG LASALLE PROPERTY FUND ADVISORS LIMITED (79 003 298 413), JONES LANG LASALLE (QLD) PTY LIMITED (40 010 411 140), JONES LANG LASALLE (SA) PTY LIMITED (32 008 024 557), JONES LANG LASALLE (VIC) PTY LIMITED (28 004 582 423), JONES LANG LASALLE (WA) PTY LIMITED (23 008 767 762), LACPF NO. 1 TRUSTEE PTY LTD, LACPF NO. 2 NOMINEES PTY LTD, LACPF NO. 3 NOMINEES PTY LTD, LACPF NO. 4 NOMINEES PTY LTD, LACPF NO. 5 TRUSTEE PTY LTD, LASALLE FUNDS MANAGEMENT LIMITED (38 082 796 101), LASALLE INVESTMENT MANAGEMENT AUSTRALIA PTY LTD (80 149 468 253), RESIPM PTY LTD (69 002 925 331). Register entry: https://modernslaveryregister.gov.au/statements/22963/.'}"
"Modern slavery statement 2023-2388: FLEETWOOD LIMITED, FLEETWOOD VIC & QLD PTY LTD",document,"{'content': 'FLEETWOOD LIMITED, FLEETWOOD VIC & QLD PTY LTD filed a joint modern slavery statement with the Australian Modern Slavery Register for the reporting period 2022-07-01 to 2023-06-30. The reporting entity is headquartered in Australia. The reporting entity has an annual revenue band of 400-450M. The reporting entity operates in the industry sectors: Durable consumer goods, including electronics and appliances, home furnishings and other accessories Construction, civil engineering and building products Consumer services, including accommodation, hospitality, tourism and leisure. The statement also covers the included entities: CAMEC PTY LTD, FLEETWOOD NSW PTY LTD, FLEETWOOD WA & SA PTY LTD, GLYDE DIGITAL PTY LTD, NORTHERN RV PTY LTD, RECREATIONAL VEHICLE CONCEPTS PTY LTD. Register entry: https://modernslaveryregister.gov.au/statements/15450/.'}"
Modern slavery statement 2023-2245: ENERGEX LIMITED & ENERGY QUEENSLAND LIMITED & ERGON ENERGY CORPORATION LIMITED et al.,document,"{'content': 'ENERGEX LIMITED (ABN 40 078 849 055), ENERGY QUEENSLAND LIMITED (ABN 96 612 535 583), ERGON ENERGY CORPORATION LIMITED (ABN 50 087 646 062), Ergon Energy Queensland Pty Ltd (ABN 11 121 177 802) and YURIKA PTY LTD (ABN 19 100 214 131) filed a joint modern slavery statement with the Australian Modern Slavery Register for the reporting period 2022-07-01 to 2023-06-30. The reporting entities are headquartered in Australia. The reporting entities have an annual revenue band of 1BN+. The reporting entities operate in the industry sectors: Utilities: gas, water and electricity. Register entry: https://modernslaveryregister.gov.au/statements/15241/.'}"
"Modern slavery statement 2021-2388: Capstone Investment Advisors, LLC",document,"{'content': 'Capstone Investment Advisors, LLC filed a single modern slavery statement with the Australian Modern Slavery Register for the reporting period 2020-01-01 to 2020-12-31. The reporting entity is headquartered in United States of America. The reporting entity has an annual revenue band of 100-150M. The reporting entity operates in the industry sectors: Financial, insurance and real estate activities. Register entry: https://modernslaveryregister.gov.au/statements/5008/.'}"
Modern slavery statement 2021-658: MACA Limited,document,"{'content': 'MACA Limited (ABN 42 144 745 782) filed a joint modern slavery statement with the Australian Modern Slavery Register for the reporting period 2019-07-01 to 2020-06-30. The reporting entity is headquartered in Australia. The reporting entity has an annual revenue band of 800-900M. The reporting entity operates in the industry sectors: Mining, metals, chemicals and resources (including oil and gas) Construction, civil engineering and building products. Register entry: https://modernslaveryregister.gov.au/statements/2090/.'}"
Modern slavery statement 2025-2603: REGIONAL AUSTRALIA BANK LTD,document,{'content': 'REGIONAL AUSTRALIA BANK LTD (ABN 21 087 650 360) filed a single modern slavery statement with the Australian Modern Slavery Register for the reporting period 2024-07-01 to 2025-06-30. The reporting entity is headquartered in Australia. The reporting entity has an annual revenue band of 200-250M. The reporting entity operates in the industry sectors: Financial and Insurance Services. The statement also covers the included entities: The Trustee for CMG Funding Trust No. 1 (71 794 359 136). Register entry: https://modernslaveryregister.gov.au/statements/25303/.'}
Modern slavery statement 2024-456: Joval Wines Pty Ltd (ACN 004 564 069),document,"{'content': 'Joval Wines Pty Ltd (ACN 004 564 069) filed a single modern slavery statement with the Australian Modern Slavery Register for the reporting period 2022-07-01 to 2023-06-30. The reporting entity is headquartered in Australia. The reporting entity has an annual revenue band of 100-150M. The reporting entity operates in the industry sectors: Food and beverages, agriculture and fishing Other. Register entry: https://modernslaveryregister.gov.au/statements/17434/.'}"
Modern slavery statement 2023-2542: AAI LIMITED & SBGH LIMITED & Suncorp Group Limited et al.,document,"{'content': 'AAI LIMITED (ABN 48 005 297 807), SBGH LIMITED (ABN 83 145 980 838), Suncorp Group Limited (ABN 66 145 290 124), SUNCORP INSURANCE (GENERAL OVERSEAS) PTY LTD (ABN 49 102 606 708), Suncorp Insurance Holdings Limited (ABN 99 123 023 334), SUNCORP INSURANCE (LIFE OVERSEAS) PTY LTD (ABN 66 114 577 418), SUNCORP LIFE HOLDINGS LIMITED (ABN 87 064 490 795) and SUNCORP-METWAY LIMITED (ABN 66 010 831 722) filed a joint modern slavery statement with the Australian Modern Slavery Register for the reporting period 2022-07-01 to 2023-06-30. The reporting entities are headquartered in Australia. The reporting entities have an annual revenue band of 1BN+. The reporting entities operate in the industry sectors: Financial, insurance and real estate activities. Register entry: https://modernslaveryregister.gov.au/statements/15660/.'}"
Modern slavery statement 2024-2505: LATROBE COMMUNITY HEALTH SERVICE LIMITED,document,"{'content': 'LATROBE COMMUNITY HEALTH SERVICE LIMITED filed a single modern slavery statement with the Australian Modern Slavery Register for the reporting period 2023-07-01 to 2024-06-30. The reporting entity is headquartered in Australia. The reporting entity has an annual revenue band of 150-200M. The reporting entity operates in the industry sectors: Healthcare and pharmaceuticals Charitable / not-for-profit activities. The statement also covers the included entities: LATROBE CHS NOMINEES PTY LTD, LATROBE COMMUNITY ASSESSMENT AND NAVIGATION SERVICES LIMITED (62 675 766 579), LINK HEALTH AND COMMUNITY LIMITED. Register entry: https://modernslaveryregister.gov.au/statements/20224/.'}"
Modern slavery statement 2024-665: Monster Beverage Corporation,document,"{'content': 'Monster Beverage Corporation filed a single modern slavery statement with the Australian Modern Slavery Register for the reporting period 2023-01-01 to 2023-12-31. The reporting entity is headquartered in United States of America. The reporting entity has an annual revenue band of 1BN+. The reporting entity operates in the industry sectors: Food and beverages, agriculture and fishing. The statement also covers the included entities: Monster Energy AU Pty Ltd (84 132 571 638), Monster Energy Canada ULC, Monster Energy Europe Limited. Register entry: https://modernslaveryregister.gov.au/statements/17730/.'}"
Modern slavery statement 2021-2733: INVESTORS MUTUAL LIMITED,document,"{'content': 'INVESTORS MUTUAL LIMITED (ABN 14 078 030 752) filed a single modern slavery statement with the Australian Modern Slavery Register for the reporting period 2020-01-01 to 2020-12-31. The reporting entity is headquartered in Australia. The reporting entity has an annual revenue band of 100-150M. The reporting entity operates in the industry sectors: Financial, insurance and real estate activities. Register entry: https://modernslaveryregister.gov.au/statements/5552/.'}"
Modern slavery statement 2021-545: FRUCOR SUNTORY AUSTRALIA PTY. LIMITED,document,"{'content': 'FRUCOR SUNTORY AUSTRALIA PTY. LIMITED (ABN 73 060 091 536) filed a single modern slavery statement with the Australian Modern Slavery Register for the reporting period 2020-01-01 to 2020-12-31. The reporting entity is headquartered in Australia. The reporting entity has an annual revenue band of 250-300M. The reporting entity operates in the industry sectors: Food and beverages, agriculture and fishing. Register entry: https://modernslaveryregister.gov.au/statements/2073/.'}"
Modern slavery statement 2021-945: INGHAMS GROUP LIMITED,document,"{'content': 'INGHAMS GROUP LIMITED (ABN 39 162 709 506) filed a joint modern slavery statement with the Australian Modern Slavery Register for the reporting period 2019-07-01 to 2020-06-30. The reporting entity is headquartered in Australia. The reporting entity has an annual revenue band of 1BN+. The reporting entity operates in the industry sectors: Food and beverages, agriculture and fishing. Register entry: https://modernslaveryregister.gov.au/statements/2783/.'}"
"Modern slavery statement 2024-1310: ZIMMER AUSTRALIA HOLDING PTY LIMITED, ZIMMER BIOMET PTY LTD",document,"{'content': 'ZIMMER AUSTRALIA HOLDING PTY LIMITED, ZIMMER BIOMET PTY LTD filed a joint modern slavery statement with the Australian Modern Slavery Register for the reporting period 2023-01-01 to 2023-12-31. The reporting entity is headquartered in United States of America. The reporting entity has an annual revenue band of 250-300M. The reporting entity operates in the industry sectors: Healthcare and pharmaceuticals. The statement also covers the included entities: ZIMMER BIOMET PTY LTD. Register entry: https://modernslaveryregister.gov.au/statements/18640/.'}"
Modern slavery statement 2025-3250: The Trustee for JPMORGAN GLOBAL RESEARCH ENHANCED INDEX EQUITY TRUST,document,{'content': 'The Trustee for JPMORGAN GLOBAL RESEARCH ENHANCED INDEX EQUITY TRUST (ABN 26 608 605 716) filed a single modern slavery statement with the Australian Modern Slavery Register for the reporting period 2024-07-01 to 2025-06-30. The reporting entity is headquartered in Australia. The reporting entity has an annual revenue band of 100-150M. The reporting entity operates in the industry sectors: Financial and Insurance Services. Register entry: https://modernslaveryregister.gov.au/statements/26265/.'}
Modern slavery statement 2024-3499: ABC REFINERY (AUSTRALIA) PTY LIMITED & AUSTRALIAN BULLION COMPANY (NSW) PTY LTD,document,"{'content': 'ABC REFINERY (AUSTRALIA) PTY LIMITED (ABN 86 621 121 079) and AUSTRALIAN BULLION COMPANY (NSW) PTY LTD (ABN 82 002 858 602) filed a joint modern slavery statement with the Australian Modern Slavery Register for the reporting period 2023-07-01 to 2024-06-30. The reporting entities are headquartered in Australia. The reporting entities have an annual revenue band of 1BN+. The reporting entities operate in the industry sectors: Mining, metals, chemicals and resources (including oil and gas). Register entry: https://modernslaveryregister.gov.au/statements/21467/.'}"
"Modern slavery statement 2023-1070: ALLIANZ AUSTRALIA GENERAL INSURANCE LIMITED, ALLIANZ AUSTRALIA INSURANCE LIMITEDI, ALLIANZ AUSTRALIA LIMITED, ALLIANZ AUSTRALIA SERVICES PTY LIMITED",document,"{'content': 'ALLIANZ AUSTRALIA GENERAL INSURANCE LIMITED, ALLIANZ AUSTRALIA INSURANCE LIMITEDI, ALLIANZ AUSTRALIA LIMITED, ALLIANZ AUSTRALIA SERVICES PTY LIMITED filed a joint modern slavery statement with the Australian Modern Slavery Register for the reporting period 2022-01-01 to 2022-12-31. The reporting entity is headquartered in Australia. The reporting entity has an annual revenue band of 1BN+. The reporting entity operates in the industry sectors: Financial, insurance and real estate activities. Register entry: https://modernslaveryregister.gov.au/statements/13660/.'}"
Modern slavery statement 2025-1781: EXPRESSWAY SPARES PTY LTD,document,"{'content': 'EXPRESSWAY SPARES PTY LTD (ABN 55 000 483 107) filed a single modern slavery statement with the Australian Modern Slavery Register for the reporting period 2024-07-01 to 2025-06-30. The reporting entity is headquartered in Australia. The reporting entity has an annual revenue band of 150-200M. The reporting entity operates in the industry sectors: Automotive, machinery and heavy electrical equipment Construction, civil engineering and building products. Register entry: https://modernslaveryregister.gov.au/statements/24078/.'}"
Modern slavery statement 2022-61: GILBARCO AUSTRALIA PTY LTD & NAVMAN WIRELESS AUSTRALIA PTY LIMITED,document,"{'content': 'GILBARCO AUSTRALIA PTY LTD (ABN 93 000 020 799) and NAVMAN WIRELESS AUSTRALIA PTY LIMITED (ABN 50 123 981 457) filed a joint modern slavery statement with the Australian Modern Slavery Register for the reporting period 2021-01-01 to 2021-12-31. The reporting entities are headquartered in Australia, New Zealand, United States of America. The reporting entities have an annual revenue band of 200-250M. The reporting entities operate in the industry sectors: Automotive, machinery and heavy electrical equipment. Register entry: https://modernslaveryregister.gov.au/statements/7741/.'}"
Modern slavery statement 2025-741: WESTERN SUBURBS (N'CLE) LEAGUES CLUB LTD,document,"{'content': ""WESTERN SUBURBS (N'CLE) LEAGUES CLUB LTD (ABN 24 000 973 919) filed a single modern slavery statement with the Australian Modern Slavery Register for the reporting period 2024-02-01 to 2025-01-31. The reporting entity is headquartered in Australia. The reporting entity has an annual revenue band of 150-200M. The reporting entity operates in the industry sectors: Consumer services, including accommodation, hospitality, tourism and leisure. The statement also covers the included entities: KNIGHTS RUGBY LEAGUE PTY LTD (83 169 964 523), THE EXECUTIVE INN PTY LIMITED (82 080 880 691). Register entry: https://modernslaveryregister.gov.au/statements/22761/.""}"
Modern slavery statement 2021-2211: CHANEL (AUSTRALIA) PTY LTD,document,"{'content': 'CHANEL (AUSTRALIA) PTY LTD (ABN 83 000 012 153) filed a single modern slavery statement with the Australian Modern Slavery Register for the reporting period 2020-01-01 to 2020-12-31. The reporting entity is headquartered in United Kingdom. The reporting entity has an annual revenue band of 300-350M. The reporting entity operates in the industry sectors: Cosmetics and toiletries Fashion, textiles, apparel and luxury goods. Register entry: https://modernslaveryregister.gov.au/statements/4826/.'}"
Modern slavery statement 2021-1540: KOBELCO CONSTRUCTION MACHINERY AUSTRALIA PTY LIMITED,document,"{'content': 'KOBELCO CONSTRUCTION MACHINERY AUSTRALIA PTY LIMITED (ABN 89 097 852 296) filed a single modern slavery statement with the Australian Modern Slavery Register for the reporting period 2020-01-01 to 2020-12-31. The reporting entity is headquartered in Australia. The reporting entity has an annual revenue band of 100-150M. The reporting entity operates in the industry sectors: Automotive, machinery and heavy electrical equipment. Register entry: https://modernslaveryregister.gov.au/statements/3585/.'}"
Modern slavery statement 2022-702: LABCORP DEVELOPMENT PTY LTD & Laboratory Corporation of America Holdings,document,{'content': 'LABCORP DEVELOPMENT PTY LTD (ABN 99 003 613 134) and Laboratory Corporation of America Holdings filed a joint modern slavery statement with the Australian Modern Slavery Register for the reporting period 2021-01-01 to 2021-12-31. The reporting entities are headquartered in United States of America. The reporting entities have an annual revenue band of 1BN+. The reporting entities operate in the industry sectors: Healthcare and pharmaceuticals. Register entry: https://modernslaveryregister.gov.au/statements/8784/.'}
Modern slavery statement 2020-429: Clorox Australia Pty Ltd,document,"{'content': 'Clorox Australia Pty Ltd filed a single modern slavery statement with the Australian Modern Slavery Register for the reporting period 2019-07-01 to 2020-06-30. The reporting entity is headquartered in Australia. The reporting entity has an annual revenue band of Unknown. The reporting entity operates in the industry sectors: Durable consumer goods, including electronics and appliances, home furnishings and other accessories. Register entry: https://modernslaveryregister.gov.au/statements/947/.'}"
Modern slavery statement 2025-2182: RICHEMONT AUSTRALIA PTY LIMITED,document,{'content': 'RICHEMONT AUSTRALIA PTY LIMITED (ABN 99 003 432 504) filed a single modern slavery statement with the Australian Modern Slavery Register for the reporting period 2024-04-01 to 2025-03-31. The reporting entity is headquartered in Australia. The reporting entity has an annual revenue band of 500-600M. The reporting entity operates in the industry sectors: Retail Trade. Register entry: https://modernslaveryregister.gov.au/statements/24677/.'}
Modern slavery statement 2023-518: HEMMES TRADING PTY LIMITED,document,"{'content': 'HEMMES TRADING PTY LIMITED (ABN 29 105 332 652) filed a single modern slavery statement with the Australian Modern Slavery Register for the reporting period 2021-07-01 to 2022-06-30. The reporting entity is headquartered in Australia. The reporting entity has an annual revenue band of 350-400M. The reporting entity operates in the industry sectors: Consumer services, including accommodation, hospitality, tourism and leisure. Register entry: https://modernslaveryregister.gov.au/statements/12846/.'}"
Modern slavery statement 2024-1343: CAREY BAPTIST GRAMMAR SCHOOL LIMITED,document,{'content': 'CAREY BAPTIST GRAMMAR SCHOOL LIMITED (ABN 83 051 576 062) filed a single modern slavery statement with the Australian Modern Slavery Register for the reporting period 2023-01-01 to 2023-12-31. The reporting entity is headquartered in Australia. The reporting entity has an annual revenue band of 100-150M. The reporting entity operates in the industry sectors: Education and research. Register entry: https://modernslaveryregister.gov.au/statements/17761/.'}
Modern slavery statement 2021-3483: The Trustee for FG AUS GREEN Private Real Estate Trust 4,document,"{'content': 'The Trustee for FG AUS GREEN Private Real Estate Trust 4 (ABN 13 435 230 342) filed a single modern slavery statement with the Australian Modern Slavery Register for the reporting period 2020-07-01 to 2021-06-30. The reporting entity is headquartered in Australia. The reporting entity has an annual revenue band of 150-200M. The reporting entity operates in the industry sectors: Financial, insurance and real estate activities. Register entry: https://modernslaveryregister.gov.au/statements/6728/.'}"
Modern slavery statement 2025-3632: INDIGENOUS LAND AND SEA CORPORATION & VOYAGES INDIGENOUS TOURISM AUSTRALIA PTY LTD,document,"{'content': 'INDIGENOUS LAND AND SEA CORPORATION (ABN 59 912 679 254) and VOYAGES INDIGENOUS TOURISM AUSTRALIA PTY LTD (ABN 82 146 482 591) filed a joint modern slavery statement with the Australian Modern Slavery Register for the reporting period 2024-07-01 to 2025-06-30. The reporting entities are headquartered in Australia. The reporting entities have an annual revenue band of 300-350M. The reporting entities operate in the industry sectors: Accommodation and Food Services Other Services. The statement also covers the included entities: ILSC EMPLOYMENT PTY LTD (67 668 482 639), NATIONAL CENTRE OF INDIGENOUS EXCELLENCE LIMITED (98 133 644 578). Register entry: https://modernslaveryregister.gov.au/statements/26721/.'}"
Modern slavery statement 2021-3394: WICET HOLDINGS PTY LIMITED,document,"{'content': 'WICET HOLDINGS PTY LIMITED (ABN 26 131 210 001) filed a joint modern slavery statement with the Australian Modern Slavery Register for the reporting period 2020-07-01 to 2021-06-30. The reporting entity is headquartered in Australia. The reporting entity has an annual revenue band of 400-450M. The reporting entity operates in the industry sectors: Mining, metals, chemicals and resources (including oil and gas). Register entry: https://modernslaveryregister.gov.au/statements/6585/.'}"
Modern slavery statement 2021-2687: VOSSLOH AUSTRALIA PTY LIMITED,document,"{'content': 'VOSSLOH AUSTRALIA PTY LIMITED (ABN 52 100 797 699) filed a joint modern slavery statement with the Australian Modern Slavery Register for the reporting period 2020-01-01 to 2020-12-31. The reporting entity is headquartered in Australia. The reporting entity has an annual revenue band of 100-150M. The reporting entity operates in the industry sectors: Construction, civil engineering and building products. Register entry: https://modernslaveryregister.gov.au/statements/5488/.'}"
Modern slavery statement 2025-2675: North Queensland Bulk Ports Corporation Limited,document,"{'content': 'North Queensland Bulk Ports Corporation Limited (ABN 36 136 880 218) filed a single modern slavery statement with the Australian Modern Slavery Register for the reporting period 2024-07-01 to 2025-06-30. The reporting entity is headquartered in Australia. The reporting entity has an annual revenue band of 100-150M. The reporting entity operates in the industry sectors: Transport, Postal and Warehousing. Register entry: https://modernslaveryregister.gov.au/statements/25423/.'}"
Modern slavery statement 2022-1267: DELIVEROO AUSTRALIA PTY LTD,document,"{'content': 'DELIVEROO AUSTRALIA PTY LTD (ABN 73 607 915 640) filed a single modern slavery statement with the Australian Modern Slavery Register for the reporting period 2020-07-01 to 2021-06-30. The reporting entity is headquartered in United Kingdom. The reporting entity has an annual revenue band of 0-99M. The reporting entity operates in the industry sectors: Food and beverages, agriculture and fishing Information technology and telecommunication. Register entry: https://modernslaveryregister.gov.au/statements/8781/.'}"
Modern slavery statement 2022-338: LEWIS LAND HOLDINGS PTY LIMITED,document,"{'content': 'LEWIS LAND HOLDINGS PTY LIMITED (ABN 68 008 522 496) filed a single modern slavery statement with the Australian Modern Slavery Register for the reporting period 2020-07-01 to 2021-06-30. The reporting entity is headquartered in Australia. The reporting entity has an annual revenue band of 100-150M. The reporting entity operates in the industry sectors: Consumer services, including accommodation, hospitality, tourism and leisure Financial, insurance and real estate activities. Register entry: https://modernslaveryregister.gov.au/statements/8184/.'}"
"Modern slavery statement 2023-2681: SLADE, DAVID & The Trustee for The D Slade Pharmacies Unit Trust & W.H. MCCARTHY PTY LTD",document,"{'content': 'SLADE, DAVID (ABN 69 315 076 159), The Trustee for The D Slade Pharmacies Unit Trust (ABN 58 689 652 969) and W.H. MCCARTHY PTY LTD (ABN 73 000 004 893) filed a joint modern slavery statement with the Australian Modern Slavery Register for the reporting period 2022-07-01 to 2023-06-30. The reporting entities are headquartered in Australia. The reporting entities have an annual revenue band of 600-700M. The reporting entities operate in the industry sectors: Healthcare and pharmaceuticals. Register entry: https://modernslaveryregister.gov.au/statements/15844/.'}"
Modern slavery statement 2020-19: AUSTRALASIAN SOLVENTS AND CHEMICALS COMPANY PTY. LTD.,document,"{'content': 'AUSTRALASIAN SOLVENTS AND CHEMICALS COMPANY PTY. LTD. (ABN 57 095 441 080) filed a joint modern slavery statement with the Australian Modern Slavery Register for the reporting period 2019-07-01 to 2020-06-30. The reporting entity is headquartered in Australia, Singapore. The reporting entity has an annual revenue band of 250-300M. The reporting entity operates in the industry sectors: Mining, metals, chemicals and resources (including oil and gas). Register entry: https://modernslaveryregister.gov.au/statements/75/.'}"
"Modern slavery statement 2025-1573: EXPERIENCE AUSTRALIA GROUP PTY LTD, EXPERIENCE AUSTRALIA MEZZCO PTY LTD, EXPERIENCE AUSTRALIA SENIOR HOLDCO PTY LTD, EXPERIENCE AUSTRALIA TOPCO PTY LTD, GREAT SOUTHERN RAIL LIMITED, GREAT SOUTHERN RAILWAY HOLDINGS PTY LTD, JB ACQUISITIONCO PTY LTD, JB HOLDCO PTY LTD, JB TOPCO PTY LTD",document,"{'content': 'EXPERIENCE AUSTRALIA GROUP PTY LTD, EXPERIENCE AUSTRALIA MEZZCO PTY LTD, EXPERIENCE AUSTRALIA SENIOR HOLDCO PTY LTD, EXPERIENCE AUSTRALIA TOPCO PTY LTD, GREAT SOUTHERN RAIL LIMITED, GREAT SOUTHERN RAILWAY HOLDINGS PTY LTD, JB ACQUISITIONCO PTY LTD, JB HOLDCO PTY LTD, JB TOPCO PTY LTD filed a joint modern slavery statement with the Australian Modern Slavery Register for the reporting period 2024-01-01 to 2024-12-31. The reporting entity is headquartered in Australia. The reporting entity has an annual revenue band of 350-400M. The reporting entity operates in the industry sectors: Consumer services, including accommodation, hospitality, tourism and leisure. The statement also covers the included entities: B Shed Cafe JV Pty Ltd, CRUISE WHITSUNDAYS PTY LTD, Eureka 89 Pty Ltd, GOVERNOR FITZGERALD HOLDINGS PTY LTD, GREAT SOUTHERN RAIL TRAVEL PTY LTD, Horizontal Falls Pty Ltd, JOURNEY BEYOND ADVENTURES PTY LTD, JOURNEY BEYOND ATTRACTIONS PTY LTD, JOURNEY BEYOND CRUISES DARWIN PTY LTD, JOURNEY BEYOND CRUISES SYDNEY PTY LTD, JOURNEY BEYOND LODGES & RESORTS PTY LTD, JOURNEY BEYOND NINGALOO PTY LTD, JOURNEY BEYOND RETAIL PTY LTD, Kimberley Aircraft Maintenance Pty Ltd, MELBOURNE EUREKA TOWER OBSERVATION DECK PTY LTD, OUTBACK SPIRIT TOURS PTY LTD, PERTH WATER TRANSPORT PTY LTD, Rottnest Ferries Pty Ltd, SPIRIT AVIATION PTY LTD, TRAIL STATION NT PTY LTD, WADJEMUP TRADING PTY LTD, West Coast Air Services Pty Ltd. Register entry: https://modernslaveryregister.gov.au/statements/23834/.'}"
Modern slavery statement 2022-3073: COMPETITIVE FOODS AUSTRALIA PTY LTD,document,"{'content': 'COMPETITIVE FOODS AUSTRALIA PTY LTD (ABN 48 010 542 908) filed a single modern slavery statement with the Australian Modern Slavery Register for the reporting period 2021-07-01 to 2022-06-30. The reporting entity is headquartered in Australia, New Zealand. The reporting entity has an annual revenue band of 1BN+. The reporting entity operates in the industry sectors: Food and beverages, agriculture and fishing. Register entry: https://modernslaveryregister.gov.au/statements/12012/.'}"
"Modern slavery statement 2024-3329: BWA GROUP SERVICES PTY LTD, COMMONWEALTH BANK OF AUSTRALIA, COMMONWEALTH SECURITIES LIMITED, The Trustee for CBA Covered Bond Trust, THE TRUSTEE FOR MEDALLION TRUST SERIES 2008-1R",document,"{'content': 'BWA GROUP SERVICES PTY LTD, COMMONWEALTH BANK OF AUSTRALIA, COMMONWEALTH SECURITIES LIMITED, The Trustee for CBA Covered Bond Trust, THE TRUSTEE FOR MEDALLION TRUST SERIES 2008-1R (ABN 47 624 727 267) filed a joint modern slavery statement with the Australian Modern Slavery Register for the reporting period 2023-07-01 to 2024-06-30. The reporting entity is headquartered in Australia. The reporting entity has an annual revenue band of 1BN+. The reporting entity operates in the industry sectors: Financial, insurance and real estate activities. The statement also covers the included entities: ASB Bank Limited. Register entry: https://modernslaveryregister.gov.au/statements/21289/.'}"
Modern slavery statement 2022-2586: ALTRAC LIGHT RAIL HOLDINGS 2 PTY LIMITED & AWARE SUPER FSSPET PTY LTD AS THE TRUSTEE FOR FIRST STATE SUPER PRIVATE EQUITY TRUST & AWARE SUPER PTY LTD et al.,document,"{'content': 'ALTRAC LIGHT RAIL HOLDINGS 2 PTY LIMITED (ABN 21 603 192 221), AWARE SUPER FSSPET PTY LTD AS THE TRUSTEE FOR FIRST STATE SUPER PRIVATE EQUITY TRUST (ABN 31 781 995 494), AWARE SUPER PTY LTD (ABN 11 118 202 672), AWARE SUPER SERVICES PTY LTD (ABN 67 633 384 059), FSS AGRICULTURE 1 PTY LIMITED (ABN 33 628 220 913) and FSS LIBERTY PTY LTD (ABN 57 628 000 242) filed a joint modern slavery statement with the Australian Modern Slavery Register for the reporting period 2021-07-01 to 2022-06-30. The reporting entities are headquartered in Australia. The reporting entities have an annual revenue band of 1BN+. The reporting entities operate in the industry sectors: Financial, insurance and real estate activities. Register entry: https://modernslaveryregister.gov.au/statements/11378/.'}"
Modern slavery statement 2022-517: ECOLAB PTY LTD,document,"{'content': 'ECOLAB PTY LTD (ABN 59 000 449 990) filed a single modern slavery statement with the Australian Modern Slavery Register for the reporting period 2021-04-01 to 2022-03-30. The reporting entity is headquartered in United States of America. The reporting entity has an annual revenue band of 400-450M. The reporting entity operates in the industry sectors: Food and beverages, agriculture and fishing Mining, metals, chemicals and resources (including oil and gas) Healthcare and pharmaceuticals Other. Register entry: https://modernslaveryregister.gov.au/statements/8467/.'}"
Modern slavery statement 2022-2626: ABN GROUP PTY LTD,document,"{'content': 'ABN GROUP PTY LTD (ABN 68 608 225 458) filed a single modern slavery statement with the Australian Modern Slavery Register for the reporting period 2021-07-01 to 2022-06-30. The reporting entity is headquartered in Australia. The reporting entity has an annual revenue band of 1BN+. The reporting entity operates in the industry sectors: Construction, civil engineering and building products. Register entry: https://modernslaveryregister.gov.au/statements/11478/.'}"
Modern slavery statement 2025-1146: YARRA CAPITAL MANAGEMENT LIMITED,document,"{'content': 'YARRA CAPITAL MANAGEMENT LIMITED (ABN 99 003 376 252) filed a single modern slavery statement with the Australian Modern Slavery Register for the reporting period 2024-01-01 to 2024-12-31. The reporting entity is headquartered in Australia. The reporting entity has an annual revenue band of 0-99M. The reporting entity operates in the industry sectors: Financial, insurance and real estate activities. The statement also covers the included entities: YARRA CAPITAL MANAGEMENT SERVICES PTY LTD (68 615 149 338), YARRA FUNDS MANAGEMENT LIMITED (63 005 885 567). Register entry: https://modernslaveryregister.gov.au/statements/23173/.'}"
Modern slavery statement 2023-1304: CHEVRON AUSTRALIA DOWNSTREAM FUELS PTY LTD & CHEVRON AUSTRALIA DOWNSTREAM HOLDINGS PTY LTD & CHEVRON AUSTRALIA DOWNSTREAM PTY LTD et al.,document,"{'content': 'CHEVRON AUSTRALIA DOWNSTREAM FUELS PTY LTD (ABN 34 009 644 151), CHEVRON AUSTRALIA DOWNSTREAM HOLDINGS PTY LTD (ABN 15 637 003 662), CHEVRON AUSTRALIA DOWNSTREAM PTY LTD (ABN 52 637 005 059) and CHEVRON AUSTRALIA PRODUCTS PTY LIMITED (ABN 26 147 978 890) filed a joint modern slavery statement with the Australian Modern Slavery Register for the reporting period 2022-01-01 to 2022-12-31. The reporting entities are headquartered in Australia. The reporting entities have an annual revenue band of 1BN+. The reporting entities operate in the industry sectors: Mining, metals, chemicals and resources (including oil and gas). Register entry: https://modernslaveryregister.gov.au/statements/13712/.'}"
Modern slavery statement 2025-872: The Trustee for GYPSUM RESOURCES TRUST,document,"{'content': 'The Trustee for GYPSUM RESOURCES TRUST (ABN 49 885 477 822) filed a single modern slavery statement with the Australian Modern Slavery Register for the reporting period 2024-04-01 to 2024-12-31. The reporting entity is headquartered in Australia. The reporting entity has an annual revenue band of 100-150M. The reporting entity operates in the industry sectors: Mining, metals, chemicals and resources (including oil and gas). Register entry: https://modernslaveryregister.gov.au/statements/22960/.'}"
Modern slavery statement 2025-2351: DATS PTY LTD,document,{'content': 'DATS PTY LTD (ABN 26 001 733 697) filed a single modern slavery statement with the Australian Modern Slavery Register for the reporting period 2024-07-01 to 2025-06-30. The reporting entity is headquartered in Australia. The reporting entity has an annual revenue band of 100-150M. The reporting entity operates in the industry sectors: Wholesale Trade. Register entry: https://modernslaveryregister.gov.au/statements/24933/.'}
Modern slavery statement 2023-940: METAL MANUFACTURES PTY LIMITED,document,"{'content': 'METAL MANUFACTURES PTY LIMITED (ABN 13 003 762 641) filed a joint modern slavery statement with the Australian Modern Slavery Register for the reporting period 2022-01-01 to 2022-12-31. The reporting entity is headquartered in Australia. The reporting entity has an annual revenue band of 1BN+. The reporting entity operates in the industry sectors: Mining, metals, chemicals and resources (including oil and gas) Construction, civil engineering and building products. Register entry: https://modernslaveryregister.gov.au/statements/13478/.'}"
Modern slavery statement 2021-3817: SUMO AUSTRALIA LTD,document,"{'content': 'SUMO AUSTRALIA LTD (ABN 84 602 964 143) filed a single modern slavery statement with the Australian Modern Slavery Register for the reporting period 2020-07-01 to 2021-06-30. The reporting entity is headquartered in Australia. The reporting entity has an annual revenue band of 100-150M. The reporting entity operates in the industry sectors: Utilities: gas, water and electricity Information technology and telecommunication. Register entry: https://modernslaveryregister.gov.au/statements/7235/.'}"
Modern slavery statement 2024-3592: AUSTRALIAN STEEL TRADERS PTY LTD,document,"{'content': 'AUSTRALIAN STEEL TRADERS PTY LTD (ABN 93 644 181 028) filed a single modern slavery statement with the Australian Modern Slavery Register for the reporting period 2023-07-01 to 2024-06-30. The reporting entity is headquartered in Australia. The reporting entity has an annual revenue band of 150-200M. The reporting entity operates in the industry sectors: Mining, metals, chemicals and resources (including oil and gas). Register entry: https://modernslaveryregister.gov.au/statements/21559/.'}"
Modern slavery statement 2024-3429: ADCHEM (AUSTRALIA) PTY. LTD.,document,"{'content': 'ADCHEM (AUSTRALIA) PTY. LTD. (ABN 87 069 180 258) filed a single modern slavery statement with the Australian Modern Slavery Register for the reporting period 2023-07-01 to 2024-06-30. The reporting entity is headquartered in Australia. The reporting entity has an annual revenue band of 100-150M. The reporting entity operates in the industry sectors: Mining, metals, chemicals and resources (including oil and gas). Register entry: https://modernslaveryregister.gov.au/statements/21391/.'}"
Modern slavery statement 2021-3037: ANSELL LIMITED,document,"{'content': 'ANSELL LIMITED (ABN 89 004 085 330) filed a single modern slavery statement with the Australian Modern Slavery Register for the reporting period 2020-07-01 to 2021-06-30. The reporting entity is headquartered in Australia, Belgium, Malaysia, United States of America. The reporting entity has an annual revenue band of 1BN+. The reporting entity operates in the industry sectors: Healthcare and pharmaceuticals. Register entry: https://modernslaveryregister.gov.au/statements/6020/.'}"
Modern slavery statement 2023-1256: WINC AUSTRALIA PTY LIMITED,document,"{'content': 'WINC AUSTRALIA PTY LIMITED (ABN 94 000 728 398) filed a single modern slavery statement with the Australian Modern Slavery Register for the reporting period 2022-01-01 to 2022-12-31. The reporting entity is headquartered in Australia. The reporting entity has an annual revenue band of 1BN+. The reporting entity operates in the industry sectors: Forestry, timber products, paper and containers and packaging Durable consumer goods, including electronics and appliances, home furnishings and other accessories Other. Register entry: https://modernslaveryregister.gov.au/statements/13892/.'}"
Modern slavery statement 2021-165: THE BANK OF NEW YORK MELLON,document,"{'content': 'THE BANK OF NEW YORK MELLON (ABN 84 084 066 419) filed a single modern slavery statement with the Australian Modern Slavery Register for the reporting period 2020-01-01 to 2020-12-31. The reporting entity is headquartered in United States of America. The reporting entity has an annual revenue band of 1BN+. The reporting entity operates in the industry sectors: Financial, insurance and real estate activities. Register entry: https://modernslaveryregister.gov.au/statements/1369/.'}"
Modern slavery statement 2022-993: AT&T GLOBAL NETWORK SERVICES AUSTRALIA PTY LTD,document,{'content': 'AT&T GLOBAL NETWORK SERVICES AUSTRALIA PTY LTD filed a single modern slavery statement with the Australian Modern Slavery Register for the reporting period 2021-01-01 to 2021-12-31. The reporting entity is headquartered in Australia. The reporting entity has an annual revenue band of 0-99M. The reporting entity operates in the industry sectors: Information technology and telecommunication. Register entry: https://modernslaveryregister.gov.au/statements/9166/.'}
Modern slavery statement 2021-653: RPMGLOBAL HOLDINGS LIMITED,document,"{'content': 'RPMGLOBAL HOLDINGS LIMITED (ABN 17 010 672 321) filed a joint modern slavery statement with the Australian Modern Slavery Register for the reporting period 2020-01-01 to 2020-12-31. The reporting entity is headquartered in Australia. The reporting entity has an annual revenue band of 0-99M. The reporting entity operates in the industry sectors: Mining, metals, chemicals and resources (including oil and gas) Information technology and telecommunication. Register entry: https://modernslaveryregister.gov.au/statements/2286/.'}"
Modern slavery statement 2024-1708: HarbourVest Partners (U.K.) Limited,document,"{'content': 'HarbourVest Partners (U.K.) Limited filed a single modern slavery statement with the Australian Modern Slavery Register for the reporting period 2020-01-01 to 2020-12-31. The reporting entity is headquartered in United Kingdom. The reporting entity has an annual revenue band of 100-150M. The reporting entity operates in the industry sectors: Financial, insurance and real estate activities. The statement also covers the included entities: HarbourVest Partners (Ireland) Limited. Register entry: https://modernslaveryregister.gov.au/statements/19105/.'}"
Modern slavery statement 2021-2044: TETRA PAK MARKETING PTY. LTD.,document,"{'content': 'TETRA PAK MARKETING PTY. LTD. (ABN 25 050 612 274) filed a single modern slavery statement with the Australian Modern Slavery Register for the reporting period 2020-01-01 to 2020-12-31. The reporting entity is headquartered in Australia. The reporting entity has an annual revenue band of 150-200M. The reporting entity operates in the industry sectors: Food and beverages, agriculture and fishing Forestry, timber products, paper and containers and packaging Automotive, machinery and heavy electrical equipment. Register entry: https://modernslaveryregister.gov.au/statements/4570/.'}"
Modern slavery statement 2022-778: ELECTROLUX HOME PRODUCTS PTY. LIMITED,document,"{'content': 'ELECTROLUX HOME PRODUCTS PTY. LIMITED (ABN 51 004 762 341) filed a single modern slavery statement with the Australian Modern Slavery Register for the reporting period 2021-04-01 to 2022-03-30. The reporting entity is headquartered in Australia, Sweden. The reporting entity has an annual revenue band of 900M-1BN. The reporting entity operates in the industry sectors: Durable consumer goods, including electronics and appliances, home furnishings and other accessories. Register entry: https://modernslaveryregister.gov.au/statements/8907/.'}"
Modern slavery statement 2022-2163: MINDA INCORPORATED,document,{'content': 'MINDA INCORPORATED (ABN 37 020 000 711) filed a single modern slavery statement with the Australian Modern Slavery Register for the reporting period 2021-07-01 to 2022-06-30. The reporting entity is headquartered in Australia. The reporting entity has an annual revenue band of 150-200M. The reporting entity operates in the industry sectors: Charitable / not-for-profit activities. Register entry: https://modernslaveryregister.gov.au/statements/10865/.'}
Modern slavery statement 2021-4122: Vantage Fuels Pty Ltd,document,{'content': 'Vantage Fuels Pty Ltd (ABN 24 151 023 040) filed a single modern slavery statement with the Australian Modern Slavery Register for the reporting period 2020-07-01 to 2021-06-30. The reporting entity is headquartered in Australia. The reporting entity has an annual revenue band of Unknown. The reporting entity operates in the industry sectors: Other. Register entry: https://modernslaveryregister.gov.au/statements/7587/.'}
Modern slavery statement 2021-4082: SUNPORK FRESH FOODS PTY LTD & SUNPORK PTY LTD & SWICKER'S KINGAROY BACON FACTORY PTY. LTD.,document,"{'content': ""SUNPORK FRESH FOODS PTY LTD (ABN 24 135 230 545), SUNPORK PTY LTD (ABN 11 059 168 786) and SWICKER'S KINGAROY BACON FACTORY PTY. LTD. (ABN 35 009 678 693) filed a joint modern slavery statement with the Australian Modern Slavery Register for the reporting period 2020-07-01 to 2021-06-30. The reporting entities are headquartered in Australia. The reporting entities have an annual revenue band of 600-700M. The reporting entities operate in the industry sectors: Food and beverages, agriculture and fishing. Register entry: https://modernslaveryregister.gov.au/statements/6639/.""}"
Modern slavery statement 2021-3471: WAM RESEARCH LIMITED,document,"{'content': 'WAM RESEARCH LIMITED (ABN 15 100 504 541) filed a single modern slavery statement with the Australian Modern Slavery Register for the reporting period 2020-07-01 to 2021-06-30. The reporting entity is headquartered in Australia. The reporting entity has an annual revenue band of 0-99M. The reporting entity operates in the industry sectors: Financial, insurance and real estate activities. Register entry: https://modernslaveryregister.gov.au/statements/6711/.'}"
Modern slavery statement 2022-2330: ASSOCIATED KILN DRIERS PTY. LIMITED,document,"{'content': 'ASSOCIATED KILN DRIERS PTY. LIMITED (ABN 34 004 341 048) filed a single modern slavery statement with the Australian Modern Slavery Register for the reporting period 2021-07-01 to 2022-06-30. The reporting entity is headquartered in Australia. The reporting entity has an annual revenue band of 600-700M. The reporting entity operates in the industry sectors: Forestry, timber products, paper and containers and packaging. Register entry: https://modernslaveryregister.gov.au/statements/11096/.'}"
Modern slavery statement 2025-1125: UNIVERSITY OF CANBERRA,document,{'content': 'UNIVERSITY OF CANBERRA (ABN 81 633 873 422) filed a single modern slavery statement with the Australian Modern Slavery Register for the reporting period 2024-01-01 to 2024-12-31. The reporting entity is headquartered in Australia. The reporting entity has an annual revenue band of 350-400M. The reporting entity operates in the industry sectors: Education and research. Register entry: https://modernslaveryregister.gov.au/statements/23332/.'}
Modern slavery statement 2025-2116: TATA CONSULTANCY SERVICES LIMITED,document,"{'content': 'TATA CONSULTANCY SERVICES LIMITED (ABN 28 109 981 777) filed a single modern slavery statement with the Australian Modern Slavery Register for the reporting period 2024-04-01 to 2025-03-31. The reporting entity is headquartered in India. The reporting entity has an annual revenue band of 1BN+. The reporting entity operates in the industry sectors: Information Media and Telecommunications. The statement also covers the included entities: TCS FINANCIAL SOLUTIONS AUSTRALIA PTY LTD (20 001 899 369), TCS FNS PTY LIMITED (45 116 714 482). Register entry: https://modernslaveryregister.gov.au/statements/24588/.'}"
Modern slavery statement 2024-1272: Syrah Resources Limited,document,"{'content': 'Syrah Resources Limited (ABN 77 125 242 284) filed a single modern slavery statement with the Australian Modern Slavery Register for the reporting period 2023-01-01 to 2023-12-31. The reporting entity is headquartered in Australia. The reporting entity has an annual revenue band of 0-99M. The reporting entity operates in the industry sectors: Mining, metals, chemicals and resources (including oil and gas). The statement also covers the included entities: Syrah Global DMCC, Syrah Technologies LLC, Twigg Exploration and Mining Limitada. Register entry: https://modernslaveryregister.gov.au/statements/18599/.'}"
Modern slavery statement 2022-2032: NIOA MUNITIONS PTY LTD & NIOA NOMINEES PTY LTD T/F BILL NIOA FAMILY TRUST,document,{'content': 'NIOA MUNITIONS PTY LTD (ABN 93 622 573 095) and NIOA NOMINEES PTY LTD T/F BILL NIOA FAMILY TRUST (ABN 11 646 964 149) filed a joint modern slavery statement with the Australian Modern Slavery Register for the reporting period 2021-07-01 to 2022-06-30. The reporting entities are headquartered in Australia. The reporting entities have an annual revenue band of 150-200M. The reporting entities operate in the industry sectors: Defence and aerospace. Register entry: https://modernslaveryregister.gov.au/statements/10671/.'}
Modern slavery statement 2021-2906: Nomura International plc,document,"{'content': 'Nomura International plc filed a single modern slavery statement with the Australian Modern Slavery Register for the reporting period 2020-04-01 to 2021-03-30. The reporting entity is headquartered in United Kingdom. The reporting entity has an annual revenue band of 1BN+. The reporting entity operates in the industry sectors: Financial, insurance and real estate activities. Register entry: https://modernslaveryregister.gov.au/statements/5792/.'}"
"Modern slavery statement 2025-2407: INTEGRO HOLDINGS PTY LTD, INTEGRO LEARNING COMPANY PTY LTD, JOHN WILEY & SONS AUSTRALIA, LTD, WILEY PUBLISHING AUSTRALIA PTY LTD",document,"{'content': 'INTEGRO HOLDINGS PTY LTD, INTEGRO LEARNING COMPANY PTY LTD, JOHN WILEY & SONS AUSTRALIA, LTD, WILEY PUBLISHING AUSTRALIA PTY LTD filed a joint modern slavery statement with the Australian Modern Slavery Register for the reporting period 2024-05-01 to 2025-04-30. The reporting entity is headquartered in United States of America. The reporting entity has an annual revenue band of 100-150M. The reporting entity operates in the industry sectors: Information Media and Telecommunications Other Services. Register entry: https://modernslaveryregister.gov.au/statements/25037/.'}"
Modern slavery statement 2024-2588: The Trustee for BUILDING UNIONS SUPERANNUATION SCHEME QLD,document,"{'content': 'The Trustee for BUILDING UNIONS SUPERANNUATION SCHEME QLD (ABN 85 571 332 201) filed a single modern slavery statement with the Australian Modern Slavery Register for the reporting period 2023-07-01 to 2024-06-30. The reporting entity is headquartered in Australia. The reporting entity has an annual revenue band of 450-500M. The reporting entity operates in the industry sectors: Financial, insurance and real estate activities. Register entry: https://modernslaveryregister.gov.au/statements/20329/.'}"
Modern slavery statement 2021-4162: PSC INSURANCE GROUP LIMITED,document,"{'content': 'PSC INSURANCE GROUP LIMITED (ABN 81 147 812 164) filed a joint modern slavery statement with the Australian Modern Slavery Register for the reporting period 2020-07-01 to 2021-06-30. The reporting entity is headquartered in Australia. The reporting entity has an annual revenue band of 150-200M. The reporting entity operates in the industry sectors: Financial, insurance and real estate activities. Register entry: https://modernslaveryregister.gov.au/statements/7294/.'}"
Modern slavery statement 2025-1406: MONTU GROUP PTY LTD,document,{'content': 'MONTU GROUP PTY LTD (ABN 35 634 198 360) filed a single modern slavery statement with the Australian Modern Slavery Register for the reporting period 2023-07-01 to 2024-06-30. The reporting entity is headquartered in Australia. The reporting entity has an annual revenue band of 100-150M. The reporting entity operates in the industry sectors: Information technology and telecommunication Healthcare and pharmaceuticals. The statement also covers the included entities: ALTERNALEAF PTY LTD (67 649 693 005). Register entry: https://modernslaveryregister.gov.au/statements/23673/.'}
Modern slavery statement 2021-468: TELSTRA SUPER PTY LTD,document,"{'content': 'TELSTRA SUPER PTY LTD (ABN 86 007 422 522) filed a single modern slavery statement with the Australian Modern Slavery Register for the reporting period 2019-07-01 to 2020-06-30. The reporting entity is headquartered in Australia. The reporting entity has an annual revenue band of 200-250M. The reporting entity operates in the industry sectors: Financial, insurance and real estate activities. Register entry: https://modernslaveryregister.gov.au/statements/1941/.'}"
"Modern slavery statement 2025-3633: WAGNER INVESTMENTS PTY. LTD., WAGNERS AUSTRALIAN OPERATIONS PTY LTD, WAGNERS HOLDING COMPANY LTD",document,"{'content': 'WAGNER INVESTMENTS PTY. LTD., WAGNERS AUSTRALIAN OPERATIONS PTY LTD, WAGNERS HOLDING COMPANY LTD filed a joint modern slavery statement with the Australian Modern Slavery Register for the reporting period 2024-07-01 to 2025-06-30. The reporting entity is headquartered in Australia. The reporting entity has an annual revenue band of 400-450M. The reporting entity operates in the industry sectors: Construction Manufacturing. Register entry: https://modernslaveryregister.gov.au/statements/26722/.'}"
"Modern slavery statement 2024-2767: METAGENICS (AUST) PTY LTD, Metagenics Australia Pty Ltd",document,"{'content': 'METAGENICS (AUST) PTY LTD, Metagenics Australia Pty Ltd (ABN 78 113 937 572) filed a joint modern slavery statement with the Australian Modern Slavery Register for the reporting period 2023-01-01 to 2023-12-31. The reporting entity is headquartered in Australia. The reporting entity has an annual revenue band of 100-150M. The reporting entity operates in the industry sectors: Healthcare and pharmaceuticals. The statement also covers the included entities: METAGENICS (AUST) PTY LTD (73 010 636 165). Register entry: https://modernslaveryregister.gov.au/statements/20584/.'}"
Modern slavery statement 2022-2068: SETTLEMENT SERVICES INTERNATIONAL LIMITED,document,{'content': 'SETTLEMENT SERVICES INTERNATIONAL LIMITED (ABN 38 031 375 761) filed a single modern slavery statement with the Australian Modern Slavery Register for the reporting period 2021-07-01 to 2022-06-30. The reporting entity is headquartered in Australia. The reporting entity has an annual revenue band of 100-150M. The reporting entity operates in the industry sectors: Charitable / not-for-profit activities. Register entry: https://modernslaveryregister.gov.au/statements/10732/.'}
Modern slavery statement 2023-3036: ACM HOLDINGS CO PTY LTD,document,"{'content': 'ACM HOLDINGS CO PTY LTD (ABN 42 622 029 798) filed a joint modern slavery statement with the Australian Modern Slavery Register for the reporting period 2022-07-01 to 2023-06-30. The reporting entity is headquartered in Australia. The reporting entity has an annual revenue band of 500-600M. The reporting entity operates in the industry sectors: Food and beverages, agriculture and fishing. The statement also covers the included entities: ACM (ASIA) PTY LTD (69 646 381 339), ACM ENERGY PTY LTD (84 652 811 106), ACM PLANT PTY LTD (14 622 518 870), ACM PROCESSING PTY LTD (34 622 519 322), AUSTRALIAN CONSOLIDATED MILK PTY. LTD. (19 130 716 899), NAMBROK LAND PTY LTD (32 666 848 728). Register entry: https://modernslaveryregister.gov.au/statements/16296/.'}"
"Modern slavery statement 2023-3409: Keypath Education International, Inc.",document,"{'content': 'Keypath Education International, Inc. filed a joint modern slavery statement with the Australian Modern Slavery Register for the reporting period 2022-07-01 to 2023-06-30. The reporting entity is headquartered in United States of America. The reporting entity has an annual revenue band of 150-200M. The reporting entity operates in the industry sectors: Information technology and telecommunication Education and research. The statement also covers the included entities: KEYPATH EDUCATION AUSTRALIA PTY LTD, Keypath Education Canada, Inc., Keypath Education Holdings, LLC, Keypath Education, LLC, Keypath Education Malaysia Sdn. Bhd., Keypath Education Singapore Pte Ltd, Keypath Education UK, Ltd.. Register entry: https://modernslaveryregister.gov.au/statements/16700/.'}"
"Modern slavery statement 2023-2088: Fortinet, Inc.",document,"{'content': 'Fortinet, Inc. filed a single modern slavery statement with the Australian Modern Slavery Register for the reporting period 2022-07-01 to 2023-06-30. The reporting entity is headquartered in United States of America. The reporting entity has an annual revenue band of 1BN+. The reporting entity operates in the industry sectors: Information technology and telecommunication. Register entry: https://modernslaveryregister.gov.au/statements/15013/.'}"
Modern slavery statement 2025-2710: AMPLITUDE ENERGY LIMITED & COOPER ENERGY (SOLE) PTY. LTD.,document,"{'content': 'AMPLITUDE ENERGY LIMITED (ABN 93 096 170 295) and COOPER ENERGY (SOLE) PTY. LTD. filed a joint modern slavery statement with the Australian Modern Slavery Register for the reporting period 2024-07-01 to 2025-06-30. The reporting entities are headquartered in Australia. The reporting entities have an annual revenue band of 250-300M. The reporting entities operate in the industry sectors: Mining. The statement also covers the included entities: COOPER ENERGY (AGP) PTY LTD, COOPER ENERGY (AUSTRALIA) PTY. LTD., COOPER ENERGY (BMG) PTY LTD, COOPER ENERGY (CB) PTY LTD, COOPER ENERGY (CH) PTY. LTD. (70 615 355 023), COOPER ENERGY (CS) PTY LTD, COOPER ENERGY (EA) PTY. LTD., COOPER ENERGY (FINANCE) PTY LTD, COOPER ENERGY (HC) PTY. LTD., COOPER ENERGY (IC) PTY. LTD., COOPER ENERGY (MARKETING) PTY LTD, COOPER ENERGY (MF) PTY. LTD. (37 615 354 955), COOPER ENERGY (MGP) PTY. LTD. (66 615 355 005), COOPER ENERGY (MS) PTY LTD, COOPER ENERGY (PBF) PTY. LTD. (43 615 354 982), COOPER ENERGY (PB PIPELINES) PTY. LTD., COOPER ENERGY (TC) PTY. LTD., COOPER ENERGY (VO) PTY. LTD., Essential Petroleum Exploration Pty Ltd (86 122 852 457), SOMERTON ENERGY LIMITED (38 089 956 150). Register entry: https://modernslaveryregister.gov.au/statements/25383/.'}"
Modern slavery statement 2025-3552: MILDURA DISTRICT HOSPITAL FUND LTD.,document,{'content': 'MILDURA DISTRICT HOSPITAL FUND LTD. (ABN 13 078 202 089) filed a single modern slavery statement with the Australian Modern Slavery Register for the reporting period 2024-07-01 to 2025-06-30. The reporting entity is headquartered in Australia. The reporting entity has an annual revenue band of 100-150M. The reporting entity operates in the industry sectors: Health Care and Social Assistance. Register entry: https://modernslaveryregister.gov.au/statements/26621/.'}
Modern slavery statement 2025-2178: The Trustee for Carmichael Rail Operations Trust,document,"{'content': 'The Trustee for Carmichael Rail Operations Trust (ABN 24 943 622 415) filed a single modern slavery statement with the Australian Modern Slavery Register for the reporting period 2024-04-01 to 2025-03-31. The reporting entity is headquartered in Australia. The reporting entity has an annual revenue band of 100-150M. The reporting entity operates in the industry sectors: Transport, Postal and Warehousing. Register entry: https://modernslaveryregister.gov.au/statements/24669/.'}"
Modern slavery statement 2024-2874: BEAK & JOHNSTON PTY. LTD.,document,"{'content': 'BEAK & JOHNSTON PTY. LTD. (ABN 18 108 805 974) filed a single modern slavery statement with the Australian Modern Slavery Register for the reporting period 2023-07-01 to 2024-06-30. The reporting entity is headquartered in Australia. The reporting entity has an annual revenue band of 400-450M. The reporting entity operates in the industry sectors: Food and beverages, agriculture and fishing. Register entry: https://modernslaveryregister.gov.au/statements/20712/.'}"
"Modern slavery statement 2023-1257: SAILPOINT INTERNATIONAL, INC.",document,"{'content': 'SAILPOINT INTERNATIONAL, INC. (ABN 71 162 832 322) filed a single modern slavery statement with the Australian Modern Slavery Register for the reporting period 2022-01-01 to 2022-12-31. The reporting entity is headquartered in United States of America. The reporting entity has an annual revenue band of 0-99M. The reporting entity operates in the industry sectors: Other. Register entry: https://modernslaveryregister.gov.au/statements/13880/.'}"
Modern slavery statement 2026-55: SITEMINDER LIMITED,document,{'content': 'SITEMINDER LIMITED filed a single modern slavery statement with the Australian Modern Slavery Register for the reporting period 2024-07-01 to 2025-06-30. The reporting entity is headquartered in Australia. The reporting entity has an annual revenue band of 200-250M. The reporting entity operates in the industry sectors: Information Media and Telecommunications. Register entry: https://modernslaveryregister.gov.au/statements/27112/.'}
Modern slavery statement 2023-2859: COOGEE CHEMICALS PTY LTD,document,"{'content': 'COOGEE CHEMICALS PTY LTD filed a single modern slavery statement with the Australian Modern Slavery Register for the reporting period 2022-07-01 to 2023-06-30. The reporting entity is headquartered in Australia. The reporting entity has an annual revenue band of 300-350M. The reporting entity operates in the industry sectors: Mining, metals, chemicals and resources (including oil and gas). Register entry: https://modernslaveryregister.gov.au/statements/16066/.'}"
Modern slavery statement 2025-3705: LEO AUSTRALIA HOLDING PTY LIMITED,document,"{'content': 'LEO AUSTRALIA HOLDING PTY LIMITED (ABN 86 682 814 848) filed a single modern slavery statement with the Australian Modern Slavery Register for the reporting period 2024-07-01 to 2025-06-30. The reporting entity is headquartered in Australia. The reporting entity has an annual revenue band of 300-350M. The reporting entity operates in the industry sectors: Accommodation and Food Services Health Care and Social Assistance. The statement also covers the included entities: ENSIGN SERVICES (AUST.) PTY. LTD. (40 006 254 306), HT BIDCO PTY LTD, HT HOLDCO PTY LTD, HT MEZZCO PTY LTD, HT MIDCO PTY LTD, HT PROPCO 1 PTY LTD, HT PROPCO 2 PTY LTD, HT PROPCO 3 PTY LTD, LEO AUSTRALIA NO.1 PTY LIMITED (47 682 815 872), LEO AUSTRALIA PTY LIMITED (39 682 270 695). Register entry: https://modernslaveryregister.gov.au/statements/26802/.'}"
Modern slavery statement 2022-2969: THE STAR ENTERTAINMENT GROUP LIMITED,document,"{'content': 'THE STAR ENTERTAINMENT GROUP LIMITED (ABN 85 149 629 023) filed a single modern slavery statement with the Australian Modern Slavery Register for the reporting period 2021-07-01 to 2022-06-30. The reporting entity is headquartered in Australia. The reporting entity has an annual revenue band of 1BN+. The reporting entity operates in the industry sectors: Consumer services, including accommodation, hospitality, tourism and leisure. Register entry: https://modernslaveryregister.gov.au/statements/11855/.'}"
"Modern slavery statement 2025-2526: BRISTOW HELICOPTERS AUSTRALIA PTY LTD., CAPITEQ PTY LIMITED",document,"{'content': 'BRISTOW HELICOPTERS AUSTRALIA PTY LTD., CAPITEQ PTY LIMITED filed a joint modern slavery statement with the Australian Modern Slavery Register for the reporting period 2024-01-01 to 2024-12-31. The reporting entity is headquartered in Australia. The reporting entity has an annual revenue band of 200-250M. The reporting entity operates in the industry sectors: Transport, Postal and Warehousing. Register entry: https://modernslaveryregister.gov.au/statements/23913/.'}"
Modern slavery statement 2024-3099: PARKER HANNIFIN AUSTRALIA ASSETS PTY LIMITED & PARKER HANNIFIN AUSTRALIA HOLDING PTY LIMITED & PARKER HANNIFIN (AUSTRALIA) PTY. LIMITED,document,"{'content': 'PARKER HANNIFIN AUSTRALIA ASSETS PTY LIMITED (ABN 93 117 126 593), PARKER HANNIFIN AUSTRALIA HOLDING PTY LIMITED (ABN 61 117 010 107) and PARKER HANNIFIN (AUSTRALIA) PTY. LIMITED (ABN 89 008 446 893) filed a joint modern slavery statement with the Australian Modern Slavery Register for the reporting period 2020-07-01 to 2021-06-30. The reporting entities are headquartered in Australia. The reporting entities have an annual revenue band of 700-800M. The reporting entities operate in the industry sectors: Automotive, machinery and heavy electrical equipment. The statement also covers the included entities: PARKER HANNIFIN AUSTRALIA ASSETS PTY LIMITED (93 117 126 593), PARKER HANNIFIN (AUSTRALIA) PTY. LIMITED (89 008 446 893). Register entry: https://modernslaveryregister.gov.au/statements/21009/.'}"
Modern slavery statement 2021-3735: HIREUP PTY. LTD.,document,{'content': 'HIREUP PTY. LTD. (ABN 32 600 120 787) filed a joint modern slavery statement with the Australian Modern Slavery Register for the reporting period 2020-07-01 to 2021-06-30. The reporting entity is headquartered in Australia. The reporting entity has an annual revenue band of 150-200M. The reporting entity operates in the industry sectors: Other. Register entry: https://modernslaveryregister.gov.au/statements/7104/.'}
Modern slavery statement 2024-3233: The Trustee for The Minderoo Foundation Trust,document,"{'content': 'The Trustee for The Minderoo Foundation Trust (ABN 24 819 440 618) filed a single modern slavery statement with the Australian Modern Slavery Register for the reporting period 2023-07-01 to 2024-06-30. The reporting entity is headquartered in Australia. The reporting entity has an annual revenue band of 700-800M. The reporting entity operates in the industry sectors: Charitable / not-for-profit activities. The statement also covers the included entities: FIRST SOURCING AND LOGISTICS PTY LTD (43 640 133 606), LEEUWIN OCEAN ADVENTURE FOUNDATION LIMITED (65 009 105 677), Minderoo Investments No 1 Pty Ltd, The Trustee for Minderoo Investments No 2 Unit Trust (26 696 461 945), The Trustee for The Minderoo Foundation Trust As the Operator of a PBI (47 204 978 079). Register entry: https://modernslaveryregister.gov.au/statements/20882/.'}"
Modern slavery statement 2022-1996: NEWCASTLE PERMANENT BUILDING SOCIETY LIMITED,document,"{'content': 'NEWCASTLE PERMANENT BUILDING SOCIETY LIMITED (ABN 96 087 651 992) filed a single modern slavery statement with the Australian Modern Slavery Register for the reporting period 2021-07-01 to 2022-06-30. The reporting entity is headquartered in Australia. The reporting entity has an annual revenue band of 500-600M. The reporting entity operates in the industry sectors: Financial, insurance and real estate activities. Register entry: https://modernslaveryregister.gov.au/statements/10627/.'}"
Modern slavery statement 2024-1865: LOGISTEED AUSTRALIA PTY. LTD. & LOGISTEED FORWARDING AUSTRALIA PTY. LTD.,document,"{'content': 'LOGISTEED AUSTRALIA PTY. LTD. (ABN 76 150 317 007) and LOGISTEED FORWARDING AUSTRALIA PTY. LTD. (ABN 97 063 771 997) filed a joint modern slavery statement with the Australian Modern Slavery Register for the reporting period 2023-04-01 to 2024-03-31. The reporting entities are headquartered in Australia, Japan. The reporting entities have an annual revenue band of 0-99M. The reporting entities operate in the industry sectors: Transportation, logistics, and storage. Register entry: https://modernslaveryregister.gov.au/statements/19258/.'}"
Modern slavery statement 2021-2435: PERKINS (WA) PTY LTD,document,"{'content': 'PERKINS (WA) PTY LTD (ABN 60 008 844 862) filed a single modern slavery statement with the Australian Modern Slavery Register for the reporting period 2019-07-01 to 2020-06-30. The reporting entity is headquartered in Australia. The reporting entity has an annual revenue band of 150-200M. The reporting entity operates in the industry sectors: Construction, civil engineering and building products. Register entry: https://modernslaveryregister.gov.au/statements/5076/.'}"
Modern slavery statement 2024-2226: TOURISM HOLDINGS AUSTRALIA PTY LIMITED,document,"{'content': 'TOURISM HOLDINGS AUSTRALIA PTY LIMITED (ABN 94 001 789 957) filed a single modern slavery statement with the Australian Modern Slavery Register for the reporting period 2023-07-01 to 2024-06-30. The reporting entity is headquartered in Australia, New Zealand. The reporting entity has an annual revenue band of 250-300M. The reporting entity operates in the industry sectors: Consumer services, including accommodation, hospitality, tourism and leisure. The statement also covers the included entities: AMH PRODUCTS PTY LIMITED (53 646 775 386), APOLLO INVESTMENTS PTY LTD (31 618 096 352), APOLLO MOTORHOME HOLIDAYS PTY LTD (81 051 584 153), APOLLO MOTORHOME INDUSTRIES PTY. LTD. (69 101 079 127), APOLLO RV SERVICE & REPAIR CENTRE PTY LTD (39 648 798 789), APOLLO RV WEST PTY LTD (88 620 922 287), G R L Enterprises Pty Ltd (31 112 862 496), OUTDORIA PTY LTD (77 605 113 835), SYDNEY RV GROUP PTY LIMITED (51 112 316 560), THL GROUP (AUSTRALIA) PTY. LTD. (68 055 966 222), THL RV SALES ADELAIDE PTY LTD (55 674 060 532). Register entry: https://modernslaveryregister.gov.au/statements/19831/.'}"
Modern slavery statement 2025-2152: PEARL CORPORATION OF AUSTRALIA PTY. LTD.,document,"{'content': 'PEARL CORPORATION OF AUSTRALIA PTY. LTD. (ABN 33 009 623 081) filed a single modern slavery statement with the Australian Modern Slavery Register for the reporting period 2024-07-01 to 2025-06-30. The reporting entity is headquartered in Australia. The reporting entity has an annual revenue band of 100-150M. The reporting entity operates in the industry sectors: Retail Trade Agriculture, Forestry and Fishing Wholesale Trade. Register entry: https://modernslaveryregister.gov.au/statements/24638/.'}"
Modern slavery statement 2024-690: AMERICAN EXPRESS AUSTRALIA LIMITED,document,"{'content': 'AMERICAN EXPRESS AUSTRALIA LIMITED (ABN 92 108 952 085) filed a single modern slavery statement with the Australian Modern Slavery Register for the reporting period 2023-01-01 to 2023-12-31. The reporting entity is headquartered in Australia. The reporting entity has an annual revenue band of 1BN+. The reporting entity operates in the industry sectors: Financial, insurance and real estate activities. The statement also covers the included entities: CENTURION FINANCE LIMITED. Register entry: https://modernslaveryregister.gov.au/statements/17766/.'}"
Modern slavery statement 2025-960: The Trustee for Auslan Services Trust,document,{'content': 'The Trustee for Auslan Services Trust (ABN 46 158 235 896) filed a single modern slavery statement with the Australian Modern Slavery Register for the reporting period 2023-07-01 to 2024-06-30. The reporting entity is headquartered in Australia. The reporting entity has an annual revenue band of 0-99M. The reporting entity operates in the industry sectors: Other. Register entry: https://modernslaveryregister.gov.au/statements/23091/.'}
Modern slavery statement 2024-3658: Enviro Pipes Pty Ltd,document,"{'content': 'Enviro Pipes Pty Ltd (ABN 84 130 666 518) filed a single modern slavery statement with the Australian Modern Slavery Register for the reporting period 2023-10-01 to 2024-09-30. The reporting entity is headquartered in Australia. The reporting entity has an annual revenue band of 100-150M. The reporting entity operates in the industry sectors: Mining, metals, chemicals and resources (including oil and gas). Register entry: https://modernslaveryregister.gov.au/statements/21622/.'}"
Modern slavery statement 2023-2358: The Trustee for Spark North East Link Trust,document,"{'content': 'The Trustee for Spark North East Link Trust (ABN 45 472 853 727) filed a single modern slavery statement with the Australian Modern Slavery Register for the reporting period 2022-07-01 to 2023-06-30. The reporting entity is headquartered in Australia. The reporting entity has an annual revenue band of 1BN+. The reporting entity operates in the industry sectors: Construction, civil engineering and building products. Register entry: https://modernslaveryregister.gov.au/statements/15403/.'}"
Modern slavery statement 2021-922: ANDREW JOHNSON HOLDINGS PTY LTD,document,"{'content': 'ANDREW JOHNSON HOLDINGS PTY LTD (ABN 54 089 200 448) filed a single modern slavery statement with the Australian Modern Slavery Register for the reporting period 2020-01-01 to 2020-12-31. The reporting entity is headquartered in Australia. The reporting entity has an annual revenue band of 100-150M. The reporting entity operates in the industry sectors: Construction, civil engineering and building products. Register entry: https://modernslaveryregister.gov.au/statements/2760/.'}"
Modern slavery statement 2023-2427: DE BORTOLI WINES PTY LIMITED,document,"{'content': 'DE BORTOLI WINES PTY LIMITED (ABN 77 000 146 672) filed a single modern slavery statement with the Australian Modern Slavery Register for the reporting period 2022-07-01 to 2023-06-30. The reporting entity is headquartered in Australia. The reporting entity has an annual revenue band of 100-150M. The reporting entity operates in the industry sectors: Food and beverages, agriculture and fishing. Register entry: https://modernslaveryregister.gov.au/statements/15518/.'}"
"Modern slavery statement 2023-1395: PENSKE AUSTRALIA PTY LTD, PENSKE TRANSPORTATION GROUP INTERNATIONAL PTY LTD",document,"{'content': 'PENSKE AUSTRALIA PTY LTD, PENSKE TRANSPORTATION GROUP INTERNATIONAL PTY LTD filed a joint modern slavery statement with the Australian Modern Slavery Register for the reporting period 2022-01-01 to 2022-12-31. The reporting entity is headquartered in Australia. The reporting entity has an annual revenue band of 1BN+. The reporting entity operates in the industry sectors: Automotive, machinery and heavy electrical equipment. Register entry: https://modernslaveryregister.gov.au/statements/14033/.'}"
"Modern slavery statement 2024-2739: NATIONAL STORAGE HOLDINGS LIMITED, THE TRUSTEE FOR NATIONAL STORAGE PROPERTY TRUST",document,"{'content': 'NATIONAL STORAGE HOLDINGS LIMITED, THE TRUSTEE FOR NATIONAL STORAGE PROPERTY TRUST (ABN 89 097 160 227) filed a joint modern slavery statement with the Australian Modern Slavery Register for the reporting period 2023-07-01 to 2024-06-30. The reporting entity is headquartered in Australia. The reporting entity has an annual revenue band of 350-400M. The reporting entity operates in the industry sectors: Transportation, logistics, and storage Financial, insurance and real estate activities. The statement also covers the included entities: National Storage Active Investment Trust (ARSN 609 004 837), NATIONAL STORAGE DEVELOPMENTS PTY LTD, NATIONAL STORAGE FINANCE PTY LTD, National Storage Finance Trust, NATIONAL STORAGE FINANCIAL SERVICES LIMITED, NATIONAL STORAGE INVESTMENTS PTY LTD, National Storage Limited 5637547 (NZBN: 9429041658635), NATIONAL STORAGE NO.2 PTY LTD, NATIONAL STORAGE NO.3 PTY LTD, NATIONAL STORAGE (NZ) PTY LTD, NATIONAL STORAGE (OPERATIONS) PTY LTD, National Storage Property Trust (ARSN 101 227 712) (ABN 89 097 160 227), NATIONAL STORAGE PTY LTD, NS DEVELOPMENT CO 1 PTY LTD, RUNWAY TECHNOLOGIES PTY LTD, SOUTHERN CROSS STORAGE OPERATIONS PTY LIMITED, THE TRUSTEE FOR NATIONAL STORAGE INVESTMENTS TRUST (62 524 923 665), The Trustee for National Storage New Zealand Property Trust (54 144 806 624), The Trustee for National Storage Southern Trust (55 192 118 188), The Trustee for National Storage Victorian Property Trust (95 522 660 079), WINE-ARK PTY LTD. Register entry: https://modernslaveryregister.gov.au/statements/20534/.'}"
Modern slavery statement 2021-2561: ASTELLAS PHARMA AUSTRALIA PTY LTD,document,{'content': 'ASTELLAS PHARMA AUSTRALIA PTY LTD (ABN 81 147 915 482) filed a single modern slavery statement with the Australian Modern Slavery Register for the reporting period 2020-04-01 to 2021-03-30. The reporting entity is headquartered in Japan. The reporting entity has an annual revenue band of 100-150M. The reporting entity operates in the industry sectors: Healthcare and pharmaceuticals. Register entry: https://modernslaveryregister.gov.au/statements/5276/.'}
Modern slavery statement 2021-2278: NOKIA SOLUTIONS AND NETWORKS AUSTRALIA PTY LTD,document,"{'content': 'NOKIA SOLUTIONS AND NETWORKS AUSTRALIA PTY LTD (ABN 74 122 172 365) filed a joint modern slavery statement with the Australian Modern Slavery Register for the reporting period 2020-01-01 to 2020-12-31. The reporting entity is headquartered in Australia, Finland. The reporting entity has an annual revenue band of 600-700M. The reporting entity operates in the industry sectors: Information technology and telecommunication. Register entry: https://modernslaveryregister.gov.au/statements/4918/.'}"
Modern slavery statement 2022-2709: Knight Frank Australia Holdings Pty Ltd & KNIGHT FRANK AUSTRALIA PTY LTD,document,"{'content': 'Knight Frank Australia Holdings Pty Ltd (ABN 28 114 923 938) and KNIGHT FRANK AUSTRALIA PTY LTD (ABN 17 004 973 684) filed a joint modern slavery statement with the Australian Modern Slavery Register for the reporting period 2021-07-01 to 2022-06-30. The reporting entities are headquartered in Australia. The reporting entities have an annual revenue band of 300-350M. The reporting entities operate in the industry sectors: Professional and administrative services and supplies, including legal, consulting and accounting services. Register entry: https://modernslaveryregister.gov.au/statements/11580/.'}"
"Modern slavery statement 2025-2184: STRAIT LINK AUSTRALIA HOLDINGS PTY LTD, STRAIT LINK SHIPPING PTY LTD",document,"{'content': 'STRAIT LINK AUSTRALIA HOLDINGS PTY LTD, STRAIT LINK SHIPPING PTY LTD filed a joint modern slavery statement with the Australian Modern Slavery Register for the reporting period 2024-04-01 to 2025-03-31. The reporting entity is headquartered in Australia. The reporting entity has an annual revenue band of 300-350M. The reporting entity operates in the industry sectors: Transport, Postal and Warehousing. The statement also covers the included entities: STRAIT LINK AUSTRALIA PTY LTD, STRAIT LINK QS HOLDINGS PTY LTD, STRAIT LINK QS PTY LTD. Register entry: https://modernslaveryregister.gov.au/statements/24678/.'}"
Modern slavery statement 2025-1632: ROC OIL COMPANY PTY LIMITED,document,"{'content': 'ROC OIL COMPANY PTY LIMITED filed a single modern slavery statement with the Australian Modern Slavery Register for the reporting period 2024-01-01 to 2024-12-31. The reporting entity is headquartered in Australia. The reporting entity has an annual revenue band of 400-450M. The reporting entity operates in the industry sectors: Mining, metals, chemicals and resources (including oil and gas). The statement also covers the included entities: ANZON ENERGY LTD, ROC OIL AUSTRALIA HOLDINGS PTY LTD, Roc Oil (Finance) Pty Limited, ROC OIL INTERNATIONAL HOLDINGS PTY LTD, Roc Oil (Malaysia) Pty Limited, Roc Oil (Ventures) Pty Limited, ROC OIL (VIC) PTY LIMITED. Register entry: https://modernslaveryregister.gov.au/statements/23890/.'}"
Modern slavery statement 2024-2654: DISCOVERY HOLIDAY PARKS PTY LIMITED & Discovery Parks Holdings Pty Limited,document,"{'content': 'DISCOVERY HOLIDAY PARKS PTY LIMITED (ABN 50 111 782 846) and Discovery Parks Holdings Pty Limited (ABN 61 127 847 269) filed a joint modern slavery statement with the Australian Modern Slavery Register for the reporting period 2023-07-01 to 2024-06-30. The reporting entities are headquartered in Australia. The reporting entities have an annual revenue band of 350-400M. The reporting entities operate in the industry sectors: Consumer services, including accommodation, hospitality, tourism and leisure. The statement also covers the included entities: AUSTRALIAN PARK LICENCE CO PTY LTD (99 622 566 205), WIKICAMPS PTY LTD (58 169 556 165). Register entry: https://modernslaveryregister.gov.au/statements/20425/.'}"
Modern slavery statement 2024-1963: STATE BANK OF INDIA,document,"{'content': 'STATE BANK OF INDIA (ABN 95 082 610 008) filed a single modern slavery statement with the Australian Modern Slavery Register for the reporting period 2023-04-01 to 2024-03-31. The reporting entity is headquartered in India. The reporting entity has an annual revenue band of 150-200M. The reporting entity operates in the industry sectors: Financial, insurance and real estate activities. Register entry: https://modernslaveryregister.gov.au/statements/19466/.'}"
Modern slavery statement 2025-3911: Austin Engineering Limited,document,{'content': 'Austin Engineering Limited (ABN 60 078 490 136) filed a single modern slavery statement with the Australian Modern Slavery Register for the reporting period 2025-01-01 to 2025-12-31. The reporting entity is headquartered in Australia. The reporting entity has an annual revenue band of 100-150M. The reporting entity operates in the industry sectors: Manufacturing. Register entry: https://modernslaveryregister.gov.au/statements/26871/.'}
Modern slavery statement 2023-1977: BROTHER INTERNATIONAL (AUST) PTY LTD,document,{'content': 'BROTHER INTERNATIONAL (AUST) PTY LTD (ABN 17 001 393 835) filed a single modern slavery statement with the Australian Modern Slavery Register for the reporting period 2022-04-01 to 2023-03-30. The reporting entity is headquartered in Japan. The reporting entity has an annual revenue band of 200-250M. The reporting entity operates in the industry sectors: Information technology and telecommunication. Register entry: https://modernslaveryregister.gov.au/statements/14854/.'}
Modern slavery statement 2026-199: SEKTOR PTY LIMITED,document,{'content': 'SEKTOR PTY LIMITED (ABN 54 140 763 417) filed a single modern slavery statement with the Australian Modern Slavery Register for the reporting period 2024-07-01 to 2025-06-30. The reporting entity is headquartered in New Zealand. The reporting entity has an annual revenue band of 400-450M. The reporting entity operates in the industry sectors: Wholesale Trade Other Services. Register entry: https://modernslaveryregister.gov.au/statements/27357/.'}
Modern slavery statement 2021-712: Australian Reinsurance Pool Corporation,document,"{'content': 'Australian Reinsurance Pool Corporation (ABN 74 807 136 872) filed a single modern slavery statement with the Australian Modern Slavery Register for the reporting period 2019-07-01 to 2020-06-30. The reporting entity is headquartered in Australia. The reporting entity has an annual revenue band of 200-250M. The reporting entity operates in the industry sectors: Financial, insurance and real estate activities. Register entry: https://modernslaveryregister.gov.au/statements/2371/.'}"
Modern slavery statement 2022-197: PIPEMAKERS AUSTRALIA PTY LTD,document,"{'content': 'PIPEMAKERS AUSTRALIA PTY LTD (ABN 76 061 712 365) filed a single modern slavery statement with the Australian Modern Slavery Register for the reporting period 2021-01-01 to 2021-12-31. The reporting entity is headquartered in Australia. The reporting entity has an annual revenue band of 150-200M. The reporting entity operates in the industry sectors: Construction, civil engineering and building products. Register entry: https://modernslaveryregister.gov.au/statements/7985/.'}"
Modern slavery statement 2023-1570: EZKO COMMERCIAL SERVICES PTY LTD & EZKO RETAIL SERVICES PTY LTD & INDIGENOUS COMMERCIAL CLEANING PTY LTD et al.,document,"{'content': 'EZKO COMMERCIAL SERVICES PTY LTD (ABN 23 667 393 311), EZKO RETAIL SERVICES PTY LTD (ABN 40 667 392 636), INDIGENOUS COMMERCIAL CLEANING PTY LTD (ABN 14 626 056 513) and SKG SERVICES AUSTRALIA PTY LTD (ABN 87 658 543 581) filed a joint modern slavery statement with the Australian Modern Slavery Register for the reporting period 2022-07-01 to 2023-06-30. The reporting entities are headquartered in Australia. The reporting entities have an annual revenue band of 0-99M. The reporting entities operate in the industry sectors: Cleaning and security services. Register entry: https://modernslaveryregister.gov.au/statements/14279/.'}"
Modern slavery statement 2025-642: CHINA YUNNAN COPPER (AUSTRALIA) INVESTMENT AND DEVELOPMENT PTY LTD,document,"{'content': 'CHINA YUNNAN COPPER (AUSTRALIA) INVESTMENT AND DEVELOPMENT PTY LTD (ABN 32 110 345 750) filed a single modern slavery statement with the Australian Modern Slavery Register for the reporting period 2024-01-01 to 2024-12-31. The reporting entity is headquartered in China. The reporting entity has an annual revenue band of 150-200M. The reporting entity operates in the industry sectors: Mining, metals, chemicals and resources (including oil and gas). Register entry: https://modernslaveryregister.gov.au/statements/22621/.'}"
Modern slavery statement 2021-4021: THE TRUSTEE FOR TRIBECA ALPHA PLUS FUND,document,"{'content': 'THE TRUSTEE FOR TRIBECA ALPHA PLUS FUND (ABN 98 912 850 890) filed a single modern slavery statement with the Australian Modern Slavery Register for the reporting period 2020-07-01 to 2021-06-30. The reporting entity is headquartered in Australia. The reporting entity has an annual revenue band of 200-250M. The reporting entity operates in the industry sectors: Financial, insurance and real estate activities. Register entry: https://modernslaveryregister.gov.au/statements/7486/.'}"
Modern slavery statement 2023-1223: AMERICAN EXPRESS AUSTRALIA LIMITED & CENTURION FINANCE LIMITED,document,"{'content': 'AMERICAN EXPRESS AUSTRALIA LIMITED (ABN 92 108 952 085) and CENTURION FINANCE LIMITED (ABN 93 631 056 150) filed a joint modern slavery statement with the Australian Modern Slavery Register for the reporting period 2022-01-01 to 2022-12-31. The reporting entities are headquartered in Australia, New Zealand. The reporting entities have an annual revenue band of 1BN+. The reporting entities operate in the industry sectors: Financial, insurance and real estate activities. Register entry: https://modernslaveryregister.gov.au/statements/13768/.'}"
Modern slavery statement 2022-3135: TAMS GROUP QUEENSLAND PTY LTD & TOTAL AMS PTY LTD,document,"{'content': 'TAMS GROUP QUEENSLAND PTY LTD (ABN 31 108 258 019) and TOTAL AMS PTY LTD (ABN 81 091 839 619) filed a joint modern slavery statement with the Australian Modern Slavery Register for the reporting period 2021-07-01 to 2022-06-30. The reporting entities are headquartered in Australia. The reporting entities have an annual revenue band of 200-250M. The reporting entities operate in the industry sectors: Transportation, logistics, and storage Other. Register entry: https://modernslaveryregister.gov.au/statements/10496/.'}"
Modern slavery statement 2022-2663: CAPRICORN SOCIETY LIMITED,document,"{'content': 'CAPRICORN SOCIETY LIMITED (ABN 29 008 347 313) filed a single modern slavery statement with the Australian Modern Slavery Register for the reporting period 2021-07-01 to 2022-06-30. The reporting entity is headquartered in Australia. The reporting entity has an annual revenue band of 100-150M. The reporting entity operates in the industry sectors: Financial, insurance and real estate activities. Register entry: https://modernslaveryregister.gov.au/statements/11522/.'}"
Modern slavery statement 2021-3723: MOSAIC BRANDS LIMITED,document,"{'content': 'MOSAIC BRANDS LIMITED (ABN 96 003 321 579) filed a single modern slavery statement with the Australian Modern Slavery Register for the reporting period 2020-07-01 to 2021-06-30. The reporting entity is headquartered in Australia. The reporting entity has an annual revenue band of 600-700M. The reporting entity operates in the industry sectors: Fashion, textiles, apparel and luxury goods. Register entry: https://modernslaveryregister.gov.au/statements/7084/.'}"
Modern slavery statement 2022-166: ARCHER CRESCENT PTY LTD & OTHERS,document,"{'content': 'ARCHER CRESCENT PTY LTD & OTHERS (ABN 18 417 923 143) filed a single modern slavery statement with the Australian Modern Slavery Register for the reporting period 2021-01-01 to 2021-12-31. The reporting entity is headquartered in Australia. The reporting entity has an annual revenue band of 100-150M. The reporting entity operates in the industry sectors: Automotive, machinery and heavy electrical equipment. Register entry: https://modernslaveryregister.gov.au/statements/7938/.'}"
Modern slavery statement 2025-2918: SWYFTX PTY LTD,document,{'content': 'SWYFTX PTY LTD filed a single modern slavery statement with the Australian Modern Slavery Register for the reporting period 2024-07-01 to 2025-06-30. The reporting entity is headquartered in Australia. The reporting entity has an annual revenue band of 100-150M. The reporting entity operates in the industry sectors: Other Services. Register entry: https://modernslaveryregister.gov.au/statements/25694/.'}
Modern slavery statement 2020-87: FUJITSU GENERAL (AUST.) PTY LIMITED,document,"{'content': 'FUJITSU GENERAL (AUST.) PTY LIMITED (ABN 55 001 229 554) filed a single modern slavery statement with the Australian Modern Slavery Register for the reporting period 2019-04-01 to 2020-03-30. The reporting entity is headquartered in Japan. The reporting entity has an annual revenue band of 250-300M. The reporting entity operates in the industry sectors: Durable consumer goods, including electronics and appliances, home furnishings and other accessories. Register entry: https://modernslaveryregister.gov.au/statements/279/.'}"
Modern slavery statement 2021-680: APH TOP CO PTY LIMITED & PORT OF BRISBANE PTY LTD & QPH Finance Co Pty Limited et al.,document,"{'content': 'APH TOP CO PTY LIMITED (ABN 96 608 192 374), PORT OF BRISBANE PTY LTD (ABN 78 143 384 749), QPH Finance Co Pty Limited (ABN 74 146 988 454), QPH Hold Co Pty Limited (ABN 31 146 978 994), QPH PORT ACQUISITION CO PTY LIMITED (ABN 81 146 985 677), THE TRUSTEE FOR QPH HOLD TRUST (ABN 36 467 446 294) and The Trustee for QPH Property Trust (ABN 37 014 309 893) filed a joint modern slavery statement with the Australian Modern Slavery Register for the reporting period 2019-07-01 to 2020-06-30. The reporting entities are headquartered in Australia. The reporting entities have an annual revenue band of 800-900M. The reporting entities operate in the industry sectors: Transportation, logistics, and storage. Register entry: https://modernslaveryregister.gov.au/statements/2315/.'}"
Modern slavery statement 2023-1770: CIP CONSOLIDATED PTY LTD,document,"{'content': 'CIP CONSOLIDATED PTY LTD (ABN 30 643 593 533) filed a single modern slavery statement with the Australian Modern Slavery Register for the reporting period 2022-07-01 to 2023-06-30. The reporting entity is headquartered in Australia. The reporting entity has an annual revenue band of 350-400M. The reporting entity operates in the industry sectors: Construction, civil engineering and building products. Register entry: https://modernslaveryregister.gov.au/statements/14580/.'}"
Modern slavery statement 2023-1347: HUAWEI TECHNOLOGIES (AUSTRALIA) PTY LTD,document,"{'content': 'HUAWEI TECHNOLOGIES (AUSTRALIA) PTY LTD (ABN 49 103 793 380) filed a single modern slavery statement with the Australian Modern Slavery Register for the reporting period 2022-01-01 to 2022-12-31. The reporting entity is headquartered in China. The reporting entity has an annual revenue band of 100-150M. The reporting entity operates in the industry sectors: Durable consumer goods, including electronics and appliances, home furnishings and other accessories Information technology and telecommunication Other. Register entry: https://modernslaveryregister.gov.au/statements/13913/.'}"
Modern slavery statement 2025-1758: Ace Civil Services Pty. Ltd. & ACE CONTRACTORS GROUP PTY. LTD. & ACE ELECTRICAL INFRASTRUCTURE PTY LTD et al.,document,"{'content': 'Ace Civil Services Pty. Ltd. (ABN 16 131 093 466), ACE CONTRACTORS GROUP PTY. LTD. (ABN 30 007 256 242), ACE ELECTRICAL INFRASTRUCTURE PTY LTD (ABN 87 159 022 143), Ace Environmental Services Pty. Ltd. (ABN 18 131 093 475), Ace Infrastructure Pty. Ltd. (ABN 22 131 093 493), Ace Landscape Services Pty. Ltd. (ABN 39 131 093 500), ACE WATER SERVICES PTY LTD (ABN 23 148 867 878), BLOOM ENTERPRISES VIC PTY LTD (ABN 16 653 570 677) and CONSO AUSTRALIA PTY LTD (ABN 19 635 395 916) filed a joint modern slavery statement with the Australian Modern Slavery Register for the reporting period 2024-07-01 to 2025-06-30. The reporting entities are headquartered in Australia. The reporting entities have an annual revenue band of 100-150M. The reporting entities operate in the industry sectors: Construction. Register entry: https://modernslaveryregister.gov.au/statements/24050/.'}"
Modern slavery statement 2023-3177: SUTTONS INVESTMENTS PTY. LIMITED,document,"{'content': 'SUTTONS INVESTMENTS PTY. LIMITED (ABN 84 008 446 428) filed a single modern slavery statement with the Australian Modern Slavery Register for the reporting period 2022-07-01 to 2023-06-30. The reporting entity is headquartered in Australia. The reporting entity has an annual revenue band of 1BN+. The reporting entity operates in the industry sectors: Automotive, machinery and heavy electrical equipment. Register entry: https://modernslaveryregister.gov.au/statements/16462/.'}"
Modern slavery statement 2024-2358: DENDROBIUM COAL PTY LTD & ENDEAVOUR COAL PTY LIMITED & GROOTE EYLANDT MINING COMPANY PROPRIETARY LIMITED et al.,document,"{'content': 'DENDROBIUM COAL PTY LTD (ABN 85 098 744 088), ENDEAVOUR COAL PTY LIMITED (ABN 38 099 830 476), GROOTE EYLANDT MINING COMPANY PROPRIETARY LIMITED (ABN 26 004 618 491), ILLAWARRA COAL HOLDINGS PTY LTD (ABN 69 093 857 286), ILLAWARRA SERVICES PROPRIETARY LIMITED (ABN 12 003 996 370), SOUTH32 ALUMINIUM (HOLDINGS) PTY LTD (ABN 58 169 411 974), SOUTH32 ALUMINIUM (RAA) PTY LTD (ABN 54 095 831 119), SOUTH32 ALUMINIUM (WORSLEY) PTY LTD (ABN 33 088 336 921), SOUTH32 AUSTRALIA INVESTMENT 3 PTY LTD (ABN 31 088 336 976), SOUTH32 (BMSA) PTY LTD (ABN 44 125 530 949), SOUTH32 CANNINGTON PROPRIETARY LIMITED (ABN 48 125 530 967), SOUTH32 GROUP OPERATIONS PTY LTD (ABN 74 601 343 202), SOUTH32 INTERNATIONAL INVESTMENT HOLDINGS PROPRIETARY LIMITED (ABN 28 601 444 704), SOUTH32 INTERNATIONAL INVESTMENT PROPRIETARY LIMITED (ABN 46 601 452 064), SOUTH32 LIMITED (ABN 84 093 732 597) and SOUTH32 TREASURY LIMITED (ABN 31 601 344 709) filed a joint modern slavery statement with the Australian Modern Slavery Register for the reporting period 2023-07-01 to 2024-06-30. The reporting entities are headquartered in Australia. The reporting entities have an annual revenue band of 1BN+. The reporting entities operate in the industry sectors: Mining, metals, chemicals and resources (including oil and gas). Register entry: https://modernslaveryregister.gov.au/statements/20007/.'}"
Modern slavery statement 2021-535: WA PLANTATION RESOURCES PTY LTD,document,"{'content': 'WA PLANTATION RESOURCES PTY LTD (ABN 98 094 151 792) filed a single modern slavery statement with the Australian Modern Slavery Register for the reporting period 2020-01-01 to 2020-12-31. The reporting entity is headquartered in Australia. The reporting entity has an annual revenue band of 100-150M. The reporting entity operates in the industry sectors: Forestry, timber products, paper and containers and packaging. Register entry: https://modernslaveryregister.gov.au/statements/2060/.'}"
Modern slavery statement 2021-1096: HARRIS FARM MARKETS PTY LTD,document,"{'content': 'HARRIS FARM MARKETS PTY LTD (ABN 79 093 040 754) filed a single modern slavery statement with the Australian Modern Slavery Register for the reporting period 2019-07-01 to 2020-06-30. The reporting entity is headquartered in Australia. The reporting entity has an annual revenue band of 500-600M. The reporting entity operates in the industry sectors: Food and beverages, agriculture and fishing. Register entry: https://modernslaveryregister.gov.au/statements/2975/.'}"
Modern slavery statement 2025-1807: EASYGO GROUP HOLDINGS PTY LTD & KICK STREAMING PTY LTD,document,"{'content': 'EASYGO GROUP HOLDINGS PTY LTD (ABN 50 676 669 686) and KICK STREAMING PTY LTD (ABN 59 663 807 645) filed a joint modern slavery statement with the Australian Modern Slavery Register for the reporting period 2024-07-01 to 2025-06-30. The reporting entities are headquartered in Australia. The reporting entities have an annual revenue band of 900M-1BN. The reporting entities operate in the industry sectors: Information Media and Telecommunications. The statement also covers the included entities: EASYGO CARE PTY LTD (78 677 108 799), EASYGO ENTERTAINMENT PTY LTD (47 663 685 729), EASYGO IP HOLDINGS PTY LTD (20 674 674 830), EASYGO SERVICE HOLDINGS PTY LTD (58 688 607 427), EASYGO STRATEGY PTY LTD (46 677 112 140), EASYGO WORLD PTY LTD (46 663 686 913), EG INVESTMENT HOLDINGS PTY LTD (91 674 759 810), STAKE GAMING PTY LTD (38 667 660 737). Register entry: https://modernslaveryregister.gov.au/statements/24086/.'}"
Modern slavery statement 2024-2362: ST ENGINEERING URBAN SOLUTIONS LTD.,document,"{'content': 'ST ENGINEERING URBAN SOLUTIONS LTD. (ABN 42 637 105 465) filed a single modern slavery statement with the Australian Modern Slavery Register for the reporting period 2021-07-01 to 2022-06-30. The reporting entity is headquartered in Singapore. The reporting entity has an annual revenue band of 1BN+. The reporting entity operates in the industry sectors: Construction, civil engineering and building products. Register entry: https://modernslaveryregister.gov.au/statements/20010/.'}"
Modern slavery statement 2025-1434: MERITOR HEAVY VEHICLE SYSTEMS AUSTRALIA LTD,document,"{'content': 'MERITOR HEAVY VEHICLE SYSTEMS AUSTRALIA LTD (ABN 86 004 479 430) filed a single modern slavery statement with the Australian Modern Slavery Register for the reporting period 2024-01-01 to 2024-12-31. The reporting entity is headquartered in Australia, United States of America. The reporting entity has an annual revenue band of 150-200M. The reporting entity operates in the industry sectors: Automotive, machinery and heavy electrical equipment Transportation, logistics, and storage. Register entry: https://modernslaveryregister.gov.au/statements/23707/.'}"
Modern slavery statement 2024-3168: INDARA CORPORATION PTY LTD,document,"{'content': 'INDARA CORPORATION PTY LTD filed a single modern slavery statement with the Australian Modern Slavery Register for the reporting period 2023-07-01 to 2024-06-30. The reporting entity is headquartered in Australia. The reporting entity has an annual revenue band of 350-400M. The reporting entity operates in the industry sectors: Construction Rental, Hiring and Real Estate Services Other Services Information Media and Telecommunications. The statement also covers the included entities: ENE.HUB PTY LIMITED, HUB AUSTRALASIA PTY LIMITED, HUB INNOVATIONS PTY LIMITED, HUB QATAR PTY LIMITED, HUB SE HOLDINGS PTY LIMITED, HUB Street Equipment Pty Ltd, INDARA ADMINISTRATION PTY LTD, INDARA ASSET HOLDCO PTY LTD, INDARA ASSET PTY LTD, INDARA BIDCO PTY LTD, INDARA CORPORATION HOLDINGS PTY LTD, INDARA FINANCE PTY LTD, INDARA HOLDCO PTY LTD, INDARA INBUILDING SOLUTIONS PTY LTD, INDARA INFRASTRUCTURE HOLDINGS PTY LTD, INDARA INFRASTRUCTURE PTY LTD, INDARA PROPERTIES LTD, INDARA SERVICES PTY LTD, STRUCTEL PTY LTD, THE TRUSTEE FOR INDARA ASSET TRUST (73 907 540 472), THE TRUSTEE FOR THE TRUST COMPANY AUSTRALIA ATF INDARA HOLD TRUST (42 508 575 162). Register entry: https://modernslaveryregister.gov.au/statements/21092/.'}"
Modern slavery statement 2023-3139: BLUNDSTONE AUSTRALIA PTY LTD & H.A. CUTHBERTSON HOLDINGS PTY. LTD.,document,"{'content': 'BLUNDSTONE AUSTRALIA PTY LTD (ABN 60 009 475 852) and H.A. CUTHBERTSON HOLDINGS PTY. LTD. (ABN 88 009 493 350) filed a joint modern slavery statement with the Australian Modern Slavery Register for the reporting period 2022-07-01 to 2023-06-30. The reporting entities are headquartered in Australia. The reporting entities have an annual revenue band of 300-350M. The reporting entities operate in the industry sectors: Fashion, textiles, apparel and luxury goods Other. The statement also covers the included entities: Blundstone New Zealand Limited, Blundstone (U.S.A.) Inc. Register entry: https://modernslaveryregister.gov.au/statements/16404/.'}"
Modern slavery statement 2021-72: CHAMPION IRON LIMITED,document,"{'content': 'CHAMPION IRON LIMITED (ABN 34 119 770 142) filed a single modern slavery statement with the Australian Modern Slavery Register for the reporting period 2020-01-01 to 2020-12-31. The reporting entity is headquartered in Australia, Canada. The reporting entity has an annual revenue band of 700-800M. The reporting entity operates in the industry sectors: Mining, metals, chemicals and resources (including oil and gas). Register entry: https://modernslaveryregister.gov.au/statements/1176/.'}"
"Modern slavery statement 2025-579: RE.GROUP PTY LTD, RE.HOLD PTY LTD",document,"{'content': 'RE.GROUP PTY LTD, RE.HOLD PTY LTD (ABN 61 616 411 217) filed a joint modern slavery statement with the Australian Modern Slavery Register for the reporting period 2023-07-01 to 2024-06-30. The reporting entity is headquartered in Australia. The reporting entity has an annual revenue band of 250-300M. The reporting entity operates in the industry sectors: Waste management and recycling. The statement also covers the included entities: RDT ENGINEERING PTY LTD, Re.Cover Resources Pty Ltd, RE.CYCLE (ADELAIDE) PTY LTD, Re.Cycle (Auckland) Pty Ltd, RE.CYCLE (BROWNS PLAINS) PTY LTD, RE.CYCLE (CANBERRA) PTY LTD, RE.CYCLE HOLDINGS PTY LTD, RE.CYCLE OPERATIONS (CANBERRA) PTY LTD, RE.CYCLE OPERATIONS (MACKAY) PTY LTD, RE.CYCLE OPERATIONS PTY LTD, RE.CYCLE OPERATIONS (TOWNSVILLE) PTY LTD, RE.CYCLE (SUNSHINE COAST) PTY LTD, RE.CYCLE (TOWNSVILLE) PTY LTD, Re.Energy Pty Ltd, Re.Fuel Group Pty Ltd, Re.Group Finco Pty Ltd, RE.GROW OPERATIONS (SHELLHARBOUR) PTY LTD, Re.Grow Pty Ltd, RE.GROW (SHELLHARBOUR) PTY LTD, Re.Invest Group Pty Ltd, Re.Invest MRF Pty Ltd, Re.Operate Pty Ltd, RE.TURN IT (BRISBANE) PTY LTD, RE.TURN IT (CANBERRA) COLLECTION POINTS PTY LIMITED, RE.TURN IT (CANBERRA) DEPOT PTY LIMITED, RE.TURN IT (CANBERRA) OPERATIONS PTY LIMITED, RE.TURN IT (CANBERRA) PTY LTD, RE.TURN IT COLLECT PTY LTD, RE.TURN IT IT CO. PTY LIMITED, RETURN IT PTY LTD, RE.TURN IT (QUEANBEYAN) PTY LTD, RE.TURN IT (QUEENSLAND) DEPOT PTY LIMITED, RE.TURN IT (VICTORIA) COLLECTION POINTS PTY LTD, RE.TURN IT (VICTORIA) PTY LTD, RE.TURN IT (WA CDS) PTY LTD. Register entry: https://modernslaveryregister.gov.au/statements/22495/.'}"
Modern slavery statement 2023-198: SYMON BROS. CONSTRUCTIONS (VIC.) PTY. LTD.,document,"{'content': 'SYMON BROS. CONSTRUCTIONS (VIC.) PTY. LTD. (ABN 46 005 194 043) filed a single modern slavery statement with the Australian Modern Slavery Register for the reporting period 2022-01-01 to 2022-12-31. The reporting entity is headquartered in Australia. The reporting entity has an annual revenue band of 600-700M. The reporting entity operates in the industry sectors: Construction, civil engineering and building products. Register entry: https://modernslaveryregister.gov.au/statements/12366/.'}"
Modern slavery statement 2024-3616: CETTIRE LIMITED,document,"{'content': 'CETTIRE LIMITED (ABN 75 645 474 166) filed a single modern slavery statement with the Australian Modern Slavery Register for the reporting period 2023-07-01 to 2024-06-30. The reporting entity is headquartered in Australia. The reporting entity has an annual revenue band of 700-800M. The reporting entity operates in the industry sectors: Fashion, textiles, apparel and luxury goods. Register entry: https://modernslaveryregister.gov.au/statements/21582/.'}"
Modern slavery statement 2021-2271: SCHINDLER LIFTS AUSTRALIA PTY. LTD.,document,"{'content': 'SCHINDLER LIFTS AUSTRALIA PTY. LTD. (ABN 19 005 838 773) filed a single modern slavery statement with the Australian Modern Slavery Register for the reporting period 2020-01-01 to 2020-12-31. The reporting entity is headquartered in Australia. The reporting entity has an annual revenue band of 500-600M. The reporting entity operates in the industry sectors: Construction, civil engineering and building products. Register entry: https://modernslaveryregister.gov.au/statements/4905/.'}"
Modern slavery statement 2025-2643: THE BENEVOLENT SOCIETY,document,{'content': 'THE BENEVOLENT SOCIETY (ABN 95 084 695 045) filed a single modern slavery statement with the Australian Modern Slavery Register for the reporting period 2024-07-01 to 2025-06-30. The reporting entity is headquartered in Australia. The reporting entity has an annual revenue band of 150-200M. The reporting entity operates in the industry sectors: Health Care and Social Assistance. Register entry: https://modernslaveryregister.gov.au/statements/25377/.'}
Modern slavery statement 2024-612: PETROCHINA INTERNATIONAL (AUSTRALIA) PTY LTD,document,"{'content': 'PETROCHINA INTERNATIONAL (AUSTRALIA) PTY LTD (ABN 67 618 641 697) filed a single modern slavery statement with the Australian Modern Slavery Register for the reporting period 2022-01-01 to 2022-12-31. The reporting entity is headquartered in Australia. The reporting entity has an annual revenue band of 1BN+. The reporting entity operates in the industry sectors: Mining, metals, chemicals and resources (including oil and gas) Utilities: gas, water and electricity. Register entry: https://modernslaveryregister.gov.au/statements/17654/.'}"
Modern slavery statement 2021-528: ALTOMONTE HOLDINGS PTY LTD,document,"{'content': 'ALTOMONTE HOLDINGS PTY LTD (ABN 18 000 821 910) filed a joint modern slavery statement with the Australian Modern Slavery Register for the reporting period 2020-01-01 to 2020-12-31. The reporting entity is headquartered in Australia. The reporting entity has an annual revenue band of 450-500M. The reporting entity operates in the industry sectors: Automotive, machinery and heavy electrical equipment. Register entry: https://modernslaveryregister.gov.au/statements/2050/.'}"
Modern slavery statement 2025-17: METAGENE PTY LTD,document,{'content': 'METAGENE PTY LTD (ABN 12 158 471 044) filed a single modern slavery statement with the Australian Modern Slavery Register for the reporting period 2024-01-01 to 2024-12-31. The reporting entity is headquartered in Australia. The reporting entity has an annual revenue band of 0-99M. The reporting entity operates in the industry sectors: Healthcare and pharmaceuticals Other. Register entry: https://modernslaveryregister.gov.au/statements/21646/.'}
Modern slavery statement 2024-833: Simcoa Operations Pty Ltd (3010),document,"{'content': 'Simcoa Operations Pty Ltd (3010) (ABN 42 009 064 653) filed a single modern slavery statement with the Australian Modern Slavery Register for the reporting period 2023-01-01 to 2023-12-31. The reporting entity is headquartered in Australia. The reporting entity has an annual revenue band of 150-200M. The reporting entity operates in the industry sectors: Mining, metals, chemicals and resources (including oil and gas). Register entry: https://modernslaveryregister.gov.au/statements/17996/.'}"
Modern slavery statement 2025-2856: HBF HEALTH LIMITED,document,"{'content': 'HBF HEALTH LIMITED (ABN 11 126 884 786) filed a single modern slavery statement with the Australian Modern Slavery Register for the reporting period 2024-07-01 to 2025-06-30. The reporting entity is headquartered in Australia. The reporting entity has an annual revenue band of 1BN+. The reporting entity operates in the industry sectors: Health Care and Social Assistance Financial and Insurance Services. The statement also covers the included entities: GEMPINE HOLDINGS PTY LTD (33 083 224 168), HBF DENTAL SERVICES PTY LTD, HBF HEALTH AND WELLNESS PTY LTD, HBF HOUSE PTY LTD, HBF WELLNESS HOLDINGS PTY LTD, LIFE READY BALDIVIS PTY LTD (55 606 239 285), LIFE READY BUSSELTON PTY LTD (12 623 877 690), LIFE READY BUTLER PTY LTD (31 623 420 833), LIFE READY CAMBERWELL PTY LTD (14 619 824 896), LIFE READY HEALTH GROUP PTY LTD (17 614 921 078), LIFE READY MARIBYRNONG PTY LTD (92 643 552 032), LIFE READY MIDLAND PTY LTD (48 169 181 015), LIFE READY MOBILE PTY LTD (53 169 385 675), LIFE READY POINT COOK PTY LTD (50 626 497 827), LIFE READY ROCKINGHAM PTY LTD (40 615 458 654), QUEENSLAND COUNTRY CARE NAVIGATION PTY LTD (92 610 024 916), QUEENSLAND COUNTRY HEALTH FUND PTY LTD. Register entry: https://modernslaveryregister.gov.au/statements/25538/.'}"
Modern slavery statement 2025-3611: TRAJAN GROUP HOLDINGS LIMITED,document,{'content': 'TRAJAN GROUP HOLDINGS LIMITED filed a single modern slavery statement with the Australian Modern Slavery Register for the reporting period 2024-07-01 to 2025-06-30. The reporting entity is headquartered in Australia. The reporting entity has an annual revenue band of 150-200M. The reporting entity operates in the industry sectors: Manufacturing. Register entry: https://modernslaveryregister.gov.au/statements/26700/.'}
"Modern slavery statement 2024-3495: AMC AUSCO 1 PTY LTD, La Trobe Australian Credit Fund ARSN 088 178 321, LA TROBE FINANCIAL ASSET MANAGEMENT LIMITED, LA TROBE FINANCIAL PTY LIMITED, LA TROBE FINANCIAL SERVICES PTY LIMITED",document,"{'content': 'AMC AUSCO 1 PTY LTD, La Trobe Australian Credit Fund ARSN 088 178 321, LA TROBE FINANCIAL ASSET MANAGEMENT LIMITED, LA TROBE FINANCIAL PTY LIMITED, LA TROBE FINANCIAL SERVICES PTY LIMITED filed a joint modern slavery statement with the Australian Modern Slavery Register for the reporting period 2023-07-01 to 2024-06-30. The reporting entity is headquartered in Australia. The reporting entity has an annual revenue band of 1BN+. The reporting entity operates in the industry sectors: Financial, insurance and real estate activities. The statement also covers the included entities: LA TROBE FINANCIAL CUSTODY & SECURITISATION SERVICES PTY LIMITED (66 141 583 191), La Trobe US Private Credit Fund ARSN 677 174 3. Register entry: https://modernslaveryregister.gov.au/statements/21351/.'}"
Modern slavery statement 2026-338: CAMP AUSTRALIA PROPRIETARY LIMITED,document,{'content': 'CAMP AUSTRALIA PROPRIETARY LIMITED (ABN 96 060 703 120) filed a single modern slavery statement with the Australian Modern Slavery Register for the reporting period 2022-07-01 to 2023-06-30. The reporting entity is headquartered in Australia. The reporting entity has an annual revenue band of 150-200M. The reporting entity operates in the industry sectors: Education and Training. Register entry: https://modernslaveryregister.gov.au/statements/27576/.'}
Modern slavery statement 2023-837: Charles Darwin University,document,{'content': 'Charles Darwin University (ABN 54 093 513 649) filed a single modern slavery statement with the Australian Modern Slavery Register for the reporting period 2022-01-01 to 2022-12-31. The reporting entity is headquartered in Australia. The reporting entity has an annual revenue band of 300-350M. The reporting entity operates in the industry sectors: Education and research. Register entry: https://modernslaveryregister.gov.au/statements/13341/.'}
Modern slavery statement 2020-304: Shimano Office Trust,document,"{'content': 'Shimano Office Trust (ABN 33 592 354 043) filed a single modern slavery statement with the Australian Modern Slavery Register for the reporting period 2019-07-01 to 2020-06-30. The reporting entity is headquartered in Australia. The reporting entity has an annual revenue band of 150-200M. The reporting entity operates in the industry sectors: Financial, insurance and real estate activities. Register entry: https://modernslaveryregister.gov.au/statements/763/.'}"
Modern slavery statement 2023-1145: HYUNDAI ROTEM COMPANY,document,"{'content': 'HYUNDAI ROTEM COMPANY (ABN 81 615 545 492) filed a single modern slavery statement with the Australian Modern Slavery Register for the reporting period 2022-01-01 to 2022-12-31. The reporting entity is headquartered in Republic of Korea (South Korea). The reporting entity has an annual revenue band of 1BN+. The reporting entity operates in the industry sectors: Automotive, machinery and heavy electrical equipment Transportation, logistics, and storage Defence and aerospace. Register entry: https://modernslaveryregister.gov.au/statements/13721/.'}"
Modern slavery statement 2020-269: MUIR GROUP PTY LTD,document,"{'content': 'MUIR GROUP PTY LTD (ABN 16 004 732 656) filed a joint modern slavery statement with the Australian Modern Slavery Register for the reporting period 2019-07-01 to 2020-06-30. The reporting entity is headquartered in Australia. The reporting entity has an annual revenue band of 300-350M. The reporting entity operates in the industry sectors: Food and beverages, agriculture and fishing. Register entry: https://modernslaveryregister.gov.au/statements/710/.'}"
Modern slavery statement 2024-56: MCE HOLDINGS PTY LTD,document,"{'content': 'MCE HOLDINGS PTY LTD (ABN 42 140 636 193) filed a single modern slavery statement with the Australian Modern Slavery Register for the reporting period 2022-07-01 to 2023-06-30. The reporting entity is headquartered in Australia. The reporting entity has an annual revenue band of 150-200M. The reporting entity operates in the industry sectors: Construction, civil engineering and building products. The statement also covers the included entities: CONSOLIDATED BARRIERS PTY LTD (91 010 739 116), MCILWAIN BUILDING PTY LTD (73 616 527 112), MCILWAIN CIVIL ENGINEERING PTY. LTD. (90 053 214 707), MCILWAIN INDUSTRIES PTY LTD (25 617 560 915), MCILWAIN SERVICES PTY LTD (38 140 636 175). Register entry: https://modernslaveryregister.gov.au/statements/16791/.'}"
"Modern slavery statement 2022-633: BHAAJAYU PTY LTD & Busways Australia Pty Ltd Group, The Trustee for B T Rowe Family Trust",document,"{'content': 'BHAAJAYU PTY LTD (ABN 29 084 980 263) and Busways Australia Pty Ltd Group, The Trustee for B T Rowe Family Trust (ABN 75 828 633 500) filed a joint modern slavery statement with the Australian Modern Slavery Register for the reporting period 2020-07-01 to 2021-06-30. The reporting entities are headquartered in Australia. The reporting entities have an annual revenue band of 100-150M. The reporting entities operate in the industry sectors: Transportation, logistics, and storage. Register entry: https://modernslaveryregister.gov.au/statements/8667/.'}"
Modern slavery statement 2023-651: IDENTITY COMMUNICATIONS PTY LTD & INITIATIVE MEDIA AUSTRALIA PTY LTD & Interpublic Australia Holdings Pty Ltd et al.,document,"{'content': 'IDENTITY COMMUNICATIONS PTY LTD (ABN 33 100 176 636), INITIATIVE MEDIA AUSTRALIA PTY LTD (ABN 85 002 765 460), Interpublic Australia Holdings Pty Ltd (ABN 20 140 379 335), IPG ACXIOM AUSTRALIA PTY LTD (ABN 43 070 075 035), IPG DXTRA (AUSTRALIA) PTY LTD (ABN 96 004 928 652), IPG RUFUS PTY LTD (ABN 18 160 816 820), KINESSO PTY LTD (ABN 39 140 379 415), MEDIABRANDS AUSTRALIA PTY LTD (ABN 19 002 966 001), MEDIAHUB WORLDWIDE ASIA PACIFIC PTY LIMITED (ABN 84 096 352 073), ORION TRADING AUSTRALIA PTY LTD (ABN 27 100 809 667) and R/GA MEDIA GROUP PTY LTD (ABN 66 061 404 957) filed a joint modern slavery statement with the Australian Modern Slavery Register for the reporting period 2022-01-01 to 2022-12-31. The reporting entities are headquartered in Australia. The reporting entities have an annual revenue band of 300-350M. The reporting entities operate in the industry sectors: Media, publishing, arts and entertainment. Register entry: https://modernslaveryregister.gov.au/statements/12992/.'}"
"Modern slavery statement 2024-2996: CANBERRA AIRPORT HOLDINGS PTY LIMITED & CAPITAL ESTATE DEVELOPMENTS PTY LIMITED, The Trustee for THE CARRINGTON TRUST",document,"{'content': 'CANBERRA AIRPORT HOLDINGS PTY LIMITED (ABN 98 008 608 928) and CAPITAL ESTATE DEVELOPMENTS PTY LIMITED, The Trustee for THE CARRINGTON TRUST (ABN 95 092 031 668) filed a joint modern slavery statement with the Australian Modern Slavery Register for the reporting period 2023-07-01 to 2024-06-30. The reporting entities are headquartered in Australia. The reporting entities have an annual revenue band of 450-500M. The reporting entities operate in the industry sectors: Other. The statement also covers the included entities: CAPITAL ESTATE DEVELOPMENTS PTY LIMITED, CT INVESTMENTS GROUP PTY LIMITED (74 634 004 907). Register entry: https://modernslaveryregister.gov.au/statements/20864/.'}"
Modern slavery statement 2025-1252: XL INSURANCE COMPANY SE,document,"{'content': 'XL INSURANCE COMPANY SE (ABN 36 083 570 441) filed a single modern slavery statement with the Australian Modern Slavery Register for the reporting period 2024-01-01 to 2024-12-31. The reporting entity is headquartered in Australia, Ireland. The reporting entity has an annual revenue band of 800-900M. The reporting entity operates in the industry sectors: Financial, insurance and real estate activities. Register entry: https://modernslaveryregister.gov.au/statements/23501/.'}"
Modern slavery statement 2021-3434: HUSSMANN AUSTRALIA PTY LIMITED,document,"{'content': 'HUSSMANN AUSTRALIA PTY LIMITED (ABN 59 002 366 887) filed a single modern slavery statement with the Australian Modern Slavery Register for the reporting period 2020-07-01 to 2021-06-30. The reporting entity is headquartered in Australia. The reporting entity has an annual revenue band of 0-99M. The reporting entity operates in the industry sectors: Durable consumer goods, including electronics and appliances, home furnishings and other accessories. Register entry: https://modernslaveryregister.gov.au/statements/6655/.'}"
Modern slavery statement 2025-11: MINPROVISE INTERNATIONAL PTY LTD,document,"{'content': 'MINPROVISE INTERNATIONAL PTY LTD (ABN 65 167 931 768) filed a single modern slavery statement with the Australian Modern Slavery Register for the reporting period 2023-07-01 to 2024-06-30. The reporting entity is headquartered in Australia. The reporting entity has an annual revenue band of 150-200M. The reporting entity operates in the industry sectors: Mining, metals, chemicals and resources (including oil and gas). Register entry: https://modernslaveryregister.gov.au/statements/21637/.'}"
Modern slavery statement 2021-3359: TRICARE LTD,document,{'content': 'TRICARE LTD (ABN 73 009 657 345) filed a single modern slavery statement with the Australian Modern Slavery Register for the reporting period 2020-07-01 to 2021-06-30. The reporting entity is headquartered in Australia. The reporting entity has an annual revenue band of 150-200M. The reporting entity operates in the industry sectors: Healthcare and pharmaceuticals. Register entry: https://modernslaveryregister.gov.au/statements/6538/.'}
Modern slavery statement 2021-1646: EXPEDITORS INTERNATIONAL PTY. LIMITED,document,"{'content': 'EXPEDITORS INTERNATIONAL PTY. LIMITED (ABN 79 003 337 282) filed a single modern slavery statement with the Australian Modern Slavery Register for the reporting period 2020-01-01 to 2020-12-31. The reporting entity is headquartered in United States of America. The reporting entity has an annual revenue band of 100-150M. The reporting entity operates in the industry sectors: Transportation, logistics, and storage. Register entry: https://modernslaveryregister.gov.au/statements/3788/.'}"
Modern slavery statement 2021-3103: THE INFORMATION MANAGEMENT GROUP PTY LTD,document,"{'content': 'THE INFORMATION MANAGEMENT GROUP PTY LTD (ABN 52 079 782 666) filed a single modern slavery statement with the Australian Modern Slavery Register for the reporting period 2020-07-01 to 2021-06-30. The reporting entity is headquartered in Australia. The reporting entity has an annual revenue band of 100-150M. The reporting entity operates in the industry sectors: Waste management and recycling Transportation, logistics, and storage. Register entry: https://modernslaveryregister.gov.au/statements/6143/.'}"
Modern slavery statement 2021-3515: SERV FINCO PTY LTD,document,{'content': 'SERV FINCO PTY LTD (ABN 16 627 986 476) filed a joint modern slavery statement with the Australian Modern Slavery Register for the reporting period 2020-07-01 to 2021-06-30. The reporting entity is headquartered in Australia. The reporting entity has an annual revenue band of 100-150M. The reporting entity operates in the industry sectors: Information technology and telecommunication Other. Register entry: https://modernslaveryregister.gov.au/statements/6766/.'}
Modern slavery statement 2023-2015: COVER SYNDICATE PTY LTD,document,"{'content': 'COVER SYNDICATE PTY LTD (ABN 54 614 038 765) filed a single modern slavery statement with the Australian Modern Slavery Register for the reporting period 2022-07-01 to 2023-06-30. The reporting entity is headquartered in Australia. The reporting entity has an annual revenue band of 100-150M. The reporting entity operates in the industry sectors: Media, publishing, arts and entertainment. Register entry: https://modernslaveryregister.gov.au/statements/14904/.'}"
Modern slavery statement 2025-2780: NORTHCONNEX COMPANY PTY LTD & NORTHWESTERN ROADS GROUP PTY LTD & WSO CO PTY LIMITED,document,"{'content': 'NORTHCONNEX COMPANY PTY LTD (ABN 83 602 719 513), NORTHWESTERN ROADS GROUP PTY LTD (ABN 21 169 328 330) and WSO CO PTY LIMITED (ABN 73 102 757 924) filed a joint modern slavery statement with the Australian Modern Slavery Register for the reporting period 2024-07-01 to 2025-06-30. The reporting entities are headquartered in Australia. The reporting entities have an annual revenue band of 600-700M. The reporting entities operate in the industry sectors: Other Services. The statement also covers the included entities: NORTHWESTERN ROADS GROUP NOMINEES PTY LTD (85 169 328 287). Register entry: https://modernslaveryregister.gov.au/statements/25550/.'}"
Modern slavery statement 2025-1681: KERRY INGREDIENTS AUSTRALIA PTY. LIMITED,document,"{'content': 'KERRY INGREDIENTS AUSTRALIA PTY. LIMITED (ABN 47 072 996 895) filed a single modern slavery statement with the Australian Modern Slavery Register for the reporting period 2024-01-01 to 2024-12-31. The reporting entity is headquartered in Ireland. The reporting entity has an annual revenue band of 200-250M. The reporting entity operates in the industry sectors: Food and beverages, agriculture and fishing. The statement also covers the included entities: FOOD SPECTRUM PTY. LTD. (47 010 405 571), P. J. LANCASTER & CO. PTY. LTD. (53 010 304 337). Register entry: https://modernslaveryregister.gov.au/statements/23949/.'}"
Modern slavery statement 2022-2576: ZENITH INTERIORS PTY. LTD.,document,"{'content': 'ZENITH INTERIORS PTY. LTD. (ABN 52 007 403 750) filed a single modern slavery statement with the Australian Modern Slavery Register for the reporting period 2021-07-01 to 2022-06-30. The reporting entity is headquartered in Australia. The reporting entity has an annual revenue band of 100-150M. The reporting entity operates in the industry sectors: Forestry, timber products, paper and containers and packaging. Register entry: https://modernslaveryregister.gov.au/statements/11422/.'}"
Modern slavery statement 2025-2685: GTN LIMITED,document,"{'content': 'GTN LIMITED filed a single modern slavery statement with the Australian Modern Slavery Register for the reporting period 2024-07-01 to 2025-06-30. The reporting entity is headquartered in Australia. The reporting entity has an annual revenue band of 150-200M. The reporting entity operates in the industry sectors: Other Services. The statement also covers the included entities: BTN Informacao do Transito E Servicos Aereos Especializados Ltda, Canadian Traffic Network ULC, Global Drone Network, LLC, Global Story Network LLC, Global Traffic Network, Inc, Global Traffic Network (UK) Commercial Limited, Global Traffic Network (UK) Limited, GRIDLOCK HOLDINGS (AUSTRALIA) PTY LIMITED, GTCR Gridlock Holdings (Brazil) S.a r.l, GTCR Gridlock International (Luxembourg) S.a r.l. (“, GTN HOLDINGS PTY LTD, gtn Holdings (UK) Limited, gtn Management, Inc, gtn US Holdco, Inc, THE AUSTRALIA TRAFFIC NETWORK PTY LIMITED. Register entry: https://modernslaveryregister.gov.au/statements/25433/.'}"
Modern slavery statement 2022-2988: The Trustee for Lovelight Unit Trust,document,"{'content': 'The Trustee for Lovelight Unit Trust (ABN 26 596 489 876) filed a single modern slavery statement with the Australian Modern Slavery Register for the reporting period 2021-07-01 to 2022-06-30. The reporting entity is headquartered in Australia. The reporting entity has an annual revenue band of 0-99M. The reporting entity operates in the industry sectors: Durable consumer goods, including electronics and appliances, home furnishings and other accessories. Register entry: https://modernslaveryregister.gov.au/statements/11916/.'}"
Modern slavery statement 2022-682: EXPERIS AUSTRALIA PTY LTD & MANPOWER SERVICES (AUSTRALIA) PTY LTD & RIGHT MANAGEMENT CONSULTANTS PTY LTD,document,"{'content': 'EXPERIS AUSTRALIA PTY LTD (ABN 57 071 352 031), MANPOWER SERVICES (AUSTRALIA) PTY LTD (ABN 15 071 884 994) and RIGHT MANAGEMENT CONSULTANTS PTY LTD (ABN 82 006 132 163) filed a joint modern slavery statement with the Australian Modern Slavery Register for the reporting period 2021-01-01 to 2021-12-31. The reporting entities are headquartered in Australia. The reporting entities have an annual revenue band of 400-450M. The reporting entities operate in the industry sectors: Professional and administrative services and supplies, including legal, consulting and accounting services. Register entry: https://modernslaveryregister.gov.au/statements/8691/.'}"
Modern slavery statement 2024-3626: ROLLEASE ACMEDA HOLDINGS PTY LTD,document,{'content': 'ROLLEASE ACMEDA HOLDINGS PTY LTD (ABN 60 602 994 016) filed a single modern slavery statement with the Australian Modern Slavery Register for the reporting period 2020-07-01 to 2021-06-30. The reporting entity is headquartered in Australia. The reporting entity has an annual revenue band of 100-150M. The reporting entity operates in the industry sectors: Other. Register entry: https://modernslaveryregister.gov.au/statements/21590/.'}
Modern slavery statement 2025-1235: BLACKMORES LIMITED,document,{'content': 'BLACKMORES LIMITED (ABN 35 009 713 437) filed a single modern slavery statement with the Australian Modern Slavery Register for the reporting period 2024-01-01 to 2024-12-31. The reporting entity is headquartered in Australia. The reporting entity has an annual revenue band of 600-700M. The reporting entity operates in the industry sectors: Healthcare and pharmaceuticals. Register entry: https://modernslaveryregister.gov.au/statements/23421/.'}
Modern slavery statement 2025-3908: AUB GROUP LIMITED & AUSTAGENCIES PTY LTD & AUSTBROKERS PTY LIMITED,document,"{'content': 'AUB GROUP LIMITED (ABN 60 000 000 715), AUSTAGENCIES PTY LTD (ABN 76 006 090 464) and AUSTBROKERS PTY LIMITED (ABN 72 005 541 266) filed a joint modern slavery statement with the Australian Modern Slavery Register for the reporting period 2024-07-01 to 2025-06-30. The reporting entities are headquartered in Australia. The reporting entities have an annual revenue band of 1BN+. The reporting entities operate in the industry sectors: Financial and Insurance Services. The statement also covers the included entities: AUB GROUP SERVICES PTY LTD (81 084 808 819), SURA PTY LTD (36 115 672 350). Register entry: https://modernslaveryregister.gov.au/statements/27027/.'}"
Modern slavery statement 2024-2266: PERFECTION FRESH AUSTRALIA PTY LTD,document,"{'content': 'PERFECTION FRESH AUSTRALIA PTY LTD (ABN 75 127 389 682) filed a single modern slavery statement with the Australian Modern Slavery Register for the reporting period 2022-07-01 to 2023-06-30. The reporting entity is headquartered in Australia. The reporting entity has an annual revenue band of 900M-1BN. The reporting entity operates in the industry sectors: Food and beverages, agriculture and fishing. The statement also covers the included entities: CHOICE PACK PTY LTD (78 127 390 425), COMO GLASSHOUSE INVESTMENTS PTY LTD (49 604 272 951). Register entry: https://modernslaveryregister.gov.au/statements/19882/.'}"
Modern slavery statement 2025-69: MacKellar Mining Pty Ltd,document,"{'content': 'MacKellar Mining Pty Ltd (ABN 81 150 919 761) filed a single modern slavery statement with the Australian Modern Slavery Register for the reporting period 2023-07-01 to 2024-06-30. The reporting entity is headquartered in Australia. The reporting entity has an annual revenue band of 500-600M. The reporting entity operates in the industry sectors: Mining, metals, chemicals and resources (including oil and gas). The statement also covers the included entities: M PEOPLE (QLD) PTY LTD (87 657 231 359), WESTERN PLANT HIRE (WA) PTY LTD (74 643 771 920). Register entry: https://modernslaveryregister.gov.au/statements/21723/.'}"
Modern slavery statement 2025-799: SYNGENTA AUSTRALIA PTY LTD,document,"{'content': 'SYNGENTA AUSTRALIA PTY LTD (ABN 33 002 933 717) filed a single modern slavery statement with the Australian Modern Slavery Register for the reporting period 2024-01-01 to 2024-12-31. The reporting entity is headquartered in Switzerland. The reporting entity has an annual revenue band of 450-500M. The reporting entity operates in the industry sectors: Food and beverages, agriculture and fishing Mining, metals, chemicals and resources (including oil and gas). The statement also covers the included entities: MACSPRED PTY. LTD. (85 011 029 495). Register entry: https://modernslaveryregister.gov.au/statements/22846/.'}"
Modern slavery statement 2025-1716: MCO BEAUTY PTY LIMITED,document,{'content': 'MCO BEAUTY PTY LIMITED filed a single modern slavery statement with the Australian Modern Slavery Register for the reporting period 2024-01-01 to 2024-12-31. The reporting entity is headquartered in Australia. The reporting entity has an annual revenue band of 300-350M. The reporting entity operates in the industry sectors: Wholesale Trade. The statement also covers the included entities: MODELCO PTY LIMITED. Register entry: https://modernslaveryregister.gov.au/statements/23981/.'}
Modern slavery statement 2023-2635: United Equipment Pty Limited,document,"{'content': 'United Equipment Pty Limited (ABN 48 115 672 841) filed a single modern slavery statement with the Australian Modern Slavery Register for the reporting period 2022-07-01 to 2023-06-30. The reporting entity is headquartered in Australia. The reporting entity has an annual revenue band of 250-300M. The reporting entity operates in the industry sectors: Automotive, machinery and heavy electrical equipment. Register entry: https://modernslaveryregister.gov.au/statements/15785/.'}"
Modern slavery statement 2025-3219: INDEPENDENCE AUSTRALIA GROUP LIMITED,document,{'content': 'INDEPENDENCE AUSTRALIA GROUP LIMITED (ABN 80 973 805 243) filed a single modern slavery statement with the Australian Modern Slavery Register for the reporting period 2024-07-01 to 2025-06-30. The reporting entity is headquartered in Australia. The reporting entity has an annual revenue band of 250-300M. The reporting entity operates in the industry sectors: Health Care and Social Assistance. The statement also covers the included entities: INDEPENDENCE SOLUTIONS (77 097 135 754). Register entry: https://modernslaveryregister.gov.au/statements/26205/.'}
Modern slavery statement 2023-1456: MASTERCARD ASIA/PACIFIC (AUSTRALIA) PTY LTD,document,"{'content': 'MASTERCARD ASIA/PACIFIC (AUSTRALIA) PTY LTD filed a single modern slavery statement with the Australian Modern Slavery Register for the reporting period 2022-01-01 to 2022-12-31. The reporting entity is headquartered in Australia, United States of America. The reporting entity has an annual revenue band of 150-200M. The reporting entity operates in the industry sectors: Other. Register entry: https://modernslaveryregister.gov.au/statements/14095/.'}"
Modern slavery statement 2024-3664: SEEING MACHINES LIMITED,document,{'content': 'SEEING MACHINES LIMITED (ABN 34 093 877 331) filed a single modern slavery statement with the Australian Modern Slavery Register for the reporting period 2023-07-01 to 2024-06-30. The reporting entity is headquartered in Australia. The reporting entity has an annual revenue band of 0-99M. The reporting entity operates in the industry sectors: Other. Register entry: https://modernslaveryregister.gov.au/statements/19893/.'}
Modern slavery statement 2023-2151: AUSTRALIA PACIFIC LNG CSG MARKETING PTY LIMITED & AUSTRALIA PACIFIC LNG (CSG) PTY LIMITED & Australia Pacific LNG Marketing Pty Limited et al.,document,"{'content': 'AUSTRALIA PACIFIC LNG CSG MARKETING PTY LIMITED (ABN 72 008 750 945), AUSTRALIA PACIFIC LNG (CSG) PTY LIMITED (ABN 23 099 577 769), Australia Pacific LNG Marketing Pty Limited (ABN 51 141 937 920), AUSTRALIA PACIFIC LNG PROCESSING PTY LIMITED (ABN 43 141 937 948) and AUSTRALIA PACIFIC LNG PTY LIMITED (ABN 68 001 646 331) filed a joint modern slavery statement with the Australian Modern Slavery Register for the reporting period 2022-07-01 to 2023-06-30. The reporting entities are headquartered in Australia. The reporting entities have an annual revenue band of 1BN+. The reporting entities operate in the industry sectors: Mining, metals, chemicals and resources (including oil and gas). Register entry: https://modernslaveryregister.gov.au/statements/15107/.'}"
Modern slavery statement 2024-563: TELETHON KIDS INSTITUTE,document,{'content': 'TELETHON KIDS INSTITUTE (ABN 86 009 278 755) filed a single modern slavery statement with the Australian Modern Slavery Register for the reporting period 2023-01-01 to 2023-12-31. The reporting entity is headquartered in Australia. The reporting entity has an annual revenue band of 100-150M. The reporting entity operates in the industry sectors: Education and research Healthcare and pharmaceuticals Charitable / not-for-profit activities. Register entry: https://modernslaveryregister.gov.au/statements/17380/.'}
Modern slavery statement 2022-1101: COCA-COLA EUROPACIFIC PARTNERS AUSTRALIA PTY LIMITED,document,"{'content': 'COCA-COLA EUROPACIFIC PARTNERS AUSTRALIA PTY LIMITED (ABN 68 076 594 119) filed a joint modern slavery statement with the Australian Modern Slavery Register for the reporting period 2021-01-01 to 2021-12-31. The reporting entity is headquartered in Australia, United Kingdom. The reporting entity has an annual revenue band of 1BN+. The reporting entity operates in the industry sectors: Food and beverages, agriculture and fishing. Register entry: https://modernslaveryregister.gov.au/statements/9370/.'}"
Modern slavery statement 2023-167: WESTERN SUBURBS LEAGUE CLUB (CAMPBELLTOWN) LTD,document,"{'content': 'WESTERN SUBURBS LEAGUE CLUB (CAMPBELLTOWN) LTD (ABN 43 000 841 958) filed a single modern slavery statement with the Australian Modern Slavery Register for the reporting period 2021-11-01 to 2022-10-31. The reporting entity is headquartered in Australia. The reporting entity has an annual revenue band of 100-150M. The reporting entity operates in the industry sectors: Food and beverages, agriculture and fishing Charitable / not-for-profit activities. Register entry: https://modernslaveryregister.gov.au/statements/12321/.'}"
Modern slavery statement 2021-921: ST VINCENT'S CARE SERVICES BOONDALL LTD & ST VINCENT'S CARE SERVICES CARSELDINE LTD & ST VINCENT'S CARE SERVICES LTD et al.,document,"{'content': ""ST VINCENT'S CARE SERVICES BOONDALL LTD (ABN 15 146 972 303), ST VINCENT'S CARE SERVICES CARSELDINE LTD (ABN 49 094 645 262), ST VINCENT'S CARE SERVICES LTD (ABN 50 055 210 378), ST VINCENT'S HEALTH AUSTRALIA LTD (ABN 75 073 503 536), ST VINCENT'S HEALTHCARE LTD (ABN 46 095 382 791), ST. VINCENT'S HOSPITAL (MELBOURNE) LIMITED (ABN 22 052 110 755), ST. VINCENT'S HOSPITAL SYDNEY LIMITED (ABN 77 054 038 872), ST VINCENT'S PRIVATE HOSPITALS LTD (ABN 61 083 645 505) and THE CONGREGATION OF RELIGIOUS SISTERS OF CHARITY OF AUSTRALIA (ABN 99 269 630 262) filed a joint modern slavery statement with the Australian Modern Slavery Register for the reporting period 2019-07-01 to 2020-06-30. The reporting entities are headquartered in Australia. The reporting entities have an annual revenue band of 1BN+. The reporting entities operate in the industry sectors: Healthcare and pharmaceuticals. Register entry: https://modernslaveryregister.gov.au/statements/2738/.""}"
Modern slavery statement 2023-2850: POWER RETAIL CORPORATION,document,"{'content': 'POWER RETAIL CORPORATION (ABN 65 889 840 667) filed a single modern slavery statement with the Australian Modern Slavery Register for the reporting period 2022-07-01 to 2023-06-30. The reporting entity is headquartered in Australia. The reporting entity has an annual revenue band of 500-600M. The reporting entity operates in the industry sectors: Utilities: gas, water and electricity. Register entry: https://modernslaveryregister.gov.au/statements/16059/.'}"
Modern slavery statement 2022-1479: BISLEY & CO PTY LTD,document,{'content': 'BISLEY & CO PTY LTD (ABN 58 000 158 305) filed a single modern slavery statement with the Australian Modern Slavery Register for the reporting period 2021-07-01 to 2022-06-30. The reporting entity is headquartered in Australia. The reporting entity has an annual revenue band of 100-150M. The reporting entity operates in the industry sectors: Other. Register entry: https://modernslaveryregister.gov.au/statements/9824/.'}
Modern slavery statement 2023-111: ASPEN PHARMACARE AUSTRALIA PTY LIMITED & ASPEN PHARMA PTY LTD,document,{'content': 'ASPEN PHARMACARE AUSTRALIA PTY LIMITED (ABN 51 096 236 985) and ASPEN PHARMA PTY LTD (ABN 88 004 118 594) filed a joint modern slavery statement with the Australian Modern Slavery Register for the reporting period 2022-01-01 to 2022-12-31. The reporting entities are headquartered in South Africa. The reporting entities have an annual revenue band of 900M-1BN. The reporting entities operate in the industry sectors: Healthcare and pharmaceuticals. Register entry: https://modernslaveryregister.gov.au/statements/12230/.'}
Modern slavery statement 2023-3341: ALTIUM LIMITED,document,"{'content': 'ALTIUM LIMITED filed a single modern slavery statement with the Australian Modern Slavery Register for the reporting period 2022-07-01 to 2023-06-30. The reporting entity is headquartered in Australia, United States of America. The reporting entity has an annual revenue band of 350-400M. The reporting entity operates in the industry sectors: Other. Register entry: https://modernslaveryregister.gov.au/statements/16630/.'}"
Modern slavery statement 2022-2424: Aston Coal 2 Pty Ltd & Narrabri Coal Pty Ltd & Whitehaven Coal Limited et al.,document,"{'content': 'Aston Coal 2 Pty Ltd (ABN 14 139 472 567), Narrabri Coal Pty Ltd (ABN 76 107 813 963), Whitehaven Coal Limited (ABN 68 124 425 396) and Whitehaven Coal Mining Limited (ABN 65 086 426 253) filed a joint modern slavery statement with the Australian Modern Slavery Register for the reporting period 2021-07-01 to 2022-06-30. The reporting entities are headquartered in Australia. The reporting entities have an annual revenue band of 1BN+. The reporting entities operate in the industry sectors: Mining, metals, chemicals and resources (including oil and gas). Register entry: https://modernslaveryregister.gov.au/statements/11064/.'}"
Modern slavery statement 2025-1560: SANOFI-AVENTIS AUSTRALIA PTY LTD & SANOFI-AVENTIS HEALTHCARE PTY LTD,document,{'content': 'SANOFI-AVENTIS AUSTRALIA PTY LTD (ABN 31 008 558 807) and SANOFI-AVENTIS HEALTHCARE PTY LTD (ABN 43 076 651 959) filed a joint modern slavery statement with the Australian Modern Slavery Register for the reporting period 2024-01-01 to 2024-12-31. The reporting entities are headquartered in France. The reporting entities have an annual revenue band of 700-800M. The reporting entities operate in the industry sectors: Healthcare and pharmaceuticals. Register entry: https://modernslaveryregister.gov.au/statements/23697/.'}
Modern slavery statement 2021-2064: CA STEEL PRODUCTS PTY LTD & CITIC AUSTRALIA (PORTLAND) PTY. LIMITED & CITIC Portland Holdings Pty Ltd et al.,document,"{'content': 'CA STEEL PRODUCTS PTY LTD (ABN 82 603 950 778), CITIC AUSTRALIA (PORTLAND) PTY. LIMITED (ABN 28 006 483 941), CITIC Portland Holdings Pty Ltd (ABN 64 107 653 092) and CITIC RESOURCES AUSTRALIA PTY LTD (ABN 87 107 652 817) filed a joint modern slavery statement with the Australian Modern Slavery Register for the reporting period 2020-01-01 to 2020-12-31. The reporting entities are headquartered in Australia. The reporting entities have an annual revenue band of 700-800M. The reporting entities operate in the industry sectors: Mining, metals, chemicals and resources (including oil and gas). Register entry: https://modernslaveryregister.gov.au/statements/4614/.'}"
Modern slavery statement 2025-1743: PAX AUSTRALIA PTY LIMITED,document,{'content': 'PAX AUSTRALIA PTY LIMITED (ABN 42 000 447 414) filed a single modern slavery statement with the Australian Modern Slavery Register for the reporting period 2024-07-01 to 2025-06-30. The reporting entity is headquartered in Australia. The reporting entity has an annual revenue band of 200-250M. The reporting entity operates in the industry sectors: Cosmetics and toiletries. Register entry: https://modernslaveryregister.gov.au/statements/24012/.'}
"Modern slavery statement 2025-1780: DEUTSCHE POST GLOBAL MAIL (AUSTRALIA) PTY LTD, DHL EXPRESS (AUSTRALIA) PTY LTD, DHL GLOBAL FORWARDING (AUSTRALIA) PTY LTD, DHL SUPPLY CHAIN (AUSTRALIA) PTY LIMITED",document,"{'content': 'DEUTSCHE POST GLOBAL MAIL (AUSTRALIA) PTY LTD, DHL EXPRESS (AUSTRALIA) PTY LTD, DHL GLOBAL FORWARDING (AUSTRALIA) PTY LTD, DHL SUPPLY CHAIN (AUSTRALIA) PTY LIMITED filed a joint modern slavery statement with the Australian Modern Slavery Register for the reporting period 2024-01-01 to 2024-12-31. The reporting entity is headquartered in Australia, Germany. The reporting entity has an annual revenue band of 1BN+. The reporting entity operates in the industry sectors: Transportation, logistics, and storage. The statement also covers the included entities: DHL RES (AUSTRALIA) PTY LIMITED. Register entry: https://modernslaveryregister.gov.au/statements/24075/.'}"
Modern slavery statement 2020-205: IOR TERMINALS PTY LTD,document,{'content': 'IOR TERMINALS PTY LTD (ABN 14 057 379 067) filed a single modern slavery statement with the Australian Modern Slavery Register for the reporting period 2019-07-01 to 2020-06-30. The reporting entity is headquartered in Australia. The reporting entity has an annual revenue band of Unknown. The reporting entity operates in the industry sectors: Other. Register entry: https://modernslaveryregister.gov.au/statements/592/.'}
Modern slavery statement 2022-758: LONGI SOLAR AUSTRALIA PTY LTD,document,"{'content': 'LONGI SOLAR AUSTRALIA PTY LTD (ABN 15 632 322 288) filed a single modern slavery statement with the Australian Modern Slavery Register for the reporting period 2021-01-01 to 2021-12-31. The reporting entity is headquartered in Australia. The reporting entity has an annual revenue band of 150-200M. The reporting entity operates in the industry sectors: Construction, civil engineering and building products Other. Register entry: https://modernslaveryregister.gov.au/statements/8870/.'}"
Modern slavery statement 2021-2708: BROTHERHOOD OF ST LAURENCE,document,{'content': 'BROTHERHOOD OF ST LAURENCE (ABN 24 603 467 024) filed a single modern slavery statement with the Australian Modern Slavery Register for the reporting period 2020-07-01 to 2021-06-30. The reporting entity is headquartered in Australia. The reporting entity has an annual revenue band of 200-250M. The reporting entity operates in the industry sectors: Charitable / not-for-profit activities. Register entry: https://modernslaveryregister.gov.au/statements/5513/.'}
Modern slavery statement 2021-2668: SIRVA PTY LTD,document,"{'content': 'SIRVA PTY LTD (ABN 53 115 936 993) filed a single modern slavery statement with the Australian Modern Slavery Register for the reporting period 2020-07-01 to 2021-06-30. The reporting entity is headquartered in United States of America. The reporting entity has an annual revenue band of 100-150M. The reporting entity operates in the industry sectors: Transportation, logistics, and storage. Register entry: https://modernslaveryregister.gov.au/statements/5464/.'}"
Modern slavery statement 2025-470: TETRA TECH COFFEY HOLDING PTY LIMITED,document,"{'content': 'TETRA TECH COFFEY HOLDING PTY LIMITED (ABN 46 611 080 534) filed a single modern slavery statement with the Australian Modern Slavery Register for the reporting period 2023-10-01 to 2024-09-30. The reporting entity is headquartered in Australia. The reporting entity has an annual revenue band of 300-350M. The reporting entity operates in the industry sectors: Construction, civil engineering and building products Professional and administrative services and supplies, including legal, consulting and accounting services. The statement also covers the included entities: Coffey Australia Holdings Pty Ltd (90 139 458 307), COFFEY CORPORATE PTY LTD (30 001 727 171), Coffey Environments Australia Pty Ltd (65 140 765 902), COFFEY ENVIRONMENTS PTY LTD (45 090 522 759), COFFEY GEOTECHNICS PTY LTD (93 056 929 483), COFFEY INTERNATIONAL PTY LTD (16 003 835 112), COFFEY MINING PTY LTD (52 065 481 209), COFFEY NATURAL SYSTEMS PTY LTD (61 005 041 878), COFFEY PROJECTS (AUSTRALIA) PTY LIMITED (65 092 167 970), COFFEY SERVICES NO 2 PTY LTD (82 142 640 739), ECO LOGICAL AUSTRALIA PTY LTD (87 096 512 088), MACSIS PTY LTD (14 002 912 950), PROTEUS ENGINEERS PTY LTD (96 152 082 972), Tetra Tech Australia Holding Pty Ltd (42 152 024 345), TETRA TECH COFFEY PTY LTD (55 139 460 521), TETRA TECH INTERNATIONAL DEVELOPMENT PTY LTD (63 007 889 081). Register entry: https://modernslaveryregister.gov.au/statements/22350/.'}"
Modern slavery statement 2025-2411: The Cancer Council NSW,document,{'content': 'The Cancer Council NSW (ABN 51 116 463 846) filed a single modern slavery statement with the Australian Modern Slavery Register for the reporting period 2024-07-01 to 2025-06-30. The reporting entity is headquartered in Australia. The reporting entity has an annual revenue band of 100-150M. The reporting entity operates in the industry sectors: Health Care and Social Assistance. Register entry: https://modernslaveryregister.gov.au/statements/25040/.'}
Modern slavery statement 2021-3584: ASSOCIATED RETAILERS LIMITED,document,"{'content': 'ASSOCIATED RETAILERS LIMITED (ABN 42 004 520 030) filed a single modern slavery statement with the Australian Modern Slavery Register for the reporting period 2020-07-01 to 2021-06-30. The reporting entity is headquartered in Australia. The reporting entity has an annual revenue band of 200-250M. The reporting entity operates in the industry sectors: Durable consumer goods, including electronics and appliances, home furnishings and other accessories Fashion, textiles, apparel and luxury goods Other. Register entry: https://modernslaveryregister.gov.au/statements/6882/.'}"
Modern slavery statement 2023-3309: GENERATION DEVELOPMENT GROUP LIMITED & GENERATION LIFE LIMITED,document,"{'content': 'GENERATION DEVELOPMENT GROUP LIMITED (ABN 90 087 334 370) and GENERATION LIFE LIMITED (ABN 68 092 843 902) filed a joint modern slavery statement with the Australian Modern Slavery Register for the reporting period 2022-07-01 to 2023-06-30. The reporting entities are headquartered in Australia. The reporting entities have an annual revenue band of 250-300M. The reporting entities operate in the industry sectors: Financial, insurance and real estate activities. Register entry: https://modernslaveryregister.gov.au/statements/16591/.'}"
Modern slavery statement 2021-1016: AAIH ANZ PTY LTD & AECOM AUSTRALIA DL PTY LTD & AECOM AUSTRALIA GROUP HOLDINGS PTY LTD et al.,document,"{'content': 'AAIH ANZ PTY LTD (ABN 58 620 076 075), AECOM AUSTRALIA DL PTY LTD (ABN 11 145 519 571), AECOM AUSTRALIA GROUP HOLDINGS PTY LTD (ABN 57 160 463 883), AECOM AUSTRALIA HOLDINGS PTY LTD (ABN 36 093 370 695), AECOM Australia Investments Pty Ltd, AECOM AUSTRALIA PTY LTD (ABN 20 093 846 925), AECOM COST CONSULTING PTY LTD (ABN 40 008 657 289), DLA PARTNERS PTY. LTD. (ABN 59 007 369 842), ENSR AUSTRALIA PTY LIMITED (ABN 34 060 204 702), HARDING LAWSON AUSTRALIA PTY. LIMITED (ABN 21 063 854 606) and W.E. BASSETT AND PARTNERS PTY. LTD. (ABN 22 004 873 634) filed a joint modern slavery statement with the Australian Modern Slavery Register for the reporting period 2019-10-01 to 2020-09-30. The reporting entities are headquartered in United States of America. The reporting entities have an annual revenue band of 1BN+. The reporting entities operate in the industry sectors: Construction, civil engineering and building products Professional and administrative services and supplies, including legal, consulting and accounting services. Register entry: https://modernslaveryregister.gov.au/statements/2879/.'}"
Modern slavery statement 2022-471: THOMSON REUTERS (AUSTRALIA) PTY LTD,document,{'content': 'THOMSON REUTERS (AUSTRALIA) PTY LTD (ABN 87 058 914 766) filed a single modern slavery statement with the Australian Modern Slavery Register for the reporting period 2021-01-01 to 2021-12-31. The reporting entity is headquartered in Canada. The reporting entity has an annual revenue band of 150-200M. The reporting entity operates in the industry sectors: Information technology and telecommunication. Register entry: https://modernslaveryregister.gov.au/statements/8404/.'}
Modern slavery statement 2022-2738: R.K ARNOLD & G DOWD & M.B DUNPHY & A MACVEAN & S.P MORGAN & J.S MORVELL & K.J STALLARD & E WOOLLEY,document,"{'content': 'R.K ARNOLD & G DOWD & M.B DUNPHY & A MACVEAN & S.P MORGAN & J.S MORVELL & K.J STALLARD & E WOOLLEY (ABN 58 041 376 985) filed a single modern slavery statement with the Australian Modern Slavery Register for the reporting period 2021-07-01 to 2022-06-30. The reporting entity is headquartered in Australia. The reporting entity has an annual revenue band of 150-200M. The reporting entity operates in the industry sectors: Professional and administrative services and supplies, including legal, consulting and accounting services. Register entry: https://modernslaveryregister.gov.au/statements/11624/.'}"
Modern slavery statement 2021-3948: SPC GLOBAL LTD & SPC OPERATIONS PTY LTD,document,"{'content': 'SPC GLOBAL LTD (ABN 73 633 389 394) and SPC OPERATIONS PTY LTD (ABN 53 633 532 162) filed a joint modern slavery statement with the Australian Modern Slavery Register for the reporting period 2020-07-01 to 2021-06-30. The reporting entities are headquartered in Australia. The reporting entities have an annual revenue band of 450-500M. The reporting entities operate in the industry sectors: Food and beverages, agriculture and fishing. Register entry: https://modernslaveryregister.gov.au/statements/7402/.'}"
Modern slavery statement 2022-1565: OE JV CO PTY LIMITED & ORIGIN ENERGY ELECTRICITY LIMITED & ORIGIN ENERGY ERARING PTY LIMITED et al.,document,"{'content': 'OE JV CO PTY LIMITED (ABN 38 095 483 195), ORIGIN ENERGY ELECTRICITY LIMITED (ABN 33 071 052 287), ORIGIN ENERGY ERARING PTY LIMITED (ABN 31 357 688 069), ORIGIN ENERGY HOLDINGS PTY LIMITED (ABN 30 004 132 423), ORIGIN ENERGY LNG PORTFOLIO PTY LTD (ABN 88 610 626 750), ORIGIN ENERGY LPG LIMITED (ABN 77 000 508 369), ORIGIN ENERGY POWER LIMITED (ABN 93 008 289 398), ORIGIN ENERGY RETAIL LIMITED (ABN 22 078 868 425) and ORIGIN ENERGY (VIC) PTY LIMITED (ABN 11 086 013 283) filed a joint modern slavery statement with the Australian Modern Slavery Register for the reporting period 2021-07-01 to 2022-06-30. The reporting entities are headquartered in Australia. The reporting entities have an annual revenue band of 1BN+. The reporting entities operate in the industry sectors: Mining, metals, chemicals and resources (including oil and gas) Utilities: gas, water and electricity. Register entry: https://modernslaveryregister.gov.au/statements/9983/.'}"
Modern slavery statement 2024-271: AERIS RESOURCES LIMITED,document,"{'content': 'AERIS RESOURCES LIMITED (ABN 30 147 131 977) filed a single modern slavery statement with the Australian Modern Slavery Register for the reporting period 2022-07-01 to 2023-06-30. The reporting entity is headquartered in Australia. The reporting entity has an annual revenue band of 600-700M. The reporting entity operates in the industry sectors: Mining, metals, chemicals and resources (including oil and gas). Register entry: https://modernslaveryregister.gov.au/statements/17159/.'}"
Modern slavery statement 2022-1484: ACTIVIDENTITY (AUSTRALIA) PTY LTD & ANSA DOORS (AUST) PTY LTD & ASSA ABLOY AUSTRALIA PACIFIC PTY. LIMITED et al.,document,"{'content': 'ACTIVIDENTITY (AUSTRALIA) PTY LTD (ABN 19 062 955 060), ANSA DOORS (AUST) PTY LTD (ABN 49 617 127 278), ASSA ABLOY AUSTRALIA PACIFIC PTY. LIMITED (ABN 81 095 354 582), ASSA ABLOY AUSTRALIA PTY LIMITED (ABN 90 086 451 907), ASSA ABLOY DOOR GROUP AUSTRALIA PTY LIMITED (ABN 50 004 519 331), ASSA ABLOY ENTRANCE SYSTEMS AUSTRALIA PTY LIMITED (ABN 35 095 443 486), ASSA ABLOY GLOBAL SOLUTIONS AUSTRALIA PTY LIMITED (ABN 16 088 022 548), AUSTRAL MONSOON BUILDING PRODUCTS PTY LTD (ABN 82 083 857 452), LIETZKE AUSTRALIA PTY LIMITED (ABN 73 076 172 051), MIRAGE DOORS (AUST) PTY LTD (ABN 12 601 182 629), MONSOON INDUSTRIES PTY. LIMITED (ABN 60 001 028 691), PLACARD PTY LTD (ABN 46 074 646 343), RECORD AUTOMATIC DOORS PTY LTD (ABN 58 601 122 874), Secure Edge Technologies Pty Ltd (ABN 93 103 561 075) and THE DENMORE GROUP PTY LTD (ABN 86 071 823 651) filed a joint modern slavery statement with the Australian Modern Slavery Register for the reporting period 2021-01-01 to 2021-12-31. The reporting entities are headquartered in Australia. The reporting entities have an annual revenue band of 700-800M. The reporting entities operate in the industry sectors: Construction, civil engineering and building products. Register entry: https://modernslaveryregister.gov.au/statements/9849/.'}"
"Modern slavery statement 2024-1983: TOKIO MARINE MANAGEMENT (AUSTRALASIA) PTY LTD & TOKIO MARINE & NICHIDO FIRE INSURANCE CO., LTD.",document,"{'content': 'TOKIO MARINE MANAGEMENT (AUSTRALASIA) PTY LTD (ABN 69 001 488 455) and TOKIO MARINE & NICHIDO FIRE INSURANCE CO., LTD. (ABN 80 000 438 291) filed a joint modern slavery statement with the Australian Modern Slavery Register for the reporting period 2023-04-01 to 2024-03-31. The reporting entities are headquartered in Japan. The reporting entities have an annual revenue band of 250-300M. The reporting entities operate in the industry sectors: Financial, insurance and real estate activities. The statement also covers the included entities: ACCIDENT & HEALTH INTERNATIONAL UNDERWRITING PTY LTD (26 053 335 952), BCC SURETY PTY LTD (93 163 415 610), BCC TRADE CREDIT PTY LTD (48 608 296 233), BOND AND CREDIT COMPANY PTY LTD (71 609 018 840). Register entry: https://modernslaveryregister.gov.au/statements/19479/.'}"
"Modern slavery statement 2021-128: SAILPOINT INTERNATIONAL, INC.",document,"{'content': 'SAILPOINT INTERNATIONAL, INC. (ABN 71 162 832 322) filed a single modern slavery statement with the Australian Modern Slavery Register for the reporting period 2020-01-01 to 2020-12-31. The reporting entity is headquartered in United States of America. The reporting entity has an annual revenue band of 0-99M. The reporting entity operates in the industry sectors: Other. Register entry: https://modernslaveryregister.gov.au/statements/1278/.'}"
Modern slavery statement 2025-174: EASTERN HEALTH,document,{'content': 'EASTERN HEALTH (ABN 68 223 819 017) filed a single modern slavery statement with the Australian Modern Slavery Register for the reporting period 2023-07-01 to 2024-06-30. The reporting entity is headquartered in Australia. The reporting entity has an annual revenue band of 1BN+. The reporting entity operates in the industry sectors: Health Care and Social Assistance. Register entry: https://modernslaveryregister.gov.au/statements/21877/.'}
Modern slavery statement 2025-3311: THE AUSTRALIAN INSTITUTE OF MARINE SCIENCE,document,{'content': 'THE AUSTRALIAN INSTITUTE OF MARINE SCIENCE (ABN 78 961 616 230) filed a single modern slavery statement with the Australian Modern Slavery Register for the reporting period 2024-07-01 to 2025-06-30. The reporting entity is headquartered in Australia. The reporting entity has an annual revenue band of 150-200M. The reporting entity operates in the industry sectors: Other Services. Register entry: https://modernslaveryregister.gov.au/statements/26322/.'}
Modern slavery statement 2025-3475: Hollard Holdings Australia Pty Ltd & HOLLARD INSURANCE PARTNERS LIMITED & THE HOLLARD INSURANCE COMPANY PTY LTD,document,"{'content': 'Hollard Holdings Australia Pty Ltd (ABN 30 154 586 802), HOLLARD INSURANCE PARTNERS LIMITED (ABN 96 067 524 216) and THE HOLLARD INSURANCE COMPANY PTY LTD (ABN 78 090 584 473) filed a joint modern slavery statement with the Australian Modern Slavery Register for the reporting period 2024-07-01 to 2025-06-30. The reporting entities are headquartered in Australia. The reporting entities have an annual revenue band of 1BN+. The reporting entities operate in the industry sectors: Financial and Insurance Services. Register entry: https://modernslaveryregister.gov.au/statements/26539/.'}"
Modern slavery statement 2021-4020: The Trustee for T.ROWE PRICE GLOBAL EQUITY FUND & T.ROWE PRICE GLOBAL EQUITY (HEDGED) FUND,document,"{'content': 'The Trustee for T.ROWE PRICE GLOBAL EQUITY FUND (ABN 80 751 391 290) and T.ROWE PRICE GLOBAL EQUITY (HEDGED) FUND (ABN 29 351 208 244) filed a joint modern slavery statement with the Australian Modern Slavery Register for the reporting period 2020-07-01 to 2021-06-30. The reporting entities are headquartered in Australia. The reporting entities have an annual revenue band of 600-700M. The reporting entities operate in the industry sectors: Financial, insurance and real estate activities. Register entry: https://modernslaveryregister.gov.au/statements/7485/.'}"
Modern slavery statement 2024-2988: MESHKI PTY LIMITED,document,"{'content': 'MESHKI PTY LIMITED (ABN 63 606 524 878) filed a single modern slavery statement with the Australian Modern Slavery Register for the reporting period 2023-07-01 to 2024-06-30. The reporting entity is headquartered in Australia. The reporting entity has an annual revenue band of 150-200M. The reporting entity operates in the industry sectors: Fashion, textiles, apparel and luxury goods. Register entry: https://modernslaveryregister.gov.au/statements/20791/.'}"
Modern slavery statement 2022-2536: PLANET INNOVATION DIGITAL PTY LTD & PLANET INNOVATION HOLDINGS LTD & Planet Innovation Products Pty Ltd et al.,document,"{'content': 'PLANET INNOVATION DIGITAL PTY LTD (ABN 73 613 310 580), PLANET INNOVATION HOLDINGS LTD (ABN 37 152 424 916), Planet Innovation Products Pty Ltd (ABN 50 153 338 660), PLANET INNOVATION PTY LTD (ABN 35 137 428 141) and PLANET INTELLECTUAL PROPERTY ENTERPRISES PTY LTD (ABN 28 152 698 747) filed a joint modern slavery statement with the Australian Modern Slavery Register for the reporting period 2021-07-01 to 2022-06-30. The reporting entities are headquartered in Australia. The reporting entities have an annual revenue band of 100-150M. The reporting entities operate in the industry sectors: Healthcare and pharmaceuticals. Register entry: https://modernslaveryregister.gov.au/statements/11277/.'}"
Modern slavery statement 2022-1393: SUNSHINE A PTY LTD,document,"{'content': 'SUNSHINE A PTY LTD (ABN 86 631 684 770) filed a single modern slavery statement with the Australian Modern Slavery Register for the reporting period 2021-02-01 to 2022-01-31. The reporting entity is headquartered in Australia, New Zealand. The reporting entity has an annual revenue band of 400-450M. The reporting entity operates in the industry sectors: Fashion, textiles, apparel and luxury goods. Register entry: https://modernslaveryregister.gov.au/statements/9705/.'}"
"Modern slavery statement 2022-3013: Keypath Education International, Inc.",document,"{'content': 'Keypath Education International, Inc. (ABN 00 649 711 026) filed a single modern slavery statement with the Australian Modern Slavery Register for the reporting period 2021-07-01 to 2022-06-30. The reporting entity is headquartered in United States of America. The reporting entity has an annual revenue band of 150-200M. The reporting entity operates in the industry sectors: Education and research. Register entry: https://modernslaveryregister.gov.au/statements/11943/.'}"
Modern slavery statement 2022-2243: INDIGENOUS LAND AND SEA CORPORATION & VOYAGES INDIGENOUS TOURISM AUSTRALIA PTY LTD,document,"{'content': 'INDIGENOUS LAND AND SEA CORPORATION (ABN 59 912 679 254) and VOYAGES INDIGENOUS TOURISM AUSTRALIA PTY LTD (ABN 82 146 482 591) filed a joint modern slavery statement with the Australian Modern Slavery Register for the reporting period 2021-07-01 to 2022-06-30. The reporting entities are headquartered in Australia. The reporting entities have an annual revenue band of 100-150M. The reporting entities operate in the industry sectors: Consumer services, including accommodation, hospitality, tourism and leisure Charitable / not-for-profit activities. Register entry: https://modernslaveryregister.gov.au/statements/10983/.'}"
Modern slavery statement 2024-1430: VOLVO CAR AUSTRALIA PTY LTD,document,"{'content': 'VOLVO CAR AUSTRALIA PTY LTD (ABN 18 004 830 611) filed a single modern slavery statement with the Australian Modern Slavery Register for the reporting period 2023-01-01 to 2023-12-31. The reporting entity is headquartered in Sweden. The reporting entity has an annual revenue band of 800-900M. The reporting entity operates in the industry sectors: Automotive, machinery and heavy electrical equipment. Register entry: https://modernslaveryregister.gov.au/statements/18242/.'}"
Modern slavery statement 2021-3588: L.U.C.R.F. PTY. LTD.,document,"{'content': 'L.U.C.R.F. PTY. LTD. (ABN 18 005 502 090) filed a single modern slavery statement with the Australian Modern Slavery Register for the reporting period 2020-07-01 to 2021-06-30. The reporting entity is headquartered in Australia. The reporting entity has an annual revenue band of 100-150M. The reporting entity operates in the industry sectors: Financial, insurance and real estate activities. Register entry: https://modernslaveryregister.gov.au/statements/6885/.'}"
Modern slavery statement 2021-3236: B.M.D. HOLDINGS PTY. LIMITED,document,"{'content': 'B.M.D. HOLDINGS PTY. LIMITED (ABN 47 010 093 348) filed a single modern slavery statement with the Australian Modern Slavery Register for the reporting period 2020-07-01 to 2021-06-30. The reporting entity is headquartered in Australia. The reporting entity has an annual revenue band of 1BN+. The reporting entity operates in the industry sectors: Construction, civil engineering and building products. Register entry: https://modernslaveryregister.gov.au/statements/6350/.'}"
Modern slavery statement 2021-280: ANABELLE BITS PTY LTD & BEarena Pty Limited & The Trustee for Forward IT (Australia),document,"{'content': 'ANABELLE BITS PTY LTD (ABN 40 068 649 972), BEarena Pty Limited (ABN 53 125 400 062) and The Trustee for Forward IT (Australia) (ABN 42 597 085 374) filed a joint modern slavery statement with the Australian Modern Slavery Register for the reporting period 2019-07-01 to 2020-06-30. The reporting entities are headquartered in Australia. The reporting entities have an annual revenue band of Unknown. The reporting entities operate in the industry sectors: Information technology and telecommunication. Register entry: https://modernslaveryregister.gov.au/statements/1579/.'}"
Modern slavery statement 2025-3538: HUNTER MASON (NSW) PTY LTD,document,{'content': 'HUNTER MASON (NSW) PTY LTD (ABN 22 656 817 131) filed a single modern slavery statement with the Australian Modern Slavery Register for the reporting period 2024-07-01 to 2025-06-30. The reporting entity is headquartered in Australia. The reporting entity has an annual revenue band of 100-150M. The reporting entity operates in the industry sectors: Construction. Register entry: https://modernslaveryregister.gov.au/statements/26604/.'}
Modern slavery statement 2024-3481: KEYSTART LOANS LTD,document,"{'content': 'KEYSTART LOANS LTD (ABN 27 009 427 034) filed a single modern slavery statement with the Australian Modern Slavery Register for the reporting period 2023-07-01 to 2024-06-30. The reporting entity is headquartered in Australia. The reporting entity has an annual revenue band of 100-150M. The reporting entity operates in the industry sectors: Financial, insurance and real estate activities. Register entry: https://modernslaveryregister.gov.au/statements/20260/.'}"
Modern slavery statement 2022-1840: SHEIN DISTRIBUTION AUSTRALIA PTY LIMITED,document,"{'content': 'SHEIN DISTRIBUTION AUSTRALIA PTY LIMITED (ABN 38 653 503 023) filed a single modern slavery statement with the Australian Modern Slavery Register for the reporting period 2021-01-01 to 2021-12-31. The reporting entity is headquartered in Australia. The reporting entity has an annual revenue band of 450-500M. The reporting entity operates in the industry sectors: Fashion, textiles, apparel and luxury goods. Register entry: https://modernslaveryregister.gov.au/statements/10374/.'}"
Modern slavery statement 2025-3531: NUTRICIA AUSTRALIA PTY LIMITED,document,{'content': 'NUTRICIA AUSTRALIA PTY LIMITED (ABN 99 076 246 752) filed a single modern slavery statement with the Australian Modern Slavery Register for the reporting period 2024-01-01 to 2024-12-31. The reporting entity is headquartered in Australia. The reporting entity has an annual revenue band of 450-500M. The reporting entity operates in the industry sectors: Other Services. Register entry: https://modernslaveryregister.gov.au/statements/26596/.'}
"Modern slavery statement 2024-476: TAIWAN COOPERATIVE BANK,LTD.",document,"{'content': 'TAIWAN COOPERATIVE BANK,LTD. (ABN 96 139 482 634) filed a single modern slavery statement with the Australian Modern Slavery Register for the reporting period 2023-01-01 to 2023-12-31. The reporting entity is headquartered in Taiwan. The reporting entity has an annual revenue band of 1BN+. The reporting entity operates in the industry sectors: Financial, insurance and real estate activities. Register entry: https://modernslaveryregister.gov.au/statements/16726/.'}"
Modern slavery statement 2021-731: GLOBE INTERNATIONAL LIMITED,document,"{'content': 'GLOBE INTERNATIONAL LIMITED (ABN 65 007 066 033) filed a single modern slavery statement with the Australian Modern Slavery Register for the reporting period 2019-07-01 to 2020-06-30. The reporting entity is headquartered in Australia. The reporting entity has an annual revenue band of 150-200M. The reporting entity operates in the industry sectors: Fashion, textiles, apparel and luxury goods. Register entry: https://modernslaveryregister.gov.au/statements/2407/.'}"
Modern slavery statement 2025-975: SAMSONITE AUSTRALIA PTY LIMITED,document,"{'content': 'SAMSONITE AUSTRALIA PTY LIMITED filed a single modern slavery statement with the Australian Modern Slavery Register for the reporting period 2024-01-01 to 2024-12-31. The reporting entity is headquartered in Australia. The reporting entity has an annual revenue band of 100-150M. The reporting entity operates in the industry sectors: Durable consumer goods, including electronics and appliances, home furnishings and other accessories. Register entry: https://modernslaveryregister.gov.au/statements/22918/.'}"
Modern slavery statement 2023-2186: WA PRIMARY HEALTH ALLIANCE LIMITED,document,{'content': 'WA PRIMARY HEALTH ALLIANCE LIMITED (ABN 11 602 416 697) filed a single modern slavery statement with the Australian Modern Slavery Register for the reporting period 2022-07-01 to 2023-06-30. The reporting entity is headquartered in Australia. The reporting entity has an annual revenue band of 150-200M. The reporting entity operates in the industry sectors: Healthcare and pharmaceuticals Charitable / not-for-profit activities. Register entry: https://modernslaveryregister.gov.au/statements/15164/.'}
Modern slavery statement 2023-503: SELECT HARVESTS LIMITED,document,"{'content': 'SELECT HARVESTS LIMITED (ABN 87 000 721 380) filed a single modern slavery statement with the Australian Modern Slavery Register for the reporting period 2022-01-01 to 2022-12-31. The reporting entity is headquartered in Australia. The reporting entity has an annual revenue band of 200-250M. The reporting entity operates in the industry sectors: Food and beverages, agriculture and fishing. Register entry: https://modernslaveryregister.gov.au/statements/12818/.'}"
Modern slavery statement 2023-2310: BELMONT PROPERTY UNIT TRUST,document,"{'content': 'BELMONT PROPERTY UNIT TRUST (ABN 89 947 149 231) filed a joint modern slavery statement with the Australian Modern Slavery Register for the reporting period 2022-07-01 to 2023-06-30. The reporting entity is headquartered in Australia. The reporting entity has an annual revenue band of 100-150M. The reporting entity operates in the industry sectors: Healthcare and pharmaceuticals. The statement also covers the included entities: The trustee for Homestyle Leopold Unit Trust (75 669 178 546), The trustee for Homestyle Point Cook Unit Trust (54 782 087 667). Register entry: https://modernslaveryregister.gov.au/statements/15332/.'}"
Modern slavery statement 2026-132: RECYCLE AND RESOURCE HOLDINGS LIMITED,document,"{'content': 'RECYCLE AND RESOURCE HOLDINGS LIMITED (ABN 20 649 347 302) filed a single modern slavery statement with the Australian Modern Slavery Register for the reporting period 2024-07-01 to 2025-06-30. The reporting entity is headquartered in Australia. The reporting entity has an annual revenue band of 600-700M. The reporting entity operates in the industry sectors: Electricity, Gas, Water and Waste Services. The statement also covers the included entities: BINGO INDUSTRIES LIMITED (72 617 748 231). Register entry: https://modernslaveryregister.gov.au/statements/27232/.'}"
Modern slavery statement 2024-480: COVAU PTY LIMITED,document,"{'content': 'COVAU PTY LIMITED (ABN 54 090 117 730) filed a single modern slavery statement with the Australian Modern Slavery Register for the reporting period 2022-07-01 to 2023-06-30. The reporting entity is headquartered in Australia. The reporting entity has an annual revenue band of 100-150M. The reporting entity operates in the industry sectors: Utilities: gas, water and electricity. Register entry: https://modernslaveryregister.gov.au/statements/17443/.'}"
Modern slavery statement 2023-271: PORT WARATAH COAL SERVICES LTD,document,"{'content': 'PORT WARATAH COAL SERVICES LTD (ABN 99 001 363 828) filed a single modern slavery statement with the Australian Modern Slavery Register for the reporting period 2021-01-01 to 2021-12-31. The reporting entity is headquartered in Australia. The reporting entity has an annual revenue band of 300-350M. The reporting entity operates in the industry sectors: Transportation, logistics, and storage. Register entry: https://modernslaveryregister.gov.au/statements/12468/.'}"
Modern slavery statement 2023-1181: ABBOTT AUSTRALASIA PTY LTD & ABBOTT MEDICAL AUSTRALIA PTY LTD. & ABBOTT RAPID DIAGNOSTICS PTY LTD.,document,"{'content': 'ABBOTT AUSTRALASIA PTY LTD (ABN 95 000 180 389), ABBOTT MEDICAL AUSTRALIA PTY LTD. (ABN 73 080 212 746) and ABBOTT RAPID DIAGNOSTICS PTY LTD. (ABN 19 010 728 220) filed a joint modern slavery statement with the Australian Modern Slavery Register for the reporting period 2022-01-01 to 2022-12-31. The reporting entities are headquartered in United States of America. The reporting entities have an annual revenue band of 1BN+. The reporting entities operate in the industry sectors: Healthcare and pharmaceuticals. Register entry: https://modernslaveryregister.gov.au/statements/13748/.'}"
Modern slavery statement 2021-3510: ROBERTS CO AUSTRALIA PTY LTD,document,"{'content': 'ROBERTS CO AUSTRALIA PTY LTD (ABN 83 616 561 678) filed a single modern slavery statement with the Australian Modern Slavery Register for the reporting period 2020-07-01 to 2021-06-30. The reporting entity is headquartered in Australia. The reporting entity has an annual revenue band of 350-400M. The reporting entity operates in the industry sectors: Construction, civil engineering and building products. Register entry: https://modernslaveryregister.gov.au/statements/6758/.'}"
Modern slavery statement 2022-2619: Online Education Services Pty Ltd,document,{'content': 'Online Education Services Pty Ltd (ABN 75 148 177 959) filed a single modern slavery statement with the Australian Modern Slavery Register for the reporting period 2021-07-01 to 2022-06-30. The reporting entity is headquartered in Australia. The reporting entity has an annual revenue band of 200-250M. The reporting entity operates in the industry sectors: Education and research. Register entry: https://modernslaveryregister.gov.au/statements/11364/.'}
Modern slavery statement 2021-4006: The Trustee for BGH Capital Trust IA,document,"{'content': 'The Trustee for BGH Capital Trust IA (ABN 62 598 307 176) filed a single modern slavery statement with the Australian Modern Slavery Register for the reporting period 2020-07-01 to 2021-06-30. The reporting entity is headquartered in Australia. The reporting entity has an annual revenue band of Unknown. The reporting entity operates in the industry sectors: Financial, insurance and real estate activities. Register entry: https://modernslaveryregister.gov.au/statements/7304/.'}"
Modern slavery statement 2021-3729: AA Holdings Pty Ltd,document,{'content': 'AA Holdings Pty Ltd (ABN 94 112 233 744) filed a single modern slavery statement with the Australian Modern Slavery Register for the reporting period 2019-07-01 to 2020-06-30. The reporting entity is headquartered in Australia. The reporting entity has an annual revenue band of 500-600M. The reporting entity operates in the industry sectors: Other. Register entry: https://modernslaveryregister.gov.au/statements/7098/.'}
Modern slavery statement 2023-1436: DENTSPLY SIRONA PTY LIMITED,document,"{'content': 'DENTSPLY SIRONA PTY LIMITED (ABN 87 111 950 602) filed a single modern slavery statement with the Australian Modern Slavery Register for the reporting period 2022-01-01 to 2022-12-31. The reporting entity is headquartered in Australia, United States of America. The reporting entity has an annual revenue band of 100-150M. The reporting entity operates in the industry sectors: Healthcare and pharmaceuticals. Register entry: https://modernslaveryregister.gov.au/statements/14073/.'}"
Modern slavery statement 2024-464: Kyushu Electric Australia Pty Ltd,document,"{'content': 'Kyushu Electric Australia Pty Ltd (ABN 54 152 417 260) filed a single modern slavery statement with the Australian Modern Slavery Register for the reporting period 2023-01-01 to 2023-12-31. The reporting entity is headquartered in Australia. The reporting entity has an annual revenue band of 250-300M. The reporting entity operates in the industry sectors: Mining, metals, chemicals and resources (including oil and gas). The statement also covers the included entities: KYUSHU ELECTRIC TRADING PTY LTD, Kyushu Electric Wheatstone Pty Ltd. Register entry: https://modernslaveryregister.gov.au/statements/17450/.'}"
Modern slavery statement 2024-3485: SERVCORP LIMITED,document,"{'content': 'SERVCORP LIMITED (ABN 97 089 222 506) filed a single modern slavery statement with the Australian Modern Slavery Register for the reporting period 2023-07-01 to 2024-06-30. The reporting entity is headquartered in Australia. The reporting entity has an annual revenue band of 300-350M. The reporting entity operates in the industry sectors: Financial, insurance and real estate activities. Register entry: https://modernslaveryregister.gov.au/statements/21453/.'}"
Modern slavery statement 2024-49: HEMPEL (WATTYL) AUSTRALIA PTY LTD,document,"{'content': 'HEMPEL (WATTYL) AUSTRALIA PTY LTD (ABN 40 000 035 914) filed a joint modern slavery statement with the Australian Modern Slavery Register for the reporting period 2022-01-01 to 2022-12-31. The reporting entity is headquartered in Denmark. The reporting entity has an annual revenue band of 200-250M. The reporting entity operates in the industry sectors: Construction, civil engineering and building products. The statement also covers the included entities: HEMPEL NEWCO (AUSTRALIA) PTY LTD (98 647 861 345). Register entry: https://modernslaveryregister.gov.au/statements/16783/.'}"
Modern slavery statement 2022-3055: ROYAL REHAB,document,{'content': 'ROYAL REHAB (ABN 34 000 025 794) filed a single modern slavery statement with the Australian Modern Slavery Register for the reporting period 2021-07-01 to 2022-06-30. The reporting entity is headquartered in Australia. The reporting entity has an annual revenue band of 100-150M. The reporting entity operates in the industry sectors: Healthcare and pharmaceuticals. Register entry: https://modernslaveryregister.gov.au/statements/11795/.'}
Modern slavery statement 2021-2187: ZESPRI INTERNATIONAL (AUSTRALIA) PTY LTD,document,"{'content': 'ZESPRI INTERNATIONAL (AUSTRALIA) PTY LTD (ABN 91 125 815 465) filed a single modern slavery statement with the Australian Modern Slavery Register for the reporting period 2020-04-01 to 2021-03-31. The reporting entity is headquartered in Australia. The reporting entity has an annual revenue band of 0-99M. The reporting entity operates in the industry sectors: Food and beverages, agriculture and fishing. Register entry: https://modernslaveryregister.gov.au/statements/4799/.'}"
Modern slavery statement 2021-11: ELONARA PTY LTD & STOWE AUSTRALIA PTY LIMITED,document,"{'content': 'ELONARA PTY LTD (ABN 75 630 632 450) and STOWE AUSTRALIA PTY LIMITED (ABN 27 002 556 603) filed a joint modern slavery statement with the Australian Modern Slavery Register for the reporting period 2020-01-01 to 2020-12-31. The reporting entities are headquartered in Australia. The reporting entities have an annual revenue band of 450-500M. The reporting entities operate in the industry sectors: Construction, civil engineering and building products. Register entry: https://modernslaveryregister.gov.au/statements/1038/.'}"
Modern slavery statement 2022-2763: PEOPLEIN LIMITED,document,"{'content': 'PEOPLEIN LIMITED (ABN 39 615 173 076) filed a joint modern slavery statement with the Australian Modern Slavery Register for the reporting period 2021-07-01 to 2022-06-30. The reporting entity is headquartered in Australia. The reporting entity has an annual revenue band of 600-700M. The reporting entity operates in the industry sectors: Professional and administrative services and supplies, including legal, consulting and accounting services. Register entry: https://modernslaveryregister.gov.au/statements/11401/.'}"
Modern slavery statement 2025-3580: BALLANTYNE PTY. LTD.,document,{'content': 'BALLANTYNE PTY. LTD. (ABN 89 006 036 684) filed a single modern slavery statement with the Australian Modern Slavery Register for the reporting period 2024-07-01 to 2025-06-30. The reporting entity is headquartered in Australia. The reporting entity has an annual revenue band of Unknown. The reporting entity operates in the industry sectors: Manufacturing. Register entry: https://modernslaveryregister.gov.au/statements/26473/.'}
Modern slavery statement 2024-2074: BISLEY & CO PTY LTD,document,"{'content': 'BISLEY & CO PTY LTD (ABN 58 000 158 305) filed a single modern slavery statement with the Australian Modern Slavery Register for the reporting period 2023-07-01 to 2024-06-30. The reporting entity is headquartered in Australia. The reporting entity has an annual revenue band of 100-150M. The reporting entity operates in the industry sectors: Food and beverages, agriculture and fishing Mining, metals, chemicals and resources (including oil and gas) Construction, civil engineering and building products. The statement also covers the included entities: Bisley Asia Pte LTd, Bisley Chemicals Trading LLC (Dubai, UAE), Bisley International LLC (Houston, North America), PT Bisindo Kencana (Jakarta, Indonesia). Register entry: https://modernslaveryregister.gov.au/statements/19601/.'}"
"Modern slavery statement 2022-2727: African Underground Mining Services Burkina Faso SARL, African Underground Mining Services Limited, African Underground Mining Services Tanzania, AUSDRILL PTY LTD & BARMINCO LIMITED & Barminco Mining Services Botswana Pty Ltd, PERENTI LIMITED et al.",document,"{'content': 'African Underground Mining Services Burkina Faso SARL, African Underground Mining Services Limited, African Underground Mining Services Tanzania, AUSDRILL PTY LTD (ABN 58 103 661 374), BARMINCO LIMITED (ABN 32 109 439 894), Barminco Mining Services Botswana Pty Ltd, PERENTI LIMITED (ABN 95 009 211 474) and Underground Mining Alliance Ltd filed a joint modern slavery statement with the Australian Modern Slavery Register for the reporting period 2021-07-01 to 2022-06-30. The reporting entities are headquartered in Australia. The reporting entities have an annual revenue band of 1BN+. The reporting entities operate in the industry sectors: Mining, metals, chemicals and resources (including oil and gas). Register entry: https://modernslaveryregister.gov.au/statements/11599/.'}"
Modern slavery statement 2023-1644: SAFCOL AUSTRALIA PTY. LTD.,document,"{'content': 'SAFCOL AUSTRALIA PTY. LTD. (ABN 19 052 489 924) filed a single modern slavery statement with the Australian Modern Slavery Register for the reporting period 2022-07-01 to 2023-06-30. The reporting entity is headquartered in Australia. The reporting entity has an annual revenue band of 150-200M. The reporting entity operates in the industry sectors: Food and beverages, agriculture and fishing. Register entry: https://modernslaveryregister.gov.au/statements/14240/.'}"
Modern slavery statement 2025-1490: NCR AUSTRALIA PTY LIMITED,document,{'content': 'NCR AUSTRALIA PTY LIMITED (ABN 61 000 003 592) filed a single modern slavery statement with the Australian Modern Slavery Register for the reporting period 2024-01-01 to 2024-12-31. The reporting entity is headquartered in United States of America. The reporting entity has an annual revenue band of 100-150M. The reporting entity operates in the industry sectors: Information technology and telecommunication. Register entry: https://modernslaveryregister.gov.au/statements/23759/.'}
Modern slavery statement 2025-3375: RACT INSURANCE PTY. LTD. & THE ROYAL AUTOMOBILE CLUB OF TASMANIA LIMITED,document,"{'content': 'RACT INSURANCE PTY. LTD. (ABN 96 068 167 804) and THE ROYAL AUTOMOBILE CLUB OF TASMANIA LIMITED (ABN 62 009 475 861) filed a joint modern slavery statement with the Australian Modern Slavery Register for the reporting period 2024-07-01 to 2025-06-30. The reporting entities are headquartered in Australia. The reporting entities have an annual revenue band of 200-250M. The reporting entities operate in the industry sectors: Other Services Financial and Insurance Services. The statement also covers the included entities: RACT INVESTMENT HOLDINGS PTY LTD, RACT PTY. LTD. (77 009 551 615). Register entry: https://modernslaveryregister.gov.au/statements/26404/.'}"
Modern slavery statement 2024-1701: BOSCH REXROTH PTY LTD,document,"{'content': 'BOSCH REXROTH PTY LTD (ABN 89 003 258 384) filed a single modern slavery statement with the Australian Modern Slavery Register for the reporting period 2021-01-01 to 2021-12-31. The reporting entity is headquartered in Germany. The reporting entity has an annual revenue band of 150-200M. The reporting entity operates in the industry sectors: Mining, metals, chemicals and resources (including oil and gas) Automotive, machinery and heavy electrical equipment. Register entry: https://modernslaveryregister.gov.au/statements/19094/.'}"
Modern slavery statement 2021-3642: PITT & SHERRY (OPERATIONS) PTY. LTD.,document,"{'content': 'PITT & SHERRY (OPERATIONS) PTY. LTD. (ABN 67 140 184 309) filed a single modern slavery statement with the Australian Modern Slavery Register for the reporting period 2020-07-01 to 2021-06-30. The reporting entity is headquartered in Australia. The reporting entity has an annual revenue band of 0-99M. The reporting entity operates in the industry sectors: Construction, civil engineering and building products. Register entry: https://modernslaveryregister.gov.au/statements/6852/.'}"
Modern slavery statement 2023-820: ROYAL MELBOURNE INSTITUTE OF TECHNOLOGY,document,{'content': 'ROYAL MELBOURNE INSTITUTE OF TECHNOLOGY (ABN 49 781 030 034) filed a single modern slavery statement with the Australian Modern Slavery Register for the reporting period 2022-01-01 to 2022-12-31. The reporting entity is headquartered in Australia. The reporting entity has an annual revenue band of 1BN+. The reporting entity operates in the industry sectors: Education and research. Register entry: https://modernslaveryregister.gov.au/statements/13308/.'}
Modern slavery statement 2021-1220: A.C.N. 125 810 059 PTY LTD & RETAIL FOOD GROUP LIMITED & WDM HOLDINGS PTY LTD,document,"{'content': 'A.C.N. 125 810 059 PTY LTD (ABN 68 125 810 059), RETAIL FOOD GROUP LIMITED (ABN 31 106 840 082) and WDM HOLDINGS PTY LTD (ABN 11 614 185 198) filed a joint modern slavery statement with the Australian Modern Slavery Register for the reporting period 2019-07-01 to 2020-06-30. The reporting entities are headquartered in Australia. The reporting entities have an annual revenue band of 450-500M. The reporting entities operate in the industry sectors: Food and beverages, agriculture and fishing Other. Register entry: https://modernslaveryregister.gov.au/statements/2960/.'}"
Modern slavery statement 2025-1791: IMCD AUSTRALIA PTY LTD,document,"{'content': 'IMCD AUSTRALIA PTY LTD (ABN 44 000 005 578) filed a single modern slavery statement with the Australian Modern Slavery Register for the reporting period 2024-01-01 to 2024-12-31. The reporting entity is headquartered in Netherlands. The reporting entity has an annual revenue band of 300-350M. The reporting entity operates in the industry sectors: Mining, metals, chemicals and resources (including oil and gas). Register entry: https://modernslaveryregister.gov.au/statements/24093/.'}"
Modern slavery statement 2023-331: FREMANTLE PORT AUTHORITY,document,"{'content': 'FREMANTLE PORT AUTHORITY (ABN 78 187 229 472) filed a single modern slavery statement with the Australian Modern Slavery Register for the reporting period 2021-07-01 to 2022-06-30. The reporting entity is headquartered in Australia. The reporting entity has an annual revenue band of 150-200M. The reporting entity operates in the industry sectors: Transportation, logistics, and storage. Register entry: https://modernslaveryregister.gov.au/statements/12558/.'}"
Modern slavery statement 2024-2623: GR ENGINEERING SERVICES LTD,document,"{'content': 'GR ENGINEERING SERVICES LTD (ABN 12 121 542 738) filed a single modern slavery statement with the Australian Modern Slavery Register for the reporting period 2023-07-01 to 2024-06-30. The reporting entity is headquartered in Australia. The reporting entity has an annual revenue band of 400-450M. The reporting entity operates in the industry sectors: Mining, metals, chemicals and resources (including oil and gas) Construction, civil engineering and building products. The statement also covers the included entities: GR PRODUCTION SERVICES PTY LTD (26 166 665 952), MIPAC HOLDINGS PTY LTD (92 097 111 441). Register entry: https://modernslaveryregister.gov.au/statements/20373/.'}"
Modern slavery statement 2021-2599: Smeg Australia Pty Ltd,document,"{'content': 'Smeg Australia Pty Ltd (ABN 33 146 901 082) filed a single modern slavery statement with the Australian Modern Slavery Register for the reporting period 2020-01-01 to 2020-12-31. The reporting entity is headquartered in Italy. The reporting entity has an annual revenue band of 1BN+. The reporting entity operates in the industry sectors: Durable consumer goods, including electronics and appliances, home furnishings and other accessories. Register entry: https://modernslaveryregister.gov.au/statements/5358/.'}"
Modern slavery statement 2024-2248: NTT AUSTRALIA PTY LTD,document,"{'content': 'NTT AUSTRALIA PTY LTD (ABN 65 003 371 239) filed a single modern slavery statement with the Australian Modern Slavery Register for the reporting period 2023-04-01 to 2024-03-31. The reporting entity is headquartered in Australia. The reporting entity has an annual revenue band of 900M-1BN. The reporting entity operates in the industry sectors: Information technology and telecommunication. The statement also covers the included entities: NTT AUSTRALIA DATABASE SOLUTIONS PTY LTD, NTT AUSTRALIA DIGITAL PTY LTD, NTT AUSTRALIA SOLUTIONS PTY LTD, NTT AUSTRALIA WORKFORCE SOLUTIONS PTY LTD, NTT COM ICT DC SOLUTIONS (AUSTRALIA) PTY LTD, NTT COM ICT SOLUTIONS (AUSTRALIA) PTY LTD. Register entry: https://modernslaveryregister.gov.au/statements/19854/.'}"
Modern slavery statement 2022-2109: NORCO CO-OPERATIVE LIMITED,document,"{'content': 'NORCO CO-OPERATIVE LIMITED (ABN 17 009 717 417) filed a single modern slavery statement with the Australian Modern Slavery Register for the reporting period 2020-07-01 to 2021-06-30. The reporting entity is headquartered in Australia. The reporting entity has an annual revenue band of 600-700M. The reporting entity operates in the industry sectors: Food and beverages, agriculture and fishing. Register entry: https://modernslaveryregister.gov.au/statements/10792/.'}"
Modern slavery statement 2025-700: SMA AUSTRALIA PTY LTD,document,{'content': 'SMA AUSTRALIA PTY LTD (ABN 44 127 198 761) filed a single modern slavery statement with the Australian Modern Slavery Register for the reporting period 2024-01-01 to 2024-12-31. The reporting entity is headquartered in Germany. The reporting entity has an annual revenue band of 200-250M. The reporting entity operates in the industry sectors: Other. Register entry: https://modernslaveryregister.gov.au/statements/22700/.'}
"Modern slavery statement 2023-1101: BMW AUSTRALIA FINANCE LIMITED, B M W AUSTRALIA LTD., BMW MELBOURNE PTY. LIMITED, BMW SYDNEY PTY. LIMITED",document,"{'content': 'BMW AUSTRALIA FINANCE LIMITED, B M W AUSTRALIA LTD., BMW MELBOURNE PTY. LIMITED, BMW SYDNEY PTY. LIMITED filed a joint modern slavery statement with the Australian Modern Slavery Register for the reporting period 2022-01-01 to 2022-12-31. The reporting entity is headquartered in Australia, Germany. The reporting entity has an annual revenue band of 1BN+. The reporting entity operates in the industry sectors: Automotive, machinery and heavy electrical equipment Financial, insurance and real estate activities. Register entry: https://modernslaveryregister.gov.au/statements/13679/.'}"
Modern slavery statement 2025-1408: JINKO SOLAR AUSTRALIA HOLDINGS CO. PTY LTD,document,{'content': 'JINKO SOLAR AUSTRALIA HOLDINGS CO. PTY LTD filed a single modern slavery statement with the Australian Modern Slavery Register for the reporting period 2024-01-01 to 2024-12-31. The reporting entity is headquartered in China. The reporting entity has an annual revenue band of 100-150M. The reporting entity operates in the industry sectors: Other. Register entry: https://modernslaveryregister.gov.au/statements/23547/.'}
Modern slavery statement 2021-2657: SPECSAVERS PTY. LTD.,document,"{'content': 'SPECSAVERS PTY. LTD. (ABN 82 097 147 932) filed a single modern slavery statement with the Australian Modern Slavery Register for the reporting period 2020-07-01 to 2021-06-30. The reporting entity is headquartered in Australia. The reporting entity has an annual revenue band of 1BN+. The reporting entity operates in the industry sectors: Fashion, textiles, apparel and luxury goods Healthcare and pharmaceuticals. Register entry: https://modernslaveryregister.gov.au/statements/5447/.'}"
Modern slavery statement 2025-2162: Turners Automotive Group Limited,document,{'content': 'Turners Automotive Group Limited filed a single modern slavery statement with the Australian Modern Slavery Register for the reporting period 2024-04-01 to 2025-03-31. The reporting entity is headquartered in New Zealand. The reporting entity has an annual revenue band of 350-400M. The reporting entity operates in the industry sectors: Financial and Insurance Services Retail Trade. Register entry: https://modernslaveryregister.gov.au/statements/24429/.'}
Modern slavery statement 2023-881: THE ROMAN CATHOLIC TRUST CORPORATION FOR THE DIOCESE OF TOWNSVILLE,document,{'content': 'THE ROMAN CATHOLIC TRUST CORPORATION FOR THE DIOCESE OF TOWNSVILLE (ABN 13 622 319 794) filed a single modern slavery statement with the Australian Modern Slavery Register for the reporting period 2022-01-01 to 2022-12-31. The reporting entity is headquartered in Australia. The reporting entity has an annual revenue band of 250-300M. The reporting entity operates in the industry sectors: Education and research. Register entry: https://modernslaveryregister.gov.au/statements/13402/.'}
Modern slavery statement 2025-1334: NESTLE AUSTRALIA LTD,document,"{'content': 'NESTLE AUSTRALIA LTD (ABN 77 000 011 316) filed a single modern slavery statement with the Australian Modern Slavery Register for the reporting period 2024-01-01 to 2024-12-31. The reporting entity is headquartered in Australia. The reporting entity has an annual revenue band of 1BN+. The reporting entity operates in the industry sectors: Food and beverages, agriculture and fishing. Register entry: https://modernslaveryregister.gov.au/statements/23564/.'}"
Modern slavery statement 2023-2136: TEAM MEDICAL SUPPLIES PTY LTD,document,{'content': 'TEAM MEDICAL SUPPLIES PTY LTD (ABN 30 150 132 504) filed a single modern slavery statement with the Australian Modern Slavery Register for the reporting period 2022-07-01 to 2023-06-30. The reporting entity is headquartered in Australia. The reporting entity has an annual revenue band of 100-150M. The reporting entity operates in the industry sectors: Healthcare and pharmaceuticals. Register entry: https://modernslaveryregister.gov.au/statements/15041/.'}
Modern slavery statement 2021-3715: STP AT PTY LTD & STP PT PTY LTD,document,"{'content': 'STP AT PTY LTD (ABN 50 626 630 144) and STP PT PTY LTD (ABN 52 626 630 153) filed a joint modern slavery statement with the Australian Modern Slavery Register for the reporting period 2020-07-01 to 2021-06-30. The reporting entities are headquartered in Australia. The reporting entities have an annual revenue band of 1BN+. The reporting entities operate in the industry sectors: Transportation, logistics, and storage. Register entry: https://modernslaveryregister.gov.au/statements/6487/.'}"
Modern slavery statement 2024-1707: HarbourVest Partners (U.K.) Limited,document,"{'content': 'HarbourVest Partners (U.K.) Limited filed a single modern slavery statement with the Australian Modern Slavery Register for the reporting period 2021-01-01 to 2021-12-31. The reporting entity is headquartered in United Kingdom. The reporting entity has an annual revenue band of 150-200M. The reporting entity operates in the industry sectors: Financial, insurance and real estate activities. The statement also covers the included entities: HarbourVest Partners (Ireland) Limited. Register entry: https://modernslaveryregister.gov.au/statements/19104/.'}"
Modern slavery statement 2023-2092: The Recruitment Hive Pty Ltd,document,"{'content': 'The Recruitment Hive Pty Ltd (ABN 13 155 397 541) filed a single modern slavery statement with the Australian Modern Slavery Register for the reporting period 2022-07-01 to 2023-06-30. The reporting entity is headquartered in Australia. The reporting entity has an annual revenue band of 0-99M. The reporting entity operates in the industry sectors: Information technology and telecommunication Professional and administrative services and supplies, including legal, consulting and accounting services. Register entry: https://modernslaveryregister.gov.au/statements/15017/.'}"
Modern slavery statement 2020-145: MUN (AUSTRALIA) PTY LIMITED,document,{'content': 'MUN (AUSTRALIA) PTY LIMITED (ABN 49 075 460 838) filed a single modern slavery statement with the Australian Modern Slavery Register for the reporting period 2019-04-01 to 2020-03-30. The reporting entity is headquartered in Malaysia. The reporting entity has an annual revenue band of Unknown. The reporting entity operates in the industry sectors: Healthcare and pharmaceuticals. Register entry: https://modernslaveryregister.gov.au/statements/442/.'}
Modern slavery statement 2021-3241: Howe Marketing Pty Ltd & MACKAY'S BANANA MARKETING CO PTY LTD,document,"{'content': ""Howe Marketing Pty Ltd & MACKAY'S BANANA MARKETING CO PTY LTD (ABN 79 088 186 700) filed a single modern slavery statement with the Australian Modern Slavery Register for the reporting period 2020-07-01 to 2021-06-30. The reporting entity is headquartered in Australia. The reporting entity has an annual revenue band of 200-250M. The reporting entity operates in the industry sectors: Food and beverages, agriculture and fishing. Register entry: https://modernslaveryregister.gov.au/statements/6359/.""}"
Modern slavery statement 2024-712: SUNNY QUEEN PTY LIMITED,document,"{'content': 'SUNNY QUEEN PTY LIMITED (ABN 31 060 702 034) filed a single modern slavery statement with the Australian Modern Slavery Register for the reporting period 2022-07-01 to 2023-06-30. The reporting entity is headquartered in Australia. The reporting entity has an annual revenue band of 500-600M. The reporting entity operates in the industry sectors: Food and beverages, agriculture and fishing. Register entry: https://modernslaveryregister.gov.au/statements/17792/.'}"
Modern slavery statement 2022-3043: Culture Amp Pty Ltd,document,"{'content': 'Culture Amp Pty Ltd (ABN 12 138 600 987) filed a single modern slavery statement with the Australian Modern Slavery Register for the reporting period 2021-07-01 to 2022-06-30. The reporting entity is headquartered in Australia. The reporting entity has an annual revenue band of 100-150M. The reporting entity operates in the industry sectors: Information technology and telecommunication Professional and administrative services and supplies, including legal, consulting and accounting services. Register entry: https://modernslaveryregister.gov.au/statements/11976/.'}"
Modern slavery statement 2024-1565: CEVA LOGISTICS (AUSTRALIA) PTY. LTD.,document,"{'content': 'CEVA LOGISTICS (AUSTRALIA) PTY. LTD. (ABN 63 008 438 239) filed a single modern slavery statement with the Australian Modern Slavery Register for the reporting period 2023-01-01 to 2023-12-31. The reporting entity is headquartered in France. The reporting entity has an annual revenue band of 450-500M. The reporting entity operates in the industry sectors: Transportation, logistics, and storage. The statement also covers the included entities: CEVA FREIGHT (AUSTRALIA) PTY LTD (58 000 820 075). Register entry: https://modernslaveryregister.gov.au/statements/18895/.'}"
Modern slavery statement 2023-414: THE UNIVERSITY OF QUEENSLAND,document,{'content': 'THE UNIVERSITY OF QUEENSLAND (ABN 63 942 912 684) filed a single modern slavery statement with the Australian Modern Slavery Register for the reporting period 2022-01-01 to 2022-12-31. The reporting entity is headquartered in Australia. The reporting entity has an annual revenue band of 1BN+. The reporting entity operates in the industry sectors: Education and research. Register entry: https://modernslaveryregister.gov.au/statements/12678/.'}
Modern slavery statement 2026-154: MIDFIELD MEAT INTERNATIONAL PTY. LTD.,document,"{'content': 'MIDFIELD MEAT INTERNATIONAL PTY. LTD. (ABN 78 065 864 904) filed a single modern slavery statement with the Australian Modern Slavery Register for the reporting period 2024-07-01 to 2025-06-30. The reporting entity is headquartered in Australia. The reporting entity has an annual revenue band of 1BN+. The reporting entity operates in the industry sectors: Manufacturing Agriculture, Forestry and Fishing. Register entry: https://modernslaveryregister.gov.au/statements/27261/.'}"
Modern slavery statement 2024-2746: DENTONS AUSTRALIA LIMITED,document,"{'content': 'DENTONS AUSTRALIA LIMITED (ABN 69 100 963 308) filed a single modern slavery statement with the Australian Modern Slavery Register for the reporting period 2023-07-01 to 2024-06-30. The reporting entity is headquartered in Australia. The reporting entity has an annual revenue band of 100-150M. The reporting entity operates in the industry sectors: Professional and administrative services and supplies, including legal, consulting and accounting services. The statement also covers the included entities: DENTONS CAPITAL PTY LTD (47 663 751 200). Register entry: https://modernslaveryregister.gov.au/statements/20551/.'}"
Modern slavery statement 2022-1974: SONIC HEALTHCARE LIMITED,document,{'content': 'SONIC HEALTHCARE LIMITED (ABN 24 004 196 909) filed a joint modern slavery statement with the Australian Modern Slavery Register for the reporting period 2021-07-01 to 2022-06-30. The reporting entity is headquartered in Australia. The reporting entity has an annual revenue band of 1BN+. The reporting entity operates in the industry sectors: Healthcare and pharmaceuticals. Register entry: https://modernslaveryregister.gov.au/statements/10522/.'}
Modern slavery statement 2025-1700: BASWARE PTY LTD,document,{'content': 'BASWARE PTY LTD filed a single modern slavery statement with the Australian Modern Slavery Register for the reporting period 2024-01-01 to 2024-12-31. The reporting entity is headquartered in Australia. The reporting entity has an annual revenue band of 0-99M. The reporting entity operates in the industry sectors: Information technology and telecommunication. Register entry: https://modernslaveryregister.gov.au/statements/23955/.'}
Modern slavery statement 2025-2602: A.C.N. 003 100 052 PTY LTD & FEDERAL EXPRESS (AUSTRALIA) PTY LTD & FEDEX EXPRESS AUSTRALIA PTY LTD,document,"{'content': 'A.C.N. 003 100 052 PTY LTD (ABN 35 003 100 052), FEDERAL EXPRESS (AUSTRALIA) PTY LTD (ABN 51 624 271 487) and FEDEX EXPRESS AUSTRALIA PTY LTD (ABN 41 000 495 269) filed a joint modern slavery statement with the Australian Modern Slavery Register for the reporting period 2024-06-01 to 2025-05-31. The reporting entities are headquartered in Australia. The reporting entities have an annual revenue band of 1BN+. The reporting entities operate in the industry sectors: Transport, Postal and Warehousing. Register entry: https://modernslaveryregister.gov.au/statements/25321/.'}"
"Modern slavery statement 2025-3534: FERRAGAMO AUSTRALIA PTY LIMITED, Salvatore Ferragamo SpA",document,"{'content': 'FERRAGAMO AUSTRALIA PTY LIMITED, Salvatore Ferragamo SpA filed a joint modern slavery statement with the Australian Modern Slavery Register for the reporting period 2024-01-01 to 2024-12-31. The reporting entity is headquartered in Australia, Italy. The reporting entity has an annual revenue band of 600-700M. The reporting entity operates in the industry sectors: Manufacturing Wholesale Trade Retail Trade. Register entry: https://modernslaveryregister.gov.au/statements/26601/.'}"
Modern slavery statement 2023-3055: BASE RESOURCES LIMITED,document,"{'content': 'BASE RESOURCES LIMITED (ABN 88 125 546 910) filed a joint modern slavery statement with the Australian Modern Slavery Register for the reporting period 2022-07-01 to 2023-06-30. The reporting entity is headquartered in Australia. The reporting entity has an annual revenue band of 400-450M. The reporting entity operates in the industry sectors: Mining, metals, chemicals and resources (including oil and gas). The statement also covers the included entities: Base Titanium Limited, Base Toliara SARL. Register entry: https://modernslaveryregister.gov.au/statements/16313/.'}"
Modern slavery statement 2025-391: RENASCENT AUSTRALIA PTY LTD,document,"{'content': 'RENASCENT AUSTRALIA PTY LTD (ABN 53 109 220 760) filed a single modern slavery statement with the Australian Modern Slavery Register for the reporting period 2023-07-01 to 2024-06-30. The reporting entity is headquartered in Australia. The reporting entity has an annual revenue band of 250-300M. The reporting entity operates in the industry sectors: Construction, civil engineering and building products. The statement also covers the included entities: RENASCENT AUSTRALIA PTY LTD (ACT Branch) (53 109 220 760), RENASCENT CONSTRUCTIONS (VICTORIA) PTY LTD (54 135 571 765), Renascent Queensland Pty Ltd (83 125 718 229), RENASCENT REGIONAL PTY LIMITED (38 158 296 265), RENASCENT WESTERN AUSTRALIA PTY LIMITED (59 608 156 136). Register entry: https://modernslaveryregister.gov.au/statements/22082/.'}"
Modern slavery statement 2024-2431: NOBLEOAK LIFE LIMITED,document,"{'content': 'NOBLEOAK LIFE LIMITED (ABN 85 087 648 708) filed a single modern slavery statement with the Australian Modern Slavery Register for the reporting period 2023-07-01 to 2024-06-30. The reporting entity is headquartered in Australia. The reporting entity has an annual revenue band of 350-400M. The reporting entity operates in the industry sectors: Financial, insurance and real estate activities. The statement also covers the included entities: GENUS LIFE INSURANCE SERVICES PTY LTD, NOBLEOAK ASPIRE PTY LTD, NOBLEOAK CORPORATE BENEFICIARY PTY LTD, NOBLEOAK SERVICES LIMITED. Register entry: https://modernslaveryregister.gov.au/statements/20115/.'}"
Modern slavery statement 2021-2768: EQUIFAX AUSTRALIA HOLDINGS PTY LTD,document,"{'content': 'EQUIFAX AUSTRALIA HOLDINGS PTY LTD (ABN 37 609 497 494) filed a joint modern slavery statement with the Australian Modern Slavery Register for the reporting period 2020-07-01 to 2021-06-30. The reporting entity is headquartered in United States of America. The reporting entity has an annual revenue band of 300-350M. The reporting entity operates in the industry sectors: Financial, insurance and real estate activities. Register entry: https://modernslaveryregister.gov.au/statements/5603/.'}"
Modern slavery statement 2021-3428: CIVIL AVIATION SAFETY AUTHORITY,document,"{'content': 'CIVIL AVIATION SAFETY AUTHORITY (ABN 44 808 014 470) filed a single modern slavery statement with the Australian Modern Slavery Register for the reporting period 2020-07-01 to 2021-06-30. The reporting entity is headquartered in Australia. The reporting entity has an annual revenue band of 200-250M. The reporting entity operates in the industry sectors: Transportation, logistics, and storage. Register entry: https://modernslaveryregister.gov.au/statements/6651/.'}"
Modern slavery statement 2022-1264: RP DATA PTY LTD,document,"{'content': 'RP DATA PTY LTD (ABN 67 087 759 171) filed a single modern slavery statement with the Australian Modern Slavery Register for the reporting period 2021-01-01 to 2021-12-31. The reporting entity is headquartered in Australia. The reporting entity has an annual revenue band of 150-200M. The reporting entity operates in the industry sectors: Media, publishing, arts and entertainment Information technology and telecommunication Financial, insurance and real estate activities Education and research. Register entry: https://modernslaveryregister.gov.au/statements/9535/.'}"
Modern slavery statement 2023-2121: AWH PTY LTD,document,"{'content': 'AWH PTY LTD filed a single modern slavery statement with the Australian Modern Slavery Register for the reporting period 2022-07-01 to 2023-06-30. The reporting entity is headquartered in Australia. The reporting entity has an annual revenue band of 100-150M. The reporting entity operates in the industry sectors: Transportation, logistics, and storage. Register entry: https://modernslaveryregister.gov.au/statements/15059/.'}"
Modern slavery statement 2024-2118: ANGLICARE VICTORIA,document,{'content': 'ANGLICARE VICTORIA (ABN 97 397 067 466) filed a single modern slavery statement with the Australian Modern Slavery Register for the reporting period 2023-07-01 to 2024-06-30. The reporting entity is headquartered in Australia. The reporting entity has an annual revenue band of 200-250M. The reporting entity operates in the industry sectors: Charitable / not-for-profit activities. Register entry: https://modernslaveryregister.gov.au/statements/19658/.'}
Modern slavery statement 2022-1919: KIWA GROUP PTY LTD,document,"{'content': 'KIWA GROUP PTY LTD (ABN 72 633 194 920) filed a joint modern slavery statement with the Australian Modern Slavery Register for the reporting period 2021-07-01 to 2022-06-30. The reporting entity is headquartered in Australia. The reporting entity has an annual revenue band of 400-450M. The reporting entity operates in the industry sectors: Construction, civil engineering and building products. Register entry: https://modernslaveryregister.gov.au/statements/10504/.'}"
Modern slavery statement 2025-2769: The trustee for The Caprice Unit Trust,document,{'content': 'The trustee for The Caprice Unit Trust (ABN 73 011 735 977) filed a single modern slavery statement with the Australian Modern Slavery Register for the reporting period 2024-07-01 to 2025-06-30. The reporting entity is headquartered in Australia. The reporting entity has an annual revenue band of 250-300M. The reporting entity operates in the industry sectors: Wholesale Trade. Register entry: https://modernslaveryregister.gov.au/statements/25551/.'}
Modern slavery statement 2024-362: BELL FINANCIAL GROUP LIMITED & BELL POTTER SECURITIES LIMITED,document,"{'content': 'BELL FINANCIAL GROUP LIMITED (ABN 59 083 194 763) and BELL POTTER SECURITIES LIMITED (ABN 25 006 390 772) filed a joint modern slavery statement with the Australian Modern Slavery Register for the reporting period 2023-01-01 to 2023-12-31. The reporting entities are headquartered in Australia. The reporting entities have an annual revenue band of 200-250M. The reporting entities operate in the industry sectors: Financial, insurance and real estate activities. The statement also covers the included entities: BELL FINANCIAL GROUP LIMITED (59 083 194 763), BELL POTTER SECURITIES LIMITED (25 006 390 772). Register entry: https://modernslaveryregister.gov.au/statements/17282/.'}"
Modern slavery statement 2025-1668: CANADIAN SOLAR MSS (AUSTRALIA) PTY LTD,document,"{'content': 'CANADIAN SOLAR MSS (AUSTRALIA) PTY LTD filed a single modern slavery statement with the Australian Modern Slavery Register for the reporting period 2024-01-01 to 2024-12-31. The reporting entity is headquartered in Canada, China. The reporting entity has an annual revenue band of 0-99M. The reporting entity operates in the industry sectors: Other. Register entry: https://modernslaveryregister.gov.au/statements/23798/.'}"
Modern slavery statement 2024-1371: ARCH FINANCIAL HOLDINGS AUSTRALIA PTY LTD & ARCH LENDERS MORTGAGE INDEMNITY LIMITED & ARCH LMI PTY LTD,document,"{'content': 'ARCH FINANCIAL HOLDINGS AUSTRALIA PTY LTD (ABN 18 605 164 627), ARCH LENDERS MORTGAGE INDEMNITY LIMITED (ABN 60 074 042 934) and ARCH LMI PTY LTD (ABN 60 601 356 174) filed a joint modern slavery statement with the Australian Modern Slavery Register for the reporting period 2023-01-01 to 2023-12-31. The reporting entities are headquartered in Australia. The reporting entities have an annual revenue band of 300-350M. The reporting entities operate in the industry sectors: Financial, insurance and real estate activities. Register entry: https://modernslaveryregister.gov.au/statements/18572/.'}"
Modern slavery statement 2026-96: Latrobe Health Services Limited & MARYVALE PRIVATE HOSPITAL PROPRIETARY LIMITED,document,{'content': 'Latrobe Health Services Limited (ABN 94 137 187 010) and MARYVALE PRIVATE HOSPITAL PROPRIETARY LIMITED (ABN 44 007 374 629) filed a joint modern slavery statement with the Australian Modern Slavery Register for the reporting period 2024-07-01 to 2025-06-30. The reporting entities are headquartered in Australia. The reporting entities have an annual revenue band of 250-300M. The reporting entities operate in the industry sectors: Financial and Insurance Services Health Care and Social Assistance. Register entry: https://modernslaveryregister.gov.au/statements/27177/.'}
Modern slavery statement 2025-1770: MacKellar Mining Pty Ltd & M PEOPLE (QLD) PTY LTD & WESTERN PLANT HIRE (WA) PTY LTD,document,"{'content': 'MacKellar Mining Pty Ltd (ABN 81 150 919 761), M PEOPLE (QLD) PTY LTD (ABN 87 657 231 359) and WESTERN PLANT HIRE (WA) PTY LTD (ABN 74 643 771 920) filed a joint modern slavery statement with the Australian Modern Slavery Register for the reporting period 2024-07-01 to 2025-06-30. The reporting entities are headquartered in Australia. The reporting entities have an annual revenue band of 500-600M. The reporting entities operate in the industry sectors: Mining, metals, chemicals and resources (including oil and gas). Register entry: https://modernslaveryregister.gov.au/statements/24065/.'}"
Modern slavery statement 2023-3118: Jackaroo Capital Pty Ltd & Percy Street Pty Ltd & R.M. Williams Australia Holdings Pty Ltd et al.,document,"{'content': 'Jackaroo Capital Pty Ltd (ABN 87 644 822 980), Percy Street Pty Ltd (ABN 83 644 820 020), R.M. Williams Australia Holdings Pty Ltd (ABN 61 163 636 682), R.M. Williams Holdings Pty Ltd (ABN 28 163 626 382) and R.M. Williams Proprietary Limited (ABN 17 007 527 166) filed a joint modern slavery statement with the Australian Modern Slavery Register for the reporting period 2022-07-01 to 2023-06-30. The reporting entities are headquartered in Australia. The reporting entities have an annual revenue band of 200-250M. The reporting entities operate in the industry sectors: Fashion, textiles, apparel and luxury goods. Register entry: https://modernslaveryregister.gov.au/statements/16167/.'}"
"Modern slavery statement 2022-2761: Plan IT Holdings Pty Ltd & Planit Philippines Corporation, Planit Software Testing Limited NZ, Planit Software Testing Limited (UK) & Planit Testing India Private Limited, PLANIT TEST MANAGEMENT SOLUTIONS PTY LTD et al.",document,"{'content': 'Plan IT Holdings Pty Ltd (ABN 49 125 108 956), Planit Philippines Corporation, Planit Software Testing Limited NZ, Planit Software Testing Limited (UK), Planit Testing India Private Limited, PLANIT TEST MANAGEMENT SOLUTIONS PTY LTD (ABN 61 079 209 135), SQA BIDCO PTY LTD (ABN 47 603 366 552) and SQA HOLDCO PTY LTD (ABN 52 603 366 196) filed a joint modern slavery statement with the Australian Modern Slavery Register for the reporting period 2021-07-01 to 2022-06-30. The reporting entities are headquartered in Australia. The reporting entities have an annual revenue band of 200-250M. The reporting entities operate in the industry sectors: Information technology and telecommunication. Register entry: https://modernslaveryregister.gov.au/statements/10959/.'}"
Modern slavery statement 2023-222: MAYNE PHARMA GROUP LIMITED,document,{'content': 'MAYNE PHARMA GROUP LIMITED (ABN 76 115 832 963) filed a single modern slavery statement with the Australian Modern Slavery Register for the reporting period 2021-07-01 to 2022-06-30. The reporting entity is headquartered in Australia. The reporting entity has an annual revenue band of 400-450M. The reporting entity operates in the industry sectors: Healthcare and pharmaceuticals. Register entry: https://modernslaveryregister.gov.au/statements/12397/.'}
Modern slavery statement 2020-386: SONIC HEALTHCARE LIMITED,document,{'content': 'SONIC HEALTHCARE LIMITED (ABN 24 004 196 909) filed a joint modern slavery statement with the Australian Modern Slavery Register for the reporting period 2019-07-01 to 2020-06-30. The reporting entity is headquartered in Australia. The reporting entity has an annual revenue band of 1BN+. The reporting entity operates in the industry sectors: Healthcare and pharmaceuticals. Register entry: https://modernslaveryregister.gov.au/statements/891/.'}
Modern slavery statement 2022-589: CCCI AUSTRALIA PTY LTD & JOHN HOLLAND GROUP PTY LTD & JOHN HOLLAND HOLDINGS PTY LTD et al.,document,"{'content': 'CCCI AUSTRALIA PTY LTD (ABN 95 603 555 988), JOHN HOLLAND GROUP PTY LTD (ABN 37 050 242 147), JOHN HOLLAND HOLDINGS PTY LTD (ABN 57 603 659 007), JOHN HOLLAND PTY LTD (ABN 11 004 282 268), JOHN HOLLAND QUEENSLAND PTY LTD (ABN 67 133 069 280) and JOHN HOLLAND RAIL PTY LTD (ABN 61 009 252 653) filed a joint modern slavery statement with the Australian Modern Slavery Register for the reporting period 2021-01-01 to 2021-12-31. The reporting entities are headquartered in Australia. The reporting entities have an annual revenue band of 1BN+. The reporting entities operate in the industry sectors: Construction, civil engineering and building products. Register entry: https://modernslaveryregister.gov.au/statements/8602/.'}"
Modern slavery statement 2024-1656: AUSTRALIAN AGRIBUSINESS (HOLDINGS) PTY LTD,document,"{'content': 'AUSTRALIAN AGRIBUSINESS (HOLDINGS) PTY LTD (ABN 61 135 355 958) filed a single modern slavery statement with the Australian Modern Slavery Register for the reporting period 2022-07-01 to 2023-06-30. The reporting entity is headquartered in Australia. The reporting entity has an annual revenue band of 150-200M. The reporting entity operates in the industry sectors: Food and beverages, agriculture and fishing Mining, metals, chemicals and resources (including oil and gas). The statement also covers the included entities: Accensi Pty Ltd (94 079 875 184), NTAC PTY LTD (17 621 752 181), UTR INVESTMENTS PTY LIMITED (14 138 086 209). Register entry: https://modernslaveryregister.gov.au/statements/19031/.'}"
"Modern slavery statement 2023-1152: TEEG AUSTRALIA PTY LTD, TEEG BIDCO PTY LTD, TEEG MEZZCO PTY LTD, TEEG SENIOR HOLDCO PTY LTD, TEEG TOPCO PTY LTD",document,"{'content': 'TEEG AUSTRALIA PTY LTD, TEEG BIDCO PTY LTD, TEEG MEZZCO PTY LTD, TEEG SENIOR HOLDCO PTY LTD, TEEG TOPCO PTY LTD filed a joint modern slavery statement with the Australian Modern Slavery Register for the reporting period 2022-01-01 to 2022-12-31. The reporting entity is headquartered in Australia. The reporting entity has an annual revenue band of 1BN+. The reporting entity operates in the industry sectors: Media, publishing, arts and entertainment Consumer services, including accommodation, hospitality, tourism and leisure. Register entry: https://modernslaveryregister.gov.au/statements/13620/.'}"
Modern slavery statement 2022-1449: PopSockets LLC,document,"{'content': 'PopSockets LLC filed a single modern slavery statement with the Australian Modern Slavery Register for the reporting period 2021-01-01 to 2021-12-31. The reporting entity is headquartered in United States of America. The reporting entity has an annual revenue band of 150-200M. The reporting entity operates in the industry sectors: Durable consumer goods, including electronics and appliances, home furnishings and other accessories. Register entry: https://modernslaveryregister.gov.au/statements/9792/.'}"
Modern slavery statement 2024-502: Southern Cross Airports Corporation Holdings Limited & SYDNEY AIRPORT CORPORATION LIMITED & SYDNEY AIRPORT LIMITED et al.,document,"{'content': 'Southern Cross Airports Corporation Holdings Limited (ABN 35 098 082 029), SYDNEY AIRPORT CORPORATION LIMITED (ABN 62 082 578 809), SYDNEY AIRPORT LIMITED (ABN 18 165 056 360), SYDNEY AVIATION ALLIANCE HOLDINGS PTY LTD (ABN 54 654 912 197) and SYDNEY AVIATION ALLIANCE PTY LTD (ABN 85 651 567 841) filed a joint modern slavery statement with the Australian Modern Slavery Register for the reporting period 2023-01-01 to 2023-12-31. The reporting entities are headquartered in Australia. The reporting entities have an annual revenue band of 1BN+. The reporting entities operate in the industry sectors: Transportation, logistics, and storage Consumer services, including accommodation, hospitality, tourism and leisure. The statement also covers the included entities: Southern Cross Airports Corporation Holdings Limited (35 098 082 029), SYDNEY AIRPORT CORPORATION LIMITED (62 082 578 809), SYDNEY AIRPORT LIMITED (18 165 056 360), SYDNEY AVIATION ALLIANCE PTY LTD (85 651 567 841). Register entry: https://modernslaveryregister.gov.au/statements/17363/.'}"
Modern slavery statement 2025-1452: SAMSUNG C&T CORPORATION,document,"{'content': 'SAMSUNG C&T CORPORATION (ABN 49 160 079 470) filed a single modern slavery statement with the Australian Modern Slavery Register for the reporting period 2024-01-01 to 2024-12-31. The reporting entity is headquartered in Republic of Korea (South Korea). The reporting entity has an annual revenue band of 100-150M. The reporting entity operates in the industry sectors: Construction, civil engineering and building products. Register entry: https://modernslaveryregister.gov.au/statements/23553/.'}"
Modern slavery statement 2022-3084: Virtus Health Limited,document,"{'content': 'Virtus Health Limited (ABN 80 129 643 492) filed a single modern slavery statement with the Australian Modern Slavery Register for the reporting period 2022-01-01 to 2022-12-31. The reporting entity is headquartered in Australia, Denmark, Ireland, Singapore, United Kingdom. The reporting entity has an annual revenue band of 300-350M. The reporting entity operates in the industry sectors: Healthcare and pharmaceuticals. Register entry: https://modernslaveryregister.gov.au/statements/12026/.'}"
Modern slavery statement 2025-2323: I G T (AUSTRALIA) PTY LTD,document,{'content': 'I G T (AUSTRALIA) PTY LTD filed a single modern slavery statement with the Australian Modern Slavery Register for the reporting period 2024-01-01 to 2024-12-31. The reporting entity is headquartered in United States of America. The reporting entity has an annual revenue band of 1BN+. The reporting entity operates in the industry sectors: Other Services. Register entry: https://modernslaveryregister.gov.au/statements/24885/.'}
Modern slavery statement 2022-2527: Australian Retirement Trust & Australian Retirement Trust Pty Ltd & One QSuper Pty Ltd et al.,document,"{'content': 'Australian Retirement Trust (ABN 60 905 115 063), Australian Retirement Trust Pty Ltd (ABN 88 010 720 840), One QSuper Pty Ltd (ABN 90 601 938 774), Precision Administration Services Pty Ltd (ABN 47 098 977 667), QInsure Limited (ABN 79 607 345 853) and QSuper Limited (ABN 50 125 248 286) filed a joint modern slavery statement with the Australian Modern Slavery Register for the reporting period 2021-07-01 to 2022-06-30. The reporting entities are headquartered in Australia. The reporting entities have an annual revenue band of 1BN+. The reporting entities operate in the industry sectors: Financial, insurance and real estate activities. Register entry: https://modernslaveryregister.gov.au/statements/11284/.'}"
Modern slavery statement 2023-3249: COBRAM ESTATE OLIVES LIMITED,document,"{'content': 'COBRAM ESTATE OLIVES LIMITED (ABN 32 115 131 667) filed a single modern slavery statement with the Australian Modern Slavery Register for the reporting period 2022-07-01 to 2023-06-30. The reporting entity is headquartered in Australia. The reporting entity has an annual revenue band of 100-150M. The reporting entity operates in the industry sectors: Food and beverages, agriculture and fishing. Register entry: https://modernslaveryregister.gov.au/statements/16527/.'}"
Modern slavery statement 2025-3364: KKR Australia Pty Limited,document,{'content': 'KKR Australia Pty Limited (ABN 56 126 516 336) filed a single modern slavery statement with the Australian Modern Slavery Register for the reporting period 2024-01-01 to 2024-12-31. The reporting entity is headquartered in Australia. The reporting entity has an annual revenue band of 100-150M. The reporting entity operates in the industry sectors: Financial and Insurance Services. Register entry: https://modernslaveryregister.gov.au/statements/26409/.'}
Modern slavery statement 2021-564: SCHIAVELLO CONSTRUCTION PTY LTD,document,"{'content': 'SCHIAVELLO CONSTRUCTION PTY LTD (ABN 64 117 216 314) filed a single modern slavery statement with the Australian Modern Slavery Register for the reporting period 2019-07-01 to 2020-06-30. The reporting entity is headquartered in Australia. The reporting entity has an annual revenue band of 250-300M. The reporting entity operates in the industry sectors: Construction, civil engineering and building products. Register entry: https://modernslaveryregister.gov.au/statements/2118/.'}"
Modern slavery statement 2023-955: Broadspectrum (Australia ) Pty Ltd & Cegelec Oil & Gas & DELRON CLEANING PTY LTD & EASTERNWELL GROUP ASSETS PTY LTD et al.,document,"{'content': 'Broadspectrum (Australia ) Pty Ltd & Cegelec Oil & Gas (ABN 24 423 365 743), DELRON CLEANING PTY LTD (ABN 84 008 806 004), EASTERNWELL GROUP ASSETS PTY LTD (ABN 45 126 227 932), EASTERNWELL GROUP INVESTMENTS PTY LIMITED (ABN 23 140 955 200), EASTERNWELL GROUP OPERATIONS PTY LTD (ABN 64 128 179 313), EASTERNWELL GROUP PTY LTD (ABN 53 122 663 147), EASTERNWELL WA PTY LTD (ABN 55 052 529 754), ICD (ASIA PACIFIC) PTY LIMITED (ABN 86 087 485 087), Piver Pty Ltd (ABN 55 122 663 156), Silcar Pty Ltd (ABN 24 115 000 336), TEN RIVERS PTY LTD (ABN 31 158 630 758), VENTIA ASSET INFRASTRUCTURE SERVICES PTY LIMITED (ABN 85 617 180 015), VENTIA AUSTRALIA PTY LTD (ABN 11 093 114 553), VENTIA PROPERTY PTY LTD (ABN 16 618 028 676), VENTIA PTY LIMITED (ABN 51 603 146 676), VENTIA SERVICES GROUP LIMITED (ABN 53 603 253 541), VENTIA SOLUTIONS PTY LTD (ABN 80 002 649 229), VENTIA UTILITY SERVICES PTY LIMITED (ABN 69 010 725 247), VISIONSTREAM AUSTRALIA PTY LIMITED (ABN 85 093 384 680) and VISIONSTREAM PTY LIMITED (ABN 80 062 604 193) filed a joint modern slavery statement with the Australian Modern Slavery Register for the reporting period 2022-01-01 to 2022-12-31. The reporting entities are headquartered in Australia. The reporting entities have an annual revenue band of 1BN+. The reporting entities operate in the industry sectors: Other. Register entry: https://modernslaveryregister.gov.au/statements/13491/.'}"
Modern slavery statement 2022-2825: MOTORONE BIDCO PTY LTD & MOTORONE HOLDCO PTY LTD & MOTORONE MEZZCO PTY LTD et al.,document,"{'content': 'MOTORONE BIDCO PTY LTD (ABN 86 613 796 357), MOTORONE HOLDCO PTY LTD (ABN 62 613 795 887), MOTORONE MEZZCO PTY LTD (ABN 90 613 794 755) and MOTORONE TOPCO PTY LTD (ABN 82 613 793 472) filed a joint modern slavery statement with the Australian Modern Slavery Register for the reporting period 2021-07-01 to 2022-06-30. The reporting entities are headquartered in Australia. The reporting entities have an annual revenue band of 800-900M. The reporting entities operate in the industry sectors: Automotive, machinery and heavy electrical equipment. Register entry: https://modernslaveryregister.gov.au/statements/11720/.'}"
Modern slavery statement 2024-2727: INTEGRAL DIAGNOSTICS LIMITED,document,"{'content': ""INTEGRAL DIAGNOSTICS LIMITED (ABN 55 130 832 816) filed a single modern slavery statement with the Australian Modern Slavery Register for the reporting period 2023-07-01 to 2024-06-30. The reporting entity is headquartered in Australia. The reporting entity has an annual revenue band of 450-500M. The reporting entity operates in the industry sectors: Healthcare and pharmaceuticals. The statement also covers the included entities: Advanced Women's Imaging Pty Ltd, BODYSCREEN PTY LTD, CENTRAL QUEENSLAND RADIOLOGY PTY LTD, CITISCAN RADIOLOGY PTY. LTD., CQ RADIOLOGY PTY LTD, GLOBAL DIAGNOSTICS (AUSTRALIA) PTY LTD, Imaging Queensland Pty Ltd, INTEGRAL DIAGNOSTICS NO.1 PTY LTD, INTEGRATED PAIN MANAGEMENT PTY LTD, IQ RADIOLOGY PTY LTD, IQ RADIOLOGY SERVICES PTY LTD, LAKE IMAGING PTY LTD, MARTLESHAM PTY LTD, PELOTON RADIOLOGY PTY LTD, Queensland Nuclear Medicine Pty Ltd, RAD CORPORATE PTY LTD, RADPLOY 2 PTY LTD, Radploy 3 Pty Ltd, RADPLOY 4 PTY LTD, RADPLOY PTY LTD, SC RADIOLOGY PTY LTD, SCR CORPORATE PTY LTD, Sunshine Coast Radiology Pty Ltd, TERN HILL PTY LTD, THE WOMENS IMAGING GROUP PTY LTD, The X-Ray Group Pty Ltd, WARBY X-RAY SERVICES PTY LTD, X-RAY & IMAGING HOLDINGS PTY LTD, X-RAY & IMAGING PTY LTD, YARRAWONGA X-RAY SERVICES PTY LTD. Register entry: https://modernslaveryregister.gov.au/statements/20141/.""}"
Modern slavery statement 2023-1598: IOR TERMINAL NOMINEES PTY LTD,document,"{'content': 'IOR TERMINAL NOMINEES PTY LTD (ABN 18 635 203 413) filed a single modern slavery statement with the Australian Modern Slavery Register for the reporting period 2022-07-01 to 2023-06-30. The reporting entity is headquartered in Australia. The reporting entity has an annual revenue band of 0-99M. The reporting entity operates in the industry sectors: Mining, metals, chemicals and resources (including oil and gas). Register entry: https://modernslaveryregister.gov.au/statements/14318/.'}"
Modern slavery statement 2024-546: UNIVERSITY OF SOUTH AUSTRALIA,document,"{'content': 'UNIVERSITY OF SOUTH AUSTRALIA (ABN 37 191 313 308) filed a single modern slavery statement with the Australian Modern Slavery Register for the reporting period 2023-01-01 to 2023-12-31. The reporting entity is headquartered in Australia. The reporting entity has an annual revenue band of 700-800M. The reporting entity operates in the industry sectors: Education and research. The statement also covers the included entities: UniSA Health Pty Ltd (74 153 422 112), UNISA VENTURES PTY LTD (54 154 270 167). Register entry: https://modernslaveryregister.gov.au/statements/17563/.'}"
"Modern slavery statement 2025-2671: Auckland Airport Holdings Limited, Auckland Airport Holdings (No.2) Limited, Auckland Airport Holdings (No.3) Limited, Auckland Airport Limited, Auckland International Airport Limited",document,"{'content': 'Auckland Airport Holdings Limited, Auckland Airport Holdings (No.2) Limited, Auckland Airport Holdings (No.3) Limited, Auckland Airport Limited, Auckland International Airport Limited filed a joint modern slavery statement with the Australian Modern Slavery Register for the reporting period 2024-07-01 to 2025-06-30. The reporting entity is headquartered in New Zealand. The reporting entity has an annual revenue band of 900M-1BN. The reporting entity operates in the industry sectors: Transport, Postal and Warehousing Accommodation and Food Services Construction Other Services. Register entry: https://modernslaveryregister.gov.au/statements/25417/.'}"
Modern slavery statement 2024-1289: DENTSPLY SIRONA PTY LIMITED,document,{'content': 'DENTSPLY SIRONA PTY LIMITED (ABN 87 111 950 602) filed a single modern slavery statement with the Australian Modern Slavery Register for the reporting period 2023-01-01 to 2023-12-31. The reporting entity is headquartered in Australia. The reporting entity has an annual revenue band of 100-150M. The reporting entity operates in the industry sectors: Healthcare and pharmaceuticals. The statement also covers the included entities: The Trustee for byte Au Unit Trust (68 476 361 935). Register entry: https://modernslaveryregister.gov.au/statements/18614/.'}
Modern slavery statement 2021-3854: TEACHERS MUTUAL BANK LIMITED,document,"{'content': 'TEACHERS MUTUAL BANK LIMITED (ABN 30 087 650 459) filed a single modern slavery statement with the Australian Modern Slavery Register for the reporting period 2020-07-01 to 2021-06-30. The reporting entity is headquartered in Australia. The reporting entity has an annual revenue band of 150-200M. The reporting entity operates in the industry sectors: Financial, insurance and real estate activities. Register entry: https://modernslaveryregister.gov.au/statements/7278/.'}"
Modern slavery statement 2023-2703: The Trustee for NGS SUPER,document,"{'content': 'The Trustee for NGS SUPER (ABN 73 549 180 515) filed a single modern slavery statement with the Australian Modern Slavery Register for the reporting period 2022-07-01 to 2023-06-30. The reporting entity is headquartered in Australia. The reporting entity has an annual revenue band of 1BN+. The reporting entity operates in the industry sectors: Financial, insurance and real estate activities. The statement also covers the included entities: NGS Financial Planning Pty Ltd, SELECT CORE PROPERTY PTY LIMITED, SELECT OFFICE PTY LIMITED. Register entry: https://modernslaveryregister.gov.au/statements/15837/.'}"
"Modern slavery statement 2025-1282: Agricultural Bank of China Limited, Sydney Branch",document,"{'content': 'Agricultural Bank of China Limited, Sydney Branch (ABN 48 848 300 367) filed a single modern slavery statement with the Australian Modern Slavery Register for the reporting period 2024-01-01 to 2024-12-31. The reporting entity is headquartered in China. The reporting entity has an annual revenue band of 600-700M. The reporting entity operates in the industry sectors: Financial, insurance and real estate activities. Register entry: https://modernslaveryregister.gov.au/statements/23372/.'}"
"Modern slavery statement 2021-2760: Zoom Video Communications, Inc",document,"{'content': 'Zoom Video Communications, Inc filed a single modern slavery statement with the Australian Modern Slavery Register for the reporting period 2020-02-01 to 2021-01-31. The reporting entity is headquartered in United States of America. The reporting entity has an annual revenue band of 1BN+. The reporting entity operates in the industry sectors: Information technology and telecommunication. Register entry: https://modernslaveryregister.gov.au/statements/5588/.'}"
Modern slavery statement 2021-560: LIFESTYLE COMMUNITIES LTD,document,"{'content': 'LIFESTYLE COMMUNITIES LTD (ABN 11 078 675 153) filed a joint modern slavery statement with the Australian Modern Slavery Register for the reporting period 2020-01-01 to 2020-12-31. The reporting entity is headquartered in Australia. The reporting entity has an annual revenue band of 100-150M. The reporting entity operates in the industry sectors: Consumer services, including accommodation, hospitality, tourism and leisure. Register entry: https://modernslaveryregister.gov.au/statements/2106/.'}"
Modern slavery statement 2023-1077: Gruma Oceania Pty Ltd,document,"{'content': 'Gruma Oceania Pty Ltd (ABN 35 117 976 002) filed a single modern slavery statement with the Australian Modern Slavery Register for the reporting period 2022-01-01 to 2022-12-31. The reporting entity is headquartered in Australia. The reporting entity has an annual revenue band of 250-300M. The reporting entity operates in the industry sectors: Food and beverages, agriculture and fishing. Register entry: https://modernslaveryregister.gov.au/statements/13673/.'}"
Modern slavery statement 2025-3750: TASMANIAN PORTS CORPORATION PTY. LTD.,document,"{'content': 'TASMANIAN PORTS CORPORATION PTY. LTD. (ABN 82 114 161 938) filed a single modern slavery statement with the Australian Modern Slavery Register for the reporting period 2024-07-01 to 2025-06-30. The reporting entity is headquartered in Australia. The reporting entity has an annual revenue band of 150-200M. The reporting entity operates in the industry sectors: Transport, Postal and Warehousing Rental, Hiring and Real Estate Services Other Services. Register entry: https://modernslaveryregister.gov.au/statements/26828/.'}"
Modern slavery statement 2021-2716: ONSITE RENTAL GROUP LIMITED,document,"{'content': 'ONSITE RENTAL GROUP LIMITED (ABN 42 126 396 852) filed a single modern slavery statement with the Australian Modern Slavery Register for the reporting period 2020-07-01 to 2021-06-30. The reporting entity is headquartered in Australia. The reporting entity has an annual revenue band of 250-300M. The reporting entity operates in the industry sectors: Automotive, machinery and heavy electrical equipment. Register entry: https://modernslaveryregister.gov.au/statements/5527/.'}"
Modern slavery statement 2022-552: TAIPOWER BENGALLA PTY. LIMITED,document,"{'content': 'TAIPOWER BENGALLA PTY. LIMITED (ABN 18 075 407 617) filed a single modern slavery statement with the Australian Modern Slavery Register for the reporting period 2021-04-01 to 2022-03-30. The reporting entity is headquartered in Taiwan. The reporting entity has an annual revenue band of 350-400M. The reporting entity operates in the industry sectors: Mining, metals, chemicals and resources (including oil and gas). Register entry: https://modernslaveryregister.gov.au/statements/8445/.'}"
Modern slavery statement 2024-1545: BIOMAR PTY LTD,document,"{'content': 'BIOMAR PTY LTD (ABN 52 619 617 248) filed a single modern slavery statement with the Australian Modern Slavery Register for the reporting period 2023-01-01 to 2023-12-31. The reporting entity is headquartered in Denmark. The reporting entity has an annual revenue band of 250-300M. The reporting entity operates in the industry sectors: Food and beverages, agriculture and fishing. Register entry: https://modernslaveryregister.gov.au/statements/18017/.'}"
Modern slavery statement 2021-182: DELL AUSTRALIA PTY LIMITED & EMC Global Holdings Company,document,"{'content': 'DELL AUSTRALIA PTY LIMITED (ABN 46 003 855 561) and EMC Global Holdings Company filed a joint modern slavery statement with the Australian Modern Slavery Register for the reporting period 2020-01-01 to 2020-12-31. The reporting entities are headquartered in Australia, United States of America. The reporting entities have an annual revenue band of Unknown. The reporting entities operate in the industry sectors: Information technology and telecommunication. Register entry: https://modernslaveryregister.gov.au/statements/1396/.'}"
Modern slavery statement 2022-1091: CERIDIAN AUSTRALIA PTY LTD,document,{'content': 'CERIDIAN AUSTRALIA PTY LTD (ABN 43 611 427 206) filed a joint modern slavery statement with the Australian Modern Slavery Register for the reporting period 2021-01-01 to 2021-12-31. The reporting entity is headquartered in United States of America. The reporting entity has an annual revenue band of 0-99M. The reporting entity operates in the industry sectors: Information technology and telecommunication. Register entry: https://modernslaveryregister.gov.au/statements/9349/.'}
Modern slavery statement 2023-325: LIBERTY OIL AUSTRALIA HOLDINGS PTY LTD & LIBERTY OIL AUSTRALIA PTY LTD & LIBERTY OIL CORPORATION PTY LTD et al.,document,"{'content': 'LIBERTY OIL AUSTRALIA HOLDINGS PTY LTD (ABN 29 107 226 880), LIBERTY OIL AUSTRALIA PTY LTD (ABN 34 114 544 437), LIBERTY OIL CORPORATION PTY LTD (ABN 53 088 411 072), LIBERTY OIL HOLDINGS PTY LTD (ABN 67 068 080 124), VIVA ENERGY AUSTRALIA GROUP PTY LTD (ABN 60 004 400 220), VIVA ENERGY AUSTRALIA PTY LTD (ABN 46 004 610 459), VIVA ENERGY AVIATION PTY LTD (ABN 29 167 761 453), VIVA ENERGY GROUP LIMITED (ABN 74 626 661 032), VIVA ENERGY HOLDING PTY LTD (ABN 59 167 883 525), VIVA ENERGY POLYMERS HOLDINGS PTY LTD (ABN 74 066 270 237), VIVA ENERGY POLYMERS PTY LTD (ABN 42 004 327 762) and VIVA ENERGY REFINING PTY LTD (ABN 46 004 303 842) filed a joint modern slavery statement with the Australian Modern Slavery Register for the reporting period 2022-01-01 to 2022-12-31. The reporting entities are headquartered in Australia. The reporting entities have an annual revenue band of 1BN+. The reporting entities operate in the industry sectors: Mining, metals, chemicals and resources (including oil and gas). Register entry: https://modernslaveryregister.gov.au/statements/12550/.'}"
Modern slavery statement 2021-2015: ESCO AUSTRALIA HOLDINGS PTY LIMITED,document,{'content': 'ESCO AUSTRALIA HOLDINGS PTY LIMITED (ABN 14 140 443 223) filed a joint modern slavery statement with the Australian Modern Slavery Register for the reporting period 2020-01-01 to 2020-12-31. The reporting entity is headquartered in United Kingdom. The reporting entity has an annual revenue band of 100-150M. The reporting entity operates in the industry sectors: Other. Register entry: https://modernslaveryregister.gov.au/statements/4492/.'}
Modern slavery statement 2021-4079: PEOPLEIN LIMITED,document,"{'content': 'PEOPLEIN LIMITED (ABN 39 615 173 076) filed a joint modern slavery statement with the Australian Modern Slavery Register for the reporting period 2020-07-01 to 2021-06-30. The reporting entity is headquartered in Australia. The reporting entity has an annual revenue band of 400-450M. The reporting entity operates in the industry sectors: Professional and administrative services and supplies, including legal, consulting and accounting services. Register entry: https://modernslaveryregister.gov.au/statements/7545/.'}"
Modern slavery statement 2021-3996: REA GROUP LTD & REALESTATE.COM.AU PTY LIMITED,document,"{'content': 'REA GROUP LTD (ABN 54 068 349 066) and REALESTATE.COM.AU PTY LIMITED (ABN 21 080 195 535) filed a joint modern slavery statement with the Australian Modern Slavery Register for the reporting period 2020-07-01 to 2021-06-30. The reporting entities are headquartered in Australia. The reporting entities have an annual revenue band of 1BN+. The reporting entities operate in the industry sectors: Media, publishing, arts and entertainment. Register entry: https://modernslaveryregister.gov.au/statements/7445/.'}"
Modern slavery statement 2025-1318: AZ AUST HOLDINGS PTY LTD & AZ NEXT GENERATION ADVISORY LIMITED & AZ NGA HOLDINGS PTY LTD,document,"{'content': 'AZ AUST HOLDINGS PTY LTD (ABN 74 675 083 717), AZ NEXT GENERATION ADVISORY LIMITED (ABN 57 167 960 018) and AZ NGA HOLDINGS PTY LTD (ABN 12 675 083 833) filed a joint modern slavery statement with the Australian Modern Slavery Register for the reporting period 2024-01-01 to 2024-12-31. The reporting entities are headquartered in Australia. The reporting entities have an annual revenue band of 250-300M. The reporting entities operate in the industry sectors: Financial, insurance and real estate activities. Register entry: https://modernslaveryregister.gov.au/statements/23582/.'}"
Modern slavery statement 2023-1127: THE AUSTRALIAN PROVINCE OF THE SOCIETY OF JESUS,document,{'content': 'THE AUSTRALIAN PROVINCE OF THE SOCIETY OF JESUS (ABN 19 179 772 790) filed a joint modern slavery statement with the Australian Modern Slavery Register for the reporting period 2022-01-01 to 2022-12-31. The reporting entity is headquartered in Australia. The reporting entity has an annual revenue band of 250-300M. The reporting entity operates in the industry sectors: Education and research Charitable / not-for-profit activities. Register entry: https://modernslaveryregister.gov.au/statements/13734/.'}
Modern slavery statement 2024-334: VIVA ENERGY GROUP LIMITED,document,"{'content': 'VIVA ENERGY GROUP LIMITED filed a single modern slavery statement with the Australian Modern Slavery Register for the reporting period 2023-01-01 to 2023-12-31. The reporting entity is headquartered in Australia. The reporting entity has an annual revenue band of 1BN+. The reporting entity operates in the industry sectors: Food and beverages, agriculture and fishing Mining, metals, chemicals and resources (including oil and gas). The statement also covers the included entities: LIBERTY OIL AUSTRALIA HOLDINGS PTY LTD, LIBERTY OIL AUSTRALIA PTY LTD, LIBERTY OIL CORPORATION PTY LTD, LIBERTY OIL HOLDINGS PTY LTD, VIVA ENERGY AUSTRALIA GROUP PTY LTD, VIVA ENERGY AUSTRALIA PTY LTD, VIVA ENERGY AVIATION PTY LTD, VIVA ENERGY HOLDING PTY LTD, VIVA ENERGY POLYMERS HOLDINGS PTY LTD, VIVA ENERGY POLYMERS PTY LTD, VIVA ENERGY REFINING PTY LTD, VIVA ENERGY RETAIL PTY LTD. Register entry: https://modernslaveryregister.gov.au/statements/17243/.'}"
Modern slavery statement 2021-1768: Garmin Australasia Pty Ltd,document,"{'content': 'Garmin Australasia Pty Ltd (ABN 85 129 153 448) filed a single modern slavery statement with the Australian Modern Slavery Register for the reporting period 2020-01-01 to 2020-12-31. The reporting entity is headquartered in Australia. The reporting entity has an annual revenue band of 150-200M. The reporting entity operates in the industry sectors: Durable consumer goods, including electronics and appliances, home furnishings and other accessories. Register entry: https://modernslaveryregister.gov.au/statements/4009/.'}"
Modern slavery statement 2021-833: COMPLETE OFFICE SUPPLIES PTY LTD,document,{'content': 'COMPLETE OFFICE SUPPLIES PTY LTD (ABN 92 001 634 715) filed a single modern slavery statement with the Australian Modern Slavery Register for the reporting period 2019-07-01 to 2020-06-30. The reporting entity is headquartered in Australia. The reporting entity has an annual revenue band of 200-250M. The reporting entity operates in the industry sectors: Other. Register entry: https://modernslaveryregister.gov.au/statements/2397/.'}
Modern slavery statement 2024-3613: INFINITE AUSTRALIA AGED CARE HOLDINGS PTY LTD,document,"{'content': 'INFINITE AUSTRALIA AGED CARE HOLDINGS PTY LTD (ABN 75 621 313 826) filed a single modern slavery statement with the Australian Modern Slavery Register for the reporting period 2023-07-01 to 2024-06-30. The reporting entity is headquartered in Australia. The reporting entity has an annual revenue band of 250-300M. The reporting entity operates in the industry sectors: Healthcare and pharmaceuticals. The statement also covers the included entities: INFINITE AGED CARE PTY. LTD. (86 600 107 622), INFINITE AUSTRALIA AGED CARE PTY LTD (31 621 316 890), INFINITE CARE PTY. LTD. (74 600 107 195). Register entry: https://modernslaveryregister.gov.au/statements/21579/.'}"
Modern slavery statement 2025-2353: THE PARTNERSHIP OF ARNOLD BLOCH LEIBLER,document,"{'content': 'THE PARTNERSHIP OF ARNOLD BLOCH LEIBLER (ABN 30 331 510 906) filed a single modern slavery statement with the Australian Modern Slavery Register for the reporting period 2024-07-01 to 2025-06-30. The reporting entity is headquartered in Australia. The reporting entity has an annual revenue band of 100-150M. The reporting entity operates in the industry sectors: Professional, Scientific and Technical Services. Register entry: https://modernslaveryregister.gov.au/statements/24938/.'}"
"Modern slavery statement 2021-4130: Lovisa Australia Pty Ltd, LOVISA HOLDINGS LIMITED & LOVISA PTY LIMITED",document,"{'content': 'Lovisa Australia Pty Ltd, LOVISA HOLDINGS LIMITED (ABN 34 602 304 503) and LOVISA PTY LIMITED (ABN 62 120 675 890) filed a joint modern slavery statement with the Australian Modern Slavery Register for the reporting period 2020-07-01 to 2021-06-30. The reporting entities are headquartered in Australia. The reporting entities have an annual revenue band of 700-800M. The reporting entities operate in the industry sectors: Fashion, textiles, apparel and luxury goods. Register entry: https://modernslaveryregister.gov.au/statements/7600/.'}"
Modern slavery statement 2023-1224: Bridgewater Associates LP,document,"{'content': 'Bridgewater Associates LP filed a single modern slavery statement with the Australian Modern Slavery Register for the reporting period 2022-01-01 to 2022-12-31. The reporting entity is headquartered in United States of America. The reporting entity has an annual revenue band of 1BN+. The reporting entity operates in the industry sectors: Financial, insurance and real estate activities. Register entry: https://modernslaveryregister.gov.au/statements/13866/.'}"
Modern slavery statement 2024-2867: THE TRUSTEE FOR REALINDEX GLOBAL SHARE FUND (SCREENED),document,"{'content': 'THE TRUSTEE FOR REALINDEX GLOBAL SHARE FUND (SCREENED) (ABN 15 541 594 372) filed a single modern slavery statement with the Australian Modern Slavery Register for the reporting period 2023-07-01 to 2024-06-30. The reporting entity is headquartered in Australia. The reporting entity has an annual revenue band of 200-250M. The reporting entity operates in the industry sectors: Financial, insurance and real estate activities. Register entry: https://modernslaveryregister.gov.au/statements/20700/.'}"
Modern slavery statement 2022-2400: SLATER & GORDON LTD,document,"{'content': 'SLATER & GORDON LTD (ABN 93 097 297 400) filed a joint modern slavery statement with the Australian Modern Slavery Register for the reporting period 2021-07-01 to 2022-06-30. The reporting entity is headquartered in Australia. The reporting entity has an annual revenue band of 150-200M. The reporting entity operates in the industry sectors: Professional and administrative services and supplies, including legal, consulting and accounting services. Register entry: https://modernslaveryregister.gov.au/statements/11191/.'}"
Modern slavery statement 2022-2213: THE LEPROSY MISSION AUSTRALIA,document,{'content': 'THE LEPROSY MISSION AUSTRALIA (ABN 52 354 004 543) filed a single modern slavery statement with the Australian Modern Slavery Register for the reporting period 2021-07-01 to 2022-06-30. The reporting entity is headquartered in Australia. The reporting entity has an annual revenue band of 0-99M. The reporting entity operates in the industry sectors: Charitable / not-for-profit activities. Register entry: https://modernslaveryregister.gov.au/statements/10944/.'}
Modern slavery statement 2023-8: AUSTRALIAN OPCO PTY LTD & FLIGHT CENTRE TRAVEL GROUP LIMITED,document,"{'content': 'AUSTRALIAN OPCO PTY LTD (ABN 20 003 279 534) and FLIGHT CENTRE TRAVEL GROUP LIMITED (ABN 25 003 377 188) filed a joint modern slavery statement with the Australian Modern Slavery Register for the reporting period 2021-07-01 to 2022-06-30. The reporting entities are headquartered in Australia. The reporting entities have an annual revenue band of 1BN+. The reporting entities operate in the industry sectors: Consumer services, including accommodation, hospitality, tourism and leisure Education and research. Register entry: https://modernslaveryregister.gov.au/statements/12075/.'}"
Modern slavery statement 2021-3762: Southern Ports Authority,document,"{'content': 'Southern Ports Authority (ABN 04 434 125 024) filed a single modern slavery statement with the Australian Modern Slavery Register for the reporting period 2020-07-01 to 2021-06-30. The reporting entity is headquartered in Australia. The reporting entity has an annual revenue band of 150-200M. The reporting entity operates in the industry sectors: Transportation, logistics, and storage. Register entry: https://modernslaveryregister.gov.au/statements/7138/.'}"
Modern slavery statement 2022-2508: POLICE & NURSES LIMITED,document,"{'content': 'POLICE & NURSES LIMITED (ABN 69 087 651 876) filed a single modern slavery statement with the Australian Modern Slavery Register for the reporting period 2021-07-01 to 2022-06-30. The reporting entity is headquartered in Australia. The reporting entity has an annual revenue band of 150-200M. The reporting entity operates in the industry sectors: Financial, insurance and real estate activities. Register entry: https://modernslaveryregister.gov.au/statements/11320/.'}"
Modern slavery statement 2022-982: INCHCAPE AUSTRALIA LIMITED,document,"{'content': 'INCHCAPE AUSTRALIA LIMITED (ABN 50 050 035 277) filed a single modern slavery statement with the Australian Modern Slavery Register for the reporting period 2021-01-01 to 2021-12-31. The reporting entity is headquartered in Australia. The reporting entity has an annual revenue band of 1BN+. The reporting entity operates in the industry sectors: Automotive, machinery and heavy electrical equipment Transportation, logistics, and storage. Register entry: https://modernslaveryregister.gov.au/statements/9202/.'}"
Modern slavery statement 2023-203: COMPASS GROUP (AUSTRALIA) PTY LTD & COMPASS GROUP B&I HOSPITALITY SERVICES PTY LTD & COMPASS GROUP DEFENCE HOSPITALITY SERVICES PTY LTD et al.,document,"{'content': 'COMPASS GROUP (AUSTRALIA) PTY LTD (ABN 41 000 683 125), COMPASS GROUP B&I HOSPITALITY SERVICES PTY LTD (ABN 82 089 388 143), COMPASS GROUP DEFENCE HOSPITALITY SERVICES PTY LTD (ABN 80 089 388 134), COMPASS GROUP EDUCATION HOSPITALITY SERVICES PTY LTD (ABN 60 129 203 998), COMPASS GROUP HEALTHCARE HOSPITALITY SERVICES PTY LTD (ABN 79 114 320 615), COMPASS GROUP REMOTE HOSPITALITY SERVICES PTY LTD (ABN 98 113 561 363) and Delta FM Australia Pty Ltd (ABN 64 157 852 054) filed a joint modern slavery statement with the Australian Modern Slavery Register for the reporting period 2021-07-01 to 2022-06-30. The reporting entities are headquartered in Australia. The reporting entities have an annual revenue band of 1BN+. The reporting entities operate in the industry sectors: Food and beverages, agriculture and fishing Consumer services, including accommodation, hospitality, tourism and leisure Cleaning and security services. Register entry: https://modernslaveryregister.gov.au/statements/12371/.'}"
Modern slavery statement 2025-1792: TRAVEL AND LEISURE SOUTH PACIFIC PTY LTD,document,{'content': 'TRAVEL AND LEISURE SOUTH PACIFIC PTY LTD (ABN 82 673 494 981) filed a single modern slavery statement with the Australian Modern Slavery Register for the reporting period 2024-01-01 to 2024-12-31. The reporting entity is headquartered in Australia. The reporting entity has an annual revenue band of 300-350M. The reporting entity operates in the industry sectors: Other. Register entry: https://modernslaveryregister.gov.au/statements/24094/.'}
Modern slavery statement 2021-2641: KINCROME AUSTRALIA PTY. LTD.,document,"{'content': 'KINCROME AUSTRALIA PTY. LTD. (ABN 41 007 185 006) filed a joint modern slavery statement with the Australian Modern Slavery Register for the reporting period 2020-07-01 to 2021-06-30. The reporting entity is headquartered in Australia. The reporting entity has an annual revenue band of 100-150M. The reporting entity operates in the industry sectors: Automotive, machinery and heavy electrical equipment Other. Register entry: https://modernslaveryregister.gov.au/statements/5356/.'}"
Modern slavery statement 2022-3079: ALLAMBI CARE LIMITED,document,{'content': 'ALLAMBI CARE LIMITED (ABN 24 097 262 459) filed a single modern slavery statement with the Australian Modern Slavery Register for the reporting period 2021-07-01 to 2022-06-30. The reporting entity is headquartered in Australia. The reporting entity has an annual revenue band of 100-150M. The reporting entity operates in the industry sectors: Charitable / not-for-profit activities. Register entry: https://modernslaveryregister.gov.au/statements/12017/.'}
Modern slavery statement 2024-2500: HALLEY & MELLOWES PTY LTD & HMA FLOW & INDUSTRIAL PTY LTD & HMA INSTRUMENTATION PTY LTD et al.,document,"{'content': 'HALLEY & MELLOWES PTY LTD (ABN 83 000 558 627), HMA FLOW & INDUSTRIAL PTY LTD (ABN 68 092 292 718), HMA INSTRUMENTATION PTY LTD (ABN 42 058 605 959) and HMA WEAR SOLUTIONS PTY LTD (ABN 69 002 407 730) filed a joint modern slavery statement with the Australian Modern Slavery Register for the reporting period 2023-07-01 to 2024-06-30. The reporting entities are headquartered in Australia. The reporting entities have an annual revenue band of 0-99M. The reporting entities operate in the industry sectors: Other. The statement also covers the included entities: HMA Geotechnical (83 000 558 627), HMA Materials Handling (83 000 558 627), HMA Power Generation (64 008 425 214). Register entry: https://modernslaveryregister.gov.au/statements/20214/.'}"
Modern slavery statement 2021-843: HANCOCK VICTORIAN PLANTATIONS PTY LIMITED,document,"{'content': 'HANCOCK VICTORIAN PLANTATIONS PTY LIMITED (ABN 20 084 801 132) filed a single modern slavery statement with the Australian Modern Slavery Register for the reporting period 2019-07-01 to 2020-06-30. The reporting entity is headquartered in Australia. The reporting entity has an annual revenue band of 250-300M. The reporting entity operates in the industry sectors: Forestry, timber products, paper and containers and packaging. Register entry: https://modernslaveryregister.gov.au/statements/2615/.'}"
Modern slavery statement 2024-794: LPI (AUSTRALIA) HOLDINGS PTY LTD,document,"{'content': 'LPI (AUSTRALIA) HOLDINGS PTY LTD (ABN 81 084 042 473) filed a single modern slavery statement with the Australian Modern Slavery Register for the reporting period 2023-01-01 to 2023-12-31. The reporting entity is headquartered in Australia. The reporting entity has an annual revenue band of 1BN+. The reporting entity operates in the industry sectors: Financial, insurance and real estate activities. The statement also covers the included entities: FIVE D HOLDINGS PTY LIMITED (14 106 166 901), JLL INFRASTRUCTURE ADVISORY PTY LTD (13 109 359 360), JLL MORTGAGE SERVICES PTY LTD, JLL PUBLIC SECTOR VALUATIONS PTY LTD (39 167 493 889), JLL SERVICES ON DEMAND PTY LTD (65 075 217 462), JONES LANG LASALLE (ACT) PTY LIMITED (69 008 585 260), JONES LANG LASALLE ADVISORY SERVICES PTY LIMITED (56 003 262 600), JONES LANG LASALLE AUSTRALIA PTY LIMITED (49 008 476 257), JONES LANG LASALLE CORPORATE PROPERTY SERVICES PTY LIMITED (91 009 310 276), JONES LANG LASALLE CORPORATE PROPERTY (VIC) PTY LIMITED (96 003 649 214), JONES LANG LASALLE (NSW) PTY LIMITED (37 002 851 925), JONES LANG LASALLE PROPERTY FUND ADVISORS LIMITED (79 003 298 413), JONES LANG LASALLE (QLD) PTY LTD (40 101 411 140), JONES LANG LASALLE (SA) PTY LIMITED (32 008 024 557), JONES LANG LASALLE (VIC) PTY LIMITED (28 004 582 423), JONES LANG LASALLE (WA) PTY LIMITED (23 008 767 762), LACPF NO. 1 TRUSTEE PTY LTD, LACPF NO. 2 NOMINEES PTY LTD, LACPF NO. 3 NOMINEES PTY LTD, LACPF NO. 4 NOMINEES PTY LTD, LACPF NO. 5 TRUSTEE PTY LTD, LASALLE FUNDS MANAGEMENT LIMITED (38 082 796 101), LASALLE INVESTMENT MANAGEMENT AUSTRALIA PTY LTD (80 149 468 253), RESIPM PTY LTD (69 002 925 331). Register entry: https://modernslaveryregister.gov.au/statements/17931/.'}"
Modern slavery statement 2021-2335: PHILIP MORRIS (AUSTRALIA) LIMITED,document,{'content': 'PHILIP MORRIS (AUSTRALIA) LIMITED (ABN 68 004 316 901) filed a single modern slavery statement with the Australian Modern Slavery Register for the reporting period 2020-01-01 to 2020-12-31. The reporting entity is headquartered in Australia. The reporting entity has an annual revenue band of 1BN+. The reporting entity operates in the industry sectors: Other. Register entry: https://modernslaveryregister.gov.au/statements/4821/.'}
Modern slavery statement 2023-1601: THE DISABILITY TRUST LIMITED,document,{'content': 'THE DISABILITY TRUST LIMITED filed a single modern slavery statement with the Australian Modern Slavery Register for the reporting period 2022-07-01 to 2023-06-30. The reporting entity is headquartered in Australia. The reporting entity has an annual revenue band of 100-150M. The reporting entity operates in the industry sectors: Charitable / not-for-profit activities. Register entry: https://modernslaveryregister.gov.au/statements/14323/.'}
Modern slavery statement 2023-588: ECOLAB PTY LTD,document,"{'content': 'ECOLAB PTY LTD (ABN 59 000 449 990) filed a single modern slavery statement with the Australian Modern Slavery Register for the reporting period 2022-04-01 to 2023-03-30. The reporting entity is headquartered in Australia. The reporting entity has an annual revenue band of 450-500M. The reporting entity operates in the industry sectors: Food and beverages, agriculture and fishing Mining, metals, chemicals and resources (including oil and gas) Healthcare and pharmaceuticals Other. Register entry: https://modernslaveryregister.gov.au/statements/12970/.'}"
Modern slavery statement 2024-3179: TURTLE HOLDCO PTY LTD,document,"{'content': 'TURTLE HOLDCO PTY LTD (ABN 70 650 938 846) filed a single modern slavery statement with the Australian Modern Slavery Register for the reporting period 2023-07-01 to 2024-06-30. The reporting entity is headquartered in Australia. The reporting entity has an annual revenue band of 100-150M. The reporting entity operates in the industry sectors: Construction, civil engineering and building products. The statement also covers the included entities: BUILDSAFE AUSTRALIA HOLDINGS PTY LTD (59 162 231 674), BUILDSAFE AUSTRALIA PTY LTD (91 097 558 211), BUILDSAFE EQUIPMENT SALES PTY LTD (91 161 608 555), BUILDSAFE NATIONAL SERVICES PTY LTD (91 153 885 664), BUILDSAFE NEW SOUTH WALES PTY LTD (42 609 162 085), BUILDSAFE NORTHERN RIVERS PTY LTD (19 167 211 396), BUILDSAFE QUEENSLAND PTY LTD (77 104 684 559). Register entry: https://modernslaveryregister.gov.au/statements/21112/.'}"
Modern slavery statement 2021-1999: SAVE THE CHILDREN AUSTRALIA,document,{'content': 'SAVE THE CHILDREN AUSTRALIA (ABN 99 008 610 035) filed a single modern slavery statement with the Australian Modern Slavery Register for the reporting period 2020-04-01 to 2021-03-30. The reporting entity is headquartered in Australia. The reporting entity has an annual revenue band of 0-99M. The reporting entity operates in the industry sectors: Charitable / not-for-profit activities. Register entry: https://modernslaveryregister.gov.au/statements/4501/.'}
Modern slavery statement 2024-1927: MELBOURNE CRICKET CLUB,document,"{'content': 'MELBOURNE CRICKET CLUB (ABN 92 871 871 964) filed a single modern slavery statement with the Australian Modern Slavery Register for the reporting period 2023-04-01 to 2024-03-31. The reporting entity is headquartered in Australia. The reporting entity has an annual revenue band of 150-200M. The reporting entity operates in the industry sectors: Media, publishing, arts and entertainment Consumer services, including accommodation, hospitality, tourism and leisure. The statement also covers the included entities: AUSTRALIAN SPORTS MUSEUM LTD, MELBOURNE CRICKET CLUB SPORTS LIMITED. Register entry: https://modernslaveryregister.gov.au/statements/19422/.'}"
Modern slavery statement 2023-1371: ASTRAZENECA HOLDINGS PTY LTD & ASTRAZENECA PTY LTD,document,{'content': 'ASTRAZENECA HOLDINGS PTY LTD (ABN 59 066 876 962) and ASTRAZENECA PTY LTD (ABN 54 009 682 311) filed a joint modern slavery statement with the Australian Modern Slavery Register for the reporting period 2022-01-01 to 2022-12-31. The reporting entities are headquartered in Australia. The reporting entities have an annual revenue band of 1BN+. The reporting entities operate in the industry sectors: Healthcare and pharmaceuticals. Register entry: https://modernslaveryregister.gov.au/statements/14016/.'}
Modern slavery statement 2024-1539: COOK E SERVICES AUSTRALIA PTY LTD & FRESH FOUR PTY LTD & Grocery Delivery E-Services Australia Pty Limited et al.,document,"{'content': 'COOK E SERVICES AUSTRALIA PTY LTD (ABN 59 652 473 240), FRESH FOUR PTY LTD (ABN 43 618 884 174), Grocery Delivery E-Services Australia Pty Limited (ABN 19 155 437 620), IDK PTY LTD (ABN 90 613 645 640), YOUFOODZ HOLDINGS LIMITED (ABN 38 635 434 801), YOUFOODZ IP PTY LTD (ABN 42 644 160 501) and YOUJUICE PTY LTD (ABN 92 619 578 111) filed a joint modern slavery statement with the Australian Modern Slavery Register for the reporting period 2023-01-01 to 2023-12-31. The reporting entities are headquartered in Australia, Germany. The reporting entities have an annual revenue band of 800-900M. The reporting entities operate in the industry sectors: Food and beverages, agriculture and fishing. Register entry: https://modernslaveryregister.gov.au/statements/18858/.'}"
Modern slavery statement 2024-2704: THE LOTTERY CORPORATION LIMITED,document,"{'content': ""THE LOTTERY CORPORATION LIMITED (ABN 21 081 925 706) filed a single modern slavery statement with the Australian Modern Slavery Register for the reporting period 2023-07-01 to 2024-06-30. The reporting entity is headquartered in Australia. The reporting entity has an annual revenue band of 1BN+. The reporting entity operates in the industry sectors: Other. The statement also covers the included entities: GOLDEN CASKET LOTTERY CORPORATION LIMITED (27 078 785 449), KENO (QLD) PTY LTD (89 071 366 446), L&K OPERATIONS PTY LTD (67 654 297 471), NEW SOUTH WALES LOTTERIES CORPORATION PTY LIMITED (27 410 374 474), TATTERSALL'S SWEEPS PTY LTD (99 081 925 662), TATTS KENO HOLDINGS PTY LTD (48 654 297 828), TATTS LOTTERIES SA PTY LTD (41 146 245 007). Register entry: https://modernslaveryregister.gov.au/statements/20460/.""}"
Modern slavery statement 2025-1657: ELECTRA CABLES (AUST) PTY LIMITED,document,"{'content': 'ELECTRA CABLES (AUST) PTY LIMITED (ABN 38 056 024 385) filed a single modern slavery statement with the Australian Modern Slavery Register for the reporting period 2024-01-01 to 2024-12-31. The reporting entity is headquartered in Australia. The reporting entity has an annual revenue band of 400-450M. The reporting entity operates in the industry sectors: Construction, civil engineering and building products. Register entry: https://modernslaveryregister.gov.au/statements/22360/.'}"
Modern slavery statement 2023-2099: METCASH LIMITED,document,"{'content': 'METCASH LIMITED (ABN 32 112 073 480) filed a single modern slavery statement with the Australian Modern Slavery Register for the reporting period 2022-05-01 to 2023-04-30. The reporting entity is headquartered in Australia. The reporting entity has an annual revenue band of 1BN+. The reporting entity operates in the industry sectors: Durable consumer goods, including electronics and appliances, home furnishings and other accessories. Register entry: https://modernslaveryregister.gov.au/statements/15027/.'}"
Modern slavery statement 2022-1802: CSL AUSTRALIA PTY LTD,document,"{'content': 'CSL AUSTRALIA PTY LTD (ABN 24 080 378 614) filed a single modern slavery statement with the Australian Modern Slavery Register for the reporting period 2021-04-01 to 2022-03-30. The reporting entity is headquartered in Canada. The reporting entity has an annual revenue band of 100-150M. The reporting entity operates in the industry sectors: Transportation, logistics, and storage. Register entry: https://modernslaveryregister.gov.au/statements/10336/.'}"
Modern slavery statement 2022-433: Zebra Technologies Australia Pty Ltd,document,{'content': 'Zebra Technologies Australia Pty Ltd (ABN 14 153 920 462) filed a single modern slavery statement with the Australian Modern Slavery Register for the reporting period 2021-01-01 to 2021-12-31. The reporting entity is headquartered in United States of America. The reporting entity has an annual revenue band of 100-150M. The reporting entity operates in the industry sectors: Information technology and telecommunication. Register entry: https://modernslaveryregister.gov.au/statements/8334/.'}
Modern slavery statement 2021-781: CONTACT ENERGY LIMITED,document,"{'content': 'CONTACT ENERGY LIMITED (ABN 68 080 480 477) filed a joint modern slavery statement with the Australian Modern Slavery Register for the reporting period 2019-07-01 to 2020-06-30. The reporting entity is headquartered in New Zealand. The reporting entity has an annual revenue band of 1BN+. The reporting entity operates in the industry sectors: Utilities: gas, water and electricity. Register entry: https://modernslaveryregister.gov.au/statements/2501/.'}"
Modern slavery statement 2025-1672: VALVOLINE (AUSTRALIA) PTY LTD,document,"{'content': 'VALVOLINE (AUSTRALIA) PTY LTD (ABN 86 000 446 855) filed a single modern slavery statement with the Australian Modern Slavery Register for the reporting period 2024-01-01 to 2024-12-31. The reporting entity is headquartered in Australia, United States of America. The reporting entity has an annual revenue band of 200-250M. The reporting entity operates in the industry sectors: Mining, metals, chemicals and resources (including oil and gas). Register entry: https://modernslaveryregister.gov.au/statements/23939/.'}"
Modern slavery statement 2024-1012: FIRST SENTIER INVESTORS ASIA HOLDINGS LIMITED & FIRST SENTIER INVESTORS (AUSTRALIA) IM LTD & FIRST SENTIER INVESTORS (AUSTRALIA) INFRASTRUCTURE HOLDINGS LTD et al.,document,"{'content': 'FIRST SENTIER INVESTORS ASIA HOLDINGS LIMITED (ABN 54 054 571 701), FIRST SENTIER INVESTORS (AUSTRALIA) IM LTD (ABN 89 114 194 311), FIRST SENTIER INVESTORS (AUSTRALIA) INFRASTRUCTURE HOLDINGS LTD (ABN 20 085 313 926), FIRST SENTIER INVESTORS (AUSTRALIA) RE LTD (ABN 13 006 464 428), FIRST SENTIER INVESTORS (AUSTRALIA) SERVICES PTY LTD (ABN 73 624 305 595), FIRST SENTIER INVESTORS HOLDINGS PTY LIMITED (ABN 49 630 725 558), FIRST SENTIER INVESTORS RQI PTY LTD (ABN 24 133 312 017), The Trustee for Global Diversified Infrastructure Fund (Active) (ABN 73 751 308 908) and The Trustee for Global Diversified Infrastructure Fund (Australia) (ABN 93 463 968 874) filed a joint modern slavery statement with the Australian Modern Slavery Register for the reporting period 2023-01-01 to 2023-12-31. The reporting entities are headquartered in Australia. The reporting entities have an annual revenue band of 700-800M. The reporting entities operate in the industry sectors: Financial, insurance and real estate activities. Register entry: https://modernslaveryregister.gov.au/statements/18069/.'}"
Modern slavery statement 2022-2467: NEXUS DAY HOSPITALS HOLDINGS PTY LTD,document,{'content': 'NEXUS DAY HOSPITALS HOLDINGS PTY LTD (ABN 75 165 809 101) filed a single modern slavery statement with the Australian Modern Slavery Register for the reporting period 2021-07-01 to 2022-06-30. The reporting entity is headquartered in Australia. The reporting entity has an annual revenue band of 100-150M. The reporting entity operates in the industry sectors: Healthcare and pharmaceuticals. Register entry: https://modernslaveryregister.gov.au/statements/11282/.'}
Modern slavery statement 2022-1296: MASTERCARD ASIA/PACIFIC (AUSTRALIA) PTY LTD,document,"{'content': 'MASTERCARD ASIA/PACIFIC (AUSTRALIA) PTY LTD (ABN 95 108 603 345) filed a single modern slavery statement with the Australian Modern Slavery Register for the reporting period 2021-01-01 to 2021-12-31. The reporting entity is headquartered in United States of America. The reporting entity has an annual revenue band of 150-200M. The reporting entity operates in the industry sectors: Financial, insurance and real estate activities Other. Register entry: https://modernslaveryregister.gov.au/statements/9586/.'}"
Modern slavery statement 2024-244: YOORALLA,document,{'content': 'YOORALLA (ABN 14 005 304 432) filed a single modern slavery statement with the Australian Modern Slavery Register for the reporting period 2022-07-01 to 2023-06-30. The reporting entity is headquartered in Australia. The reporting entity has an annual revenue band of 150-200M. The reporting entity operates in the industry sectors: Charitable / not-for-profit activities. Register entry: https://modernslaveryregister.gov.au/statements/17111/.'}
Modern slavery statement 2021-2329: TOKYO TIMOR SEA RESOURCES PTY LTD,document,"{'content': 'TOKYO TIMOR SEA RESOURCES PTY LTD (ABN 39 000 751 593) filed a single modern slavery statement with the Australian Modern Slavery Register for the reporting period 2020-01-01 to 2020-12-31. The reporting entity is headquartered in Australia. The reporting entity has an annual revenue band of 100-150M. The reporting entity operates in the industry sectors: Mining, metals, chemicals and resources (including oil and gas). Register entry: https://modernslaveryregister.gov.au/statements/4889/.'}"
Modern slavery statement 2021-1061: ADT Group Holdings Pty Ltd & FOREVER NEW CLOTHING PTY LTD,document,"{'content': 'ADT Group Holdings Pty Ltd (ABN 35 144 849 436) and FOREVER NEW CLOTHING PTY LTD (ABN 11 118 100 100) filed a joint modern slavery statement with the Australian Modern Slavery Register for the reporting period 2019-07-01 to 2020-06-30. The reporting entities are headquartered in Australia. The reporting entities have an annual revenue band of 350-400M. The reporting entities operate in the industry sectors: Fashion, textiles, apparel and luxury goods. Register entry: https://modernslaveryregister.gov.au/statements/2944/.'}"
Modern slavery statement 2023-52: LUSH AUSTRALASIA RETAIL PTY. LIMITED,document,{'content': 'LUSH AUSTRALASIA RETAIL PTY. LIMITED (ABN 24 077 737 663) filed a single modern slavery statement with the Australian Modern Slavery Register for the reporting period 2021-07-01 to 2022-06-30. The reporting entity is headquartered in Australia. The reporting entity has an annual revenue band of 0-99M. The reporting entity operates in the industry sectors: Cosmetics and toiletries. Register entry: https://modernslaveryregister.gov.au/statements/12143/.'}
Modern slavery statement 2022-2947: Connecteast Pty Limited,document,"{'content': 'Connecteast Pty Limited (ABN 99 101 213 263) filed a single modern slavery statement with the Australian Modern Slavery Register for the reporting period 2021-07-01 to 2022-06-30. The reporting entity is headquartered in Australia. The reporting entity has an annual revenue band of 350-400M. The reporting entity operates in the industry sectors: Transportation, logistics, and storage. Register entry: https://modernslaveryregister.gov.au/statements/10840/.'}"
Modern slavery statement 2023-115: GLOBAL SWITCH AUSTRALIA HOLDINGS PTY LIMITED & GLOBAL SWITCH PROPERTY (AUSTRALIA) PTY LIMITED,document,{'content': 'GLOBAL SWITCH AUSTRALIA HOLDINGS PTY LIMITED (ABN 35 138 200 049) and GLOBAL SWITCH PROPERTY (AUSTRALIA) PTY LIMITED (ABN 97 094 051 779) filed a joint modern slavery statement with the Australian Modern Slavery Register for the reporting period 2020-01-01 to 2020-12-31. The reporting entities are headquartered in Australia. The reporting entities have an annual revenue band of 200-250M. The reporting entities operate in the industry sectors: Information technology and telecommunication. Register entry: https://modernslaveryregister.gov.au/statements/12235/.'}
Modern slavery statement 2025-1449: A2B AUSTRALIA PTY LTD,document,"{'content': 'A2B AUSTRALIA PTY LTD filed a single modern slavery statement with the Australian Modern Slavery Register for the reporting period 2023-07-01 to 2024-12-31. The reporting entity is headquartered in Singapore. The reporting entity has an annual revenue band of 200-250M. The reporting entity operates in the industry sectors: Transportation, logistics, and storage. The statement also covers the included entities: 135466 PTY LTD, 13CABS INNOVATIONS PTY LTD, A2B CORPORATE SERVICES PTY LTD, ABC RADIO TAXI PTY LTD, ACCESS COMMUNICATIONS NET PROPRIETARY LIMITED, ARROW TAXI SERVICES LIMITED, Black Cabs Combined Car Sales Pty Ltd, BLACK CABS COMBINED PTY LTD, Cabcharge North America Limited, CABCHARGE PAYMENTS PTY LTD, CHAMP AUSTRALIA PTY LTD, CHAMP NSW PTY LTD, CHAMP VICTORIA PTY LTD, CHAMP WA PTY LTD, COMBINED COMMUNICATIONS NETWORK PTY LTD, EFT SOLUTIONS PTY LTD, GO TAXIS PTY LTD, Manchester Taxi Division Limited, MAXI TAXI (AUSTRALIA) PTY LTD, MOBILE TECHNOLOGIES DEVELOPMENTS PTY LTD, Mobile Technologies International LLC, MOBILE TECHNOLOGIES INTERNATIONAL PTY. LTD., NEWCASTLE TAXIS PTY LTD, NORTH SUBURBAN TAXIS (VIC) PTY LTD, SILVER SERVICE TAXIS PTY LTD, SOUTH WESTERN CABS (RADIO ROOM) PTY. LIMITED, TAXIPROP PTY LTD, TAXIS COMBINED SERVICES PTY LTD, TAXITECH PROPRIETARY LIMITED, TIGER TAXIS NSW PTY LTD, TIGER TAXIS OPERATIONS PTY LTD, TIGER TAXIS PTY. LTD., TIGER TAXIS QUEENSLAND PTY LTD, YELLOW CABS AUSTRALIA PTY. LTD., Yellow Cabs (Queensland) Holdings Pty Ltd, Yellow Cabs South Australia Pty Ltd, YELLOW CABS VICTORIA PTY LIMITED. Register entry: https://modernslaveryregister.gov.au/statements/23672/.'}"
Modern slavery statement 2025-3481: GLOBE INTERNATIONAL LIMITED,document,{'content': 'GLOBE INTERNATIONAL LIMITED (ABN 65 007 066 033) filed a single modern slavery statement with the Australian Modern Slavery Register for the reporting period 2024-07-01 to 2025-06-30. The reporting entity is headquartered in Australia. The reporting entity has an annual revenue band of 200-250M. The reporting entity operates in the industry sectors: Wholesale Trade. Register entry: https://modernslaveryregister.gov.au/statements/26295/.'}
Modern slavery statement 2024-2515: SUNNY QUEEN PTY LIMITED,document,"{'content': 'SUNNY QUEEN PTY LIMITED (ABN 31 060 702 034) filed a single modern slavery statement with the Australian Modern Slavery Register for the reporting period 2023-07-01 to 2024-06-30. The reporting entity is headquartered in Australia. The reporting entity has an annual revenue band of 500-600M. The reporting entity operates in the industry sectors: Food and beverages, agriculture and fishing. Register entry: https://modernslaveryregister.gov.au/statements/20061/.'}"
Modern slavery statement 2023-564: AMEROPA AUSTRALIA PTY LTD,document,"{'content': 'AMEROPA AUSTRALIA PTY LTD (ABN 21 009 504 394) filed a single modern slavery statement with the Australian Modern Slavery Register for the reporting period 2022-01-01 to 2022-12-31. The reporting entity is headquartered in Australia. The reporting entity has an annual revenue band of 900M-1BN. The reporting entity operates in the industry sectors: Food and beverages, agriculture and fishing. Register entry: https://modernslaveryregister.gov.au/statements/12925/.'}"
Modern slavery statement 2022-2078: BHAAJAYU PTY LTD & BUSWAYS BLACKTOWN PTY. LIMITED & BUSWAYS CAMDEN PTY LIMITED et al.,document,"{'content': 'BHAAJAYU PTY LTD (ABN 29 084 980 263), BUSWAYS BLACKTOWN PTY. LIMITED (ABN 86 000 173 437), BUSWAYS CAMDEN PTY LIMITED (ABN 74 003 081 230), BUSWAYS CAMPBELLTOWN PTY. LIMITED (ABN 40 000 572 145), BUSWAYS GROUP PTY LTD (ABN 48 114 855 551), BUSWAYS NORTH WEST PTY LTD (ABN 50 643 586 770), BUSWAYS PACIFIC PTY LTD (ABN 75 106 202 340), BUSWAYS WYONG PTY LIMITED (ABN 17 000 044 726), The Trustee for B T Rowe Family Trust (ABN 75 828 633 500), The Trustee for Busways South Australia Trust (ABN 28 163 839 568) and The Trustee for THE PENINSULA TRUST (ABN 79 817 812 619) filed a joint modern slavery statement with the Australian Modern Slavery Register for the reporting period 2021-07-01 to 2022-06-30. The reporting entities are headquartered in Australia. The reporting entities have an annual revenue band of 200-250M. The reporting entities operate in the industry sectors: Transportation, logistics, and storage. Register entry: https://modernslaveryregister.gov.au/statements/10726/.'}"
Modern slavery statement 2022-1879: KAEFER INTEGRATED SERVICES PTY LTD,document,"{'content': 'KAEFER INTEGRATED SERVICES PTY LTD (ABN 83 009 046 191) filed a single modern slavery statement with the Australian Modern Slavery Register for the reporting period 2021-01-01 to 2021-12-31. The reporting entity is headquartered in Germany. The reporting entity has an annual revenue band of 350-400M. The reporting entity operates in the industry sectors: Mining, metals, chemicals and resources (including oil and gas) Construction, civil engineering and building products. Register entry: https://modernslaveryregister.gov.au/statements/10446/.'}"
Modern slavery statement 2021-3104: CENTREPOINT ALLIANCE LIMITED,document,"{'content': 'CENTREPOINT ALLIANCE LIMITED (ABN 72 052 507 507) filed a single modern slavery statement with the Australian Modern Slavery Register for the reporting period 2020-07-01 to 2021-06-30. The reporting entity is headquartered in Australia. The reporting entity has an annual revenue band of 100-150M. The reporting entity operates in the industry sectors: Financial, insurance and real estate activities. Register entry: https://modernslaveryregister.gov.au/statements/6144/.'}"
"Modern slavery statement 2023-828: AMPOL AUSTRALIA PETROLEUM PTY LTD, AMPOL LIMITED, AMPOL PETROLEUM DISTRIBUTORS PTY LTD, AMPOL RETAIL PTY LTD",document,"{'content': 'AMPOL AUSTRALIA PETROLEUM PTY LTD, AMPOL LIMITED, AMPOL PETROLEUM DISTRIBUTORS PTY LTD, AMPOL RETAIL PTY LTD filed a joint modern slavery statement with the Australian Modern Slavery Register for the reporting period 2022-01-01 to 2022-12-31. The reporting entity is headquartered in Australia. The reporting entity has an annual revenue band of 1BN+. The reporting entity operates in the industry sectors: Mining, metals, chemicals and resources (including oil and gas). Register entry: https://modernslaveryregister.gov.au/statements/13322/.'}"
Modern slavery statement 2021-3661: Newcastle Coal Infrastructure Group Pty Ltd,document,"{'content': 'Newcastle Coal Infrastructure Group Pty Ltd (ABN 35 111 228 221) filed a single modern slavery statement with the Australian Modern Slavery Register for the reporting period 2020-07-01 to 2021-06-30. The reporting entity is headquartered in Australia. The reporting entity has an annual revenue band of 400-450M. The reporting entity operates in the industry sectors: Mining, metals, chemicals and resources (including oil and gas). Register entry: https://modernslaveryregister.gov.au/statements/7004/.'}"
Modern slavery statement 2023-985: LNW GAMING AUSTRALIA HOLDINGS I PTY LTD,document,"{'content': 'LNW GAMING AUSTRALIA HOLDINGS I PTY LTD filed a joint modern slavery statement with the Australian Modern Slavery Register for the reporting period 2022-01-01 to 2022-12-31. The reporting entity is headquartered in Australia. The reporting entity has an annual revenue band of 100-150M. The reporting entity operates in the industry sectors: Automotive, machinery and heavy electrical equipment Media, publishing, arts and entertainment Other. Register entry: https://modernslaveryregister.gov.au/statements/13536/.'}"
Modern slavery statement 2024-3497: ESTEE LAUDER PTY. LIMITED,document,{'content': 'ESTEE LAUDER PTY. LIMITED (ABN 63 008 444 719) filed a single modern slavery statement with the Australian Modern Slavery Register for the reporting period 2023-07-01 to 2024-06-30. The reporting entity is headquartered in United States of America. The reporting entity has an annual revenue band of 300-350M. The reporting entity operates in the industry sectors: Cosmetics and toiletries. Register entry: https://modernslaveryregister.gov.au/statements/21464/.'}
Modern slavery statement 2021-241: ENDEAVOUR FOUNDATION,document,{'content': 'ENDEAVOUR FOUNDATION (ABN 80 009 670 704) filed a single modern slavery statement with the Australian Modern Slavery Register for the reporting period 2020-01-01 to 2020-12-31. The reporting entity is headquartered in Australia. The reporting entity has an annual revenue band of 100-150M. The reporting entity operates in the industry sectors: Charitable / not-for-profit activities. Register entry: https://modernslaveryregister.gov.au/statements/1512/.'}
Modern slavery statement 2023-395: THYSSENKRUPP MATERIALS AUSTRALIA PTY LTD,document,"{'content': 'THYSSENKRUPP MATERIALS AUSTRALIA PTY LTD (ABN 94 078 033 520) filed a single modern slavery statement with the Australian Modern Slavery Register for the reporting period 2021-10-01 to 2022-09-30. The reporting entity is headquartered in Australia. The reporting entity has an annual revenue band of 250-300M. The reporting entity operates in the industry sectors: Mining, metals, chemicals and resources (including oil and gas) Construction, civil engineering and building products. Register entry: https://modernslaveryregister.gov.au/statements/12644/.'}"
Modern slavery statement 2025-3461: SPECIAL BROADCASTING SERVICE CORPORATION,document,{'content': 'SPECIAL BROADCASTING SERVICE CORPORATION (ABN 91 314 398 574) filed a single modern slavery statement with the Australian Modern Slavery Register for the reporting period 2024-07-01 to 2025-06-30. The reporting entity is headquartered in Australia. The reporting entity has an annual revenue band of 500-600M. The reporting entity operates in the industry sectors: Arts and Recreation Services Other Services Information Media and Telecommunications. Register entry: https://modernslaveryregister.gov.au/statements/26521/.'}
Modern slavery statement 2022-774: DBS BANK LTD.,document,"{'content': 'DBS BANK LTD. (ABN 46 601 105 373) filed a single modern slavery statement with the Australian Modern Slavery Register for the reporting period 2021-01-01 to 2021-12-31. The reporting entity is headquartered in Singapore. The reporting entity has an annual revenue band of 1BN+. The reporting entity operates in the industry sectors: Financial, insurance and real estate activities. Register entry: https://modernslaveryregister.gov.au/statements/8800/.'}"
Modern slavery statement 2024-1786: STOCKLAND CORPORATION LTD,document,"{'content': 'STOCKLAND CORPORATION LTD filed a single modern slavery statement with the Australian Modern Slavery Register for the reporting period 2023-07-01 to 2024-06-30. The reporting entity is headquartered in Australia. The reporting entity has an annual revenue band of 800-900M. The reporting entity operates in the industry sectors: Financial, insurance and real estate activities. Register entry: https://modernslaveryregister.gov.au/statements/19221/.'}"
Modern slavery statement 2021-351: BANK OF WESTERN AUSTRALIA LTD & COLONIAL FIRST STATE INVESTMENTS LIMITED & COMMONWEALTH BANK OF AUSTRALIA,document,"{'content': 'BANK OF WESTERN AUSTRALIA LTD (ABN 22 050 494 454), COLONIAL FIRST STATE INVESTMENTS LIMITED (ABN 98 002 348 352) and COMMONWEALTH BANK OF AUSTRALIA (ABN 48 123 123 124) filed a joint modern slavery statement with the Australian Modern Slavery Register for the reporting period 2019-07-01 to 2020-06-30. The reporting entities are headquartered in Australia. The reporting entities have an annual revenue band of 1BN+. The reporting entities operate in the industry sectors: Financial, insurance and real estate activities. Register entry: https://modernslaveryregister.gov.au/statements/1700/.'}"
Modern slavery statement 2025-2693: ST GEORGE COMMUNITY HOUSING LIMITED,document,"{'content': 'ST GEORGE COMMUNITY HOUSING LIMITED (ABN 32 565 549 842) filed a single modern slavery statement with the Australian Modern Slavery Register for the reporting period 2024-07-01 to 2025-06-30. The reporting entity is headquartered in Australia. The reporting entity has an annual revenue band of 150-200M. The reporting entity operates in the industry sectors: Rental, Hiring and Real Estate Services. The statement also covers the included entities: SGCH DEVCO LIMITED (30 644 304 254), SGCH HOMES QUEENSLAND LIMITED (17 674 979 830), SGCH KEYS LIMITED (15 650 371 529), SGCH PORTFOLIO LIMITED (88 160 035 441), SGCH SUSTAINABILITY LIMITED (21 606 965 799). Register entry: https://modernslaveryregister.gov.au/statements/25443/.'}"
Modern slavery statement 2023-329: CENTAMIN EGYPT LIMITED,document,"{'content': 'CENTAMIN EGYPT LIMITED (ABN 86 007 700 352) filed a single modern slavery statement with the Australian Modern Slavery Register for the reporting period 2021-01-01 to 2021-12-31. The reporting entity is headquartered in United Kingdom. The reporting entity has an annual revenue band of 0-99M. The reporting entity operates in the industry sectors: Mining, metals, chemicals and resources (including oil and gas). Register entry: https://modernslaveryregister.gov.au/statements/12555/.'}"
Modern slavery statement 2024-2064: Caseware International Inc.,document,{'content': 'Caseware International Inc. filed a single modern slavery statement with the Australian Modern Slavery Register for the reporting period 2023-05-01 to 2024-04-30. The reporting entity is headquartered in Canada. The reporting entity has an annual revenue band of 250-300M. The reporting entity operates in the industry sectors: Other. The statement also covers the included entities: CASEWARE AUSTRALIA PTY LTD (22 666 350 447). Register entry: https://modernslaveryregister.gov.au/statements/19584/.'}
Modern slavery statement 2020-193: CALIBRE GROUP PTY LTD,document,"{'content': 'CALIBRE GROUP PTY LTD (ABN 44 100 255 623) filed a single modern slavery statement with the Australian Modern Slavery Register for the reporting period 2019-07-01 to 2020-06-30. The reporting entity is headquartered in Australia, New Zealand. The reporting entity has an annual revenue band of 450-500M. The reporting entity operates in the industry sectors: Mining, metals, chemicals and resources (including oil and gas) Utilities: gas, water and electricity Construction, civil engineering and building products. Register entry: https://modernslaveryregister.gov.au/statements/572/.'}"
Modern slavery statement 2023-2580: MAINBRACE CONSTRUCTIONS PTY LIMITED,document,"{'content': 'MAINBRACE CONSTRUCTIONS PTY LIMITED (ABN 45 002 970 658) filed a joint modern slavery statement with the Australian Modern Slavery Register for the reporting period 2022-07-01 to 2023-06-30. The reporting entity is headquartered in Australia. The reporting entity has an annual revenue band of 400-450M. The reporting entity operates in the industry sectors: Construction, civil engineering and building products. The statement also covers the included entities: MAINBRACE CONSTRUCTIONS (QLD) PTY LIMITED (47 131 334 159). Register entry: https://modernslaveryregister.gov.au/statements/15725/.'}"
Modern slavery statement 2022-104: Heartland Group Holdings Limited,document,"{'content': 'Heartland Group Holdings Limited filed a single modern slavery statement with the Australian Modern Slavery Register for the reporting period 2021-01-01 to 2021-12-31. The reporting entity is headquartered in New Zealand. The reporting entity has an annual revenue band of 350-400M. The reporting entity operates in the industry sectors: Financial, insurance and real estate activities. Register entry: https://modernslaveryregister.gov.au/statements/7848/.'}"
Modern slavery statement 2025-1766: NORTHERN HEALTH,document,"{'content': 'NORTHERN HEALTH (ABN 42 986 169 981) filed a single modern slavery statement with the Australian Modern Slavery Register for the reporting period 2022-07-01 to 2023-06-30. The reporting entity is headquartered in Australia. The reporting entity has an annual revenue band of 1BN+. The reporting entity operates in the industry sectors: Healthcare and pharmaceuticals Government Sector. The statement also covers the included entities: NORTHERN HEALTH RESEARCH, TRAINING AND EQUIPMENT FOUNDATION LIMITED (60 103 911 673), The Trustee for Northern Health Research Training & Equipment Trust (39 150 242 855). Register entry: https://modernslaveryregister.gov.au/statements/24058/.'}"
Modern slavery statement 2024-1969: NORTH QUEENSLAND EXPORT TERMINAL HOLDINGS PTY LTD & NORTH QUEENSLAND EXPORT TERMINAL PTY LTD,document,"{'content': 'NORTH QUEENSLAND EXPORT TERMINAL HOLDINGS PTY LTD (ABN 17 154 644 685) and NORTH QUEENSLAND EXPORT TERMINAL PTY LTD (ABN 93 149 298 206) filed a joint modern slavery statement with the Australian Modern Slavery Register for the reporting period 2023-04-01 to 2024-03-31. The reporting entities are headquartered in Australia. The reporting entities have an annual revenue band of 300-350M. The reporting entities operate in the industry sectors: Transportation, logistics, and storage. The statement also covers the included entities: NORTH QUEENSLAND EXPORT TERMINAL PTY LTD (93 149 298 206). Register entry: https://modernslaveryregister.gov.au/statements/19477/.'}"
"Modern slavery statement 2020-432: Nomura Global Financial Products, Inc.",document,"{'content': 'Nomura Global Financial Products, Inc. filed a single modern slavery statement with the Australian Modern Slavery Register for the reporting period 2019-04-01 to 2020-03-31. The reporting entity is headquartered in United States of America. The reporting entity has an annual revenue band of 800-900M. The reporting entity operates in the industry sectors: Financial, insurance and real estate activities. Register entry: https://modernslaveryregister.gov.au/statements/952/.'}"
Modern slavery statement 2023-2945: MONTAGUE BROS. (HOLDINGS) PTY. LTD.,document,"{'content': 'MONTAGUE BROS. (HOLDINGS) PTY. LTD. filed a single modern slavery statement with the Australian Modern Slavery Register for the reporting period 2022-04-01 to 2023-03-31. The reporting entity is headquartered in Australia. The reporting entity has an annual revenue band of 200-250M. The reporting entity operates in the industry sectors: Food and beverages, agriculture and fishing. Register entry: https://modernslaveryregister.gov.au/statements/16187/.'}"
Modern slavery statement 2022-1092: JUST EAT (ACQUISITIONS) PTY LIMITED,document,{'content': 'JUST EAT (ACQUISITIONS) PTY LIMITED (ABN 52 605 645 547) filed a single modern slavery statement with the Australian Modern Slavery Register for the reporting period 2021-04-01 to 2022-03-30. The reporting entity is headquartered in Netherlands. The reporting entity has an annual revenue band of 100-150M. The reporting entity operates in the industry sectors: Other. Register entry: https://modernslaveryregister.gov.au/statements/9354/.'}
Modern slavery statement 2021-1492: WESTERN SUBURBS (N'CLE) LEAGUES CLUB LTD,document,"{'content': ""WESTERN SUBURBS (N'CLE) LEAGUES CLUB LTD (ABN 24 000 973 919) filed a joint modern slavery statement with the Australian Modern Slavery Register for the reporting period 2020-02-01 to 2021-01-31. The reporting entity is headquartered in Australia. The reporting entity has an annual revenue band of 150-200M. The reporting entity operates in the industry sectors: Food and beverages, agriculture and fishing Media, publishing, arts and entertainment Consumer services, including accommodation, hospitality, tourism and leisure Charitable / not-for-profit activities. Register entry: https://modernslaveryregister.gov.au/statements/3511/.""}"
Modern slavery statement 2024-2470: GTN LIMITED,document,"{'content': 'GTN LIMITED (ABN 38 606 841 801) filed a single modern slavery statement with the Australian Modern Slavery Register for the reporting period 2023-07-01 to 2024-06-30. The reporting entity is headquartered in Australia. The reporting entity has an annual revenue band of 150-200M. The reporting entity operates in the industry sectors: Media, publishing, arts and entertainment. The statement also covers the included entities: BTN Informacao do Transito E Servicos Aereos Especializados Ltda, Canadian Traffic Network ULC, Global Drone Network, LLC, Global Story Network LLC, Global Traffic Network, Inc, Global Traffic Network (UK) Commercial Limited, Global Traffic Network (UK) Limited, GRIDLOCK HOLDINGS (AUSTRALIA) PTY LIMITED, GTCR Gridlock Holdings (Brazil) S.a r.l., GTCR Gridlock International (Luxembourg) S.a r.l., GTN HOLDINGS PTY LTD, GTN Holdings (UK) Limited, GTN Management, Inc, GTN US Holdco, Inc, THE AUSTRALIA TRAFFIC NETWORK PTY LIMITED. Register entry: https://modernslaveryregister.gov.au/statements/20170/.'}"
Modern slavery statement 2025-2286: Colchester Global Investors Limited,document,{'content': 'Colchester Global Investors Limited filed a single modern slavery statement with the Australian Modern Slavery Register for the reporting period 2024-05-01 to 2025-04-30. The reporting entity is headquartered in United Kingdom. The reporting entity has an annual revenue band of 150-200M. The reporting entity operates in the industry sectors: Financial and Insurance Services. Register entry: https://modernslaveryregister.gov.au/statements/24817/.'}
Modern slavery statement 2025-2008: MICROLAND (AUSTRALIA) LIMITED,document,{'content': 'MICROLAND (AUSTRALIA) LIMITED (ABN 45 611 562 933) filed a single modern slavery statement with the Australian Modern Slavery Register for the reporting period 2024-04-01 to 2025-03-31. The reporting entity is headquartered in India. The reporting entity has an annual revenue band of 250-300M. The reporting entity operates in the industry sectors: Other Services. Register entry: https://modernslaveryregister.gov.au/statements/24413/.'}
Modern slavery statement 2022-2872: HT HOLDCO PTY LTD,document,"{'content': 'HT HOLDCO PTY LTD (ABN 30 645 356 903) filed a single modern slavery statement with the Australian Modern Slavery Register for the reporting period 2021-07-01 to 2022-06-30. The reporting entity is headquartered in Australia. The reporting entity has an annual revenue band of 200-250M. The reporting entity operates in the industry sectors: Food and beverages, agriculture and fishing Consumer services, including accommodation, hospitality, tourism and leisure Healthcare and pharmaceuticals. Register entry: https://modernslaveryregister.gov.au/statements/11769/.'}"
Modern slavery statement 2025-1175: CANON MEDICAL SYSTEMS ANZ PTY LIMITED,document,{'content': 'CANON MEDICAL SYSTEMS ANZ PTY LIMITED (ABN 73 612 054 707) filed a single modern slavery statement with the Australian Modern Slavery Register for the reporting period 2024-01-01 to 2024-12-31. The reporting entity is headquartered in Australia. The reporting entity has an annual revenue band of 100-150M. The reporting entity operates in the industry sectors: Other. Register entry: https://modernslaveryregister.gov.au/statements/23399/.'}
Modern slavery statement 2025-2457: AUSTRALIAN HEALTH & NUTRITION ASSOCIATION LIMITED,document,{'content': 'AUSTRALIAN HEALTH & NUTRITION ASSOCIATION LIMITED (ABN 63 096 452 872) filed a single modern slavery statement with the Australian Modern Slavery Register for the reporting period 2024-07-01 to 2025-06-30. The reporting entity is headquartered in Australia. The reporting entity has an annual revenue band of Unknown. The reporting entity operates in the industry sectors: Manufacturing. Register entry: https://modernslaveryregister.gov.au/statements/25108/.'}
Modern slavery statement 2020-218: SCALZO TRADING CO. PROPRIETARY LIMITED,document,"{'content': 'SCALZO TRADING CO. PROPRIETARY LIMITED (ABN 52 005 318 810) filed a single modern slavery statement with the Australian Modern Slavery Register for the reporting period 2019-07-01 to 2020-06-30. The reporting entity is headquartered in Australia. The reporting entity has an annual revenue band of Unknown. The reporting entity operates in the industry sectors: Food and beverages, agriculture and fishing. Register entry: https://modernslaveryregister.gov.au/statements/620/.'}"
Modern slavery statement 2023-1819: ARROW ECS AUSTRALIA PTY LIMITED & Arrow Electronics ANZ Holdings Pty Ltd & ARROW ELECTRONICS AUSTRALIA PTY LTD,document,"{'content': 'ARROW ECS AUSTRALIA PTY LIMITED (ABN 70 006 687 056), Arrow Electronics ANZ Holdings Pty Ltd (ABN 90 102 589 515) and ARROW ELECTRONICS AUSTRALIA PTY LTD (ABN 75 065 151 626) filed a joint modern slavery statement with the Australian Modern Slavery Register for the reporting period 2022-01-01 to 2022-12-31. The reporting entities are headquartered in Australia, United States of America. The reporting entities have an annual revenue band of 500-600M. The reporting entities operate in the industry sectors: Information technology and telecommunication. Register entry: https://modernslaveryregister.gov.au/statements/14646/.'}"
Modern slavery statement 2023-2491: Alfred Health,document,{'content': 'Alfred Health (ABN 27 318 956 319) filed a single modern slavery statement with the Australian Modern Slavery Register for the reporting period 2022-07-01 to 2023-06-30. The reporting entity is headquartered in Australia. The reporting entity has an annual revenue band of 900M-1BN. The reporting entity operates in the industry sectors: Healthcare and pharmaceuticals. Register entry: https://modernslaveryregister.gov.au/statements/15593/.'}
Modern slavery statement 2021-1245: The Trustee for THE F DEIRI FAMILY TRUST,document,"{'content': 'The Trustee for THE F DEIRI FAMILY TRUST (ABN 97 227 958 279) filed a joint modern slavery statement with the Australian Modern Slavery Register for the reporting period 2019-07-01 to 2020-06-30. The reporting entity is headquartered in Australia. The reporting entity has an annual revenue band of 450-500M. The reporting entity operates in the industry sectors: Construction, civil engineering and building products. Register entry: https://modernslaveryregister.gov.au/statements/3161/.'}"
Modern slavery statement 2025-787: MCDERMOTT AUSTRALIA PTY. LTD.,document,"{'content': 'MCDERMOTT AUSTRALIA PTY. LTD. (ABN 99 002 736 352) filed a single modern slavery statement with the Australian Modern Slavery Register for the reporting period 2024-01-01 to 2024-12-31. The reporting entity is headquartered in United States of America. The reporting entity has an annual revenue band of Unknown. The reporting entity operates in the industry sectors: Mining, metals, chemicals and resources (including oil and gas) Construction, civil engineering and building products. The statement also covers the included entities: CB&I AUSTRALIA PTY LTD (23 634 282 983), J. RAY MCDERMOTT (AUST.) HOLDING PTY. LIMITED. (22 002 797 668), MCDERMOTT ENERGY SOLUTIONS PTY LTD (90 000 612 411). Register entry: https://modernslaveryregister.gov.au/statements/22832/.'}"
Modern slavery statement 2020-443: HONDA AUSTRALIA MOTORCYCLE AND POWER EQUIPMENT PTY. LTD.,document,"{'content': 'HONDA AUSTRALIA MOTORCYCLE AND POWER EQUIPMENT PTY. LTD. (ABN 96 006 662 862) filed a single modern slavery statement with the Australian Modern Slavery Register for the reporting period 2019-04-01 to 2020-03-30. The reporting entity is headquartered in Australia. The reporting entity has an annual revenue band of 250-300M. The reporting entity operates in the industry sectors: Automotive, machinery and heavy electrical equipment. Register entry: https://modernslaveryregister.gov.au/statements/969/.'}"
Modern slavery statement 2025-3857: PROVENCE GROUP HOLDINGS PTY LTD,document,"{'content': 'PROVENCE GROUP HOLDINGS PTY LTD (ABN 66 650 515 549) filed a single modern slavery statement with the Australian Modern Slavery Register for the reporting period 2024-07-01 to 2025-06-30. The reporting entity is headquartered in Australia. The reporting entity has an annual revenue band of 200-250M. The reporting entity operates in the industry sectors: Manufacturing. The statement also covers the included entities: LAURENT BAKERY GROUP PTY LTD (27 652 749 829), LAURENT BAKERY RETAIL PTY LTD (48 652 749 918), PROVENCE BIDCO PTY LTD (11 650 524 100), PROVENCE FINCO PTY LTD (17 650 521 761), PROVENCE MIDCO PTY LTD (48 650 517 909). Register entry: https://modernslaveryregister.gov.au/statements/26977/.'}"
Modern slavery statement 2025-3837: QUEENSLAND NITRATES PTY LTD,document,{'content': 'QUEENSLAND NITRATES PTY LTD (ABN 63 079 889 268) filed a single modern slavery statement with the Australian Modern Slavery Register for the reporting period 2024-07-01 to 2025-06-30. The reporting entity is headquartered in Australia. The reporting entity has an annual revenue band of 200-250M. The reporting entity operates in the industry sectors: Manufacturing. Register entry: https://modernslaveryregister.gov.au/statements/26950/.'}
Modern slavery statement 2021-4091: TT-LINE COMPANY PTY. LTD.,document,"{'content': 'TT-LINE COMPANY PTY. LTD. (ABN 39 061 996 174) filed a single modern slavery statement with the Australian Modern Slavery Register for the reporting period 2021-01-01 to 2021-12-31. The reporting entity is headquartered in Australia. The reporting entity has an annual revenue band of 200-250M. The reporting entity operates in the industry sectors: Transportation, logistics, and storage. Register entry: https://modernslaveryregister.gov.au/statements/7557/.'}"
Modern slavery statement 2021-3561: OPAL PACKAGING AUSTRALIA PTY LTD & ORORA LIMITED,document,"{'content': 'OPAL PACKAGING AUSTRALIA PTY LTD (ABN 77 636 682 883) and ORORA LIMITED (ABN 55 004 275 165) filed a joint modern slavery statement with the Australian Modern Slavery Register for the reporting period 2020-07-01 to 2021-06-30. The reporting entities are headquartered in Australia. The reporting entities have an annual revenue band of 1BN+. The reporting entities operate in the industry sectors: Food and beverages, agriculture and fishing Other. Register entry: https://modernslaveryregister.gov.au/statements/6847/.'}"
Modern slavery statement 2025-906: SCOR Global Life Australia Pty Limited & SCOR REINSURANCE ASIA-PACIFIC PTE. LTD.,document,"{'content': 'SCOR Global Life Australia Pty Limited (ABN 83 148 897 670) and SCOR REINSURANCE ASIA-PACIFIC PTE. LTD. (ABN 85 071 103 092) filed a joint modern slavery statement with the Australian Modern Slavery Register for the reporting period 2024-01-01 to 2024-12-31. The reporting entities are headquartered in Australia, France. The reporting entities have an annual revenue band of 350-400M. The reporting entities operate in the industry sectors: Financial, insurance and real estate activities. Register entry: https://modernslaveryregister.gov.au/statements/23015/.'}"
Modern slavery statement 2022-872: RISEN ENERGY AUSTRALIA HOLDINGS PTY LTD,document,"{'content': 'RISEN ENERGY AUSTRALIA HOLDINGS PTY LTD (ABN 70 644 669 830) filed a joint modern slavery statement with the Australian Modern Slavery Register for the reporting period 2021-01-01 to 2021-12-31. The reporting entity is headquartered in Australia, China. The reporting entity has an annual revenue band of 100-150M. The reporting entity operates in the industry sectors: Utilities: gas, water and electricity. Register entry: https://modernslaveryregister.gov.au/statements/9059/.'}"
Modern slavery statement 2025-1510: BEARCAT TYRES PTY LTD & FENNER DUNLOP AUSTRALIA PTY. LTD. & HALLITE SEALS AUSTRALIA PTY LIMITED et al.,document,"{'content': 'BEARCAT TYRES PTY LTD (ABN 92 085 854 520), FENNER DUNLOP AUSTRALIA PTY. LTD. (ABN 23 080 570 574), HALLITE SEALS AUSTRALIA PTY LIMITED (ABN 91 000 484 953), KLINGE HOLDINGS PTY LTD (ABN 69 087 237 518) and MICHELIN AUSTRALIA PTY LTD (ABN 84 006 761 628) filed a joint modern slavery statement with the Australian Modern Slavery Register for the reporting period 2024-01-01 to 2024-12-31. The reporting entities are headquartered in France, United Kingdom. The reporting entities have an annual revenue band of 1BN+. The reporting entities operate in the industry sectors: Mining, metals, chemicals and resources (including oil and gas) Automotive, machinery and heavy electrical equipment Transportation, logistics, and storage. The statement also covers the included entities: KLINGE HOLDINGS PTY LTD (69 087 237 518). Register entry: https://modernslaveryregister.gov.au/statements/23776/.'}"
Modern slavery statement 2021-3868: DETERRA ROYALTIES LIMITED,document,"{'content': 'DETERRA ROYALTIES LIMITED (ABN 88 641 743 348) filed a single modern slavery statement with the Australian Modern Slavery Register for the reporting period 2020-07-01 to 2021-06-30. The reporting entity is headquartered in Australia. The reporting entity has an annual revenue band of 100-150M. The reporting entity operates in the industry sectors: Mining, metals, chemicals and resources (including oil and gas). Register entry: https://modernslaveryregister.gov.au/statements/7306/.'}"
Modern slavery statement 2021-2731: APS GROUP (HOLDINGS) PTY LTD,document,{'content': 'APS GROUP (HOLDINGS) PTY LTD (ABN 94 096 418 101) filed a single modern slavery statement with the Australian Modern Slavery Register for the reporting period 2020-01-01 to 2020-12-31. The reporting entity is headquartered in Australia. The reporting entity has an annual revenue band of 100-150M. The reporting entity operates in the industry sectors: Other. Register entry: https://modernslaveryregister.gov.au/statements/5549/.'}
Modern slavery statement 2024-156: CHUBB INSURANCE AUSTRALIA LTD,document,"{'content': 'CHUBB INSURANCE AUSTRALIA LTD (ABN 23 001 642 020) filed a single modern slavery statement with the Australian Modern Slavery Register for the reporting period 2023-01-01 to 2023-12-31. The reporting entity is headquartered in Australia. The reporting entity has an annual revenue band of 1BN+. The reporting entity operates in the industry sectors: Financial, insurance and real estate activities. Register entry: https://modernslaveryregister.gov.au/statements/16959/.'}"
Modern slavery statement 2024-2819: ETHAN GLOBAL PTY LTD,document,"{'content': 'ETHAN GLOBAL PTY LTD (ABN 93 099 503 456) filed a single modern slavery statement with the Australian Modern Slavery Register for the reporting period 2023-07-01 to 2024-06-30. The reporting entity is headquartered in Australia. The reporting entity has an annual revenue band of 200-250M. The reporting entity operates in the industry sectors: Information technology and telecommunication. The statement also covers the included entities: ETHAN CAPITAL PTY LTD, ETHAN GROUP PTY LTD, ETHAN INDIGENOUS PTY LTD, ETHAN PRINT PTY LTD. Register entry: https://modernslaveryregister.gov.au/statements/20644/.'}"
Modern slavery statement 2022-29: AUSTRALIAN NUCLEAR SCIENCE AND TECHNOLOGY ORGANISATION,document,{'content': 'AUSTRALIAN NUCLEAR SCIENCE AND TECHNOLOGY ORGANISATION (ABN 47 956 969 590) filed a single modern slavery statement with the Australian Modern Slavery Register for the reporting period 2020-07-01 to 2021-06-30. The reporting entity is headquartered in Australia. The reporting entity has an annual revenue band of 100-150M. The reporting entity operates in the industry sectors: Other. Register entry: https://modernslaveryregister.gov.au/statements/7726/.'}
"Modern slavery statement 2021-134: SOUTHERN CROSS CARE (SA, NT & VIC) INCORPORATED",document,"{'content': 'SOUTHERN CROSS CARE (SA, NT & VIC) INCORPORATED (ABN 53 682 143 626) filed a single modern slavery statement with the Australian Modern Slavery Register for the reporting period 2020-01-01 to 2020-12-31. The reporting entity is headquartered in Australia. The reporting entity has an annual revenue band of 200-250M. The reporting entity operates in the industry sectors: Healthcare and pharmaceuticals. Register entry: https://modernslaveryregister.gov.au/statements/1289/.'}"
Modern slavery statement 2023-2751: BAKER & MCKENZIE,document,"{'content': 'BAKER & MCKENZIE (ABN 32 266 778 912) filed a joint modern slavery statement with the Australian Modern Slavery Register for the reporting period 2022-07-01 to 2023-06-30. The reporting entity is headquartered in Australia. The reporting entity has an annual revenue band of 150-200M. The reporting entity operates in the industry sectors: Professional and administrative services and supplies, including legal, consulting and accounting services. The statement also covers the included entities: B & McK Nominees Pty. Limited, B. & McK. Nominees (VIC) Pty. Ltd., B & MCK SERVICES TRUST (74 247 959 215). Register entry: https://modernslaveryregister.gov.au/statements/15910/.'}"
"Modern slavery statement 2024-2383: MARRON BIDCO AUS PTY LTD, MARRON GROUP HOLDINGS PTY LTD & MARRON GROUP MIDCO 1 PTY LTD, MARRON GROUP MIDCO 2 PTY LTD, NAVITAS PTY LIMITED, NAVITAS SAE HOLDINGS PTY LTD",document,"{'content': 'MARRON BIDCO AUS PTY LTD, MARRON GROUP HOLDINGS PTY LTD (ABN 71 631 941 403) and MARRON GROUP MIDCO 1 PTY LTD, MARRON GROUP MIDCO 2 PTY LTD, NAVITAS PTY LIMITED, NAVITAS SAE HOLDINGS PTY LTD filed a joint modern slavery statement with the Australian Modern Slavery Register for the reporting period 2023-07-01 to 2024-06-30. The reporting entities are headquartered in Australia. The reporting entities have an annual revenue band of 800-900M. The reporting entities operate in the industry sectors: Education and research. The statement also covers the included entities: ACL Pty Ltd, Anuvac Confab Worldwide Private Limited, Ausedken Limited, Australian Campus Network Pty Limited, Australian College of Business and Technology (Private) Limited, Australian College of English Pty Ltd, Beijing Navitas Education Consulting Co. Limited, Birmingham City International College Ltd, Cadre Design Pty. Limited, Cambridge Ruskin International College Ltd, Christchurch College of English Limited, Christchurch Institute of Business and Technology Limited, Colleges of Business & Technology (NSW) Pty Ltd, Colleges of Business & Technology (WA) Pty Ltd, Curtin Education Centre Pte Ltd., Cytech Intersearch Pty Limited, Edinburgh International College Ltd, Educational Enterprises Australia Pty Ltd, Educational Services Pty Ltd, Employment Overseas Ltd, Ex’pression Centre for New Media, Inc, Fraser International College Limited, Hawthorn Learning Pty Limited, Health Skills Australia Pty Ltd, HIBT Ltd, IBT (Canada) Pty Ltd, IBT Education Pty Ltd, IBT (Sydney) Pty Ltd, International College of Manitoba Limited, International College of Toronto Limited, International College Portsmouth Ltd, Keele University International College Ltd, Learning Information Systems, Inc, Leicester Global Study Centre Limited, LM Training Specialists Pty Ltd, London Brunel International College Limited, Marron Group UK Holdings Limited, Melbourne Institute of Business and Technology Pty Ltd, National Excellence in School Leadership Institute Pty Ltd, Navitas America Pty Ltd, Navitas Asia Holdings Pte Ltd, Navitas Boston LLC, Navitas Bowling Green LLC, Navitas Bundoora Pty Ltd, Navitas Canada Holdings Inc, Navitas College of Health Pty Ltd, Navitas College of Public Safety Pty Ltd, Navitas Education Centre Pte Ltd, Navitas Eduservices Private Limited, Navitas English Services Pty Limited, Navitas France SARL, Navitas Germany GmbH, Navitas Global Pty Ltd, Navitas LIS Holdings Pty Ltd, Navitas Middle East FZ-LLC, Navitas Netherlands B.V., Navitas New York LLC, Navitas Nigeria Pty Limited, Navitas Professional Institute Pty Ltd, Navitas Professional Pty Ltd, Navitas Professional Training Pty Ltd, Navitas SAE FZ-LLC, Navitas SAE Holdings Limited, Navitas SAE Holdings Limited, Navitas SAE (UK) Holdings Pty Ltd, Navitas Skilled Futures Pty Ltd, Navitas South Prince George LLC, Navitas UK Holdings Limited, Navitas USA General Partnership, Navitas USA Holdings LLC, Navitas USA Pty Ltd, Navitas Ventures Pty Ltd, Newcastle International College Pty Ltd, Northampton IC Limited, NVT Consulting Company Limited, Plymouth Devon International College Ltd, Queensland Institute of Business and Technology Pty Ltd, SAE Institute Group, Inc, SAE Institute Inc, SAE Institute of Technology (Atlanta) Corp, SAE Institute of Technology (Chicago) Corp, SAE Institute of Technology (Los Angeles) Corp, SAE Institute of Technology (Miami) Corp, SAE Institute of Technology (Nashville) Corp, SAE Institute of Technology (New York) Corp, SAE Institute of Technology (San Francisco) Corp, SAE Institute Pty Limited, SC170551 Limited, SC255447 Limited, School of Audio Engineering (N.Z.) Limited, South Australian Institute of Business and Technology Pty Ltd, Study Overseas (Mauritius) Holding Limited, Sydney Institute of Business and Technology Pty Ltd, The Australian Centre for Languages Pty Ltd, The International College at Robert Gordon University Ltd, UA 92 Global Limited, ULethbridge International College Calgary Limited, Wilfrid Laurier International College Limited, Women and Leadership International (UK) Limited, Workplace Training and Advisory Aust. Pty Ltd, Zunzil Invest S.L.. Register entry: https://modernslaveryregister.gov.au/statements/20033/.'}"
Modern slavery statement 2023-2195: PFG AUSTRALIA PTY LTD,document,"{'content': 'PFG AUSTRALIA PTY LTD (ABN 82 093 037 533) filed a single modern slavery statement with the Australian Modern Slavery Register for the reporting period 2021-04-01 to 2022-03-31. The reporting entity is headquartered in Australia. The reporting entity has an annual revenue band of 200-250M. The reporting entity operates in the industry sectors: Food and beverages, agriculture and fishing Automotive, machinery and heavy electrical equipment. Register entry: https://modernslaveryregister.gov.au/statements/15176/.'}"
genesys cloud services pty  ltd,entity,{}
80 077 375 887,entity,{}
australian modern slavery register,entity,{}
2022 02 01 to 2023 01 31,entity,{}
australia,entity,{}
100 150m,entity,{}
information technology and telecommunication,entity,{}
https   modernslaveryregister gov au statements 13192,entity,{}
federal express  australia  pty ltd,entity,{}
35 003 100 052,entity,{}
fedex express australia pty ltd,entity,{}
51 624 271 487,entity,{}
tnt australia pty ltd,entity,{}
41 000 495 269,entity,{}
2019 06 01 to 2020 05 31,entity,{}
1bn,entity,{}
transportation  logistics  and storage,entity,{}
https   modernslaveryregister gov au statements 1544,entity,{}
patties foods pty limited,entity,{}
62 007 157 182,entity,{}
2020 07 01 to 2021 06 30,entity,{}
500 600m,entity,{}
food and beverages  agriculture and fishing,entity,{}
https   modernslaveryregister gov au statements 7446,entity,{}
7180,entity,{}
modern slavery statement 2021 3797,entity,{}
one qsuper pty ltd,entity,{}
90 601 938 774,entity,{}
qinsure limited,entity,{}
79 607 345 853,entity,{}
qinvest limited,entity,{}
35 063 511 580,entity,{}
qsuper asset management pty ltd,entity,{}
67 608 694 471,entity,{}
qsuper board,entity,{}
32 125 059 006,entity,{}
qsuper limited,entity,{}
50 125 248 286,entity,{}
qsuper,entity,{}
financial  insurance and real estate activities,entity,{}
royan group bidco pty limited,entity,{}
56 638 670 470,entity,{}
royan group holdco pty limited,entity,{}
91 638 670 238,entity,{}
royan group midco pty limited,entity,{}
25 638 670 336,entity,{}
2022 07 01 to 2023 06 30,entity,{}
bill o brien smash repairs pty ltd,entity,{}
royans brisbane pty limited,entity,{}
royans dandenong pty limited,entity,{}
royans melbourne pty ltd,entity,{}
royans newcastle pty ltd,entity,{}
royans dubbo pty limited,entity,{}
royans wodonga pty limited,entity,{}
royan truck   trailer repairs pty ltd,entity,{}
tfi group pty ltd,entity,{}
trucking supplies bidco pty limited,entity,{}
https   modernslaveryregister gov au statements 15328,entity,{}
subsea 7 australia contracting pty ltd,entity,{}
36 005 288 406,entity,{}
200 250m,entity,{}
mining  metals  chemicals and resources  including oil and gas,entity,{}
https   modernslaveryregister gov au statements 14126,entity,{}
the fourth force pty ltd,entity,{}
22 084 438 773,entity,{}
brave logistics pty ltd,entity,{}
73 627 919 411,entity,{}
dramet pty ltd,entity,{}
59 109 544 425,entity,{}
it s fresh pty ltd,entity,{}
83 155 253 259,entity,{}
2023 07 01 to 2024 06 30,entity,{}
800 900m,entity,{}
other,entity,{}
https   modernslaveryregister gov au statements 21976,entity,{}
rimini street inc,entity,{}
61 898 632 956,entity,{}
rimini street australia,entity,{}
86 143 105 686,entity,{}
2023 01 01 to 2023 12 31,entity,{}
united states of america,entity,{}
400 450m,entity,{}
https   modernslaveryregister gov au statements 17599,entity,{}
terumo australia pty limited,entity,{}
34 158 693 595,entity,{}
2021 04 01 to 2022 03 31,entity,{}
japan,entity,{}
healthcare and pharmaceuticals,entity,{}
https   modernslaveryregister gov au statements 10006,entity,{}
adyen australia pty limited,entity,{}
55 162 682 411,entity,{}
2021 01 01 to 2021 12 31,entity,{}
https   modernslaveryregister gov au statements 8537,entity,{}
simply energy limited,entity,{}
0 99m,entity,{}
utilities  gas  water and electricity,entity,{}
western energy limited,entity,{}
new zealand,entity,{}
https   modernslaveryregister gov au statements 8065,entity,{}
the trustee for druin no 3 trust,entity,{}
11 530 188 684,entity,{}
2020 01 01 to 2020 12 30,entity,{}
350 400m,entity,{}
construction  civil engineering and building products,entity,{}
https   modernslaveryregister gov au statements 3067,entity,{}
egon zehnder international pty ltd,entity,{}
67 098 985 409,entity,{}
2022 11 01 to 2023 10 31,entity,{}
switzerland,entity,{}
professional and administrative services and supplies  including legal  consulting and accounting services,entity,{}
https   modernslaveryregister gov au statements 17501,entity,{}
factory mutual insurance company,entity,{}
47 163 108 861,entity,{}
https   modernslaveryregister gov au statements 17890,entity,{}
trina solar  australia  pty ltd,entity,{}
24 150 695 524,entity,{}
china  singapore,entity,{}
300 350m,entity,{}
https   modernslaveryregister gov au statements 8663,entity,{}
anzfof3 nz pty limited,entity,{}
68 623 472 088,entity,{}
new forests asset management pty limited,entity,{}
42 114 545 283,entity,{}
the trustee for forestry investment trust,entity,{}
83 970 141 211,entity,{}
the trustee for tasmanian forest operating sub trust,entity,{}
70 572 091 783,entity,{}
2019 07 01 to 2020 06 30,entity,{}
https   modernslaveryregister gov au statements 4405,entity,{}
multigate medical products pty ltd,entity,{}
98 003 283 529,entity,{}
2021 07 01 to 2022 06 30,entity,{}
https   modernslaveryregister gov au statements 10723,entity,{}
cnw pty ltd,entity,{}
48 009 669 836,entity,{}
samios plumbing pty ltd,entity,{}
91 010 360 899,entity,{}
sherriff electrical pty ltd,entity,{}
63 010 059 837,entity,{}
https   modernslaveryregister gov au statements 7297,entity,{}
nsw electricity networks assets pty limited,entity,{}
nsw electricity networks operations pty limited,entity,{}
lumea intermediate pty limited,entity,{}
lumea pty limited,entity,{}
nsw electricity networks assets holdings pty limited,entity,{}
nsw electricity networks finance pty ltd,entity,{}
nsw electricity networks operations intermediate pty limited,entity,{}
transgrid services 2 pty ltd,entity,{}
transtelco pty ltd,entity,{}
https   modernslaveryregister gov au statements 16349,entity,{}
hua nan commercial bank ltd,entity,{}
54 138 221 637,entity,{}
2024 01 01 to 2024 12 31,entity,{}
taiwan,entity,{}
https   modernslaveryregister gov au statements 22516,entity,{}
water nsw,entity,{}
21 147 934 787,entity,{}
waternsw infrastructure pty ltd,entity,{}
93 629 813 270,entity,{}
450 500m,entity,{}
https   modernslaveryregister gov au statements 20354,entity,{}
hino motor sales australia pty  ltd,entity,{}
74 064 989 724,entity,{}
2023 04 01 to 2024 03 31,entity,{}
australia  japan,entity,{}
automotive  machinery and heavy electrical equipment,entity,{}
https   modernslaveryregister gov au statements 19317,entity,{}
wam strategic value limited,entity,{}
24 649 096 220,entity,{}
https   modernslaveryregister gov au statements 15813,entity,{}
kyocera document solutions australia pty ltd,entity,{}
77 003 852 444,entity,{}
2021 04 01 to 2022 03 30,entity,{}
durable consumer goods  including electronics and appliances  home furnishings and other accessories information technology and telecommunication,entity,{}
https   modernslaveryregister gov au statements 9973,entity,{}
2021 3741,entity,{}
modern slavery statement 2021 3741,entity,{}
midway ltd,entity,{}
44 005 616 044,entity,{}
250 300m,entity,{}
forestry  timber products  paper and containers and packaging,entity,{}
https   modernslaveryregister gov au statements 7110,entity,{}
sedgwick australia holdings pty limited,entity,{}
30 600 165 339,entity,{}
41 646 785 873,entity,{}
49 003 437 161,entity,{}
60 006 984 292,entity,{}
direct health solutions australia pty ltd,entity,{}
direct health solutions group pty ltd,entity,{}
sedgwick australia finance pty limited,entity,{}
sedgwick australia pty limited,entity,{}
https   modernslaveryregister gov au statements 18406,entity,{}
hdi global se,entity,{}
55 490 279 016,entity,{}
germany,entity,{}
https   modernslaveryregister gov au statements 9409,entity,{}
the law society of new south wales,entity,{}
https   modernslaveryregister gov au statements 16212,entity,{}
compassion australia,entity,{}
67 001 692 566,entity,{}
charitable   not for profit activities,entity,{}
https   modernslaveryregister gov au statements 15509,entity,{}
linfox pty ltd,entity,{}
59 004 667 298,entity,{}
unknown,entity,{}
https   modernslaveryregister gov au statements 7640,entity,{}
newcastle port corporation,entity,{}
50 825 884 846,entity,{}
150 200m,entity,{}
https   modernslaveryregister gov au statements 10832,entity,{}
dt global australia holdings pty ltd,entity,{}
2023 10 01 to 2024 09 30,entity,{}
dt global asia pacific pty ltd,entity,{}
dt global australia pty ltd,entity,{}
https   modernslaveryregister gov au statements 22174,entity,{}
weir group  australian holdings  pty limited,entity,{}
57 090 873 117,entity,{}
weir minerals australia ltd,entity,{}
69 009 701 802,entity,{}
united kingdom,entity,{}
https   modernslaveryregister gov au statements 18581,entity,{}
base resources limited,entity,{}
3909,entity,{}
2024 07 01 to 2025 06 30,entity,{}
mining,entity,{}
https   modernslaveryregister gov au statements 27029,entity,{}
paccar australia pty  ltd,entity,{}
1510,entity,{}
paccar financial pty  ltd,entity,{}
https   modernslaveryregister gov au statements 18826,entity,{}
georgiou group pty ltd,entity,{}
82 073 851 948,entity,{}
https   modernslaveryregister gov au statements 5014,entity,{}
rea group ltd,entity,{}
2024 2968,entity,{}
realestate com au pty limited,entity,{}
information media and telecommunications rental  hiring and real estate services,entity,{}
mortgage choice pty ltd,entity,{}
https   modernslaveryregister gov au statements 25442,entity,{}
domestic   general insurance plc,entity,{}
11 124 040 768,entity,{}
2020 04 01 to 2021 03 30,entity,{}
https   modernslaveryregister gov au statements 6555,entity,{}
bond university limited,entity,{}
88 010 694 121,entity,{}
2022 01 01 to 2022 12 31,entity,{}
education and research,entity,{}
https   modernslaveryregister gov au statements 12944,entity,{}
the royal children s hospital,entity,{}
35 655 720 546,entity,{}
900m 1bn,entity,{}
https   modernslaveryregister gov au statements 6826,entity,{}
mufg bank  ltd,entity,{}
75 103 418 882,entity,{}
2021 01 01 to 2021 12 30,entity,{}
https   modernslaveryregister gov au statements 7868,entity,{}
modern slavery statement 2022 117,entity,{}
joint modern slavery statement from,entity,{}
r c    l c  holdings pty limited,entity,{}
41 105 030 117,entity,{}
richard crookes constructions pty  limited,entity,{}
33 001 375 266,entity,{}
toll holdings limited,entity,{}
25 006 592 089,entity,{}
https   modernslaveryregister gov au statements 8163,entity,{}
msi computer  australia  pty  limited,entity,{}
23 083 503 584,entity,{}
2020 01 01 to 2020 12 31,entity,{}
https   modernslaveryregister gov au statements 6105,entity,{}
olympus australia pty ltd,entity,{}
https   modernslaveryregister gov au statements 19574,entity,{}
scs super pty  limited,entity,{}
74 064 712 607,entity,{}
https   modernslaveryregister gov au statements 2229,entity,{}
djh global pty ltd,entity,{}
57 136 377 734,entity,{}
greg s gas and welding supplies traralgon pty  ltd,entity,{}
34 129 987 131,entity,{}
moorabbin gas supplies pty  ltd,entity,{}
41 004 798 832,entity,{}
murray river gas pty ltd,entity,{}
77 108 454 299,entity,{}
nsc  australia  pty ltd,entity,{}
71 607 111 268,entity,{}
sagapus holdings pty limited,entity,{}
33 164 385 817,entity,{}
supagas pty limited,entity,{}
50 074 008 496,entity,{}
the trustee for a f t unit trust,entity,{}
99 343 828 065,entity,{}
600 700m,entity,{}
https   modernslaveryregister gov au statements 5556,entity,{}
jaybro group pty ltd,entity,{}
48 159 122 488,entity,{}
https   modernslaveryregister gov au statements 6328,entity,{}
magi enterprises pty ltd,entity,{}
49 154 423 613,entity,{}
fashion  textiles  apparel and luxury goods,entity,{}
https   modernslaveryregister gov au statements 23121,entity,{}
accent air pty limited,entity,{}
28 062 383 224,entity,{}
aquamax australia pty limited,entity,{}
37 138 189 689,entity,{}
raypak australia pty ltd,entity,{}
65 078 743 414,entity,{}
rheem australia pty limited,entity,{}
21 098 823 511,entity,{}
solahart industries pty  ltd,entity,{}
45 064 945 848,entity,{}
durable consumer goods  including electronics and appliances  home furnishings and other accessories,entity,{}
https   modernslaveryregister gov au statements 8958,entity,{}
sales force national pty ltd,entity,{}
60 110 379 587,entity,{}
https   modernslaveryregister gov au statements 10577,entity,{}
c p  merchandising company limited,entity,{}
90 152 033 460,entity,{}
thailand,entity,{}
https   modernslaveryregister gov au statements 13180,entity,{}
mm resources pty  ltd,entity,{}
46 063 853 903,entity,{}
nippon coke   engineering co   ltd,entity,{}
https   modernslaveryregister gov au statements 5620,entity,{}
seek limited,entity,{}
46 080 075 314,entity,{}
media  publishing  arts and entertainment,entity,{}
https   modernslaveryregister gov au statements 24237,entity,{}
australian steel traders pty ltd,entity,{}
93 644 181 028,entity,{}
https   modernslaveryregister gov au statements 12056,entity,{}
mutual marketplace pty  ltd,entity,{}
35 615 297 820,entity,{}
https   modernslaveryregister gov au statements 10904,entity,{}
activ foundation incorporated,entity,{}
11 553 592 765,entity,{}
forestry  timber products  paper and containers and packaging charitable   not for profit activities,entity,{}
city to surf  wa  foundation limited,entity,{}
https   modernslaveryregister gov au statements 15413,entity,{}
uniting  nsw act,entity,{}
78 722 539 923,entity,{}
https   modernslaveryregister gov au statements 7822,entity,{}
dof management australia pty ltd,entity,{}
29 147 653 629,entity,{}
dof subsea australia pty ltd,entity,{}
53 083 000 239,entity,{}
australia  norway,entity,{}
https   modernslaveryregister gov au statements 4715,entity,{}
kao australia pty  limited,entity,{}
59 054 708 299,entity,{}
cosmetics and toiletries,entity,{}
bondi sands australia pty ltd,entity,{}
bondi sands hold co pty ltd,entity,{}
https   modernslaveryregister gov au statements 23242,entity,{}
the trustee for icg australia senior loan fund,entity,{}
85 838 414 235,entity,{}
https   modernslaveryregister gov au statements 20503,entity,{}
ashley services group limited,entity,{}
92 094 747 510,entity,{}
https   modernslaveryregister gov au statements 10727,entity,{}
pipemakers australia pty ltd,entity,{}
76 061 712 365,entity,{}
https   modernslaveryregister gov au statements 23775,entity,{}
duxton capital holdings pty ltd,entity,{}
accommodation and food services agriculture  forestry and fishing financial and insurance services,entity,{}
https   modernslaveryregister gov au statements 25777,entity,{}
jadestone energy  australia  pty ltd,entity,{}
singapore,entity,{}
https   modernslaveryregister gov au statements 5170,entity,{}
d t gilbert   s nickless   w r spain   the trustee for g   t service trust,entity,{}
88 775 098 848,entity,{}
the trustee for g   t service trust,entity,{}
77 458 970 098,entity,{}
g t capital services pty ltd,entity,{}
g   t consultants pty  ltd   46 068 298 448,entity,{}
g   t premises pty  limited  64 091 984 922,entity,{}
the trustee for gilbert and tobin foundation  96 679 503 419,entity,{}
the trustee for g t legaltech solutions unit trust  64 876 640 692,entity,{}
the trustee for g t professional service unit trust  96 431 953 017,entity,{}
the trustee for g t tax agent unit trust  95 332 013 597,entity,{}
https   modernslaveryregister gov au statements 20526,entity,{}
panthers catering pty ltd,entity,{}
55 125 979 393,entity,{}
penrith district rugby league football club limited,entity,{}
28 003 908 503,entity,{}
penrith rugby league club ltd,entity,{}
57 000 578 398,entity,{}
the trustee for mulgoa land trust no 1,entity,{}
55 245 739 756,entity,{}
https   modernslaveryregister gov au statements 17208,entity,{}
retail holdings pty  ltd,entity,{}
71 093 246 032,entity,{}
sportsgirl pty  ltd,entity,{}
77 090 049 415,entity,{}
the trustee for suzanne grae unit trust,entity,{}
11 580 943 436,entity,{}
the trustee for the sussan lingerie   sportswear trust,entity,{}
79 772 682 378,entity,{}
2022 08 01 to 2023 07 31,entity,{}
https   modernslaveryregister gov au statements 16179,entity,{}
bto lt hold pty ltd,entity,{}
85 623 323 044,entity,{}
bto lt sub pty ltd,entity,{}
84 623 324 292,entity,{}
la trobe financial asset management limited,entity,{}
27 007 332 363,entity,{}
la trobe financial pty limited,entity,{}
80 115 895 362,entity,{}
https   modernslaveryregister gov au statements 3186,entity,{}
colas australia group pty ltd,entity,{}
11 000 388 161,entity,{}
700 800m,entity,{}
centre state asphalting pty ltd,entity,{}
colas new south wales pty ltd,entity,{}
colas queensland pty ltd,entity,{}
colas solutions pty ltd,entity,{}
colas western australia pty ltd,entity,{}
east arm resources pty ltd,entity,{}
hutchison quarries pty ltd,entity,{}
inroads pty ltd,entity,{}
primal surfacing pty ltd,entity,{}
sami bitumen technologies pty ltd,entity,{}
top coat asphalt contractors pty  ltd,entity,{}
western quarries pty ltd,entity,{}
https   modernslaveryregister gov au statements 17311,entity,{}
avetta  llc,entity,{}
https   modernslaveryregister gov au statements 12444,entity,{}
proten holdings pty ltd,entity,{}
98 437 402 706,entity,{}
proten pty limited,entity,{}
80 109 715 488,entity,{}
proten tamworth pty ltd,entity,{}
12 109 715 513,entity,{}
https   modernslaveryregister gov au statements 16599,entity,{}
citywide service solutions pty ltd,entity,{}
94 066 960 085,entity,{}
waste management and recycling,entity,{}
https   modernslaveryregister gov au statements 2062,entity,{}
trelleborg holdings australia pty ltd,entity,{}
35 009 674 195,entity,{}
88 098 290 432,entity,{}
trelleborg marine systems australia pty ltd,entity,{}
trelleborg perth pty ltd,entity,{}
australia  sweden,entity,{}
https   modernslaveryregister gov au statements 18334,entity,{}
greencross pty limited,entity,{}
greencross nsw pty ltd,entity,{}
greencross operations pty ltd,entity,{}
professional  scientific and technical services retail trade other services agriculture  forestry and fishing wholesale trade,entity,{}
mammoth pet holdings pty limited,entity,{}
mammoth pet pty limited,entity,{}
petbarn pty limited,entity,{}
vermont aus holdco pty ltd,entity,{}
vermont aus midco pty ltd,entity,{}
vermont aus pty ltd,entity,{}
https   modernslaveryregister gov au statements 26554,entity,{}
baxter healthcare pty ltd,entity,{}
2024 1142,entity,{}
hill rom pty ltd,entity,{}
trumpf med  aust  pty limited,entity,{}
vantive pty ltd,entity,{}
welch allyn australia pty  limited,entity,{}
https   modernslaveryregister gov au statements 18451,entity,{}
brownes foods operations pty limited,entity,{}
60 146 849 881,entity,{}
https   modernslaveryregister gov au statements 4997,entity,{}
bestbar pty ltd,entity,{}
48 068 713 539,entity,{}
https   modernslaveryregister gov au statements 17630,entity,{}
medecins sans frontieres australia,entity,{}
74 068 758 654,entity,{}
https   modernslaveryregister gov au statements 4561,entity,{}
the trustee for state street international equities index trust,entity,{}
29 930 490 857,entity,{}
https   modernslaveryregister gov au statements 2191,entity,{}
kinetic it pty ltd,entity,{}
97 072 941 943,entity,{}
https   modernslaveryregister gov au statements 6502,entity,{}
eldercare australia ltd,entity,{}
63 758 127 271,entity,{}
https   modernslaveryregister gov au statements 19826,entity,{}
fonterra co operative group limited,entity,{}
19588,entity,{}
2023 08 01 to 2024 07 31,entity,{}
https   modernslaveryregister gov au statements 19588,entity,{}
rural funds trust,entity,{}
58 916 212 858,entity,{}
food and beverages  agriculture and fishing financial  insurance and real estate activities,entity,{}
rf active,entity,{}
18 611 617 622,entity,{}
https   modernslaveryregister gov au statements 20843,entity,{}
compare the market pty ltd,entity,{}
information technology and telecommunication financial  insurance and real estate activities,entity,{}
https   modernslaveryregister gov au statements 15236,entity,{}
zimmermann holdings pty ltd,entity,{}
zimmermann international pty ltd,entity,{}
zimmermann wear pty ltd,entity,{}
https   modernslaveryregister gov au statements 1305,entity,{}
yenda producers co operative society ltd,entity,{}
79 134 587 268,entity,{}
https   modernslaveryregister gov au statements 11711,entity,{}
emerald grain pty ltd,entity,{}
82 109 203 054,entity,{}
https   modernslaveryregister gov au statements 5789,entity,{}
cox automotive australia pty ltd,entity,{}
97 090 535 505,entity,{}
manheim pty ltd,entity,{}
79 089 074 206,entity,{}
automotive  machinery and heavy electrical equipment transportation  logistics  and storage other,entity,{}
https   modernslaveryregister gov au statements 18575,entity,{}
melbourne primary care network limited,entity,{}
93 153 323 436,entity,{}
healthcare and pharmaceuticals charitable   not for profit activities,entity,{}
https   modernslaveryregister gov au statements 20857,entity,{}
ddt holdings pty ltd,entity,{}
20 137 675 140,entity,{}
wholesale trade,entity,{}
https   modernslaveryregister gov au statements 27040,entity,{}
mosaic brands limited,entity,{}
96 003 321 579,entity,{}
https   modernslaveryregister gov au statements 12529,entity,{}
blundstone australia pty ltd,entity,{}
60 009 475 852,entity,{}
h a  cuthbertson holdings pty  ltd,entity,{}
88 009 493 350,entity,{}
blundstone new zealand ltd,entity,{}
blundstone  u s a   inc,entity,{}
https   modernslaveryregister gov au statements 21059,entity,{}
wisetech global  australia  pty ltd,entity,{}
23 112 936 991,entity,{}
wisetech global limited,entity,{}
41 065 894 724,entity,{}
https   modernslaveryregister gov au statements 2725,entity,{}
rexel holdings australia pty ltd,entity,{}
australian regional wholesalers pty limited,entity,{}
rexel electrical supplies pty ltd,entity,{}
https   modernslaveryregister gov au statements 23654,entity,{}
australian wool innovation limited,entity,{}
12 095 165 558,entity,{}
https   modernslaveryregister gov au statements 15618,entity,{}
ausbil investment management limited,entity,{}
26 076 316 473,entity,{}
https   modernslaveryregister gov au statements 18140,entity,{}
mission australia,entity,{}
15 000 002 522,entity,{}
https   modernslaveryregister gov au statements 11289,entity,{}
bbc studios australia holdings pty ltd,entity,{}
85 127 624 104,entity,{}
2024 04 01 to 2025 03 31,entity,{}
information media and telecommunications,entity,{}
https   modernslaveryregister gov au statements 22733,entity,{}
big ben holdings pty  limited,entity,{}
63 008 434 562,entity,{}
ashtonfields pty limited,entity,{}
biodiesel industries australia pty limited,entity,{}
bloomfield collieries pty ltd,entity,{}
curlewis coal   coke pty limited,entity,{}
four mile management services pty ltd,entity,{}
four mile pty ltd,entity,{}
goonbri coal   coke pty limited,entity,{}
mcdougall s hill development holdings pty ltd,entity,{}
northern waggons pty ltd,entity,{}
pwg king   sons pty ltd,entity,{}
rix s creek pty  limited,entity,{}
https   modernslaveryregister gov au statements 22468,entity,{}
ryman healthcare  australia  pty ltd,entity,{}
44 142 241 110,entity,{}
ryman healthcare limited,entity,{}
health care and social assistance,entity,{}
https   modernslaveryregister gov au statements 24464,entity,{}
allergan australia pty limited,entity,{}
85 000 612 831,entity,{}
2020 12 31 to 2021 06 30,entity,{}
https   modernslaveryregister gov au statements 8749,entity,{}
kaefer integrated services pty ltd,entity,{}
83 009 046 191,entity,{}
https   modernslaveryregister gov au statements 18847,entity,{}
bundaberg sugar group ltd,entity,{}
https   modernslaveryregister gov au statements 19407,entity,{}
mitsubishi motors australia limited,entity,{}
53 007 870 395,entity,{}
https   modernslaveryregister gov au statements 5709,entity,{}
mitsubishi australia limited,entity,{}
81 004 354 278,entity,{}
https   modernslaveryregister gov au statements 123,entity,{}
ck william australia bidco pty ltd,entity,{}
30 613 693 182,entity,{}
ck william australia holdings pty ltd,entity,{}
14 613 690 243,entity,{}
duet company pty limited,entity,{}
93 163 100 061,entity,{}
the trustee for diversified utility and energy trust 1,entity,{}
83 495 791 796,entity,{}
australia  hong kong,entity,{}
https   modernslaveryregister gov au statements 9034,entity,{}
fantastic furniture pty limited,entity,{}
66 003 688 855,entity,{}
fantastic holdings pty limited,entity,{}
19 004 000 775,entity,{}
fhl distribution centre pty ltd,entity,{}
96 114 853 315,entity,{}
futuresleep pty ltd,entity,{}
94 602 775 959,entity,{}
g   g furniture imports pty limited,entity,{}
65 092 130 688,entity,{}
greenlit brands pty limited,entity,{}
21 612 890 874,entity,{}
original mattress factory pty limited,entity,{}
49 116 339 470,entity,{}
plush think sofas pty ltd,entity,{}
55 080 012 595,entity,{}
snooze management pty ltd,entity,{}
19 006 232 720,entity,{}
unitrans asia pacific pty ltd,entity,{}
23 096 249 393,entity,{}
2019 10 01 to 2020 09 30,entity,{}
durable consumer goods  including electronics and appliances  home furnishings and other accessories transportation  logistics  and storage,entity,{}
https   modernslaveryregister gov au statements 3178,entity,{}
the trustee for l1 capital long short fund,entity,{}
84 951 776 501,entity,{}
https   modernslaveryregister gov au statements 7474,entity,{}
pilbara minerals limited,entity,{}
95 112 425 788,entity,{}
https   modernslaveryregister gov au statements 7113,entity,{}
bmi group pty ltd,entity,{}
86 075 195 756,entity,{}
https   modernslaveryregister gov au statements 9701,entity,{}
calix inc,entity,{}
calix international inc,entity,{}
calix ireland limited,entity,{}
calix networks uk ltd,entity,{}
calix network tech  dev t  nanjing  co  ltd,entity,{}
cidc private limited,entity,{}
nrvous llc,entity,{}
https   modernslaveryregister gov au statements 22053,entity,{}
australian energy market operator limited,entity,{}
94 072 010 327,entity,{}
https   modernslaveryregister gov au statements 12218,entity,{}
sps commerce inc,entity,{}
93 724 120 808,entity,{}
other services,entity,{}
sps commerce australia pty ltd,entity,{}
sps commerce canada  ltd,entity,{}
sps commerce holding b v,entity,{}
sps commerce netherlands b v,entity,{}
sps commerce philippines inc,entity,{}
sps commerce poland sp  z o o,entity,{}
sps europe limited,entity,{}
sps hong kong limited,entity,{}
sps international  inc,entity,{}
sps ukraine llc,entity,{}
supplypike  inc,entity,{}
tie commerce  inc,entity,{}
tie kinetix dach gmbh,entity,{}
tie kinetix europe b v,entity,{}
tie kinetix  ltd,entity,{}
tie kinetix sas,entity,{}
tie mambofive b v,entity,{}
tie nederland b v,entity,{}
tie product development b v,entity,{}
https   modernslaveryregister gov au statements 23859,entity,{}
minterellison,entity,{}
91 556 716 819,entity,{}
the trustee for minter ellison services trust,entity,{}
55 971 237 295,entity,{}
https   modernslaveryregister gov au statements 1548,entity,{}
kuehne   nagel pty ltd,entity,{}
70 000 871 607,entity,{}
https   modernslaveryregister gov au statements 816,entity,{}
reliance worldwide corporation  aust   pty  ltd,entity,{}
71 004 784 301,entity,{}
reliance worldwide corporation limited,entity,{}
46 610 855 877,entity,{}
https   modernslaveryregister gov au statements 15901,entity,{}
the quantium group holdings pty limited,entity,{}
https   modernslaveryregister gov au statements 15044,entity,{}
cranky health pty ltd,entity,{}
90 604 301 831,entity,{}
custom blending pty ltd,entity,{}
11 618 366 813,entity,{}
custom foods pty ltd,entity,{}
67 637 467 291,entity,{}
custom supplements pty ltd,entity,{}
79 160 687 169,entity,{}
https   modernslaveryregister gov au statements 12153,entity,{}
e b  mawson   sons proprietary limited,entity,{}
14 004 519 617,entity,{}
https   modernslaveryregister gov au statements 2582,entity,{}
ua australia pty ltd,entity,{}
18 162 580 190,entity,{}
https   modernslaveryregister gov au statements 22834,entity,{}
mott macdonald australia pty limited,entity,{}
13 134 120 353,entity,{}
professional  scientific and technical services,entity,{}
https   modernslaveryregister gov au statements 24304,entity,{}
the bethanie group inc,entity,{}
60 992 323 648,entity,{}
https   modernslaveryregister gov au statements 6568,entity,{}
abax kingfisher pty ltd,entity,{}
79 064 734 505,entity,{}
https   modernslaveryregister gov au statements 13530,entity,{}
west australian football commission inc,entity,{}
51 167 923 136,entity,{}
https   modernslaveryregister gov au statements 14161,entity,{}
pepper money limited,entity,{}
55 094 317 665,entity,{}
https   modernslaveryregister gov au statements 8971,entity,{}
queensland rail   queensland rail limited,entity,{}
queensland rail  abn 68 598 268 528,entity,{}
68 598 268 528,entity,{}
queensland rail limited  abn 71 132 181 090,entity,{}
71 132 181 090,entity,{}
transport  postal and warehousing,entity,{}
queensland rail limited,entity,{}
queensland rail,entity,{}
https   modernslaveryregister gov au statements 27438,entity,{}
electronics boutique australia pty limited,entity,{}
50 077 681 442,entity,{}
2023 02 01 to 2024 01 31,entity,{}
durable consumer goods  including electronics and appliances  home furnishings and other accessories fashion  textiles  apparel and luxury goods,entity,{}
https   modernslaveryregister gov au statements 19006,entity,{}
regal atlantic absolute return fund,entity,{}
32 858 984 881,entity,{}
regal australian active extension trust,entity,{}
61 684 738 227,entity,{}
regal australian small companies fund,entity,{}
36 910 012 302,entity,{}
https   modernslaveryregister gov au statements 20116,entity,{}
apiam animal health limited,entity,{}
50 604 961 024,entity,{}
https   modernslaveryregister gov au statements 26052,entity,{}
dyno nobel asia pacific pty limited,entity,{}
38 003 269 010,entity,{}
dyno nobel moranbah pty ltd,entity,{}
63 115 650 649,entity,{}
dyno nobel pty limited,entity,{}
44 117 733 463,entity,{}
incitec fertilizers pty limited,entity,{}
56 103 709 155,entity,{}
incitec pivot explosives holdings pty limited,entity,{}
88 124 351 328,entity,{}
incitec pivot investments 1 pty ltd,entity,{}
18 130 242 090,entity,{}
incitec pivot limited,entity,{}
42 004 080 264,entity,{}
southern cross fertilisers pty ltd,entity,{}
30 004 936 850,entity,{}
note printing australia limited,entity,{}
86 082 630 671,entity,{}
reserve bank of australia,entity,{}
50 008 559 486,entity,{}
https   modernslaveryregister gov au statements 10703,entity,{}
possability group ltd,entity,{}
58 638 044 327,entity,{}
https   modernslaveryregister gov au statements 7957,entity,{}
novartis australia pty limited,entity,{}
81 004 371 224,entity,{}
novartis pharmaceuticals australia pty limited,entity,{}
18 004 244 160,entity,{}
https   modernslaveryregister gov au statements 22486,entity,{}
allegis group apac holdings pty ltd,entity,{}
84 159 406 523,entity,{}
allegis group australia pty ltd,entity,{}
81 105 143 324,entity,{}
https   modernslaveryregister gov au statements 4442,entity,{}
direct digital group holdings pty ltd,entity,{}
retail trade,entity,{}
direct publishing pty ltd,entity,{}
innovations direct pty  limited,entity,{}
tvsn channel pty ltd,entity,{}
geocon constructors  act  pty ltd,entity,{}
56 163 299 769,entity,{}
geocon group pty ltd,entity,{}
36 165 918 356,entity,{}
iconic hotels pty ltd,entity,{}
87 620 145 860,entity,{}
food and beverages  agriculture and fishing construction  civil engineering and building products consumer services  including accommodation  hospitality  tourism and leisure,entity,{}
australian fresh milk holdings pty ltd,entity,{}
16733,entity,{}
australian fresh milk genetics pty ltd,entity,{}
australian fresh milk investments pty ltd,entity,{}
australian fresh milk trading pty ltd,entity,{}
fresh dairy holdings pty ltd,entity,{}
mears group pty ltd,entity,{}
92 149 486 500,entity,{}
https   modernslaveryregister gov au statements 9622,entity,{}
hengtong cable australia pty ltd,entity,{}
20 620 520 541,entity,{}
utilities  gas  water and electricity other,entity,{}
https   modernslaveryregister gov au statements 7351,entity,{}
redox group pty ltd,entity,{}
42 627 118 101,entity,{}
https   modernslaveryregister gov au statements 249,entity,{}
horticulture innovation australia limited,entity,{}
71 602 100 149,entity,{}
https   modernslaveryregister gov au statements 21299,entity,{}
societe generale,entity,{}
71 092 516 286,entity,{}
france,entity,{}
https   modernslaveryregister gov au statements 23935,entity,{}
paul ramsay foundation limited,entity,{}
32 623 132 472,entity,{}
paul ramsay holdings pty  limited,entity,{}
33 008 446 151,entity,{}
plantation palms properties pty ltd,entity,{}
30 106 576 087,entity,{}
https   modernslaveryregister gov au statements 26895,entity,{}
atlas iron pty ltd,entity,{}
atlas operations pty ltd,entity,{}
atlas pty ltd,entity,{}
aurox resources pty ltd,entity,{}
australian manganese pty ltd,entity,{}
carlinga mining pty ltd,entity,{}
ferraus limited,entity,{}
ferraus manganese pty ltd,entity,{}
ferro metals australia pty ltd,entity,{}
giralia resources pty ltd,entity,{}
south east pilbara assets pty ltd,entity,{}
st george magnetite pty ltd,entity,{}
tallering resources pty ltd,entity,{}
warwick resources limited,entity,{}
https   modernslaveryregister gov au statements 21313,entity,{}
apple pty limited,entity,{}
46 002 510 054,entity,{}
apple sales new zealand,entity,{}
australia  new zealand,entity,{}
other services retail trade wholesale trade,entity,{}
https   modernslaveryregister gov au statements 24540,entity,{}
fdc construction   fitout  qld  pty limited,entity,{}
41 134 454 274,entity,{}
fdc construction   fitout  vic  pty limited,entity,{}
17 134 448 507,entity,{}
fdc construction  nsw  pty limited,entity,{}
72 608 609 427,entity,{}
fdc fitout   refurbishment  nsw  pty limited,entity,{}
29 618 496 558,entity,{}
fdc group holdings pty ltd,entity,{}
68 615 183 358,entity,{}
fdc business services pty ltd,entity,{}
fdc construction   fitout  act  pty ltd,entity,{}
fdc construction   fitout  sa  pty ltd,entity,{}
fdc construction   fitout  wa  pty limited,entity,{}
fdc mechanical services pty ltd,entity,{}
midocean energy parent pty ltd,entity,{}
31 666 688 786,entity,{}
united kingdom  united states of america,entity,{}
155 063 362 pty ltd,entity,{}
155 063 371 pty ltd,entity,{}
midocean energy holdings pty ltd,entity,{}
midocean energy parent 2 pty ltd,entity,{}
midocean energy parent 3 pty ltd,entity,{}
midocean energy parent 4 pty ltd,entity,{}
midocean gorgon pty ltd,entity,{}
midocean mako holdco pty ltd,entity,{}
midocean mako parent pty ltd,entity,{}
midocean pluto pty ltd,entity,{}
midocean qclng pty ltd,entity,{}
midocean reef bidco pty ltd,entity,{}
midocean reef parent pty ltd,entity,{}
https   modernslaveryregister gov au statements 24126,entity,{}
nomura global financial products inc,entity,{}
19518,entity,{}
https   modernslaveryregister gov au statements 19518,entity,{}
wesbeam pty ltd,entity,{}
89 004 268 017,entity,{}
https   modernslaveryregister gov au statements 7946,entity,{}
wf automotive pty ltd,entity,{}
69 617 175 158,entity,{}
https   modernslaveryregister gov au statements 19171,entity,{}
quiksilver australia pty ltd,entity,{}
20 091 136 195,entity,{}
2019 11 01 to 2020 10 30,entity,{}
https   modernslaveryregister gov au statements 2840,entity,{}
united wool company pty ltd,entity,{}
84 164 061 198,entity,{}
https   modernslaveryregister gov au statements 19127,entity,{}
deputec pty ltd,entity,{}
91 133 632 327,entity,{}
deputy group pty ltd,entity,{}
28 608 535 093,entity,{}
deputy emea limited,entity,{}
https   modernslaveryregister gov au statements 24878,entity,{}
rothesay limited,entity,{}
modern slavery register,entity,{}
lt mortgage financing limited,entity,{}
rothesay asset management australia pty ltd,entity,{}
rothesay asset management north america llc,entity,{}
rothesay foundation,entity,{}
rothesay life plc,entity,{}
rothesay ma no  1 limited,entity,{}
rothesay ma no  3 limited,entity,{}
rothesay ma no  4 limited,entity,{}
rothesay mortgage financing limited,entity,{}
rothesay mortgages limited,entity,{}
rothesay pensions management limited,entity,{}
rothesay property partnership 1 llp,entity,{}
https   modernslaveryregister gov au statements 23211,entity,{}
simon george and sons pty ltd,entity,{}
55 104 866 284,entity,{}
https   modernslaveryregister gov au statements 12562,entity,{}
australia by saint pty ltd,entity,{}
56 624 004 566,entity,{}
https   modernslaveryregister gov au statements 3941,entity,{}
shopping centres australasia property group re limited,entity,{}
47 158 809 851,entity,{}
https   modernslaveryregister gov au statements 2155,entity,{}
2024 796,entity,{}
modern slavery statement,entity,{}
pzena investment management  llc,entity,{}
https   modernslaveryregister gov au statements 17939,entity,{}
2021 856,entity,{}
border express pty ltd,entity,{}
82 000 533 880,entity,{}
https   modernslaveryregister gov au statements 2640,entity,{}
carmichael rail holdings pty ltd,entity,{}
32 601 738 827,entity,{}
carmichael rail pty ltd,entity,{}
80 601 873 492,entity,{}
https   modernslaveryregister gov au statements 19484,entity,{}
2023 426,entity,{}
sierra rutile holdings limited,entity,{}
79 613 822 165,entity,{}
sierra leone,entity,{}
south africa,entity,{}
https   modernslaveryregister gov au statements 12700,entity,{}
lateral plains events pty ltd,entity,{}
83 650 861 064,entity,{}
https   modernslaveryregister gov au statements 21673,entity,{}
construction control australia pty limited,entity,{}
92 150 745 207,entity,{}
construction,entity,{}
https   modernslaveryregister gov au statements 24507,entity,{}
rac insurance pty limited,entity,{}
59 094 685 882,entity,{}
racwa holdings pty ltd,entity,{}
60 008 985 877,entity,{}
the royal automobile club of wa inc,entity,{}
33 212 133 120,entity,{}
automotive  machinery and heavy electrical equipment  consumer services  including accommodation  hospitality  tourism and leisure  financial  insurance and real estate activities  education and research  charitable   not for profit activities,entity,{}
https   modernslaveryregister gov au statements 2069,entity,{}
bellamy s australia limited,entity,{}
37 124 272 108,entity,{}
bellamy s organic pty ltd,entity,{}
11 125 461 903,entity,{}
bright treasure pty ltd,entity,{}
18 636 561 432,entity,{}
wise journey pty ltd,entity,{}
12 636 561 469,entity,{}
a c n  619 661 611 pty ltd,entity,{}
21 619 661 611,entity,{}
camperdown powder pty ltd,entity,{}
56 168 982 250,entity,{}
https   modernslaveryregister gov au statements 23683,entity,{}
hafele australia pty  ltd,entity,{}
51 006 021 432,entity,{}
https   modernslaveryregister gov au statements 7057,entity,{}
alkane resources ltd,entity,{}
35 000 689 216,entity,{}
mandalay resources costerfield operations pty limited,entity,{}
34 006 711 119,entity,{}
tomingley gold operations pty ltd,entity,{}
53 149 040 371,entity,{}
mitchell creek mining pty ltd,entity,{}
75 657 711 209,entity,{}
mandalay resources corporation,entity,{}
register entry,entity,{}
https   modernslaveryregister gov au statements 26788,entity,{}
qscan group holdings newco pty ltd,entity,{}
22 645 220 328,entity,{}
https   modernslaveryregister gov au statements 7922,entity,{}
australian centre for advanced computing and communication pty ltd,entity,{}
27 095 046 923,entity,{}
https   modernslaveryregister gov au statements 5806,entity,{}
dexplan pty ltd,entity,{}
33 607 197 811,entity,{}
new hope bengalla pty ltd,entity,{}
new hope corporation limited,entity,{}
38 010 653 844,entity,{}
https   modernslaveryregister gov au statements 21357,entity,{}
paynter dixon constructions pty limited,entity,{}
84 097 120 315,entity,{}
https   modernslaveryregister gov au statements 26734,entity,{}
reozone unit trust,entity,{}
48 784 895 894,entity,{}
https   modernslaveryregister gov au statements 20623,entity,{}
atco gas australia networks pty ltd,entity,{}
24 659 123 636,entity,{}
atco structures   logistics pty ltd,entity,{}
71 083 902 309,entity,{}
utilities  gas  water and electricity construction  civil engineering and building products,entity,{}
atco gas australia pty ltd,entity,{}
https   modernslaveryregister gov au statements 23422,entity,{}
the trustee for sft trust,entity,{}
75 492 874 033,entity,{}
peregrine energy pty ltd,entity,{}
80 615 822 065,entity,{}
reliable petroleum pty ltd,entity,{}
54 602 197 375,entity,{}
food and beverages  agriculture and fishing mining  metals  chemicals and resources  including oil and gas  durable consumer goods  including electronics and appliances  home furnishings and other accessories,entity,{}
https   modernslaveryregister gov au statements 16638,entity,{}
terex australia pty ltd,entity,{}
86 010 671 048,entity,{}
https   modernslaveryregister gov au statements 12808,entity,{}
wa return recycle renew ltd,entity,{}
https   modernslaveryregister gov au statements 25589,entity,{}
a c n  003 100 052 pty ltd,entity,{}
federal express  australia  pty ltd   fedex express australia pty ltd,entity,{}
2023 06 01 to 2024 05 31,entity,{}
https   modernslaveryregister gov au statements 20003,entity,{}
agriculture  forestry and fishing financial and insurance services,entity,{}
https   modernslaveryregister gov au statements 26145,entity,{}
mackay sugar limited,entity,{}
12 057 463 671,entity,{}
queensland commodity services pty ltd,entity,{}
35 163 077 601,entity,{}
2021 03 01 to 2022 02 28,entity,{}
https   modernslaveryregister gov au statements 9908,entity,{}
the trustee for rod russell family trust   the trustee for shagay unit trust   the trustee for the m a p  wa unit trust et al,entity,{}
https   modernslaveryregister gov au statements 3204,entity,{}
the trustee for rod russell family trust,entity,{}
67 144 684 928,entity,{}
the trustee for shagay unit trust,entity,{}
23 196 601 962,entity,{}
the trustee for the m a p  wa unit trust,entity,{}
24 814 479 238,entity,{}
the trustee for western cold storage unit trust,entity,{}
42 981 811 690,entity,{}
the trustee for western meat processors unit trust,entity,{}
88 568 125 181,entity,{}
porsche cars australia pty  ltd,entity,{}
67 004 327 048,entity,{}
https   modernslaveryregister gov au statements 13410,entity,{}
seven group holdings limited,entity,{}
46 142 003 469,entity,{}
https   modernslaveryregister gov au statements 7185,entity,{}
alstom transport australia holdings pty limited,entity,{}
alstom transport australia pty limited,entity,{}
alstom transport  customer support  australia pty limited,entity,{}
alstom transport  vlocity maintenance  australia pty limited,entity,{}
regional rolling stock maintenance company pty limited,entity,{}
https   modernslaveryregister gov au statements 19610,entity,{}
cement australia holdings pty ltd,entity,{}
99 001 085 561,entity,{}
https   modernslaveryregister gov au statements 4095,entity,{}
ccci australia pty ltd,entity,{}
95 603 555 988,entity,{}
john holland group pty ltd,entity,{}
37 050 242 147,entity,{}
john holland holdings pty ltd,entity,{}
57 603 659 007,entity,{}
john holland pty ltd,entity,{}
11 004 282 268,entity,{}
john holland queensland pty ltd,entity,{}
67 133 069 280,entity,{}
john holland rail pty ltd,entity,{}
61 009 252 653,entity,{}
https   modernslaveryregister gov au statements 4569,entity,{}
beam suntory australia pty ltd,entity,{}
85 003 953 357,entity,{}
japan  united states of america,entity,{}
https   modernslaveryregister gov au statements 14144,entity,{}
heath newton family trust,entity,{}
56 211 021 320,entity,{}
https   modernslaveryregister gov au statements 3582,entity,{}
88 125 546 910,entity,{}
https   modernslaveryregister gov au statements 1199,entity,{}
salvation army housing   salvation army housing  victoria,entity,{}
salvos legal  humanitarian  limited et al,entity,{}
salvation army housing  abn 59 608 346 934,entity,{}
salvation army housing  victoria   abn 85 133 724 651,entity,{}
salvos legal  humanitarian  limited,entity,{}
salvos legal  humanitarian  limited  abn 36 147 212 940,entity,{}
salvos legal limited,entity,{}
salvos legal limited  abn 14 147 213 214,entity,{}
the salvation army  australia  redress limited  abn 94 628 594 294,entity,{}
the salvation army community housing service  abn 47 152 257 728,entity,{}
the trustee for the salvation army  nsw  property trust  abn 57 507 607 457,entity,{}
the trustee for the salvation army  nt  property trust  abn 65 906 613 779,entity,{}
the trustee for the salvation army  qld  property trust  abn 32 234 126 186,entity,{}
the trustee for the salvation army  sa  property trust  abn 13 320 346 330,entity,{}
the trustee for the salvation army  tasmania  property trust  abn 94 917 169 560,entity,{}
the trustee for the salvation army  victoria  property trust  abn 64 472 238 844,entity,{}
the trustee for the salvation army  wa  property trust  abn 25 878 329 270,entity,{}
https   modernslaveryregister gov au statements 7143,entity,{}
amcor flexibles  australia  pty ltd,entity,{}
46 113 833 748,entity,{}
amcor flexibles group pty ltd,entity,{}
33 113 833 695,entity,{}
amcor pty ltd,entity,{}
62 000 017 372,entity,{}
manufacturing,entity,{}
amcor plc,entity,{}
https   modernslaveryregister gov au statements 26599,entity,{}
adore beauty group limited,entity,{}
78 636 138 988,entity,{}
https   modernslaveryregister gov au statements 26841,entity,{}
fosterville gold mine pty ltd,entity,{}
2025 725,entity,{}
kirkland lake gold australia pty ltd,entity,{}
kirkland lake gold victoria holdings pty ltd,entity,{}
canada,entity,{}
nt mining operations pty ltd,entity,{}
royal foods aust pty ltd,entity,{}
19 130 110 048,entity,{}
https   modernslaveryregister gov au statements 12137,entity,{}
special broadcasting service corporation,entity,{}
91 314 398 574,entity,{}
https   modernslaveryregister gov au statements 15931,entity,{}
peninsula health,entity,{}
52 892 860 159,entity,{}
https   modernslaveryregister gov au statements 1983,entity,{}
ocean spray international  inc,entity,{}
2023 09 01 to 2024 08 31,entity,{}
other services agriculture  forestry and fishing,entity,{}
https   modernslaveryregister gov au statements 25219,entity,{}
https   modernslaveryregister gov au statements 7686,entity,{}
peter warren automotive holdings limited,entity,{}
57 615 674 185,entity,{}
https   modernslaveryregister gov au statements 11371,entity,{}
brotherhood of st laurence,entity,{}
24 603 467 024,entity,{}
2022 10 01 to 2023 09 30,entity,{}
https   modernslaveryregister gov au statements 15602,entity,{}
auspat international pty  ltd,entity,{}
88 050 328 231,entity,{}
urban apartments pty ltd,entity,{}
49 096 925 423,entity,{}
urban apartments fleet pty ltd,entity,{}
urban apartments services pty ltd,entity,{}
https   modernslaveryregister gov au statements 27183,entity,{}
hally labels pty limited,entity,{}
72 002 981 240,entity,{}
mcc adelaide pty ltd,entity,{}
68 007 514 856,entity,{}
mcc griffith pty ltd,entity,{}
67 115 294 267,entity,{}
mcc melbourne pty ltd,entity,{}
27 005 280 697,entity,{}
mcc perth pty ltd,entity,{}
30 009 412 462,entity,{}
multi color  qld  pty ltd,entity,{}
41 003 411 194,entity,{}
australia  united states of america,entity,{}
food and beverages  agriculture and fishing healthcare and pharmaceuticals,entity,{}
https   modernslaveryregister gov au statements 12802,entity,{}
yamaha music australia pty  ltd,entity,{}
84 004 259 527,entity,{}
https   modernslaveryregister gov au statements 14744,entity,{}
https   modernslaveryregister gov au statements 4338,entity,{}
boehringer ingelheim pty ltd,entity,{}
52 000 452 308,entity,{}
australia  germany,entity,{}
https   modernslaveryregister gov au statements 8281,entity,{}
henley arch unit trust,entity,{}
61 415 474 786,entity,{}
https   modernslaveryregister gov au statements 4874,entity,{}
baker   mckenzie,entity,{}
32 266 778 912,entity,{}
b mck nominees pty ltd,entity,{}
b mck nominees  vic  pty ltd,entity,{}
b mck services pty ltd,entity,{}
b   mck services trust,entity,{}
https   modernslaveryregister gov au statements 21090,entity,{}
new aim pty  ltd,entity,{}
50 115 804 432,entity,{}
https   modernslaveryregister gov au statements 11270,entity,{}
altus group holdings,entity,{}
76 168 179 691,entity,{}
construction  civil engineering and building products other,entity,{}
https   modernslaveryregister gov au statements 12340,entity,{}
clark equipment sales pty ltd,entity,{}
99 050 059 419,entity,{}
https   modernslaveryregister gov au statements 15122,entity,{}
dahua group sydney project 1 pty ltd,entity,{}
91 606 390 032,entity,{}
https   modernslaveryregister gov au statements 4895,entity,{}
cmv truck   bus pty ltd,entity,{}
3738,entity,{}
c m v  truck sales   service pty  ltd,entity,{}
commercial motor industries pty  ltd,entity,{}
commercial motor vehicles pty ltd,entity,{}
hallam truck centre pty ltd,entity,{}
kilbirnie investments pty  limited,entity,{}
the 4wd centre pty ltd,entity,{}
b e a  motors pty  ltd,entity,{}
cmi truck centre adelaide pty ltd,entity,{}
cmi truck centre melbourne pty ltd,entity,{}
c m v  farms pty  ltd,entity,{}
south central trucks pty  ltd,entity,{}
sustainable vehicles pty ltd,entity,{}
https   modernslaveryregister gov au statements 26835,entity,{}
nutting investments pty  ltd,entity,{}
https   modernslaveryregister gov au statements 26583,entity,{}
apco holdings pty  ltd,entity,{}
42 108 388 932,entity,{}
apco service stations pty  ltd,entity,{}
apco easy wash pty  ltd,entity,{}
62 112 924 179,entity,{}
disco trading pty  ltd,entity,{}
https   modernslaveryregister gov au statements 26646,entity,{}
parkview constructions pty  limited,entity,{}
41 078 064 963,entity,{}
https   modernslaveryregister gov au statements 7615,entity,{}
acciona energy australia global pty ltd,entity,{}
54 600 910 647,entity,{}
aciona energy oceania construction pty ltd,entity,{}
85 164 011 723,entity,{}
https   modernslaveryregister gov au statements 13782,entity,{}
adani mining pty ltd,entity,{}
27 145 455 205,entity,{}
https   modernslaveryregister gov au statements 24670,entity,{}
vgw holdings pty ltd,entity,{}
36 147 193 511,entity,{}
vgw holdings us  inc,entity,{}
vgw malta holding limited,entity,{}
https   modernslaveryregister gov au statements 26906,entity,{}
pro medicus limited,entity,{}
25 006 194 752,entity,{}
https   modernslaveryregister gov au statements 19275,entity,{}
fantastic manufacturing pty ltd,entity,{}
20 158 159 230,entity,{}
ff holdco pty ltd,entity,{}
31 085 825 912,entity,{}
freedom furniture australia pty limited,entity,{}
55 051 493 764,entity,{}
2021 10 01 to 2022 09 30,entity,{}
https   modernslaveryregister gov au statements 12474,entity,{}
decode corp pty ltd,entity,{}
80 629 285 534,entity,{}
decode group pty limited,entity,{}
46 611 188 339,entity,{}
https   modernslaveryregister gov au statements 12651,entity,{}
lpi  australia  holdings pty ltd,entity,{}
81 084 042 473,entity,{}
five d holdings pty limited,entity,{}
jll infrastructure advisory pty ltd,entity,{}
jll mortgage services pty ltd,entity,{}
jll public sector valuations pty ltd,entity,{}
jll services on demand pty ltd,entity,{}
jones lang lasalle  act  pty limited,entity,{}
jones lang lasalle advisory services pty limited,entity,{}
jones lang lasalle australia pty limited,entity,{}
jones lang lasalle corporate property services pty limited,entity,{}
jones lang lasalle corporate property  vic  pty limited,entity,{}
jones lang lasalle  nsw  pty limited,entity,{}
jones lang lasalle property fund advisors limited,entity,{}
jones lang lasalle  qld  pty limited,entity,{}
jones lang lasalle  sa  pty limited,entity,{}
jones lang lasalle  vic  pty limited,entity,{}
jones lang lasalle  wa  pty limited,entity,{}
lacpf no  1 trustee pty ltd,entity,{}
lacpf no  2 nominees pty ltd,entity,{}
lacpf no  3 nominees pty ltd,entity,{}
lacpf no  4 nominees pty ltd,entity,{}
lacpf no  5 trustee pty ltd,entity,{}
lasalle funds management limited,entity,{}
lasalle investment management australia pty ltd,entity,{}
resipm pty ltd,entity,{}
https   modernslaveryregister gov au statements 22963,entity,{}
fleetwood limited,entity,{}
2023 2388,entity,{}
fleetwood vic   qld pty ltd,entity,{}
consumer services  including accommodation  hospitality  tourism and leisure,entity,{}
camec pty ltd,entity,{}
fleetwood nsw pty ltd,entity,{}
fleetwood wa   sa pty ltd,entity,{}
glyde digital pty ltd,entity,{}
northern rv pty ltd,entity,{}
recreational vehicle concepts pty ltd,entity,{}
https   modernslaveryregister gov au statements 15450,entity,{}
energex limited,entity,{}
40 078 849 055,entity,{}
energy queensland limited,entity,{}
96 612 535 583,entity,{}
ergon energy corporation limited,entity,{}
50 087 646 062,entity,{}
ergon energy queensland pty ltd,entity,{}
11 121 177 802,entity,{}
yurika pty ltd,entity,{}
19 100 214 131,entity,{}
https   modernslaveryregister gov au statements 15241,entity,{}
capstone investment advisors  llc,entity,{}
https   modernslaveryregister gov au statements 5008,entity,{}
maca limited,entity,{}
42 144 745 782,entity,{}
https   modernslaveryregister gov au statements 2090,entity,{}
regional australia bank ltd,entity,{}
21 087 650 360,entity,{}
financial and insurance services,entity,{}
the trustee for cmg funding trust no  1,entity,{}
71 794 359 136,entity,{}
https   modernslaveryregister gov au statements 25303,entity,{}
joval wines pty ltd,entity,{}
004 564 069,entity,{}
food and beverages  agriculture and fishing other,entity,{}
https   modernslaveryregister gov au statements 17434,entity,{}
aai limited,entity,{}
48 005 297 807,entity,{}
sbgh limited,entity,{}
83 145 980 838,entity,{}
suncorp group limited,entity,{}
66 145 290 124,entity,{}
suncorp insurance  general overseas  pty ltd,entity,{}
49 102 606 708,entity,{}
suncorp insurance holdings limited,entity,{}
99 123 023 334,entity,{}
suncorp insurance  life overseas  pty ltd,entity,{}
66 114 577 418,entity,{}
suncorp life holdings limited,entity,{}
87 064 490 795,entity,{}
suncorp metway limited,entity,{}
66 010 831 722,entity,{}
https   modernslaveryregister gov au statements 15660,entity,{}
latrobe community health service limited,entity,{}
n a,entity,{}
latrobe chs nominees pty ltd,entity,{}
latrobe community assessment and navigation services limited,entity,{}
link health and community limited,entity,{}
https   modernslaveryregister gov au statements 20224,entity,{}
monster beverage corporation,entity,{}
84 132 571 638,entity,{}
monster energy au pty ltd,entity,{}
monster energy canada ulc,entity,{}
monster energy europe limited,entity,{}
https   modernslaveryregister gov au statements 17730,entity,{}
investors mutual limited,entity,{}
14 078 030 752,entity,{}
https   modernslaveryregister gov au statements 5552,entity,{}
frucor suntory australia pty  limited,entity,{}
73 060 091 536,entity,{}
https   modernslaveryregister gov au statements 2073,entity,{}
inghams group limited,entity,{}
39 162 709 506,entity,{}
https   modernslaveryregister gov au statements 2783,entity,{}
zimmer australia holding pty limited,entity,{}
zimmer biomet pty ltd,entity,{}
https   modernslaveryregister gov au statements 18640,entity,{}
jpmorgan global research enhanced index equity trust,entity,{}
26 608 605 716,entity,{}
https   modernslaveryregister gov au statements 26265,entity,{}
abc refinery  australia  pty limited,entity,{}
86 621 121 079,entity,{}
australian bullion company  nsw  pty ltd,entity,{}
82 002 858 602,entity,{}
https   modernslaveryregister gov au statements 21467,entity,{}
allianz australia general insurance limited,entity,{}
allianz australia insurance limited,entity,{}
allianz australia limited,entity,{}
allianz australia services pty limited,entity,{}
https   modernslaveryregister gov au statements 13660,entity,{}
expressway spares pty ltd,entity,{}
55 000 483 107,entity,{}
https   modernslaveryregister gov au statements 24078,entity,{}
gilbarco australia pty ltd,entity,{}
93 000 020 799,entity,{}
navman wireless australia pty limited,entity,{}
50 123 981 457,entity,{}
australia  new zealand  united states of america,entity,{}
https   modernslaveryregister gov au statements 7741,entity,{}
western suburbs  n cle  leagues club ltd,entity,{}
24 000 973 919,entity,{}
knights rugby league pty ltd,entity,{}
83 169 964 523,entity,{}
the executive inn pty limited,entity,{}
82 080 880 691,entity,{}
2024 02 01 to 2025 01 31,entity,{}
https   modernslaveryregister gov au statements 22761,entity,{}
chanel  australia  pty ltd,entity,{}
83 000 012 153,entity,{}
cosmetics and toiletries fashion  textiles  apparel and luxury goods,entity,{}
https   modernslaveryregister gov au statements 4826,entity,{}
kobelco construction machinery australia pty limited,entity,{}
89 097 852 296,entity,{}
https   modernslaveryregister gov au statements 3585,entity,{}
labcorp development pty ltd,entity,{}
99 003 613 134,entity,{}
laboratory corporation of america holdings,entity,{}
https   modernslaveryregister gov au statements 8784,entity,{}
clorox australia pty ltd,entity,{}
2020 429,entity,{}
https   modernslaveryregister gov au statements 947,entity,{}
richemont australia pty limited,entity,{}
99 003 432 504,entity,{}
https   modernslaveryregister gov au statements 24677,entity,{}
hemmes trading pty limited,entity,{}
29 105 332 652,entity,{}
https   modernslaveryregister gov au statements 12846,entity,{}
carey baptist grammar school limited,entity,{}
83 051 576 062,entity,{}
https   modernslaveryregister gov au statements 17761,entity,{}
fg aus green private real estate trust 4,entity,{}
13 435 230 342,entity,{}
https   modernslaveryregister gov au statements 6728,entity,{}
indigenous land and sea corporation,entity,{}
59 912 679 254,entity,{}
voyages indigenous tourism australia pty ltd,entity,{}
82 146 482 591,entity,{}
accommodation and food services other services,entity,{}
ilsc employment pty ltd,entity,{}
national centre of indigenous excellence limited,entity,{}
https   modernslaveryregister gov au statements 26721,entity,{}
wicet holdings pty limited,entity,{}
26 131 210 001,entity,{}
https   modernslaveryregister gov au statements 6585,entity,{}
vossloh australia pty limited,entity,{}
52 100 797 699,entity,{}
https   modernslaveryregister gov au statements 5488,entity,{}
north queensland bulk ports corporation limited,entity,{}
36 136 880 218,entity,{}
https   modernslaveryregister gov au statements 25423,entity,{}
deliveroo australia pty ltd,entity,{}
73 607 915 640,entity,{}
food and beverages  agriculture and fishing information technology and telecommunication,entity,{}
https   modernslaveryregister gov au statements 8781,entity,{}
lewis land holdings pty limited,entity,{}
68 008 522 496,entity,{}
https   modernslaveryregister gov au statements 8184,entity,{}
slade  david   the trustee for the d slade pharmacies unit trust   w h  mccarthy pty ltd,entity,{}
slade  david,entity,{}
69 315 076 159,entity,{}
the trustee for the d slade pharmacies unit trust  abn 58 689 652 969,entity,{}
58 689 652 969,entity,{}
w h  mccarthy pty ltd,entity,{}
73 000 004 893,entity,{}
https   modernslaveryregister gov au statements 15844,entity,{}
australasian solvents and chemicals company pty  ltd,entity,{}
57 095 441 080,entity,{}
https   modernslaveryregister gov au statements 75,entity,{}
competitive foods australia pty ltd,entity,{}
48 010 542 908,entity,{}
https   modernslaveryregister gov au statements 12012,entity,{}
bwa group services pty ltd,entity,{}
47 624 727 267,entity,{}
commonwealth bank of australia,entity,{}
commonwealth securities limited,entity,{}
the trustee for cba covered bond trust,entity,{}
the trustee for medallion trust series 2008 1r,entity,{}
asb bank limited,entity,{}
altrac light rail holdings 2 pty limited,entity,{}
21 603 192 221,entity,{}
aware super fsspet pty ltd as the trustee for first state super private equity trust,entity,{}
31 781 995 494,entity,{}
aware super pty ltd,entity,{}
11 118 202 672,entity,{}
aware super services pty ltd,entity,{}
67 633 384 059,entity,{}
fss agriculture 1 pty limited,entity,{}
33 628 220 913,entity,{}
fss liberty pty ltd,entity,{}
57 628 000 242,entity,{}
https   modernslaveryregister gov au statements 11378,entity,{}
ecolab pty ltd,entity,{}
59 000 449 990,entity,{}
https   modernslaveryregister gov au statements 8467,entity,{}
abn group pty ltd,entity,{}
68 608 225 458,entity,{}
https   modernslaveryregister gov au statements 11478,entity,{}
yarra capital management limited,entity,{}
99 003 376 252,entity,{}
yarra capital management services pty ltd,entity,{}
68 615 149 338,entity,{}
yarra funds management limited,entity,{}
63 005 885 567,entity,{}
chevron australia downstream fuels pty ltd,entity,{}
34 009 644 151,entity,{}
chevron australia downstream holdings pty ltd,entity,{}
15 637 003 662,entity,{}
chevron australia downstream pty ltd,entity,{}
52 637 005 059,entity,{}
chevron australia products pty limited,entity,{}
26 147 978 890,entity,{}
https   modernslaveryregister gov au statements 13712,entity,{}
the trustee for gypsum resources trust,entity,{}
49 885 477 822,entity,{}
2024 04 01 to 2024 12 31,entity,{}
https   modernslaveryregister gov au statements 22960,entity,{}
dats pty ltd,entity,{}
26 001 733 697,entity,{}
https   modernslaveryregister gov au statements 24933,entity,{}
metal manufactures pty limited,entity,{}
13 003 762 641,entity,{}
https   modernslaveryregister gov au statements 13478,entity,{}
sumo australia ltd,entity,{}
84 602 964 143,entity,{}
utilities  gas  water and electricity information technology and telecommunication,entity,{}
https   modernslaveryregister gov au statements 7235,entity,{}
https   modernslaveryregister gov au statements 21559,entity,{}
adchem  australia  pty  ltd,entity,{}
87 069 180 258,entity,{}
https   modernslaveryregister gov au statements 21391,entity,{}
ansell limited,entity,{}
89 004 085 330,entity,{}
belgium,entity,{}
malaysia,entity,{}
https   modernslaveryregister gov au statements 6020,entity,{}
winc australia pty limited,entity,{}
94 000 728 398,entity,{}
forestry  timber products  paper and containers and packaging durable consumer goods  including electronics and appliances  home furnishings and other accessories other,entity,{}
https   modernslaveryregister gov au statements 13892,entity,{}
the bank of new york mellon,entity,{}
84 084 066 419,entity,{}
https   modernslaveryregister gov au statements 1369,entity,{}
at t global network services australia pty ltd,entity,{}
https   modernslaveryregister gov au statements 9166,entity,{}
modern slavery statement 2022 993,entity,{}
rpmglobal holdings limited,entity,{}
17 010 672 321,entity,{}
https   modernslaveryregister gov au statements 2286,entity,{}
harbourvest partners  u k   limited,entity,{}
harbourvest partners  ireland  limited,entity,{}
https   modernslaveryregister gov au statements 19105,entity,{}
tetra pak marketing pty  ltd,entity,{}
25 050 612 274,entity,{}
food and beverages  agriculture and fishing forestry  timber products  paper and containers and packaging automotive  machinery and heavy electrical equipment,entity,{}
https   modernslaveryregister gov au statements 4570,entity,{}
electrolux home products pty  limited,entity,{}
51 004 762 341,entity,{}
https   modernslaveryregister gov au statements 8907,entity,{}
minda incorporated,entity,{}
37 020 000 711,entity,{}
https   modernslaveryregister gov au statements 10865,entity,{}
vantage fuels pty ltd,entity,{}
24 151 023 040,entity,{}
https   modernslaveryregister gov au statements 7587,entity,{}
sunpork fresh foods pty ltd,entity,{}
24 135 230 545,entity,{}
sunpork pty ltd,entity,{}
11 059 168 786,entity,{}
swicker s kingaroy bacon factory pty  ltd,entity,{}
35 009 678 693,entity,{}
modern slavery statement 2021 4082,entity,{}
https   modernslaveryregister gov au statements 6639,entity,{}
wam research limited,entity,{}
15 100 504 541,entity,{}
https   modernslaveryregister gov au statements 6711,entity,{}
associated kiln driers pty  limited,entity,{}
34 004 341 048,entity,{}
https   modernslaveryregister gov au statements 11096,entity,{}
university of canberra,entity,{}
81 633 873 422,entity,{}
https   modernslaveryregister gov au statements 23332,entity,{}
tata consultancy services limited,entity,{}
28 109 981 777,entity,{}
tcs financial solutions australia pty ltd,entity,{}
20 001 899 369,entity,{}
tcs fns pty limited,entity,{}
45 116 714 482,entity,{}
india,entity,{}
https   modernslaveryregister gov au statements 24588,entity,{}
syrah resources limited,entity,{}
77 125 242 284,entity,{}
syrah global dmcc,entity,{}
syrah technologies llc,entity,{}
twigg exploration and mining limitada,entity,{}
https   modernslaveryregister gov au statements 18599,entity,{}
nioa munitions pty ltd,entity,{}
93 622 573 095,entity,{}
nioa nominees pty ltd t f bill nioa family trust,entity,{}
11 646 964 149,entity,{}
defence and aerospace,entity,{}
https   modernslaveryregister gov au statements 10671,entity,{}
nomura international plc,entity,{}
2906,entity,{}
https   modernslaveryregister gov au statements 5792,entity,{}
integro holdings pty ltd,entity,{}
integro learning company pty ltd,entity,{}
john wiley   sons australia  ltd,entity,{}
wiley publishing australia pty ltd,entity,{}
2024 05 01 to 2025 04 30,entity,{}
information media and telecommunications other services,entity,{}
https   modernslaveryregister gov au statements 25037,entity,{}
building unions superannuation scheme qld,entity,{}
85 571 332 201,entity,{}
https   modernslaveryregister gov au statements 20329,entity,{}
psc insurance group limited,entity,{}
81 147 812 164,entity,{}
https   modernslaveryregister gov au statements 7294,entity,{}
montu group pty ltd,entity,{}
35 634 198 360,entity,{}
alternaleaf pty ltd,entity,{}
67 649 693 005,entity,{}
information technology and telecommunication healthcare and pharmaceuticals,entity,{}
https   modernslaveryregister gov au statements 23673,entity,{}
telstra super pty ltd,entity,{}
86 007 422 522,entity,{}
https   modernslaveryregister gov au statements 1941,entity,{}
wagner investments pty  ltd,entity,{}
wagners australian operations pt ltd,entity,{}
wagners holding company ltd,entity,{}
construction manufacturing,entity,{}
https   modernslaveryregister gov au statements 26722,entity,{}
metagenics  aust  pty ltd,entity,{}
78 113 937 572,entity,{}
metagenics australia pty ltd,entity,{}
https   modernslaveryregister gov au statements 20584,entity,{}
settlement services international limited,entity,{}
38 031 375 761,entity,{}
https   modernslaveryregister gov au statements 10732,entity,{}
acm holdings co pty ltd,entity,{}
42 622 029 798,entity,{}
acm  asia  pty ltd,entity,{}
acm energy pty ltd,entity,{}
acm plant pty ltd,entity,{}
acm processing pty ltd,entity,{}
australian consolidated milk pty  ltd,entity,{}
nambrok land pty ltd,entity,{}
https   modernslaveryregister gov au statements 16296,entity,{}
keypath education international  inc,entity,{}
information technology and telecommunication  education and research,entity,{}
keypath education australia pty ltd,entity,{}
keypath education canada  inc,entity,{}
keypath education holdings  llc,entity,{}
keypath education  llc,entity,{}
keypath education malaysia sdn  bhd,entity,{}
keypath education singapore pte ltd,entity,{}
keypath education uk  ltd,entity,{}
https   modernslaveryregister gov au statements 16700,entity,{}
fortinet  inc,entity,{}
https   modernslaveryregister gov au statements 15013,entity,{}
amplitude energy limited,entity,{}
93 096 170 295,entity,{}
cooper energy  sole  pty  ltd,entity,{}
70 615 355 023,entity,{}
37 615 354 955,entity,{}
66 615 355 005,entity,{}
43 615 354 982,entity,{}
86 122 852 457,entity,{}
38 089 956 150,entity,{}
cooper energy  agp  pty ltd,entity,{}
cooper energy  australia  pty  ltd,entity,{}
cooper energy  bmg  pty ltd,entity,{}
cooper energy  cb  pty ltd,entity,{}
cooper energy  ch  pty  ltd   70 615 355 023,entity,{}
cooper energy  cs  pty ltd,entity,{}
cooper energy  ea  pty  ltd,entity,{}
cooper energy  finance  pty ltd,entity,{}
cooper energy  hc  pty  ltd,entity,{}
cooper energy  ic  pty  ltd,entity,{}
cooper energy  marketing  pty ltd,entity,{}
cooper energy  mf  pty  ltd   37 615 354 955,entity,{}
cooper energy  mgp  pty  ltd   66 615 355 005,entity,{}
cooper energy  ms  pty ltd,entity,{}
cooper energy  pbf  pty  ltd   43 615 354 982,entity,{}
cooper energy  pb pipelines  pty  ltd,entity,{}
cooper energy  tc  pty  ltd,entity,{}
cooper energy  vo  pty  ltd,entity,{}
essential petroleum exploration pty ltd  86 122 852 457,entity,{}
somerton energy limited  38 089 956 150,entity,{}
mildura district hospital fund ltd,entity,{}
13 078 202 089,entity,{}
https   modernslaveryregister gov au statements 26621,entity,{}
the trustee for carmichael rail operations trust,entity,{}
24 943 622 415,entity,{}
https   modernslaveryregister gov au statements 24669,entity,{}
beak   johnston pty  ltd,entity,{}
18 108 805 974,entity,{}
https   modernslaveryregister gov au statements 20712,entity,{}
sailpoint international  inc,entity,{}
71 162 832 322,entity,{}
https   modernslaveryregister gov au statements 13880,entity,{}
siteminder limited,entity,{}
https   modernslaveryregister gov au statements 27112,entity,{}
coogee chemicals pty ltd,entity,{}
https   modernslaveryregister gov au statements 16066,entity,{}
leo australia holding pty limited,entity,{}
86 682 814 848,entity,{}
accommodation and food services health care and social assistance,entity,{}
ensign services  aust   pty  ltd,entity,{}
ht bidco pty ltd,entity,{}
ht holdco pty ltd,entity,{}
ht mezzco pty ltd,entity,{}
ht midco pty ltd,entity,{}
ht propco 1 pty ltd,entity,{}
ht propco 2 pty ltd,entity,{}
ht propco 3 pty ltd,entity,{}
leo australia no 1 pty limited,entity,{}
leo australia pty limited,entity,{}
https   modernslaveryregister gov au statements 26802,entity,{}
the star entertainment group limited,entity,{}
85 149 629 023,entity,{}
https   modernslaveryregister gov au statements 11855,entity,{}
bristow helicopters australia pty ltd,entity,{}
capiteq pty limited,entity,{}
https   modernslaveryregister gov au statements 23913,entity,{}
parker hannifin australia assets pty limited,entity,{}
93 117 126 593,entity,{}
parker hannifin australia holding pty limited,entity,{}
61 117 010 107,entity,{}
parker hannifin  australia  pty  limited,entity,{}
89 008 446 893,entity,{}
https   modernslaveryregister gov au statements 21009,entity,{}
hireup pty  ltd,entity,{}
32 600 120 787,entity,{}
https   modernslaveryregister gov au statements 7104,entity,{}
the trustee for the minderoo foundation trust,entity,{}
24 819 440 618,entity,{}
first sourcing and logistics pty ltd,entity,{}
leeuwin ocean adventure foundation limited,entity,{}
minderoo investments no 1 pty ltd,entity,{}
the trustee for minderoo investments no 2 unit trust,entity,{}
the trustee for the minderoo foundation trust as the operator of a pbi,entity,{}
https   modernslaveryregister gov au statements 20882,entity,{}
newcastle permanent building society limited,entity,{}
96 087 651 992,entity,{}
https   modernslaveryregister gov au statements 10627,entity,{}
logisteed australia pty  ltd,entity,{}
76 150 317 007,entity,{}
logisteed forwarding australia pty  ltd,entity,{}
97 063 771 997,entity,{}
https   modernslaveryregister gov au statements 19258,entity,{}
perkins  wa  pty ltd,entity,{}
60 008 844 862,entity,{}
https   modernslaveryregister gov au statements 5076,entity,{}
tourism holdings australia pty limited,entity,{}
94 001 789 957,entity,{}
amh products pty limited,entity,{}
apollo investments pty ltd,entity,{}
apollo motorhome holidays pty ltd,entity,{}
apollo motorhome industries pty ltd,entity,{}
apollo rv service   repair centre pty ltd,entity,{}
apollo rv west pty ltd,entity,{}
g r l enterprises pty ltd,entity,{}
outdoria pty ltd,entity,{}
sydney rv group pty limited,entity,{}
thl group  australia  pty ltd,entity,{}
thl rv sales adelaide pty ltd,entity,{}
https   modernslaveryregister gov au statements 19831,entity,{}
pearl corporation of australia pty  ltd,entity,{}
33 009 623 081,entity,{}
retail trade agriculture  forestry and fishing wholesale trade,entity,{}
https   modernslaveryregister gov au statements 24638,entity,{}
american express australia limited,entity,{}
92 108 952 085,entity,{}
centurion finance limited,entity,{}
https   modernslaveryregister gov au statements 17766,entity,{}
the trustee for auslan services trust,entity,{}
46 158 235 896,entity,{}
https   modernslaveryregister gov au statements 23091,entity,{}
enviro pipes pty ltd,entity,{}
84 130 666 518,entity,{}
https   modernslaveryregister gov au statements 21622,entity,{}
the trustee for spark north east link trust,entity,{}
45 472 853 727,entity,{}
https   modernslaveryregister gov au statements 15403,entity,{}
andrew johnson holdings pty ltd,entity,{}
54 089 200 448,entity,{}
https   modernslaveryregister gov au statements 2760,entity,{}
de bortoli wines pty limited,entity,{}
77 000 146 672,entity,{}
https   modernslaveryregister gov au statements 15518,entity,{}
penske australia pty ltd,entity,{}
penske transportation group international pty ltd,entity,{}
https   modernslaveryregister gov au statements 14033,entity,{}
national storage holdings limited  the trustee for national storage property trust,entity,{}
89 097 160 227,entity,{}
transportation  logistics  and storage financial  insurance and real estate activities,entity,{}
national storage active investment trust  arsn 609 004 837,entity,{}
national storage developments pty ltd,entity,{}
national storage finance pty ltd,entity,{}
national storage finance trust,entity,{}
national storage financial services limited,entity,{}
national storage investments pty ltd,entity,{}
national storage limited 5637547  nzbn  9429041658635,entity,{}
national storage no 2 pty ltd,entity,{}
national storage no 3 pty ltd,entity,{}
national storage  nz  pty ltd,entity,{}
national storage  operations  pty ltd,entity,{}
national storage property trust  arsn 101 227 712   abn 89 097 160 227,entity,{}
national storage pty ltd,entity,{}
ns development co 1 pty ltd,entity,{}
runway technologies pty ltd,entity,{}
southern cross storage operations pty limited,entity,{}
the trustee for national storage new zealand property trust  54 144 806 624,entity,{}
the trustee for national storage southern trust  55 192 118 188,entity,{}
the trustee for national storage victorian property trust  95 522 660 079,entity,{}
wine ark pty ltd,entity,{}
https   modernslaveryregister gov au statements 20534,entity,{}
astellas pharma australia pty ltd,entity,{}
81 147 915 482,entity,{}
https   modernslaveryregister gov au statements 5276,entity,{}
nokia solutions and networks australia pty ltd,entity,{}
74 122 172 365,entity,{}
australia  finland,entity,{}
https   modernslaveryregister gov au statements 4918,entity,{}
knight frank australia holdings pty ltd,entity,{}
28 114 923 938,entity,{}
knight frank australia pty ltd,entity,{}
17 004 973 684,entity,{}
https   modernslaveryregister gov au statements 11580,entity,{}
strait link australia holdings pty ltd,entity,{}
11 222 333 444,entity,{}
strait link shipping pty ltd,entity,{}
strait link australia pty ltd,entity,{}
strait link qs holdings pty ltd,entity,{}
strait link qs pty ltd,entity,{}
https   modernslaveryregister gov au statements 24678,entity,{}
roc oil company pty limited,entity,{}
anzon energy ltd,entity,{}
roc oil australia holdings pty ltd,entity,{}
roc oil  finance  pty limited,entity,{}
roc oil international holdings pty ltd,entity,{}
roc oil  malaysia  pty limited,entity,{}
roc oil  ventures  pty limited,entity,{}
roc oil  vic  pty limited,entity,{}
https   modernslaveryregister gov au statements 23890,entity,{}
discovery holiday parks pty limited,entity,{}
50 111 782 846,entity,{}
discovery parks holdings pty limited,entity,{}
61 127 847 269,entity,{}
australian park licence co pty ltd,entity,{}
wikicamps pty ltd,entity,{}
99 622 566 205,entity,{}
58 169 556 165,entity,{}
https   modernslaveryregister gov au statements 20425,entity,{}
state bank of india,entity,{}
95 082 610 008,entity,{}
https   modernslaveryregister gov au statements 19466,entity,{}
austin engineering limited,entity,{}
60 078 490 136,entity,{}
2025 01 01 to 2025 12 31,entity,{}
https   modernslaveryregister gov au statements 26871,entity,{}
brother international  aust  pty ltd,entity,{}
17 001 393 835,entity,{}
2022 04 01 to 2023 03 30,entity,{}
https   modernslaveryregister gov au statements 14854,entity,{}
sektor pty limited,entity,{}
54 140 763 417,entity,{}
wholesale trade other services,entity,{}
https   modernslaveryregister gov au statements 27357,entity,{}
australian reinsurance pool corporation,entity,{}
74 807 136 872,entity,{}
https   modernslaveryregister gov au statements 2371,entity,{}
https   modernslaveryregister gov au statements 7985,entity,{}
ezko commercial services pty ltd,entity,{}
23 667 393 311,entity,{}
ezko retail services pty ltd,entity,{}
40 667 392 636,entity,{}
indigenous commercial cleaning pty ltd,entity,{}
14 626 056 513,entity,{}
skg services australia pty ltd,entity,{}
87 658 543 581,entity,{}
cleaning and security services,entity,{}
https   modernslaveryregister gov au statements 14279,entity,{}
china yunnan copper  australia  investment and development pty ltd,entity,{}
32 110 345 750,entity,{}
china,entity,{}
https   modernslaveryregister gov au statements 22621,entity,{}
the trustee for tribeca alpha plus fund,entity,{}
98 912 850 890,entity,{}
https   modernslaveryregister gov au statements 7486,entity,{}
93 631 056 150,entity,{}
https   modernslaveryregister gov au statements 13768,entity,{}
tams group queensland pty ltd,entity,{}
31 108 258 019,entity,{}
total ams pty ltd,entity,{}
81 091 839 619,entity,{}
transportation  logistics  and storage other,entity,{}
https   modernslaveryregister gov au statements 10496,entity,{}
capricorn society limited,entity,{}
29 008 347 313,entity,{}
https   modernslaveryregister gov au statements 11522,entity,{}
https   modernslaveryregister gov au statements 7084,entity,{}
archer crescent pty ltd   others,entity,{}
18 417 923 143,entity,{}
https   modernslaveryregister gov au statements 7938,entity,{}
swyftx pty ltd,entity,{}
https   modernslaveryregister gov au statements 25694,entity,{}
fujitsu general  aust   pty limited,entity,{}
55 001 229 554,entity,{}
2019 04 01 to 2020 03 30,entity,{}
https   modernslaveryregister gov au statements 279,entity,{}
aph top co pty limited,entity,{}
96 608 192 374,entity,{}
port of brisbane pty ltd,entity,{}
78 143 384 749,entity,{}
qph finance co pty limited,entity,{}
74 146 988 454,entity,{}
qph hold co pty limited,entity,{}
31 146 978 994,entity,{}
qph port acquisition co pty limited,entity,{}
81 146 985 677,entity,{}
the trustee for qph hold trust,entity,{}
36 467 446 294,entity,{}
the trustee for qph property trust,entity,{}
37 014 309 893,entity,{}
https   modernslaveryregister gov au statements 2315,entity,{}
cip consolidated pty ltd,entity,{}
30 643 593 533,entity,{}
https   modernslaveryregister gov au statements 14580,entity,{}
huawei technologies  australia  pty ltd,entity,{}
49 103 793 380,entity,{}
durable consumer goods  including electronics and appliances  home furnishings and other accessories information technology and telecommunication other,entity,{}
https   modernslaveryregister gov au statements 13913,entity,{}
ace civil services pty  ltd,entity,{}
16 131 093 466,entity,{}
ace contractors group pty  ltd,entity,{}
30 007 256 242,entity,{}
ace electrical infrastructure pty ltd,entity,{}
87 159 022 143,entity,{}
ace environmental services pty  ltd,entity,{}
18 131 093 475,entity,{}
ace infrastructure pty  ltd,entity,{}
22 131 093 493,entity,{}
ace landscape services pty  ltd,entity,{}
39 131 093 500,entity,{}
ace water services pty ltd,entity,{}
23 148 867 878,entity,{}
bloom enterprises vic pty ltd,entity,{}
16 653 570 677,entity,{}
conso australia pty ltd,entity,{}
19 635 395 916,entity,{}
https   modernslaveryregister gov au statements 24050,entity,{}
suttons investments pty  limited,entity,{}
84 008 446 428,entity,{}
https   modernslaveryregister gov au statements 16462,entity,{}
wa plantation resources pty ltd,entity,{}
98 094 151 792,entity,{}
https   modernslaveryregister gov au statements 2060,entity,{}
harris farm markets pty ltd,entity,{}
79 093 040 754,entity,{}
https   modernslaveryregister gov au statements 2975,entity,{}
easygo group holdings pty ltd,entity,{}
50 676 669 686,entity,{}
kick streaming pty ltd,entity,{}
59 663 807 645,entity,{}
easygo care pty ltd,entity,{}
easygo entertainment pty ltd,entity,{}
easygo ip holdings pty ltd,entity,{}
easygo service holdings pty ltd,entity,{}
easygo strategy pty ltd,entity,{}
easygo world pty ltd,entity,{}
eg investment holdings pty ltd,entity,{}
stake gaming pty ltd,entity,{}
https   modernslaveryregister gov au statements 24086,entity,{}
st engineering urban solutions ltd,entity,{}
42 637 105 465,entity,{}
https   modernslaveryregister gov au statements 20010,entity,{}
meritor heavy vehicle systems australia ltd,entity,{}
86 004 479 430,entity,{}
automotive  machinery and heavy electrical equipment transportation  logistics  and storage,entity,{}
https   modernslaveryregister gov au statements 23707,entity,{}
indara corporation pty ltd,entity,{}
construction rental  hiring and real estate services other services information media and telecommunications,entity,{}
ene hub pty limited,entity,{}
hub australasia pty limited,entity,{}
hub innovations pty limited,entity,{}
hub qatar pty limited,entity,{}
hub se holdings pty limited,entity,{}
hub street equipment pty ltd,entity,{}
indara administration pty ltd,entity,{}
indara asset holdco pty ltd,entity,{}
indara asset pty ltd,entity,{}
indara bidco pty ltd,entity,{}
indara corporation holdings pty ltd,entity,{}
indara finance pty ltd,entity,{}
indara holdco pty ltd,entity,{}
indara inbuilding solutions pty ltd,entity,{}
indara infrastructure holdings pty ltd,entity,{}
indara infrastructure pty ltd,entity,{}
indara properties ltd,entity,{}
indara services pty ltd,entity,{}
structel pty ltd,entity,{}
the trustee for indara asset trust  73 907 540 472,entity,{}
the trustee for the trust company australia atf indara hold trust  42 508 575 162,entity,{}
fashion  textiles  apparel and luxury goods other,entity,{}
blundstone new zealand limited,entity,{}
https   modernslaveryregister gov au statements 16404,entity,{}
champion iron limited,entity,{}
34 119 770 142,entity,{}
australia  canada,entity,{}
https   modernslaveryregister gov au statements 1176,entity,{}
symon bros  constructions  vic   pty  ltd,entity,{}
46 005 194 043,entity,{}
https   modernslaveryregister gov au statements 12366,entity,{}
cettire limited,entity,{}
75 645 474 166,entity,{}
https   modernslaveryregister gov au statements 21582,entity,{}
schindler lifts australia pty  ltd,entity,{}
19 005 838 773,entity,{}
https   modernslaveryregister gov au statements 4905,entity,{}
the benevolent society,entity,{}
95 084 695 045,entity,{}
https   modernslaveryregister gov au statements 25377,entity,{}
petrochina international  australia  pty ltd,entity,{}
67 618 641 697,entity,{}
https   modernslaveryregister gov au statements 17654,entity,{}
altomonte holdings pty ltd,entity,{}
18 000 821 910,entity,{}
https   modernslaveryregister gov au statements 2050,entity,{}
metagene pty ltd,entity,{}
12 158 471 044,entity,{}
healthcare and pharmaceuticals other,entity,{}
https   modernslaveryregister gov au statements 21646,entity,{}
simcoa operations pty ltd,entity,{}
42 009 064 653,entity,{}
https   modernslaveryregister gov au statements 17996,entity,{}
hbf health limited,entity,{}
11 126 884 786,entity,{}
health care and social assistance financial and insurance services,entity,{}
gempine holdings pty ltd,entity,{}
hbf dental services pty ltd,entity,{}
hbf health and wellness pty ltd,entity,{}
hbf house pty ltd,entity,{}
hbf wellness holdings pty ltd,entity,{}
life ready baldivis pty ltd,entity,{}
life ready busselton pty ltd,entity,{}
life ready butler pty ltd,entity,{}
life ready camberwell pty ltd,entity,{}
life ready health group pty ltd,entity,{}
life ready maribyrnong pty ltd,entity,{}
life ready midland pty ltd,entity,{}
life ready mobile pty ltd,entity,{}
life ready point cook pty ltd,entity,{}
life ready rockingham pty ltd,entity,{}
queensland country care navigation pty ltd,entity,{}
queensland country health fund pty ltd,entity,{}
https   modernslaveryregister gov au statements 25538,entity,{}
trajan group holdings limited,entity,{}
https   modernslaveryregister gov au statements 26700,entity,{}
camp australia proprietary limited,entity,{}
96 060 703 120,entity,{}
education and training,entity,{}
https   modernslaveryregister gov au statements 27576,entity,{}
charles darwin university,entity,{}
54 093 513 649,entity,{}
modern slavery statement 2023 837,entity,{}
https   modernslaveryregister gov au statements 13341,entity,{}
shimano office trust,entity,{}
33 592 354 043,entity,{}
https   modernslaveryregister gov au statements 763,entity,{}
hyundai rotem company,entity,{}
81 615 545 492,entity,{}
republic of korea  south korea,entity,{}
https   modernslaveryregister gov au statements 13721,entity,{}
muir group pty ltd,entity,{}
16 004 732 656,entity,{}
https   modernslaveryregister gov au statements 710,entity,{}
mce holdings pty ltd,entity,{}
42 140 636 193,entity,{}
consolidated barriers pty ltd,entity,{}
mcilwain building pty ltd,entity,{}
mcilwain civil engineering pty  ltd,entity,{}
mcilwain industries pty ltd,entity,{}
mcilwain services pty ltd,entity,{}
https   modernslaveryregister gov au statements 16791,entity,{}
bhaajayu pty ltd,entity,{}
29 084 980 263,entity,{}
busways australia pty ltd group  the trustee for b t rowe family trust,entity,{}
75 828 633 500,entity,{}
https   modernslaveryregister gov au statements 8667,entity,{}
canberra airport holdings pty limited,entity,{}
98 008 608 928,entity,{}
capital estate developments pty limited  the trustee for the carrington trust,entity,{}
95 092 031 668,entity,{}
74 634 004 907,entity,{}
capital estate developments pty limited,entity,{}
ct investments group pty limited,entity,{}
https   modernslaveryregister gov au statements 20864,entity,{}
xl insurance company se,entity,{}
36 083 570 441,entity,{}
australia  ireland,entity,{}
https   modernslaveryregister gov au statements 23501,entity,{}
hussmann australia pty limited,entity,{}
59 002 366 887,entity,{}
https   modernslaveryregister gov au statements 6655,entity,{}
minprovise international pty ltd,entity,{}
65 167 931 768,entity,{}
https   modernslaveryregister gov au statements 21637,entity,{}
tricare ltd,entity,{}
73 009 657 345,entity,{}
https   modernslaveryregister gov au statements 6538,entity,{}
expeditors international pty  limited,entity,{}
79 003 337 282,entity,{}
https   modernslaveryregister gov au statements 3788,entity,{}
the information management group pty ltd,entity,{}
52 079 782 666,entity,{}
waste management and recycling transportation  logistics  and storage,entity,{}
https   modernslaveryregister gov au statements 6143,entity,{}
serv finco pty ltd,entity,{}
16 627 986 476,entity,{}
information technology and telecommunication other,entity,{}
https   modernslaveryregister gov au statements 6766,entity,{}
cover syndicate pty ltd,entity,{}
54 614 038 765,entity,{}
https   modernslaveryregister gov au statements 14904,entity,{}
northconnex company pty ltd,entity,{}
83 602 719 513,entity,{}
northwestern roads group pty ltd,entity,{}
21 169 328 330,entity,{}
wso co pty limited,entity,{}
73 102 757 924,entity,{}
northwestern roads group nominees pty ltd,entity,{}
https   modernslaveryregister gov au statements 25550,entity,{}
kerry ingredients australia pty  limited,entity,{}
47 072 996 895,entity,{}
food spectrum pty  ltd,entity,{}
47 010 405 571,entity,{}
p  j  lancaster   co  pty  ltd,entity,{}
53 010 304 337,entity,{}
ireland,entity,{}
https   modernslaveryregister gov au statements 23949,entity,{}
zenith interiors pty  ltd,entity,{}
52 007 403 750,entity,{}
https   modernslaveryregister gov au statements 11422,entity,{}
gtn limited,entity,{}
btn informacao do transito e servicos aereos especializados ltda,entity,{}
canadian traffic network ulc,entity,{}
global drone network  llc,entity,{}
global story network llc,entity,{}
global traffic network  uk  commercial limited,entity,{}
global traffic network  uk  limited,entity,{}
global traffic network  inc,entity,{}
gridlock holdings  australia  pty limited,entity,{}
gtcr gridlock holdings  brazil  s a r l,entity,{}
gtcr gridlock international  luxembourg  s a r l,entity,{}
gtn holdings pty ltd,entity,{}
gtn holdings  uk  limited,entity,{}
gtn management  inc,entity,{}
gtn us holdco  inc,entity,{}
https   modernslaveryregister gov au statements 25433,entity,{}
the trustee for lovelight unit trust,entity,{}
26 596 489 876,entity,{}
https   modernslaveryregister gov au statements 11916,entity,{}
experis australia pty ltd,entity,{}
57 071 352 031,entity,{}
manpower services  australia  pty ltd,entity,{}
15 071 884 994,entity,{}
right management consultants pty ltd,entity,{}
82 006 132 163,entity,{}
rollease acmeda holdings pty ltd,entity,{}
60 602 994 016,entity,{}
https   modernslaveryregister gov au statements 21590,entity,{}
blackmores limited,entity,{}
35 009 713 437,entity,{}
https   modernslaveryregister gov au statements 23421,entity,{}
perfection fresh australia pty ltd,entity,{}
75 127 389 682,entity,{}
choice pack pty ltd,entity,{}
78 127 390 425,entity,{}
como glasshouse investments pty ltd,entity,{}
49 604 272 951,entity,{}
https   modernslaveryregister gov au statements 19882,entity,{}
mackellar mining pty ltd,entity,{}
81 150 919 761,entity,{}
87 657 231 359,entity,{}
74 643 771 920,entity,{}
m people  qld  pty ltd,entity,{}
western plant hire  wa  pty ltd,entity,{}
https   modernslaveryregister gov au statements 21723,entity,{}
syngenta australia pty ltd,entity,{}
33 002 933 717,entity,{}
food and beverages  agriculture and fishing mining  metals  chemicals and resources  including oil and gas,entity,{}
macspred pty  ltd,entity,{}
https   modernslaveryregister gov au statements 22846,entity,{}
mco beauty pty limited,entity,{}
modelco pty limited,entity,{}
https   modernslaveryregister gov au statements 23981,entity,{}
united equipment pty limited,entity,{}
48 115 672 841,entity,{}
https   modernslaveryregister gov au statements 15785,entity,{}
independence australia group limited,entity,{}
80 973 805 243,entity,{}
independence solutions,entity,{}
77 097 135 754,entity,{}
https   modernslaveryregister gov au statements 26205,entity,{}
mastercard asia pacific  australia  pty ltd,entity,{}
modern slavery statement 2023 1456,entity,{}
https   modernslaveryregister gov au statements 14095,entity,{}
seeing machines limited,entity,{}
34 093 877 331,entity,{}
seeing maches limited,entity,{}
https   modernslaveryregister gov au statements 19893,entity,{}
telethon kids institute,entity,{}
86 009 278 755,entity,{}
https   modernslaveryregister gov au statements 17380,entity,{}
coca cola europacific partners australia pty limited,entity,{}
68 076 594 119,entity,{}
australia  united kingdom,entity,{}
https   modernslaveryregister gov au statements 9370,entity,{}
western suburbs league club  campbelltown  ltd,entity,{}
43 000 841 958,entity,{}
2021 11 01 to 2022 10 31,entity,{}
food and beverages  agriculture and fishing charitable   not for profit activities,entity,{}
https   modernslaveryregister gov au statements 12321,entity,{}
st vincent s care services boondall ltd,entity,{}
15 146 972 303,entity,{}
st vincent s care services carseldine ltd,entity,{}
49 094 645 262,entity,{}
st vincent s care services ltd,entity,{}
50 055 210 378,entity,{}
st vincent s health australia ltd,entity,{}
75 073 503 536,entity,{}
st vincent s healthcare ltd,entity,{}
46 095 382 791,entity,{}
st  vincent s hospital  melbourne  limited,entity,{}
22 052 110 755,entity,{}
st  vincent s hospital sydney limited,entity,{}
77 054 038 872,entity,{}
st vincent s private hospitals ltd,entity,{}
61 083 645 505,entity,{}
the congregation of religious sisters of charity of australia,entity,{}
99 269 630 262,entity,{}
https   modernslaveryregister gov au statements 2738,entity,{}
power retail corporation,entity,{}
65 889 840 667,entity,{}
https   modernslaveryregister gov au statements 16059,entity,{}
bisley   co pty ltd,entity,{}
58 000 158 305,entity,{}
https   modernslaveryregister gov au statements 9824,entity,{}
aspen pharmacare australia pty limited,entity,{}
51 096 236 985,entity,{}
aspen pharma pty ltd,entity,{}
88 004 118 594,entity,{}
https   modernslaveryregister gov au statements 12230,entity,{}
altium limited,entity,{}
2023 3341,entity,{}
https   modernslaveryregister gov au statements 16630,entity,{}
aston coal 2 pty ltd,entity,{}
14 139 472 567,entity,{}
narrabri coal pty ltd,entity,{}
76 107 813 963,entity,{}
whitehaven coal limited,entity,{}
68 124 425 396,entity,{}
whitehaven coal mining limited,entity,{}
65 086 426 253,entity,{}
https   modernslaveryregister gov au statements 11064,entity,{}
sanofi aventis australia pty ltd,entity,{}
31 008 558 807,entity,{}
sanofi aventis healthcare pty ltd,entity,{}
43 076 651 959,entity,{}
https   modernslaveryregister gov au statements 23697,entity,{}
ca steel products pty ltd,entity,{}
82 603 950 778,entity,{}
citic australia  portland  pty  limited,entity,{}
28 006 483 941,entity,{}
citic portland holdings pty ltd,entity,{}
64 107 653 092,entity,{}
citic resources australia pty ltd,entity,{}
87 107 652 817,entity,{}
https   modernslaveryregister gov au statements 4614,entity,{}
pax australia pty limited,entity,{}
42 000 447 414,entity,{}
https   modernslaveryregister gov au statements 24012,entity,{}
deutsche post global mail  australia  pty ltd,entity,{}
1780,entity,{}
dhl express  australia  pty ltd,entity,{}
dhl global forwarding  australia  pty ltd,entity,{}
dhl supply chain  australia  pty limited,entity,{}
dhl res  australia  pty limited,entity,{}
https   modernslaveryregister gov au statements 24075,entity,{}
ior terminals pty ltd,entity,{}
14 057 379 067,entity,{}
https   modernslaveryregister gov au statements 592,entity,{}
longi solar australia pty ltd,entity,{}
15 632 322 288,entity,{}
https   modernslaveryregister gov au statements 8870,entity,{}
https   modernslaveryregister gov au statements 5513,entity,{}
sirva pty ltd,entity,{}
53 115 936 993,entity,{}
https   modernslaveryregister gov au statements 5464,entity,{}
tetra tech coffey holding pty limited,entity,{}
46 611 080 534,entity,{}
construction  civil engineering and building products professional and administrative services and supplies  including legal  consulting and accounting services,entity,{}
coffey australia holdings pty ltd,entity,{}
coffey corporate pty ltd,entity,{}
coffey environments australia pty ltd,entity,{}
coffey environments pty ltd,entity,{}
coffey geotechnics pty ltd,entity,{}
coffey international pty ltd,entity,{}
coffey mining pty ltd,entity,{}
coffey natural systems pty ltd,entity,{}
coffey projects  australia  pty limited,entity,{}
coffey services no 2 pty ltd,entity,{}
eco logical australia pty ltd,entity,{}
macsis pty ltd,entity,{}
proteus engineers pty ltd,entity,{}
tetra tech australia holding pty ltd,entity,{}
tetra tech coffey pty ltd,entity,{}
tetra tech international development pty ltd,entity,{}
https   modernslaveryregister gov au statements 22350,entity,{}
the cancer council nsw,entity,{}
51 116 463 846,entity,{}
https   modernslaveryregister gov au statements 25040,entity,{}
associated retailers limited,entity,{}
42 004 520 030,entity,{}
https   modernslaveryregister gov au statements 6882,entity,{}
generation development group limited,entity,{}
90 087 334 370,entity,{}
generation life limited,entity,{}
68 092 843 902,entity,{}
https   modernslaveryregister gov au statements 16591,entity,{}
aaih anz pty ltd,entity,{}
58 620 076 075,entity,{}
aecom australia dl pty ltd,entity,{}
11 145 519 571,entity,{}
aecom australia group holdings pty ltd,entity,{}
57 160 463 883,entity,{}
aecom australia holdings pty ltd,entity,{}
36 093 370 695,entity,{}
aecom australia investments pty ltd,entity,{}
aecom australia pty ltd,entity,{}
20 093 846 925,entity,{}
aecom cost consulting pty ltd,entity,{}
40 008 657 289,entity,{}
dla partners pty  ltd,entity,{}
59 007 369 842,entity,{}
ensr australia pty limited,entity,{}
34 060 204 702,entity,{}
harding lawson australia pty  limited,entity,{}
21 063 854 606,entity,{}
w e  bassett and partners pty  ltd,entity,{}
22 004 873 634,entity,{}
https   modernslaveryregister gov au statements 2879,entity,{}
thomson reuters  australia  pty ltd,entity,{}
87 058 914 766,entity,{}
https   modernslaveryregister gov au statements 8404,entity,{}
r k arnold   g dowd   m b dunphy   a macvean   s p morgan   j s morvell   k j stallard   e woolley,entity,{}
58 041 376 985,entity,{}
https   modernslaveryregister gov au statements 11624,entity,{}
spc global ltd,entity,{}
73 633 389 394,entity,{}
spc operations pty ltd,entity,{}
53 633 532 162,entity,{}
https   modernslaveryregister gov au statements 7402,entity,{}
oe jv co pty limited,entity,{}
38 095 483 195,entity,{}
origin energy electricity limited,entity,{}
33 071 052 287,entity,{}
origin energy eraring pty limited,entity,{}
31 357 688 069,entity,{}
origin energy holdings pty limited,entity,{}
30 004 132 423,entity,{}
origin energy lng portfolio pty ltd,entity,{}
88 610 626 750,entity,{}
origin energy lpg limited,entity,{}
77 000 508 369,entity,{}
origin energy power limited,entity,{}
93 008 289 398,entity,{}
origin energy retail limited,entity,{}
22 078 868 425,entity,{}
origin energy  vic  pty limited,entity,{}
11 086 013 283,entity,{}
https   modernslaveryregister gov au statements 9983,entity,{}
aeris resources limited,entity,{}
30 147 131 977,entity,{}
https   modernslaveryregister gov au statements 17159,entity,{}
actividentity  australia  pty ltd,entity,{}
19 062 955 060,entity,{}
ansa doors  aust  pty ltd,entity,{}
49 617 127 278,entity,{}
assa abloy australia pacific pty  limited,entity,{}
81 095 354 582,entity,{}
assa abloy australia pty limited,entity,{}
90 086 451 907,entity,{}
assa abloy door group australia pty limited,entity,{}
50 004 519 331,entity,{}
assa abloy entrance systems australia pty limited,entity,{}
35 095 443 486,entity,{}
assa abloy global solutions australia pty limited,entity,{}
16 088 022 548,entity,{}
austral monsoon building products pty ltd,entity,{}
82 083 857 452,entity,{}
lietzke australia pty limited,entity,{}
73 076 172 051,entity,{}
mirage doors  aust  pty ltd,entity,{}
12 601 182 629,entity,{}
monsoon industries pty  limited,entity,{}
60 001 028 691,entity,{}
placard pty ltd,entity,{}
46 074 646 343,entity,{}
record automatic doors pty ltd,entity,{}
58 601 122 874,entity,{}
secure edge technologies pty ltd,entity,{}
93 103 561 075,entity,{}
the denmore group pty ltd,entity,{}
86 071 823 651,entity,{}
tokio marine management  australasia  pty ltd,entity,{}
69 001 488 455,entity,{}
tokio marine   nichido fire insurance co   ltd,entity,{}
80 000 438 291,entity,{}
accident   health international underwriting pty ltd,entity,{}
bcc surety pty ltd,entity,{}
bcc trade credit pty ltd,entity,{}
bond and credit company pty ltd,entity,{}
https   modernslaveryregister gov au statements 19479,entity,{}
https   modernslaveryregister gov au statements 1278,entity,{}
eastern health,entity,{}
68 223 819 017,entity,{}
https   modernslaveryregister gov au statements 21877,entity,{}
the australian institute of marine science,entity,{}
78 961 616 230,entity,{}
https   modernslaveryregister gov au statements 26322,entity,{}
hollard insurance partners limited,entity,{}
96 067 524 216,entity,{}
the hollard insurance company pty ltd,entity,{}
78 090 584 473,entity,{}
hollard holdings australia pty ltd,entity,{}
https   modernslaveryregister gov au statements 26539,entity,{}
t rowe price global equity fund,entity,{}
80 751 391 290,entity,{}
t rowe price global equity  hedged  fund,entity,{}
29 351 208 244,entity,{}
https   modernslaveryregister gov au statements 7485,entity,{}
meshki pty limited,entity,{}
63 606 524 878,entity,{}
https   modernslaveryregister gov au statements 20791,entity,{}
planet innovation digital pty ltd,entity,{}
73 613 310 580,entity,{}
planet innovation holdings ltd,entity,{}
37 152 424 916,entity,{}
planet innovation products pty ltd,entity,{}
50 153 338 660,entity,{}
planet innovation pty ltd,entity,{}
35 137 428 141,entity,{}
planet intellectual property enterprises pty ltd,entity,{}
28 152 698 747,entity,{}
https   modernslaveryregister gov au statements 11277,entity,{}
sunshine a pty ltd,entity,{}
86 631 684 770,entity,{}
2021 02 01 to 2022 01 31,entity,{}
https   modernslaveryregister gov au statements 9705,entity,{}
00 649 711 026,entity,{}
https   modernslaveryregister gov au statements 11943,entity,{}
consumer services  including accommodation  hospitality  tourism and leisure charitable   not for profit activities,entity,{}
https   modernslaveryregister gov au statements 10983,entity,{}
volvo car australia pty ltd,entity,{}
18 004 830 611,entity,{}
sweden,entity,{}
https   modernslaveryregister gov au statements 18242,entity,{}
l u c r f  pty  ltd,entity,{}
18 005 502 090,entity,{}
https   modernslaveryregister gov au statements 6885,entity,{}
b m d  holdings pty  limited,entity,{}
47 010 093 348,entity,{}
https   modernslaveryregister gov au statements 6350,entity,{}
anabelle bits pty ltd,entity,{}
40 068 649 972,entity,{}
bearena pty limited,entity,{}
53 125 400 062,entity,{}
the trustee for forward it  australia,entity,{}
42 597 085 374,entity,{}
https   modernslaveryregister gov au statements 1579,entity,{}
hunter mason  nsw  pty ltd,entity,{}
22 656 817 131,entity,{}
https   modernslaveryregister gov au statements 26604,entity,{}
keystart loans ltd,entity,{}
27 009 427 034,entity,{}
https   modernslaveryregister gov au statements 20260,entity,{}
shein distribution australia pty limited,entity,{}
38 653 503 023,entity,{}
https   modernslaveryregister gov au statements 10374,entity,{}
nutricia australia pty limited,entity,{}
99 076 246 752,entity,{}
https   modernslaveryregister gov au statements 26596,entity,{}
taiwan cooperative bank ltd,entity,{}
96 139 482 634,entity,{}
https   modernslaveryregister gov au statements 16726,entity,{}
globe international limited,entity,{}
65 007 066 033,entity,{}
https   modernslaveryregister gov au statements 2407,entity,{}
samsonite australia pty limited,entity,{}
https   modernslaveryregister gov au statements 22918,entity,{}
wa primary health alliance limited,entity,{}
11 602 416 697,entity,{}
https   modernslaveryregister gov au statements 15164,entity,{}
select harvests limited,entity,{}
87 000 721 380,entity,{}
https   modernslaveryregister gov au statements 12818,entity,{}
belmont property unit trust,entity,{}
89 947 149 231,entity,{}
the trustee for homestyle leopold unit trust,entity,{}
the trustee for homestyle point cook unit trust,entity,{}
75 669 178 546,entity,{}
54 782 087 667,entity,{}
https   modernslaveryregister gov au statements 15332,entity,{}
recycle and resource holdings limited,entity,{}
20 649 347 302,entity,{}
bingo industries limited,entity,{}
72 617 748 231,entity,{}
electricity  gas  water and waste services,entity,{}
https   modernslaveryregister gov au statements 27232,entity,{}
covau pty limited,entity,{}
54 090 117 730,entity,{}
https   modernslaveryregister gov au statements 17443,entity,{}
port waratah coal services ltd,entity,{}
99 001 363 828,entity,{}
https   modernslaveryregister gov au statements 12468,entity,{}
abbott australasia pty ltd,entity,{}
95 000 180 389,entity,{}
abbott medical australia pty ltd,entity,{}
73 080 212 746,entity,{}
abbott rapid diagnostics pty ltd,entity,{}
19 010 728 220,entity,{}
https   modernslaveryregister gov au statements 13748,entity,{}
roberts co australia pty ltd,entity,{}
83 616 561 678,entity,{}
https   modernslaveryregister gov au statements 6758,entity,{}
online education services pty ltd,entity,{}
75 148 177 959,entity,{}
https   modernslaveryregister gov au statements 11364,entity,{}
the trustee for bgh capital trust ia,entity,{}
62 598 307 176,entity,{}
https   modernslaveryregister gov au statements 7304,entity,{}
2021 3729,entity,{}
aa holdings pty ltd,entity,{}
94 112 233 744,entity,{}
https   modernslaveryregister gov au statements 7098,entity,{}
dentsply sirona pty limited,entity,{}
87 111 950 602,entity,{}
https   modernslaveryregister gov au statements 14073,entity,{}
kyushu electric australia pty ltd,entity,{}
54 152 417 260,entity,{}
kyushu electric trading pty ltd,entity,{}
kyushu electric wheatstone pty ltd,entity,{}
https   modernslaveryregister gov au statements 17450,entity,{}
servcorp limited,entity,{}
97 089 222 506,entity,{}
https   modernslaveryregister gov au statements 21453,entity,{}
hempel  wattyl  australia pty ltd,entity,{}
40 000 035 914,entity,{}
hempel newco  australia  pty ltd,entity,{}
98 647 861 345,entity,{}
denmark,entity,{}
https   modernslaveryregister gov au statements 16783,entity,{}
royal rehab,entity,{}
34 000 025 794,entity,{}
https   modernslaveryregister gov au statements 11795,entity,{}
zespri international  australia  pty ltd,entity,{}
91 125 815 465,entity,{}
2020 04 01 to 2021 03 31,entity,{}
https   modernslaveryregister gov au statements 4799,entity,{}
elonara pty ltd,entity,{}
75 630 632 450,entity,{}
stowe australia pty limited,entity,{}
27 002 556 603,entity,{}
https   modernslaveryregister gov au statements 1038,entity,{}
peoplein limited,entity,{}
39 615 173 076,entity,{}
https   modernslaveryregister gov au statements 11401,entity,{}
ballantyne pty  ltd,entity,{}
89 006 036 684,entity,{}
https   modernslaveryregister gov au statements 26473,entity,{}
bisley asia pte ltd,entity,{}
bisley chemicals trading llc,entity,{}
bisley international llc,entity,{}
pt bisindo kencana,entity,{}
https   modernslaveryregister gov au statements 19601,entity,{}
safcol australia pty  ltd,entity,{}
19 052 489 924,entity,{}
https   modernslaveryregister gov au statements 14240,entity,{}
ncr australia pty limited,entity,{}
61 000 003 592,entity,{}
https   modernslaveryregister gov au statements 23759,entity,{}
bosch rexroth pty ltd,entity,{}
89 003 258 384,entity,{}
https   modernslaveryregister gov au statements 19094,entity,{}
pitt   sherry  operations  pty  ltd,entity,{}
67 140 184 309,entity,{}
https   modernslaveryregister gov au statements 6852,entity,{}
royal melbourne institute of technology,entity,{}
49 781 030 034,entity,{}
https   modernslaveryregister gov au statements 13308,entity,{}
imcd australia pty ltd,entity,{}
44 000 005 578,entity,{}
netherlands,entity,{}
https   modernslaveryregister gov au statements 24093,entity,{}
fremantle port authority,entity,{}
78 187 229 472,entity,{}
https   modernslaveryregister gov au statements 12558,entity,{}
gr engineering services ltd,entity,{}
12 121 542 738,entity,{}
gr production services pty ltd,entity,{}
26 166 665 952,entity,{}
mipac holdings pty ltd,entity,{}
92 097 111 441,entity,{}
https   modernslaveryregister gov au statements 20373,entity,{}
smeg australia pty ltd,entity,{}
33 146 901 082,entity,{}
italy,entity,{}
https   modernslaveryregister gov au statements 5358,entity,{}
ntt australia pty ltd,entity,{}
65 003 371 239,entity,{}
ntt australia database solutions pty ltd,entity,{}
ntt australia digital pty ltd,entity,{}
ntt australia solutions pty ltd,entity,{}
ntt australia workforce solutions pty ltd,entity,{}
ntt com ict dc solutions  australia  pty ltd,entity,{}
ntt com ict solutions  australia  pty ltd,entity,{}
https   modernslaveryregister gov au statements 19854,entity,{}
norco co operative limited,entity,{}
17 009 717 417,entity,{}
https   modernslaveryregister gov au statements 10792,entity,{}
sma australia pty ltd,entity,{}
44 127 198 761,entity,{}
https   modernslaveryregister gov au statements 22700,entity,{}
bmw australia finance limited,entity,{}
automotive  machinery and heavy electrical equipment financial  insurance and real estate activities,entity,{}
b m w australia ltd,entity,{}
bmw melbourne pty  limited,entity,{}
bmw sydney pty  limited,entity,{}
https   modernslaveryregister gov au statements 13679,entity,{}
jinko solar australia holdings co  pty ltd,entity,{}
2024 1408,entity,{}
https   modernslaveryregister gov au statements 23547,entity,{}
specsavers pty  ltd,entity,{}
82 097 147 932,entity,{}
https   modernslaveryregister gov au statements 5447,entity,{}
turners automotive group limited,entity,{}
financial and insurance services retail trade,entity,{}
https   modernslaveryregister gov au statements 24429,entity,{}
the roman catholic trust corporation for the diocese of townsville,entity,{}
13 622 319 794,entity,{}
https   modernslaveryregister gov au statements 13402,entity,{}
nestle australia ltd,entity,{}
77 000 011 316,entity,{}
https   modernslaveryregister gov au statements 23564,entity,{}
team medical supplies pty ltd,entity,{}
30 150 132 504,entity,{}
https   modernslaveryregister gov au statements 15041,entity,{}
stp at pty ltd,entity,{}
50 626 630 144,entity,{}
stp pt pty ltd,entity,{}
52 626 630 153,entity,{}
https   modernslaveryregister gov au statements 6487,entity,{}
https   modernslaveryregister gov au statements 19104,entity,{}
the recruitment hive pty ltd,entity,{}
13 155 397 541,entity,{}
https   modernslaveryregister gov au statements 15017,entity,{}
mun  australia  pty limited,entity,{}
49 075 460 838,entity,{}
https   modernslaveryregister gov au statements 442,entity,{}
howe marketing pty ltd,entity,{}
79 088 186 700,entity,{}
mackay s banana marketing co pty ltd,entity,{}
sunny queen pty limited,entity,{}
31 060 702 034,entity,{}
https   modernslaveryregister gov au statements 17792,entity,{}
culture amp pty ltd,entity,{}
12 138 600 987,entity,{}
https   modernslaveryregister gov au statements 11976,entity,{}
ceva logistics  australia  pty  ltd,entity,{}
63 008 438 239,entity,{}
58 000 820 075,entity,{}
ceva freight  australia  pty ltd,entity,{}
https   modernslaveryregister gov au statements 18895,entity,{}
the university of queensland,entity,{}
63 942 912 684,entity,{}
https   modernslaveryregister gov au statements 12678,entity,{}
midfield meat international pty  ltd,entity,{}
78 065 864 904,entity,{}
manufacturing agriculture  forestry and fishing,entity,{}
https   modernslaveryregister gov au statements 27261,entity,{}
dentons australia limited,entity,{}
69 100 963 308,entity,{}
dentons capital pty ltd,entity,{}
47 663 751 200,entity,{}
https   modernslaveryregister gov au statements 20551,entity,{}
sonic healthcare limited,entity,{}
24 004 196 909,entity,{}
https   modernslaveryregister gov au statements 10522,entity,{}
basware pty ltd,entity,{}
https   modernslaveryregister gov au statements 23955,entity,{}
2024 06 01 to 2025 05 31,entity,{}
https   modernslaveryregister gov au statements 25321,entity,{}
ferragamo australia pty limited,entity,{}
203534,entity,{}
salvatore ferragamo spa,entity,{}
manufacturing wholesale trade retail trade,entity,{}
https   modernslaveryregister gov au statements 26601,entity,{}
base titanium limited,entity,{}
base toliara sarl,entity,{}
https   modernslaveryregister gov au statements 16313,entity,{}
renascent australia pty ltd,entity,{}
53 109 220 760,entity,{}
renascent australia pty ltd  act branch,entity,{}
renascent constructions  victoria  pty ltd,entity,{}
54 135 571 765,entity,{}
renascent queensland pty ltd,entity,{}
83 125 718 229,entity,{}
renascent regional pty limited,entity,{}
38 158 296 265,entity,{}
renascent western australia pty limited,entity,{}
59 608 156 136,entity,{}
https   modernslaveryregister gov au statements 22082,entity,{}
nobleoak life limited,entity,{}
85 087 648 708,entity,{}
genus life insurance services pty ltd,entity,{}
nobleoak aspire pty ltd,entity,{}
nobleoak corporate beneficiary pty ltd,entity,{}
nobleoak services limited,entity,{}
https   modernslaveryregister gov au statements 20115,entity,{}
equifax australia holdings pty ltd,entity,{}
37 609 497 494,entity,{}
https   modernslaveryregister gov au statements 5603,entity,{}
civil aviation safety authority,entity,{}
44 808 014 470,entity,{}
https   modernslaveryregister gov au statements 6651,entity,{}
rp data pty ltd,entity,{}
67 087 759 171,entity,{}
media  publishing  arts and entertainment information technology and telecommunication financial  insurance and real estate activities education and research,entity,{}
https   modernslaveryregister gov au statements 9535,entity,{}
awh pty ltd,entity,{}
https   modernslaveryregister gov au statements 15059,entity,{}
anglicare victoria,entity,{}
97 397 067 466,entity,{}
https   modernslaveryregister gov au statements 19658,entity,{}
kiwa group pty ltd,entity,{}
72 633 194 920,entity,{}
https   modernslaveryregister gov au statements 10504,entity,{}
the caprice unit trust,entity,{}
73 011 735 977,entity,{}
https   modernslaveryregister gov au statements 25551,entity,{}
canadian solar mss  australia  pty ltd,entity,{}
https   modernslaveryregister gov au statements 23798,entity,{}
canada  china,entity,{}
arch financial holdings australia pty ltd,entity,{}
18 605 164 627,entity,{}
arch lenders mortgage indemnity limited,entity,{}
60 074 042 934,entity,{}
arch lmi pty ltd,entity,{}
60 601 356 174,entity,{}
https   modernslaveryregister gov au statements 18572,entity,{}
latrobe health services limited,entity,{}
94 137 187 010,entity,{}
maryvale private hospital proprietary limited,entity,{}
44 007 374 629,entity,{}
financial and insurance services health care and social assistance,entity,{}
https   modernslaveryregister gov au statements 27177,entity,{}
m people  qld  pty ltd   western plant hire  wa  pty ltd,entity,{}
mackellar mining pty ltd   western plant hire  wa  pty ltd,entity,{}
mackellar mining pty ltd   m people  qld  pty ltd,entity,{}
jackaroo capital pty ltd,entity,{}
87 644 822 980,entity,{}
percy street pty ltd,entity,{}
83 644 820 020,entity,{}
r m  williams australia holdings pty ltd,entity,{}
61 163 636 682,entity,{}
r m  williams holdings pty ltd,entity,{}
28 163 626 382,entity,{}
r m  williams proprietary limited,entity,{}
17 007 527 166,entity,{}
https   modernslaveryregister gov au statements 16167,entity,{}
plan it holdings pty ltd,entity,{}
49 125 108 956,entity,{}
planit philippines corporation,entity,{}
planit software testing limited nz,entity,{}
planit software testing limited  uk,entity,{}
planit testing india private limited,entity,{}
planit test management solutions pty ltd,entity,{}
61 079 209 135,entity,{}
sqa bidco pty ltd,entity,{}
47 603 366 552,entity,{}
sqa holdco pty ltd,entity,{}
52 603 366 196,entity,{}
https   modernslaveryregister gov au statements 10959,entity,{}
mayne pharma group limited,entity,{}
76 115 832 963,entity,{}
https   modernslaveryregister gov au statements 12397,entity,{}
https   modernslaveryregister gov au statements 891,entity,{}
https   modernslaveryregister gov au statements 8602,entity,{}
australian agribusiness  holdings  pty ltd,entity,{}
61 135 355 958,entity,{}
accensi pty ltd,entity,{}
ntac pty ltd,entity,{}
utr investments pty limited,entity,{}
https   modernslaveryregister gov au statements 19031,entity,{}
teeg australia pty ltd,entity,{}
11 111 111 111,entity,{}
teeg bidco pty ltd,entity,{}
12 222 222 222,entity,{}
teeg mezzco pty ltd,entity,{}
13 333 333 333,entity,{}
teeg senior holdco pty ltd,entity,{}
14 444 444 444,entity,{}
teeg topco pty ltd,entity,{}
15 555 555 555,entity,{}
media  publishing  arts and entertainment consumer services  including accommodation  hospitality  tourism and leisure,entity,{}
https   modernslaveryregister gov au statements 13620,entity,{}
popsockets llc,entity,{}
https   modernslaveryregister gov au statements 9792,entity,{}
southern cross airports corporation holdings limited,entity,{}
35 098 082 029,entity,{}
sydney airport corporation limited,entity,{}
62 082 578 809,entity,{}
sydney airport limited,entity,{}
18 165 056 360,entity,{}
sydney aviation alliance holdings pty ltd,entity,{}
54 654 912 197,entity,{}
sydney aviation alliance pty ltd,entity,{}
85 651 567 841,entity,{}
transportation  logistics  and storage consumer services  including accommodation  hospitality  tourism and leisure,entity,{}
https   modernslaveryregister gov au statements 17363,entity,{}
samsung c t corporation,entity,{}
49 160 079 470,entity,{}
https   modernslaveryregister gov au statements 23553,entity,{}
virtus health limited,entity,{}
80 129 643 492,entity,{}
https   modernslaveryregister gov au statements 12026,entity,{}
i g t  australia  pty ltd,entity,{}
https   modernslaveryregister gov au statements 24885,entity,{}
australian retirement trust,entity,{}
60 905 115 063,entity,{}
australian retirement trust pty ltd,entity,{}
88 010 720 840,entity,{}
precision administration services pty ltd,entity,{}
47 098 977 667,entity,{}
https   modernslaveryregister gov au statements 11284,entity,{}
cobram estate olives limited,entity,{}
32 115 131 667,entity,{}
https   modernslaveryregister gov au statements 16527,entity,{}
kkr australia pty limited,entity,{}
56 126 516 336,entity,{}
https   modernslaveryregister gov au statements 26409,entity,{}
schiavello construction pty ltd,entity,{}
64 117 216 314,entity,{}
https   modernslaveryregister gov au statements 2118,entity,{}
integral diagnostics limited,entity,{}
55 130 832 816,entity,{}
advanced women s imaging pty ltd,entity,{}
bodyscreen pty ltd,entity,{}
central queensland radiology pty ltd,entity,{}
citiscan radiology pty ltd,entity,{}
cq radiology pty ltd,entity,{}
global diagnostics  australia  pty ltd,entity,{}
imaging queensland pty ltd,entity,{}
integral diagnostics no 1 pty ltd,entity,{}
integrated pain management pty ltd,entity,{}
iq radiology pty ltd,entity,{}
iq radiology services pty ltd,entity,{}
lake imaging pty ltd,entity,{}
martlesham pty ltd,entity,{}
peloton radiology pty ltd,entity,{}
queensland nuclear medicine pty ltd,entity,{}
rad corporate pty ltd,entity,{}
radploy 2 pty ltd,entity,{}
radploy 3 pty ltd,entity,{}
radploy 4 pty ltd,entity,{}
radploy pty ltd,entity,{}
sc radiology pty ltd,entity,{}
scr corporate pty ltd,entity,{}
sunshine coast radiology pty ltd,entity,{}
tern hill pty ltd,entity,{}
the womens imaging group pty ltd,entity,{}
the x ray group pty ltd,entity,{}
warby x ray services pty ltd,entity,{}
x ray   imaging holdings pty ltd,entity,{}
x ray   imaging pty ltd,entity,{}
yarrawonga x ray services pty ltd,entity,{}
ior terminal nominees pty ltd,entity,{}
18 635 203 413,entity,{}
https   modernslaveryregister gov au statements 14318,entity,{}
university of south australia,entity,{}
37 191 313 308,entity,{}
unisa health pty ltd,entity,{}
unisa ventures pty ltd,entity,{}
74 153 422 112,entity,{}
54 154 270 167,entity,{}
https   modernslaveryregister gov au statements 17563,entity,{}
auckland airport holdings limited,entity,{}
auckland airport holdings  no 2  limited,entity,{}
auckland airport limited,entity,{}
auckland international airport limited,entity,{}
auckland airport holdings  no 3  limited,entity,{}
transport  postal and warehousing accommodation and food services construction other services,entity,{}
https   modernslaveryregister gov au statements 25417,entity,{}
68 476 361 935,entity,{}
the trustee for byte au unit trust,entity,{}
https   modernslaveryregister gov au statements 18614,entity,{}
teachers mutual bank limited,entity,{}
30 087 650 459,entity,{}
https   modernslaveryregister gov au statements 7278,entity,{}
the trustee for ngs super,entity,{}
73 549 180 515,entity,{}
ngs financial planning pty ltd,entity,{}
select core property pty limited,entity,{}
select office pty limited,entity,{}
https   modernslaveryregister gov au statements 15837,entity,{}
agricultural bank of china limited  sydney branch,entity,{}
48 848 300 367,entity,{}
https   modernslaveryregister gov au statements 23372,entity,{}
zoom video communications  inc,entity,{}
2020 02 01 to 2021 01 31,entity,{}
https   modernslaveryregister gov au statements 5588,entity,{}
lifestyle communities ltd,entity,{}
11 078 675 153,entity,{}
https   modernslaveryregister gov au statements 2106,entity,{}
gruma oceania pty ltd,entity,{}
35 117 976 002,entity,{}
https   modernslaveryregister gov au statements 13673,entity,{}
tasmanian ports corporation pty  ltd,entity,{}
82 114 161 938,entity,{}
transport  postal and warehousing rental  hiring and real estate services other services,entity,{}
https   modernslaveryregister gov au statements 26828,entity,{}
onsite rental group limited,entity,{}
42 126 396 852,entity,{}
https   modernslaveryregister gov au statements 5527,entity,{}
taipower bengalla pty  limited,entity,{}
18 075 407 617,entity,{}
https   modernslaveryregister gov au statements 8445,entity,{}
biomar pty ltd,entity,{}
52 619 617 248,entity,{}
https   modernslaveryregister gov au statements 18017,entity,{}
dell australia pty limited,entity,{}
46 003 855 561,entity,{}
emc global holdings company,entity,{}
https   modernslaveryregister gov au statements 1396,entity,{}
ceridian australia pty ltd,entity,{}
43 611 427 206,entity,{}
https   modernslaveryregister gov au statements 9349,entity,{}
liberty oil australia holdings pty ltd,entity,{}
29 107 226 880,entity,{}
liberty oil australia pty ltd,entity,{}
34 114 544 437,entity,{}
liberty oil corporation pty ltd,entity,{}
53 088 411 072,entity,{}
liberty oil holdings pty ltd,entity,{}
67 068 080 124,entity,{}
viva energy australia group pty ltd,entity,{}
60 004 400 220,entity,{}
viva energy australia pty ltd,entity,{}
46 004 610 459,entity,{}
viva energy aviation pty ltd,entity,{}
29 167 761 453,entity,{}
viva energy group limited,entity,{}
74 626 661 032,entity,{}
viva energy holding pty ltd,entity,{}
59 167 883 525,entity,{}
viva energy polymers holdings pty ltd,entity,{}
74 066 270 237,entity,{}
viva energy polymers pty ltd,entity,{}
42 004 327 762,entity,{}
viva energy refining pty ltd,entity,{}
46 004 303 842,entity,{}
https   modernslaveryregister gov au statements 12550,entity,{}
esco australia holdings pty limited,entity,{}
14 140 443 223,entity,{}
https   modernslaveryregister gov au statements 4492,entity,{}
https   modernslaveryregister gov au statements 7545,entity,{}
54 068 349 066,entity,{}
21 080 195 535,entity,{}
https   modernslaveryregister gov au statements 7445,entity,{}
the australian province of the society of jesus,entity,{}
19 179 772 790,entity,{}
education and research charitable   not for profit activities,entity,{}
https   modernslaveryregister gov au statements 13734,entity,{}
334,entity,{}
viva energy retail pty ltd,entity,{}
https   modernslaveryregister gov au statements 17243,entity,{}
garmin australasia pty ltd,entity,{}
85 129 153 448,entity,{}
https   modernslaveryregister gov au statements 4009,entity,{}
complete office supplies pty ltd,entity,{}
92 001 634 715,entity,{}
https   modernslaveryregister gov au statements 2397,entity,{}
infinite australia aged care holdings pty ltd,entity,{}
75 621 313 826,entity,{}
infinite aged care pty  ltd,entity,{}
infinite australia aged care pty ltd,entity,{}
infinite care pty  ltd,entity,{}
https   modernslaveryregister gov au statements 21579,entity,{}
the partnership of arnold bloch leibler,entity,{}
30 331 510 906,entity,{}
https   modernslaveryregister gov au statements 24938,entity,{}
lovisa australia pty ltd,entity,{}
34 602 304 503,entity,{}
lovisa holdings limited,entity,{}
62 120 675 890,entity,{}
lovisa pty limited,entity,{}
https   modernslaveryregister gov au statements 7600,entity,{}
bridgewater associates lp,entity,{}
2022 1224,entity,{}
https   modernslaveryregister gov au statements 13866,entity,{}
the trustee for realindex global share fund  screened,entity,{}
15 541 594 372,entity,{}
https   modernslaveryregister gov au statements 20700,entity,{}
slater   gordon ltd,entity,{}
93 097 297 400,entity,{}
https   modernslaveryregister gov au statements 11191,entity,{}
the leprosy mission australia,entity,{}
52 354 004 543,entity,{}
https   modernslaveryregister gov au statements 10944,entity,{}
australian opco pty ltd,entity,{}
20 003 279 534,entity,{}
flight centre travel group limited,entity,{}
25 003 377 188,entity,{}
https   modernslaveryregister gov au statements 12075,entity,{}
southern ports authority,entity,{}
04 434 125 024,entity,{}
https   modernslaveryregister gov au statements 7138,entity,{}
police   nurses limited,entity,{}
69 087 651 876,entity,{}
https   modernslaveryregister gov au statements 11320,entity,{}
inchcape australia limited,entity,{}
50 050 035 277,entity,{}
https   modernslaveryregister gov au statements 9202,entity,{}
compass group  australia  pty ltd,entity,{}
41 000 683 125,entity,{}
compass group b i hospitality services pty ltd,entity,{}
82 089 388 143,entity,{}
compass group defence hospitality services pty ltd,entity,{}
80 089 388 134,entity,{}
compass group education hospitality services pty ltd,entity,{}
60 129 203 998,entity,{}
compass group healthcare hospitality services pty ltd,entity,{}
79 114 320 615,entity,{}
compass group remote hospitality services pty ltd,entity,{}
98 113 561 363,entity,{}
delta fm australia pty ltd,entity,{}
64 157 852 054,entity,{}
food and beverages  agriculture and fishing consumer services  including accommodation  hospitality  tourism and leisure cleaning and security services,entity,{}
https   modernslaveryregister gov au statements 12371,entity,{}
travel and leisure south pacific pty ltd,entity,{}
82 673 494 981,entity,{}
https   modernslaveryregister gov au statements 24094,entity,{}
kincrome australia pty  ltd,entity,{}
41 007 185 006,entity,{}
automotive  machinery and heavy electrical equipment other,entity,{}
https   modernslaveryregister gov au statements 5356,entity,{}
allambi care limited,entity,{}
24 097 262 459,entity,{}
https   modernslaveryregister gov au statements 12017,entity,{}
halley   mellowes pty ltd,entity,{}
83 000 558 627,entity,{}
hma flow   industrial pty ltd,entity,{}
68 092 292 718,entity,{}
hma instrumentation pty ltd,entity,{}
42 058 605 959,entity,{}
hma wear solutions pty ltd,entity,{}
69 002 407 730,entity,{}
hma geotechnical,entity,{}
hma materials handling,entity,{}
hma power generation,entity,{}
https   modernslaveryregister gov au statements 20214,entity,{}
hancock victorian plantations pty limited,entity,{}
20 084 801 132,entity,{}
https   modernslaveryregister gov au statements 2615,entity,{}
jones lang lasalle  qld  pty ltd,entity,{}
https   modernslaveryregister gov au statements 17931,entity,{}
philip morris  australia  limited,entity,{}
68 004 316 901,entity,{}
https   modernslaveryregister gov au statements 4821,entity,{}
the disability trust limited,entity,{}
https   modernslaveryregister gov au statements 14323,entity,{}
https   modernslaveryregister gov au statements 12970,entity,{}
turtle holdco pty ltd,entity,{}
70 650 938 846,entity,{}
buildsafe australia holdings pty ltd,entity,{}
buildsafe australia pty ltd,entity,{}
buildsafe equipment sales pty ltd,entity,{}
buildsafe national services pty ltd,entity,{}
buildsafe new south wales pty ltd,entity,{}
buildsafe northern rivers pty ltd,entity,{}
buildsafe queensland pty ltd,entity,{}
https   modernslaveryregister gov au statements 21112,entity,{}
save the children australia,entity,{}
99 008 610 035,entity,{}
https   modernslaveryregister gov au statements 4501,entity,{}
melbourne cricket club,entity,{}
92 871 871 964,entity,{}
australian sports museum ltd,entity,{}
melbourne cricket club sports limited,entity,{}
https   modernslaveryregister gov au statements 19422,entity,{}
astrazeneca holdings pty ltd,entity,{}
59 066 876 962,entity,{}
astrazeneca pty ltd,entity,{}
54 009 682 311,entity,{}
https   modernslaveryregister gov au statements 14016,entity,{}
cook e services australia pty ltd,entity,{}
59 652 473 240,entity,{}
fresh four pty ltd,entity,{}
43 618 884 174,entity,{}
grocery delivery e services australia pty limited,entity,{}
19 155 437 620,entity,{}
idk pty ltd,entity,{}
90 613 645 640,entity,{}
youfoodz holdings limited,entity,{}
38 635 434 801,entity,{}
youfoodz ip pty ltd,entity,{}
42 644 160 501,entity,{}
youjuice pty ltd,entity,{}
92 619 578 111,entity,{}
https   modernslaveryregister gov au statements 18858,entity,{}
the lottery corporation limited,entity,{}
21 081 925 706,entity,{}
golden casket lottery corporation limited,entity,{}
keno  qld  pty ltd,entity,{}
l k operations pty ltd,entity,{}
new south wales lotteries corporation pty limited,entity,{}
tattersall s sweeps pty ltd,entity,{}
tatts keno holdings pty ltd,entity,{}
tatts lotteries sa pty ltd,entity,{}
https   modernslaveryregister gov au statements 20460,entity,{}
electra cables  aust  pty limited,entity,{}
38 056 024 385,entity,{}
https   modernslaveryregister gov au statements 22360,entity,{}
metcash limited,entity,{}
32 112 073 480,entity,{}
2022 05 01 to 2023 04 30,entity,{}
https   modernslaveryregister gov au statements 15027,entity,{}
csl australia pty ltd,entity,{}
24 080 378 614,entity,{}
https   modernslaveryregister gov au statements 10336,entity,{}
zebra technologies australia pty ltd,entity,{}
14 153 920 462,entity,{}
https   modernslaveryregister gov au statements 8334,entity,{}
contact energy limited,entity,{}
68 080 480 477,entity,{}
https   modernslaveryregister gov au statements 2501,entity,{}
valvoline  australia  pty ltd,entity,{}
86 000 446 855,entity,{}
https   modernslaveryregister gov au statements 23939,entity,{}
first sentier investors asia holdings limited,entity,{}
54 054 571 701,entity,{}
first sentier investors  australia  im ltd,entity,{}
89 114 194 311,entity,{}
first sentier investors  australia  infrastructure holdings ltd,entity,{}
20 085 313 926,entity,{}
first sentier investors  australia  re ltd,entity,{}
13 006 464 428,entity,{}
first sentier investors  australia  services pty ltd,entity,{}
73 624 305 595,entity,{}
first sentier investors holdings pty limited,entity,{}
49 630 725 558,entity,{}
first sentier investors rqi pty ltd,entity,{}
24 133 312 017,entity,{}
the trustee for global diversified infrastructure fund  active,entity,{}
73 751 308 908,entity,{}
the trustee for global diversified infrastructure fund  australia,entity,{}
93 463 968 874,entity,{}
https   modernslaveryregister gov au statements 18069,entity,{}
nexus day hospitals holdings pty ltd,entity,{}
75 165 809 101,entity,{}
https   modernslaveryregister gov au statements 11282,entity,{}
95 108 603 345,entity,{}
financial  insurance and real estate activities other,entity,{}
https   modernslaveryregister gov au statements 9586,entity,{}
yooralla,entity,{}
14 005 304 432,entity,{}
https   modernslaveryregister gov au statements 17111,entity,{}
tokyo timor sea resources pty ltd,entity,{}
39 000 751 593,entity,{}
https   modernslaveryregister gov au statements 4889,entity,{}
adt group holdings pty ltd,entity,{}
35 144 849 436,entity,{}
forever new clothing pty ltd,entity,{}
11 118 100 100,entity,{}
https   modernslaveryregister gov au statements 2944,entity,{}
lush australasia retail pty  limited,entity,{}
24 077 737 663,entity,{}
https   modernslaveryregister gov au statements 12143,entity,{}
connecteast pty limited,entity,{}
99 101 213 263,entity,{}
https   modernslaveryregister gov au statements 10840,entity,{}
global switch australia holdings pty limited,entity,{}
35 138 200 049,entity,{}
global switch property  australia  pty limited,entity,{}
97 094 051 779,entity,{}
https   modernslaveryregister gov au statements 12235,entity,{}
a2b australia pty ltd,entity,{}
1449,entity,{}
2023 07 01 to 2024 12 31,entity,{}
135466 pty ltd,entity,{}
13cabs innovations pty ltd,entity,{}
a2b corporate services pty ltd,entity,{}
abc radio taxi pty ltd,entity,{}
access communications net proprietary limited,entity,{}
arrow taxi services limited,entity,{}
black cabs combined car sales pty ltd,entity,{}
black cabs combined pty ltd,entity,{}
cabcharge north america limited,entity,{}
cabcharge payments pty ltd,entity,{}
champ australia pty ltd,entity,{}
champ nsw pty ltd,entity,{}
champ victoria pty ltd,entity,{}
champ wa pty ltd,entity,{}
combined communications network pty ltd,entity,{}
eft solutions pty ltd,entity,{}
go taxis pty ltd,entity,{}
manchester taxi division limited,entity,{}
maxi taxi  australia  pty ltd,entity,{}
mobile technologies developments pty ltd,entity,{}
mobile technologies international llc,entity,{}
mobile technologies international pty  ltd,entity,{}
newcastle taxis pty ltd,entity,{}
north suburban taxis  vic  pty ltd,entity,{}
silver service taxis pty ltd,entity,{}
south western cabs  radio room  pty  limited,entity,{}
taxiprop pty ltd,entity,{}
taxis combined services pty ltd,entity,{}
taxitech proprietary limited,entity,{}
tiger taxis nsw pty ltd,entity,{}
tiger taxis operations pty ltd,entity,{}
tiger taxis pty  ltd,entity,{}
tiger taxis queensland pty ltd,entity,{}
yellow cabs australia pty  ltd,entity,{}
yellow cabs  queensland  holdings pty ltd,entity,{}
yellow cabs south australia pty ltd,entity,{}
yellow cabs victoria pty limited,entity,{}
https   modernslaveryregister gov au statements 23672,entity,{}
https   modernslaveryregister gov au statements 26295,entity,{}
https   modernslaveryregister gov au statements 20061,entity,{}
ameropa australia pty ltd,entity,{}
21 009 504 394,entity,{}
https   modernslaveryregister gov au statements 12925,entity,{}
busways blacktown pty  limited,entity,{}
86 000 173 437,entity,{}
busways camden pty limited,entity,{}
74 003 081 230,entity,{}
busways campbelltown pty  limited,entity,{}
40 000 572 145,entity,{}
busways group pty ltd,entity,{}
48 114 855 551,entity,{}
busways north west pty ltd,entity,{}
50 643 586 770,entity,{}
busways pacific pty ltd,entity,{}
75 106 202 340,entity,{}
busways wyong pty limited,entity,{}
17 000 044 726,entity,{}
the trustee for b t rowe family trust,entity,{}
the trustee for busways south australia trust,entity,{}
28 163 839 568,entity,{}
the trustee for the peninsula trust,entity,{}
79 817 812 619,entity,{}
https   modernslaveryregister gov au statements 10726,entity,{}
https   modernslaveryregister gov au statements 10446,entity,{}
centrepoint alliance limited,entity,{}
72 052 507 507,entity,{}
https   modernslaveryregister gov au statements 6144,entity,{}
ampol australia petroleum pty ltd,entity,{}
ampol limited,entity,{}
ampol petroleum distributors pty ltd,entity,{}
ampol retail pty ltd,entity,{}
https   modernslaveryregister gov au statements 13322,entity,{}
newcastle coal infrastructure group pty ltd,entity,{}
35 111 228 221,entity,{}
https   modernslaveryregister gov au statements 7004,entity,{}
lnw gaming australia holdings i pty ltd,entity,{}
https   modernslaveryregister gov au statements 13536,entity,{}
estee lauder pty  limited,entity,{}
63 008 444 719,entity,{}
https   modernslaveryregister gov au statements 21464,entity,{}
endeavour foundation,entity,{}
80 009 670 704,entity,{}
https   modernslaveryregister gov au statements 1512,entity,{}
thyssenkrupf materials australia pty ltd,entity,{}
94 078 033 520,entity,{}
https   modernslaveryregister gov au statements 12644,entity,{}
arts and recreation services other services information media and telecommunications,entity,{}
https   modernslaveryregister gov au statements 26521,entity,{}
dbs bank ltd,entity,{}
46 601 105 373,entity,{}
https   modernslaveryregister gov au statements 8800,entity,{}
modern slavery statement 2022 774,entity,{}
stockland corporation ltd,entity,{}
https   modernslaveryregister gov au statements 19221,entity,{}
bank of western australia ltd,entity,{}
22 050 494 454,entity,{}
colonial first state investments limited,entity,{}
98 002 348 352,entity,{}
48 123 123 124,entity,{}
https   modernslaveryregister gov au statements 1700,entity,{}
st george community housing limited,entity,{}
32 565 549 842,entity,{}
sgch devco limited,entity,{}
30 644 304 254,entity,{}
sgch homes queensland limited,entity,{}
17 674 979 830,entity,{}
sgch keys limited,entity,{}
15 650 371 529,entity,{}
sgch portfolio limited,entity,{}
88 160 035 441,entity,{}
sgch sustainability limited,entity,{}
21 606 965 799,entity,{}
rental  hiring and real estate services,entity,{}
https   modernslaveryregister gov au statements 25443,entity,{}
centamin egypt limited,entity,{}
86 007 700 352,entity,{}
https   modernslaveryregister gov au statements 12555,entity,{}
caseware international inc,entity,{}
2023 05 01 to 2024 04 30,entity,{}
caseware australia pty ltd,entity,{}
22 666 350 447,entity,{}
https   modernslaveryregister gov au statements 19584,entity,{}
calibre group pty ltd,entity,{}
44 100 255 623,entity,{}
mining  metals  chemicals and resources  including oil and gas  utilities  gas  water and electricity construction  civil engineering and building products,entity,{}
https   modernslaveryregister gov au statements 572,entity,{}
mainbrace constructions pty limited,entity,{}
45 002 970 658,entity,{}
mainbrace constructions  qld  pty limited,entity,{}
47 131 334 159,entity,{}
https   modernslaveryregister gov au statements 15725,entity,{}
2022 104,entity,{}
heartland group holdings limited,entity,{}
https   modernslaveryregister gov au statements 7848,entity,{}
northern health,entity,{}
42 986 169 981,entity,{}
60 103 911 673,entity,{}
39 150 242 855,entity,{}
healthcare and pharmaceuticals government sector,entity,{}
northern health research  training and equipment foundation limited,entity,{}
the trustee for northern health research training   equipment trust,entity,{}
https   modernslaveryregister gov au statements 24058,entity,{}
north queensland export terminal holdings pty ltd,entity,{}
17 154 644 685,entity,{}
north queensland export terminal pty ltd,entity,{}
93 149 298 206,entity,{}
https   modernslaveryregister gov au statements 19477,entity,{}
nomura global financial products  inc,entity,{}
2019 04 01 to 2020 03 31,entity,{}
https   modernslaveryregister gov au statements 952,entity,{}
modern slavery statement 2020 432,entity,{}
montague bros   holdings  pty  ltd,entity,{}
2022 04 01 to 2023 03 31,entity,{}
https   modernslaveryregister gov au statements 16187,entity,{}
just eat  acquisitions  pty limited,entity,{}
52 605 645 547,entity,{}
https   modernslaveryregister gov au statements 9354,entity,{}
https   modernslaveryregister gov au statements 3511,entity,{}
38 606 841 801,entity,{}
https   modernslaveryregister gov au statements 20170,entity,{}
colchester global investors limited,entity,{}
https   modernslaveryregister gov au statements 24817,entity,{}
modern slavery statement 2025 2286,entity,{}
microland  australia  limited,entity,{}
45 611 562 933,entity,{}
https   modernslaveryregister gov au statements 24413,entity,{}
30 645 356 903,entity,{}
https   modernslaveryregister gov au statements 11769,entity,{}
canon medical systems anz pty limited,entity,{}
73 612 054 707,entity,{}
https   modernslaveryregister gov au statements 23399,entity,{}
australian health   nutrition association limited,entity,{}
63 096 452 872,entity,{}
https   modernslaveryregister gov au statements 25108,entity,{}
scalzo trading co  proprietary limited,entity,{}
52 005 318 810,entity,{}
https   modernslaveryregister gov au statements 620,entity,{}
arrow ecs australia pty limited,entity,{}
70 006 687 056,entity,{}
arrow electronics australia pty ltd,entity,{}
75 065 151 626,entity,{}
arrow electronics anz holdings pty ltd,entity,{}
90 102 589 515,entity,{}
https   modernslaveryregister gov au statements 14646,entity,{}
alfred health,entity,{}
27 318 956 319,entity,{}
https   modernslaveryregister gov au statements 15593,entity,{}
the f deiri family trust,entity,{}
97 227 958 279,entity,{}
https   modernslaveryregister gov au statements 3161,entity,{}
mcdermott australia pty  ltd,entity,{}
99 002 736 352,entity,{}
cb i australia pty ltd,entity,{}
23 634 282 983,entity,{}
j  ray mcdermott  aust   holding pty  limited,entity,{}
22 002 797 668,entity,{}
mcdermott energy solutions pty ltd,entity,{}
90 000 612 411,entity,{}
mining  metals  chemicals and resources  including oil and gas   construction  civil engineering and building products,entity,{}
https   modernslaveryregister gov au statements 22832,entity,{}
honda australia motorcycle and power equipment pty  ltd,entity,{}
96 006 662 862,entity,{}
https   modernslaveryregister gov au statements 969,entity,{}
provence group holdings pty ltd,entity,{}
66 650 515 549,entity,{}
laurent bakery group pty ltd,entity,{}
laurent bakery retail pty ltd,entity,{}
provence bidco pty ltd,entity,{}
provence finco pty ltd,entity,{}
provence midco pty ltd,entity,{}
https   modernslaveryregister gov au statements 26977,entity,{}
queensland nitrates pty ltd,entity,{}
63 079 889 268,entity,{}
https   modernslaveryregister gov au statements 26950,entity,{}
tt line company pty  ltd,entity,{}
39 061 996 174,entity,{}
https   modernslaveryregister gov au statements 7557,entity,{}
opal packaging australia pty ltd,entity,{}
77 636 682 883,entity,{}
orora limited,entity,{}
55 004 275 165,entity,{}
https   modernslaveryregister gov au statements 6847,entity,{}
scor global life australia pty limited,entity,{}
83 148 897 670,entity,{}
scor reinsurance asia pacific pte  ltd,entity,{}
85 071 103 092,entity,{}
australia  france,entity,{}
https   modernslaveryregister gov au statements 23015,entity,{}
risen energy australia holdings pty ltd,entity,{}
70 644 669 830,entity,{}
australia  china,entity,{}
https   modernslaveryregister gov au statements 9059,entity,{}
bearcat tyres pty ltd,entity,{}
92 085 854 520,entity,{}
fenner dunlop australia pty  ltd,entity,{}
23 080 570 574,entity,{}
hallite seals australia pty limited,entity,{}
91 000 484 953,entity,{}
klinge holdings pty ltd,entity,{}
69 087 237 518,entity,{}
michelin australia pty ltd,entity,{}
84 006 761 628,entity,{}
france  united kingdom,entity,{}
mining  metals  chemicals and resources  including oil and gas   automotive  machinery and heavy electrical equipment  transportation  logistics  and storage,entity,{}
https   modernslaveryregister gov au statements 23776,entity,{}
deterra royalties limited,entity,{}
88 641 743 348,entity,{}
https   modernslaveryregister gov au statements 7306,entity,{}
aps group  holdings  pty ltd,entity,{}
94 096 418 101,entity,{}
https   modernslaveryregister gov au statements 5549,entity,{}
chubb insurance australia ltd,entity,{}
23 001 642 020,entity,{}
https   modernslaveryregister gov au statements 16959,entity,{}
ethan global pty ltd,entity,{}
93 099 503 456,entity,{}
ethan capital pty ltd,entity,{}
ethan group pty ltd,entity,{}
ethan indigenous pty ltd,entity,{}
ethan print pty ltd,entity,{}
https   modernslaveryregister gov au statements 20644,entity,{}
australian nuclear science and technology organisation,entity,{}
47 956 969 590,entity,{}
https   modernslaveryregister gov au statements 7726,entity,{}
southern cross care  sa  nt   vic  incorporated,entity,{}
53 682 143 626,entity,{}
https   modernslaveryregister gov au statements 1289,entity,{}
b   mck nominees pty  limited,entity,{}
74 247 959 215,entity,{}
b    mck  nominees  vic  pty  ltd,entity,{}
https   modernslaveryregister gov au statements 15910,entity,{}
pfg australia pty ltd,entity,{}
82 093 037 533,entity,{}
https   modernslaveryregister gov au statements 15176,entity,{}
